layer_name,channel_index,channel_id,mean_relative_change
layer3.5.conv3.weight,666,layer3.5.conv3.weight_ch666,2283.490234375
layer4.0.conv3.weight,1084,layer4.0.conv3.weight_ch1084,797.7278442382812
layer3.3.conv3.weight,614,layer3.3.conv3.weight_ch614,736.576416015625
layer2.3.conv3.weight,231,layer2.3.conv3.weight_ch231,557.3087768554688
layer3.0.conv3.weight,226,layer3.0.conv3.weight_ch226,551.1047973632812
layer3.0.conv3.weight,501,layer3.0.conv3.weight_ch501,533.5802612304688
layer2.0.conv1.weight,92,layer2.0.conv1.weight_ch92,335.391845703125
layer3.2.conv1.weight,187,layer3.2.conv1.weight_ch187,326.9632263183594
layer3.5.conv3.weight,359,layer3.5.conv3.weight_ch359,263.4554443359375
layer3.2.conv3.weight,366,layer3.2.conv3.weight_ch366,249.8674774169922
layer4.0.conv3.weight,0,layer4.0.conv3.weight_ch0,247.5831756591797
layer3.1.conv2.weight,112,layer3.1.conv2.weight_ch112,246.4269256591797
layer3.5.conv3.weight,331,layer3.5.conv3.weight_ch331,243.53147888183594
layer3.2.conv3.weight,668,layer3.2.conv3.weight_ch668,221.36451721191406
layer3.4.conv3.weight,59,layer3.4.conv3.weight_ch59,188.5860595703125
layer4.0.conv3.weight,1462,layer4.0.conv3.weight_ch1462,183.59222412109375
layer4.0.conv3.weight,1055,layer4.0.conv3.weight_ch1055,176.7129364013672
layer3.4.conv3.weight,84,layer3.4.conv3.weight_ch84,164.39215087890625
layer4.0.conv3.weight,1771,layer4.0.conv3.weight_ch1771,146.98243713378906
layer3.4.conv3.weight,784,layer3.4.conv3.weight_ch784,142.58328247070312
layer2.3.conv2.weight,86,layer2.3.conv2.weight_ch86,140.71470642089844
layer3.3.conv3.weight,142,layer3.3.conv3.weight_ch142,135.93997192382812
layer3.3.conv3.weight,367,layer3.3.conv3.weight_ch367,121.18635559082031
layer4.1.conv1.weight,460,layer4.1.conv1.weight_ch460,120.51105499267578
layer1.1.conv1.weight,23,layer1.1.conv1.weight_ch23,115.86930084228516
layer4.0.conv3.weight,863,layer4.0.conv3.weight_ch863,113.84245300292969
layer3.5.conv3.weight,935,layer3.5.conv3.weight_ch935,110.72058868408203
layer3.4.conv3.weight,363,layer3.4.conv3.weight_ch363,95.7384033203125
layer3.5.conv3.weight,865,layer3.5.conv3.weight_ch865,95.16490936279297
layer2.0.conv1.weight,97,layer2.0.conv1.weight_ch97,87.8373794555664
layer3.2.conv3.weight,254,layer3.2.conv3.weight_ch254,83.58566284179688
layer3.2.conv3.weight,601,layer3.2.conv3.weight_ch601,80.41250610351562
layer3.4.conv1.weight,112,layer3.4.conv1.weight_ch112,79.94406127929688
layer3.4.conv3.weight,557,layer3.4.conv3.weight_ch557,78.8790283203125
layer3.4.conv1.weight,129,layer3.4.conv1.weight_ch129,76.79242706298828
layer4.1.conv1.weight,24,layer4.1.conv1.weight_ch24,76.34446716308594
layer3.3.conv3.weight,565,layer3.3.conv3.weight_ch565,75.96564483642578
layer3.4.conv3.weight,131,layer3.4.conv3.weight_ch131,74.55835723876953
layer4.1.conv1.weight,489,layer4.1.conv1.weight_ch489,73.86822509765625
layer3.3.conv3.weight,140,layer3.3.conv3.weight_ch140,73.52094268798828
layer3.0.conv3.weight,1016,layer3.0.conv3.weight_ch1016,70.83648681640625
layer4.0.conv3.weight,1637,layer4.0.conv3.weight_ch1637,68.24188232421875
layer3.4.conv3.weight,429,layer3.4.conv3.weight_ch429,68.07406616210938
layer3.3.conv3.weight,474,layer3.3.conv3.weight_ch474,67.829833984375
layer3.4.conv3.weight,729,layer3.4.conv3.weight_ch729,67.234619140625
layer3.0.conv2.weight,129,layer3.0.conv2.weight_ch129,66.45034790039062
layer2.3.conv2.weight,73,layer2.3.conv2.weight_ch73,65.40180206298828
layer3.0.conv3.weight,576,layer3.0.conv3.weight_ch576,63.789615631103516
layer4.0.conv3.weight,194,layer4.0.conv3.weight_ch194,63.001224517822266
layer3.3.conv3.weight,82,layer3.3.conv3.weight_ch82,62.81656265258789
layer3.3.conv3.weight,253,layer3.3.conv3.weight_ch253,62.57111740112305
layer2.3.conv3.weight,309,layer2.3.conv3.weight_ch309,58.2679443359375
layer2.3.conv3.weight,279,layer2.3.conv3.weight_ch279,57.67327880859375
layer4.0.conv3.weight,1917,layer4.0.conv3.weight_ch1917,57.491580963134766
layer4.1.conv1.weight,213,layer4.1.conv1.weight_ch213,57.18773651123047
layer3.0.conv3.weight,341,layer3.0.conv3.weight_ch341,56.79827117919922
layer3.3.conv3.weight,477,layer3.3.conv3.weight_ch477,55.98305130004883
layer3.5.conv3.weight,653,layer3.5.conv3.weight_ch653,51.43329620361328
layer3.0.conv2.weight,220,layer3.0.conv2.weight_ch220,50.85231399536133
layer4.0.conv3.weight,150,layer4.0.conv3.weight_ch150,49.80125045776367
layer3.3.conv3.weight,909,layer3.3.conv3.weight_ch909,48.020484924316406
layer3.0.conv3.weight,628,layer3.0.conv3.weight_ch628,46.79595184326172
layer3.4.conv3.weight,118,layer3.4.conv3.weight_ch118,45.356441497802734
layer2.3.conv3.weight,65,layer2.3.conv3.weight_ch65,45.101524353027344
layer2.3.conv2.weight,102,layer2.3.conv2.weight_ch102,44.01224899291992
layer3.3.conv3.weight,835,layer3.3.conv3.weight_ch835,42.319576263427734
layer2.0.conv1.weight,80,layer2.0.conv1.weight_ch80,42.26375961303711
layer3.1.conv2.weight,172,layer3.1.conv2.weight_ch172,42.212440490722656
layer3.4.conv1.weight,62,layer3.4.conv1.weight_ch62,41.058738708496094
layer3.4.conv3.weight,494,layer3.4.conv3.weight_ch494,40.539974212646484
layer3.4.conv1.weight,104,layer3.4.conv1.weight_ch104,40.27436065673828
layer2.3.conv2.weight,64,layer2.3.conv2.weight_ch64,39.86543655395508
layer3.3.conv3.weight,128,layer3.3.conv3.weight_ch128,39.74525833129883
layer3.5.conv3.weight,526,layer3.5.conv3.weight_ch526,39.46502685546875
layer3.3.conv3.weight,844,layer3.3.conv3.weight_ch844,39.3696403503418
layer4.0.conv3.weight,91,layer4.0.conv3.weight_ch91,39.04593276977539
layer3.5.conv3.weight,536,layer3.5.conv3.weight_ch536,39.04396057128906
layer4.0.conv3.weight,1561,layer4.0.conv3.weight_ch1561,37.624595642089844
layer3.4.conv1.weight,78,layer3.4.conv1.weight_ch78,37.28554916381836
layer3.2.conv3.weight,164,layer3.2.conv3.weight_ch164,36.433509826660156
layer4.0.conv3.weight,1709,layer4.0.conv3.weight_ch1709,34.33399963378906
layer4.0.conv3.weight,1402,layer4.0.conv3.weight_ch1402,34.051143646240234
layer3.4.conv3.weight,898,layer3.4.conv3.weight_ch898,33.87176513671875
layer4.0.conv3.weight,1363,layer4.0.conv3.weight_ch1363,33.28131103515625
layer3.4.conv1.weight,55,layer3.4.conv1.weight_ch55,31.741249084472656
layer4.0.conv3.weight,1281,layer4.0.conv3.weight_ch1281,31.10588264465332
layer3.0.conv3.weight,518,layer3.0.conv3.weight_ch518,31.046916961669922
layer4.0.conv3.weight,1256,layer4.0.conv3.weight_ch1256,30.780031204223633
layer2.3.conv3.weight,353,layer2.3.conv3.weight_ch353,30.604751586914062
layer3.2.conv3.weight,451,layer3.2.conv3.weight_ch451,29.620609283447266
layer3.5.conv3.weight,270,layer3.5.conv3.weight_ch270,28.597774505615234
layer3.0.conv3.weight,708,layer3.0.conv3.weight_ch708,28.521440505981445
layer3.2.conv3.weight,689,layer3.2.conv3.weight_ch689,28.050121307373047
layer3.2.conv3.weight,860,layer3.2.conv3.weight_ch860,27.851837158203125
layer3.0.conv3.weight,627,layer3.0.conv3.weight_ch627,27.748271942138672
layer3.5.conv3.weight,114,layer3.5.conv3.weight_ch114,27.698108673095703
layer3.5.conv3.weight,14,layer3.5.conv3.weight_ch14,27.69005584716797
layer4.0.conv3.weight,1741,layer4.0.conv3.weight_ch1741,27.18850326538086
layer3.0.conv3.weight,245,layer3.0.conv3.weight_ch245,27.011110305786133
layer3.3.conv3.weight,240,layer3.3.conv3.weight_ch240,26.674203872680664
layer4.0.conv3.weight,1851,layer4.0.conv3.weight_ch1851,26.581375122070312
layer3.2.conv3.weight,999,layer3.2.conv3.weight_ch999,26.121688842773438
layer4.0.conv3.weight,523,layer4.0.conv3.weight_ch523,25.989526748657227
layer3.4.conv3.weight,290,layer3.4.conv3.weight_ch290,25.725154876708984
layer4.0.conv3.weight,636,layer4.0.conv3.weight_ch636,25.590713500976562
layer3.5.conv3.weight,102,layer3.5.conv3.weight_ch102,25.39940643310547
layer3.0.conv3.weight,616,layer3.0.conv3.weight_ch616,25.194133758544922
layer2.3.conv3.weight,35,layer2.3.conv3.weight_ch35,25.122896194458008
layer3.4.conv3.weight,889,layer3.4.conv3.weight_ch889,25.113842010498047
layer3.2.conv1.weight,217,layer3.2.conv1.weight_ch217,25.060832977294922
layer3.2.conv3.weight,266,layer3.2.conv3.weight_ch266,24.73865509033203
layer3.2.conv3.weight,636,layer3.2.conv3.weight_ch636,24.052730560302734
layer3.3.conv3.weight,808,layer3.3.conv3.weight_ch808,24.04127311706543
layer4.0.conv3.weight,612,layer4.0.conv3.weight_ch612,23.765758514404297
layer4.1.conv1.weight,450,layer4.1.conv1.weight_ch450,23.58100700378418
layer3.2.conv3.weight,907,layer3.2.conv3.weight_ch907,23.43025016784668
layer3.5.conv3.weight,864,layer3.5.conv3.weight_ch864,23.36326026916504
layer4.1.conv1.weight,324,layer4.1.conv1.weight_ch324,23.304418563842773
layer3.5.conv3.weight,497,layer3.5.conv3.weight_ch497,23.243799209594727
layer4.0.conv3.weight,1631,layer4.0.conv3.weight_ch1631,23.08363151550293
layer3.5.conv3.weight,43,layer3.5.conv3.weight_ch43,22.987064361572266
layer4.0.conv3.weight,171,layer4.0.conv3.weight_ch171,22.88888168334961
layer3.3.conv3.weight,529,layer3.3.conv3.weight_ch529,22.6431827545166
layer4.0.conv3.weight,1841,layer4.0.conv3.weight_ch1841,22.60032081604004
layer3.4.conv3.weight,540,layer3.4.conv3.weight_ch540,22.520233154296875
layer3.3.conv3.weight,865,layer3.3.conv3.weight_ch865,22.43256950378418
layer3.3.conv3.weight,566,layer3.3.conv3.weight_ch566,22.33623504638672
layer4.1.conv1.weight,233,layer4.1.conv1.weight_ch233,21.99810791015625
layer4.0.conv3.weight,608,layer4.0.conv3.weight_ch608,21.94780731201172
layer3.0.conv3.weight,1005,layer3.0.conv3.weight_ch1005,21.776477813720703
layer4.0.conv3.weight,1288,layer4.0.conv3.weight_ch1288,21.399906158447266
layer3.0.conv3.weight,182,layer3.0.conv3.weight_ch182,21.349605560302734
layer3.5.conv3.weight,629,layer3.5.conv3.weight_ch629,21.30369758605957
layer3.3.conv3.weight,640,layer3.3.conv3.weight_ch640,21.227617263793945
layer4.0.conv3.weight,644,layer4.0.conv3.weight_ch644,21.190202713012695
layer3.3.conv3.weight,347,layer3.3.conv3.weight_ch347,21.16851234436035
layer3.4.conv3.weight,977,layer3.4.conv3.weight_ch977,21.02012062072754
layer3.5.conv3.weight,713,layer3.5.conv3.weight_ch713,20.94693374633789
layer4.0.conv3.weight,1924,layer4.0.conv3.weight_ch1924,20.88425064086914
layer4.0.conv3.weight,594,layer4.0.conv3.weight_ch594,20.595409393310547
layer3.1.conv2.weight,162,layer3.1.conv2.weight_ch162,20.580657958984375
layer3.3.conv3.weight,628,layer3.3.conv3.weight_ch628,20.316965103149414
layer3.3.conv3.weight,70,layer3.3.conv3.weight_ch70,20.007478713989258
layer3.4.conv3.weight,637,layer3.4.conv3.weight_ch637,19.86013412475586
layer3.3.conv3.weight,590,layer3.3.conv3.weight_ch590,19.840017318725586
layer4.1.conv1.weight,198,layer4.1.conv1.weight_ch198,19.8149471282959
layer3.4.conv3.weight,626,layer3.4.conv3.weight_ch626,19.483427047729492
layer4.0.conv3.weight,1071,layer4.0.conv3.weight_ch1071,19.33098602294922
layer4.0.conv3.weight,1413,layer4.0.conv3.weight_ch1413,19.322481155395508
layer3.3.conv3.weight,550,layer3.3.conv3.weight_ch550,19.142356872558594
layer3.4.conv3.weight,959,layer3.4.conv3.weight_ch959,19.136348724365234
layer4.0.conv3.weight,1798,layer4.0.conv3.weight_ch1798,19.120393753051758
layer3.3.conv3.weight,873,layer3.3.conv3.weight_ch873,18.946420669555664
layer3.4.conv3.weight,842,layer3.4.conv3.weight_ch842,18.877342224121094
layer3.4.conv3.weight,556,layer3.4.conv3.weight_ch556,18.683856964111328
layer2.3.conv3.weight,431,layer2.3.conv3.weight_ch431,18.68235206604004
layer3.2.conv3.weight,552,layer3.2.conv3.weight_ch552,18.62268829345703
layer4.0.conv3.weight,1549,layer4.0.conv3.weight_ch1549,18.59369468688965
layer3.5.conv3.weight,899,layer3.5.conv3.weight_ch899,18.467256546020508
layer4.0.conv3.weight,1009,layer4.0.conv3.weight_ch1009,18.25881576538086
layer3.1.conv2.weight,29,layer3.1.conv2.weight_ch29,18.07263946533203
layer4.0.conv3.weight,1945,layer4.0.conv3.weight_ch1945,18.058317184448242
layer3.2.conv3.weight,57,layer3.2.conv3.weight_ch57,18.04747772216797
layer2.3.conv2.weight,56,layer2.3.conv2.weight_ch56,18.039735794067383
layer3.3.conv3.weight,1017,layer3.3.conv3.weight_ch1017,18.028636932373047
layer3.0.conv3.weight,890,layer3.0.conv3.weight_ch890,17.893999099731445
layer3.3.conv3.weight,824,layer3.3.conv3.weight_ch824,17.872154235839844
layer3.2.conv3.weight,43,layer3.2.conv3.weight_ch43,17.57331085205078
layer3.4.conv3.weight,327,layer3.4.conv3.weight_ch327,17.502887725830078
layer4.0.conv3.weight,1223,layer4.0.conv3.weight_ch1223,17.480751037597656
layer4.0.conv3.weight,1158,layer4.0.conv3.weight_ch1158,17.37126922607422
layer3.3.conv3.weight,710,layer3.3.conv3.weight_ch710,17.31450653076172
layer3.2.conv3.weight,761,layer3.2.conv3.weight_ch761,17.243492126464844
layer3.0.conv3.weight,290,layer3.0.conv3.weight_ch290,17.207557678222656
layer4.1.conv1.weight,50,layer4.1.conv1.weight_ch50,17.17098617553711
layer3.2.conv3.weight,940,layer3.2.conv3.weight_ch940,17.109086990356445
layer4.0.conv3.weight,1887,layer4.0.conv3.weight_ch1887,17.105270385742188
layer3.0.conv3.weight,947,layer3.0.conv3.weight_ch947,17.06136703491211
layer3.3.conv3.weight,828,layer3.3.conv3.weight_ch828,17.038236618041992
layer3.2.conv3.weight,210,layer3.2.conv3.weight_ch210,16.910566329956055
layer3.2.conv1.weight,229,layer3.2.conv1.weight_ch229,16.884414672851562
layer4.0.conv3.weight,1541,layer4.0.conv3.weight_ch1541,16.877355575561523
layer3.0.conv3.weight,416,layer3.0.conv3.weight_ch416,16.8037166595459
layer4.0.conv3.weight,813,layer4.0.conv3.weight_ch813,16.68523597717285
layer3.4.conv3.weight,575,layer3.4.conv3.weight_ch575,16.586952209472656
layer4.0.conv3.weight,1241,layer4.0.conv3.weight_ch1241,16.540441513061523
layer4.0.conv3.weight,1593,layer4.0.conv3.weight_ch1593,16.53945541381836
layer4.0.conv3.weight,590,layer4.0.conv3.weight_ch590,16.529510498046875
layer3.0.conv3.weight,803,layer3.0.conv3.weight_ch803,16.242856979370117
layer3.5.conv3.weight,687,layer3.5.conv3.weight_ch687,16.19078826904297
layer3.2.conv3.weight,903,layer3.2.conv3.weight_ch903,16.139625549316406
layer3.5.conv3.weight,727,layer3.5.conv3.weight_ch727,16.131637573242188
layer3.4.conv3.weight,558,layer3.4.conv3.weight_ch558,16.104766845703125
layer2.3.conv3.weight,468,layer2.3.conv3.weight_ch468,16.065338134765625
layer4.0.conv3.weight,1387,layer4.0.conv3.weight_ch1387,16.036630630493164
layer4.0.conv3.weight,46,layer4.0.conv3.weight_ch46,15.91988468170166
layer3.2.conv3.weight,241,layer3.2.conv3.weight_ch241,15.65349006652832
layer4.1.conv1.weight,89,layer4.1.conv1.weight_ch89,15.543657302856445
layer3.2.conv3.weight,779,layer3.2.conv3.weight_ch779,15.448771476745605
layer3.3.conv3.weight,488,layer3.3.conv3.weight_ch488,15.404728889465332
layer3.0.conv3.weight,323,layer3.0.conv3.weight_ch323,15.375970840454102
layer4.0.conv3.weight,1840,layer4.0.conv3.weight_ch1840,15.2914400100708
layer2.3.conv3.weight,172,layer2.3.conv3.weight_ch172,15.227263450622559
layer4.1.conv1.weight,38,layer4.1.conv1.weight_ch38,15.168856620788574
layer3.4.conv3.weight,36,layer3.4.conv3.weight_ch36,15.034079551696777
layer3.4.conv3.weight,956,layer3.4.conv3.weight_ch956,14.923762321472168
layer3.4.conv3.weight,97,layer3.4.conv3.weight_ch97,14.846957206726074
layer3.5.conv3.weight,1,layer3.5.conv3.weight_ch1,14.823331832885742
layer3.4.conv3.weight,765,layer3.4.conv3.weight_ch765,14.768527030944824
layer3.0.conv3.weight,490,layer3.0.conv3.weight_ch490,14.650748252868652
layer4.0.conv3.weight,365,layer4.0.conv3.weight_ch365,14.45407772064209
layer3.3.conv3.weight,418,layer3.3.conv3.weight_ch418,14.343840599060059
layer4.0.conv3.weight,1576,layer4.0.conv3.weight_ch1576,14.34282112121582
layer3.0.conv3.weight,463,layer3.0.conv3.weight_ch463,14.325858116149902
layer4.0.conv3.weight,1416,layer4.0.conv3.weight_ch1416,14.26980209350586
layer4.0.conv3.weight,925,layer4.0.conv3.weight_ch925,14.202154159545898
layer4.0.conv3.weight,88,layer4.0.conv3.weight_ch88,14.10131549835205
layer3.2.conv3.weight,843,layer3.2.conv3.weight_ch843,13.956069946289062
layer3.5.conv3.weight,817,layer3.5.conv3.weight_ch817,13.926005363464355
layer3.4.conv1.weight,168,layer3.4.conv1.weight_ch168,13.838306427001953
layer3.4.conv3.weight,544,layer3.4.conv3.weight_ch544,13.825580596923828
layer3.4.conv3.weight,839,layer3.4.conv3.weight_ch839,13.81347942352295
layer3.3.conv3.weight,421,layer3.3.conv3.weight_ch421,13.601613998413086
layer4.1.conv1.weight,415,layer4.1.conv1.weight_ch415,13.552974700927734
layer3.5.conv3.weight,622,layer3.5.conv3.weight_ch622,13.515281677246094
layer3.5.conv3.weight,682,layer3.5.conv3.weight_ch682,13.4854154586792
layer3.4.conv1.weight,73,layer3.4.conv1.weight_ch73,13.44544506072998
layer3.2.conv3.weight,8,layer3.2.conv3.weight_ch8,13.434720993041992
layer3.4.conv3.weight,984,layer3.4.conv3.weight_ch984,13.429557800292969
layer4.0.conv3.weight,948,layer4.0.conv3.weight_ch948,13.382430076599121
layer3.3.conv3.weight,102,layer3.3.conv3.weight_ch102,13.361760139465332
layer3.4.conv3.weight,907,layer3.4.conv3.weight_ch907,13.359174728393555
layer3.4.conv3.weight,999,layer3.4.conv3.weight_ch999,13.339425086975098
layer3.2.conv3.weight,384,layer3.2.conv3.weight_ch384,13.19449520111084
layer4.0.conv3.weight,449,layer4.0.conv3.weight_ch449,13.121002197265625
layer3.5.conv3.weight,484,layer3.5.conv3.weight_ch484,13.107385635375977
layer4.0.conv3.weight,1193,layer4.0.conv3.weight_ch1193,13.099234580993652
layer3.5.conv3.weight,932,layer3.5.conv3.weight_ch932,13.072296142578125
layer4.1.conv1.weight,210,layer4.1.conv1.weight_ch210,13.034409523010254
layer3.0.conv3.weight,247,layer3.0.conv3.weight_ch247,13.032660484313965
layer4.0.conv3.weight,1137,layer4.0.conv3.weight_ch1137,12.94384765625
layer3.2.conv3.weight,688,layer3.2.conv3.weight_ch688,12.90324592590332
layer3.2.conv3.weight,885,layer3.2.conv3.weight_ch885,12.895126342773438
layer3.2.conv3.weight,576,layer3.2.conv3.weight_ch576,12.800984382629395
layer3.2.conv3.weight,734,layer3.2.conv3.weight_ch734,12.716753005981445
layer4.1.conv1.weight,380,layer4.1.conv1.weight_ch380,12.637218475341797
layer3.5.conv3.weight,563,layer3.5.conv3.weight_ch563,12.504663467407227
layer4.0.conv3.weight,927,layer4.0.conv3.weight_ch927,12.50006103515625
layer4.1.conv1.weight,427,layer4.1.conv1.weight_ch427,12.476558685302734
layer4.0.conv3.weight,1072,layer4.0.conv3.weight_ch1072,12.373895645141602
layer3.4.conv3.weight,211,layer3.4.conv3.weight_ch211,12.344378471374512
layer3.3.conv3.weight,713,layer3.3.conv3.weight_ch713,12.247681617736816
layer3.4.conv3.weight,166,layer3.4.conv3.weight_ch166,12.027352333068848
layer3.3.conv3.weight,881,layer3.3.conv3.weight_ch881,12.026623725891113
layer4.0.conv3.weight,836,layer4.0.conv3.weight_ch836,11.999472618103027
layer3.4.conv3.weight,745,layer3.4.conv3.weight_ch745,11.942240715026855
layer3.5.conv3.weight,542,layer3.5.conv3.weight_ch542,11.927950859069824
layer1.1.conv1.weight,16,layer1.1.conv1.weight_ch16,11.734883308410645
layer2.3.conv3.weight,276,layer2.3.conv3.weight_ch276,11.71480655670166
layer3.5.conv3.weight,375,layer3.5.conv3.weight_ch375,11.684141159057617
layer3.3.conv3.weight,218,layer3.3.conv3.weight_ch218,11.644712448120117
layer4.0.conv3.weight,1809,layer4.0.conv3.weight_ch1809,11.456480026245117
layer3.3.conv3.weight,431,layer3.3.conv3.weight_ch431,11.452113151550293
layer3.0.conv3.weight,11,layer3.0.conv3.weight_ch11,11.41359806060791
layer4.0.conv3.weight,1225,layer4.0.conv3.weight_ch1225,11.389513969421387
layer4.0.conv3.weight,1845,layer4.0.conv3.weight_ch1845,11.389290809631348
layer4.0.conv3.weight,1372,layer4.0.conv3.weight_ch1372,11.339868545532227
layer4.0.conv3.weight,722,layer4.0.conv3.weight_ch722,11.328091621398926
layer3.5.conv3.weight,647,layer3.5.conv3.weight_ch647,11.253449440002441
layer4.0.conv3.weight,1956,layer4.0.conv3.weight_ch1956,11.19418716430664
layer3.0.conv2.weight,104,layer3.0.conv2.weight_ch104,11.147892951965332
layer3.4.conv3.weight,704,layer3.4.conv3.weight_ch704,11.073568344116211
layer3.5.conv3.weight,372,layer3.5.conv3.weight_ch372,11.053770065307617
layer3.3.conv3.weight,18,layer3.3.conv3.weight_ch18,11.015045166015625
layer4.0.conv3.weight,16,layer4.0.conv3.weight_ch16,10.999263763427734
layer3.2.conv3.weight,127,layer3.2.conv3.weight_ch127,10.953916549682617
layer3.0.conv2.weight,174,layer3.0.conv2.weight_ch174,10.885501861572266
layer3.0.conv3.weight,659,layer3.0.conv3.weight_ch659,10.881745338439941
layer4.0.conv3.weight,1039,layer4.0.conv3.weight_ch1039,10.847040176391602
layer4.0.conv3.weight,1122,layer4.0.conv3.weight_ch1122,10.844335556030273
layer3.2.conv3.weight,151,layer3.2.conv3.weight_ch151,10.804319381713867
layer3.3.conv3.weight,259,layer3.3.conv3.weight_ch259,10.760435104370117
layer3.4.conv3.weight,900,layer3.4.conv3.weight_ch900,10.753345489501953
layer4.0.conv3.weight,1231,layer4.0.conv3.weight_ch1231,10.734536170959473
layer3.5.conv3.weight,91,layer3.5.conv3.weight_ch91,10.704662322998047
layer4.1.conv1.weight,507,layer4.1.conv1.weight_ch507,10.52987289428711
layer3.4.conv1.weight,239,layer3.4.conv1.weight_ch239,10.510932922363281
layer4.0.conv3.weight,1659,layer4.0.conv3.weight_ch1659,10.468908309936523
layer3.4.conv3.weight,315,layer3.4.conv3.weight_ch315,10.459552764892578
layer3.0.conv3.weight,304,layer3.0.conv3.weight_ch304,10.31240177154541
layer4.0.conv3.weight,674,layer4.0.conv3.weight_ch674,10.21884822845459
layer4.0.conv3.weight,1273,layer4.0.conv3.weight_ch1273,10.151569366455078
layer4.0.conv3.weight,572,layer4.0.conv3.weight_ch572,10.134544372558594
layer2.3.conv2.weight,49,layer2.3.conv2.weight_ch49,10.081056594848633
layer3.4.conv3.weight,361,layer3.4.conv3.weight_ch361,10.060665130615234
layer3.4.conv3.weight,691,layer3.4.conv3.weight_ch691,9.965554237365723
layer3.0.conv2.weight,131,layer3.0.conv2.weight_ch131,9.888472557067871
layer3.4.conv3.weight,444,layer3.4.conv3.weight_ch444,9.834735870361328
layer3.2.conv3.weight,436,layer3.2.conv3.weight_ch436,9.824185371398926
layer3.3.conv3.weight,573,layer3.3.conv3.weight_ch573,9.814736366271973
layer3.4.conv3.weight,29,layer3.4.conv3.weight_ch29,9.788080215454102
layer3.4.conv3.weight,265,layer3.4.conv3.weight_ch265,9.769678115844727
layer3.3.conv3.weight,894,layer3.3.conv3.weight_ch894,9.748465538024902
layer3.2.conv3.weight,387,layer3.2.conv3.weight_ch387,9.736085891723633
layer4.0.conv3.weight,698,layer4.0.conv3.weight_ch698,9.728471755981445
layer3.5.conv3.weight,302,layer3.5.conv3.weight_ch302,9.712428092956543
layer3.4.conv3.weight,132,layer3.4.conv3.weight_ch132,9.67708683013916
layer2.0.conv1.weight,47,layer2.0.conv1.weight_ch47,9.661162376403809
layer3.2.conv3.weight,711,layer3.2.conv3.weight_ch711,9.633530616760254
layer2.3.conv3.weight,363,layer2.3.conv3.weight_ch363,9.61953067779541
layer3.2.conv3.weight,10,layer3.2.conv3.weight_ch10,9.608855247497559
layer3.5.conv3.weight,914,layer3.5.conv3.weight_ch914,9.559103965759277
layer3.4.conv3.weight,441,layer3.4.conv3.weight_ch441,9.530674934387207
layer3.3.conv3.weight,576,layer3.3.conv3.weight_ch576,9.524738311767578
layer3.4.conv1.weight,119,layer3.4.conv1.weight_ch119,9.521646499633789
layer4.0.conv3.weight,302,layer4.0.conv3.weight_ch302,9.364078521728516
layer3.2.conv1.weight,96,layer3.2.conv1.weight_ch96,9.352778434753418
layer4.1.conv1.weight,318,layer4.1.conv1.weight_ch318,9.334383010864258
layer3.5.conv3.weight,862,layer3.5.conv3.weight_ch862,9.312973022460938
layer3.2.conv3.weight,774,layer3.2.conv3.weight_ch774,9.29845142364502
layer4.0.conv3.weight,1999,layer4.0.conv3.weight_ch1999,9.259726524353027
layer3.2.conv3.weight,1019,layer3.2.conv3.weight_ch1019,9.192174911499023
layer3.3.conv3.weight,321,layer3.3.conv3.weight_ch321,9.183279037475586
layer4.0.conv3.weight,1485,layer4.0.conv3.weight_ch1485,9.178695678710938
layer4.1.conv1.weight,330,layer4.1.conv1.weight_ch330,9.173996925354004
layer3.5.conv3.weight,453,layer3.5.conv3.weight_ch453,9.153901100158691
layer3.3.conv3.weight,753,layer3.3.conv3.weight_ch753,9.142134666442871
layer4.0.conv3.weight,1222,layer4.0.conv3.weight_ch1222,9.113444328308105
layer3.0.conv3.weight,785,layer3.0.conv3.weight_ch785,9.11203670501709
layer3.5.conv3.weight,51,layer3.5.conv3.weight_ch51,9.10780143737793
layer3.4.conv3.weight,416,layer3.4.conv3.weight_ch416,9.104666709899902
layer4.0.conv3.weight,1127,layer4.0.conv3.weight_ch1127,9.09790325164795
layer3.2.conv3.weight,319,layer3.2.conv3.weight_ch319,9.090235710144043
layer3.4.conv1.weight,18,layer3.4.conv1.weight_ch18,9.086347579956055
layer3.0.conv3.weight,517,layer3.0.conv3.weight_ch517,9.067481994628906
layer3.5.conv3.weight,736,layer3.5.conv3.weight_ch736,9.053376197814941
layer3.4.conv3.weight,459,layer3.4.conv3.weight_ch459,9.051216125488281
layer3.2.conv3.weight,721,layer3.2.conv3.weight_ch721,9.023929595947266
layer3.5.conv3.weight,936,layer3.5.conv3.weight_ch936,8.962248802185059
layer3.2.conv3.weight,417,layer3.2.conv3.weight_ch417,8.96110725402832
layer3.4.conv3.weight,349,layer3.4.conv3.weight_ch349,8.950315475463867
layer2.3.conv2.weight,91,layer2.3.conv2.weight_ch91,8.92062759399414
layer4.0.conv3.weight,791,layer4.0.conv3.weight_ch791,8.907449722290039
layer3.0.conv3.weight,327,layer3.0.conv3.weight_ch327,8.87444019317627
layer4.0.conv3.weight,1531,layer4.0.conv3.weight_ch1531,8.865212440490723
layer3.0.conv3.weight,1013,layer3.0.conv3.weight_ch1013,8.864957809448242
layer3.3.conv3.weight,313,layer3.3.conv3.weight_ch313,8.851190567016602
layer4.0.conv3.weight,49,layer4.0.conv3.weight_ch49,8.799531936645508
layer4.0.conv3.weight,1656,layer4.0.conv3.weight_ch1656,8.795270919799805
layer3.4.conv3.weight,245,layer3.4.conv3.weight_ch245,8.7951078414917
layer3.4.conv3.weight,197,layer3.4.conv3.weight_ch197,8.783829689025879
layer3.3.conv3.weight,392,layer3.3.conv3.weight_ch392,8.74952220916748
layer2.3.conv2.weight,93,layer2.3.conv2.weight_ch93,8.74549388885498
layer2.3.conv2.weight,62,layer2.3.conv2.weight_ch62,8.736988067626953
layer3.5.conv3.weight,54,layer3.5.conv3.weight_ch54,8.727599143981934
layer3.4.conv3.weight,204,layer3.4.conv3.weight_ch204,8.726785659790039
layer3.3.conv3.weight,531,layer3.3.conv3.weight_ch531,8.72143268585205
layer3.5.conv3.weight,483,layer3.5.conv3.weight_ch483,8.71162223815918
layer3.3.conv3.weight,175,layer3.3.conv3.weight_ch175,8.691247940063477
layer3.3.conv3.weight,535,layer3.3.conv3.weight_ch535,8.684171676635742
layer3.2.conv3.weight,295,layer3.2.conv3.weight_ch295,8.682453155517578
layer4.0.conv3.weight,1539,layer4.0.conv3.weight_ch1539,8.659093856811523
layer4.0.conv3.weight,282,layer4.0.conv3.weight_ch282,8.64997673034668
layer3.0.conv2.weight,28,layer3.0.conv2.weight_ch28,8.624874114990234
layer4.0.conv3.weight,1005,layer4.0.conv3.weight_ch1005,8.595442771911621
layer3.3.conv3.weight,879,layer3.3.conv3.weight_ch879,8.564047813415527
layer3.2.conv1.weight,140,layer3.2.conv1.weight_ch140,8.513930320739746
layer3.4.conv3.weight,305,layer3.4.conv3.weight_ch305,8.479071617126465
layer3.5.conv3.weight,33,layer3.5.conv3.weight_ch33,8.4751615524292
layer4.0.conv3.weight,962,layer4.0.conv3.weight_ch962,8.472797393798828
layer3.2.conv3.weight,534,layer3.2.conv3.weight_ch534,8.461593627929688
layer3.1.conv2.weight,39,layer3.1.conv2.weight_ch39,8.447938919067383
layer3.2.conv3.weight,1018,layer3.2.conv3.weight_ch1018,8.439199447631836
layer3.0.conv3.weight,310,layer3.0.conv3.weight_ch310,8.425743103027344
layer3.4.conv3.weight,48,layer3.4.conv3.weight_ch48,8.415096282958984
layer4.0.conv3.weight,243,layer4.0.conv3.weight_ch243,8.396865844726562
layer4.0.conv3.weight,1424,layer4.0.conv3.weight_ch1424,8.375301361083984
layer2.3.conv3.weight,317,layer2.3.conv3.weight_ch317,8.358863830566406
layer3.4.conv3.weight,125,layer3.4.conv3.weight_ch125,8.358072280883789
layer4.0.conv3.weight,767,layer4.0.conv3.weight_ch767,8.353816986083984
layer4.0.conv3.weight,1425,layer4.0.conv3.weight_ch1425,8.316995620727539
layer3.4.conv1.weight,222,layer3.4.conv1.weight_ch222,8.310528755187988
layer2.3.conv3.weight,132,layer2.3.conv3.weight_ch132,8.300379753112793
layer3.4.conv1.weight,76,layer3.4.conv1.weight_ch76,8.292619705200195
layer3.4.conv3.weight,322,layer3.4.conv3.weight_ch322,8.27364730834961
layer3.5.conv3.weight,452,layer3.5.conv3.weight_ch452,8.251130104064941
layer3.5.conv3.weight,435,layer3.5.conv3.weight_ch435,8.22347354888916
layer3.0.conv3.weight,688,layer3.0.conv3.weight_ch688,8.20561695098877
layer3.2.conv3.weight,646,layer3.2.conv3.weight_ch646,8.202280044555664
layer3.0.conv3.weight,430,layer3.0.conv3.weight_ch430,8.18471622467041
layer3.2.conv3.weight,182,layer3.2.conv3.weight_ch182,8.182084083557129
layer3.5.conv3.weight,82,layer3.5.conv3.weight_ch82,8.168183326721191
layer3.4.conv3.weight,670,layer3.4.conv3.weight_ch670,8.15366268157959
layer4.0.conv3.weight,1951,layer4.0.conv3.weight_ch1951,8.136567115783691
layer3.0.conv3.weight,637,layer3.0.conv3.weight_ch637,8.136317253112793
layer2.3.conv2.weight,110,layer2.3.conv2.weight_ch110,8.13058090209961
layer4.0.conv3.weight,691,layer4.0.conv3.weight_ch691,8.123767852783203
layer3.0.conv3.weight,636,layer3.0.conv3.weight_ch636,8.100157737731934
layer3.0.conv3.weight,489,layer3.0.conv3.weight_ch489,8.083600044250488
layer3.2.conv3.weight,512,layer3.2.conv3.weight_ch512,8.080541610717773
layer3.4.conv3.weight,762,layer3.4.conv3.weight_ch762,8.030013084411621
layer3.3.conv3.weight,962,layer3.3.conv3.weight_ch962,8.026578903198242
layer3.4.conv3.weight,405,layer3.4.conv3.weight_ch405,8.01163387298584
layer4.0.conv3.weight,886,layer4.0.conv3.weight_ch886,8.00395679473877
layer3.2.conv3.weight,622,layer3.2.conv3.weight_ch622,7.9831061363220215
layer3.0.conv3.weight,332,layer3.0.conv3.weight_ch332,7.982735633850098
layer3.0.conv3.weight,900,layer3.0.conv3.weight_ch900,7.9579973220825195
layer4.0.conv3.weight,873,layer4.0.conv3.weight_ch873,7.929121017456055
layer4.1.conv1.weight,222,layer4.1.conv1.weight_ch222,7.927402973175049
layer4.0.conv3.weight,320,layer4.0.conv3.weight_ch320,7.913265705108643
layer4.0.conv3.weight,1366,layer4.0.conv3.weight_ch1366,7.9003190994262695
layer3.0.conv2.weight,33,layer3.0.conv2.weight_ch33,7.89975643157959
layer4.0.conv3.weight,1558,layer4.0.conv3.weight_ch1558,7.887387275695801
layer3.2.conv3.weight,630,layer3.2.conv3.weight_ch630,7.8763556480407715
layer3.3.conv3.weight,76,layer3.3.conv3.weight_ch76,7.876063346862793
layer4.1.conv1.weight,221,layer4.1.conv1.weight_ch221,7.868466854095459
layer4.0.conv3.weight,1332,layer4.0.conv3.weight_ch1332,7.845983505249023
layer3.2.conv3.weight,627,layer3.2.conv3.weight_ch627,7.845299243927002
layer4.0.conv3.weight,1376,layer4.0.conv3.weight_ch1376,7.842920780181885
layer3.0.conv3.weight,386,layer3.0.conv3.weight_ch386,7.819887161254883
layer3.2.conv3.weight,194,layer3.2.conv3.weight_ch194,7.809134006500244
layer3.2.conv1.weight,112,layer3.2.conv1.weight_ch112,7.798491477966309
layer4.0.conv3.weight,1836,layer4.0.conv3.weight_ch1836,7.795477390289307
layer3.3.conv3.weight,770,layer3.3.conv3.weight_ch770,7.787845611572266
layer4.0.conv3.weight,125,layer4.0.conv3.weight_ch125,7.778608322143555
layer4.1.conv1.weight,157,layer4.1.conv1.weight_ch157,7.772067070007324
layer3.1.conv2.weight,81,layer3.1.conv2.weight_ch81,7.745704650878906
layer3.0.conv3.weight,406,layer3.0.conv3.weight_ch406,7.744170188903809
layer4.0.conv3.weight,160,layer4.0.conv3.weight_ch160,7.737035751342773
layer4.0.conv3.weight,1689,layer4.0.conv3.weight_ch1689,7.714528560638428
layer3.4.conv3.weight,617,layer3.4.conv3.weight_ch617,7.711516857147217
layer3.0.conv3.weight,38,layer3.0.conv3.weight_ch38,7.6982340812683105
layer4.0.conv3.weight,442,layer4.0.conv3.weight_ch442,7.678300857543945
layer3.2.conv1.weight,95,layer3.2.conv1.weight_ch95,7.668817520141602
layer3.3.conv3.weight,843,layer3.3.conv3.weight_ch843,7.665066719055176
layer3.0.conv3.weight,874,layer3.0.conv3.weight_ch874,7.660408973693848
layer3.0.conv2.weight,36,layer3.0.conv2.weight_ch36,7.645907878875732
layer3.2.conv3.weight,115,layer3.2.conv3.weight_ch115,7.630667209625244
layer3.0.conv3.weight,19,layer3.0.conv3.weight_ch19,7.5963568687438965
layer4.0.conv3.weight,1050,layer4.0.conv3.weight_ch1050,7.567047119140625
layer3.2.conv3.weight,178,layer3.2.conv3.weight_ch178,7.5611701011657715
layer3.2.conv3.weight,217,layer3.2.conv3.weight_ch217,7.56087589263916
layer3.3.conv3.weight,997,layer3.3.conv3.weight_ch997,7.556103706359863
layer3.0.conv3.weight,760,layer3.0.conv3.weight_ch760,7.546395301818848
layer3.0.conv2.weight,190,layer3.0.conv2.weight_ch190,7.5319647789001465
layer4.0.conv3.weight,66,layer4.0.conv3.weight_ch66,7.506436824798584
layer4.0.conv3.weight,1690,layer4.0.conv3.weight_ch1690,7.503954887390137
layer4.0.conv3.weight,114,layer4.0.conv3.weight_ch114,7.494867324829102
layer3.5.conv3.weight,8,layer3.5.conv3.weight_ch8,7.489498615264893
layer4.0.conv3.weight,527,layer4.0.conv3.weight_ch527,7.4851813316345215
layer3.5.conv3.weight,185,layer3.5.conv3.weight_ch185,7.442481994628906
layer4.0.conv3.weight,1745,layer4.0.conv3.weight_ch1745,7.432179927825928
layer1.1.conv1.weight,34,layer1.1.conv1.weight_ch34,7.428050518035889
layer4.0.conv3.weight,648,layer4.0.conv3.weight_ch648,7.421262264251709
layer4.0.conv3.weight,1662,layer4.0.conv3.weight_ch1662,7.420549392700195
layer3.0.conv2.weight,147,layer3.0.conv2.weight_ch147,7.4008612632751465
layer3.5.conv3.weight,797,layer3.5.conv3.weight_ch797,7.391195297241211
layer4.0.conv3.weight,421,layer4.0.conv3.weight_ch421,7.379928112030029
layer3.2.conv3.weight,725,layer3.2.conv3.weight_ch725,7.376295566558838
layer4.0.conv3.weight,1777,layer4.0.conv3.weight_ch1777,7.3710784912109375
layer3.4.conv3.weight,582,layer3.4.conv3.weight_ch582,7.348072528839111
layer4.0.conv3.weight,772,layer4.0.conv3.weight_ch772,7.327390193939209
layer3.2.conv1.weight,71,layer3.2.conv1.weight_ch71,7.321324348449707
layer3.3.conv3.weight,724,layer3.3.conv3.weight_ch724,7.30680513381958
layer3.0.conv2.weight,154,layer3.0.conv2.weight_ch154,7.289920330047607
layer4.0.conv3.weight,725,layer4.0.conv3.weight_ch725,7.273454666137695
layer3.2.conv3.weight,169,layer3.2.conv3.weight_ch169,7.24800968170166
layer3.3.conv3.weight,913,layer3.3.conv3.weight_ch913,7.2467942237854
layer4.1.conv1.weight,371,layer4.1.conv1.weight_ch371,7.242819786071777
layer3.4.conv3.weight,180,layer3.4.conv3.weight_ch180,7.238489151000977
layer3.5.conv3.weight,380,layer3.5.conv3.weight_ch380,7.236805438995361
layer3.0.conv3.weight,240,layer3.0.conv3.weight_ch240,7.212841033935547
layer2.3.conv3.weight,93,layer2.3.conv3.weight_ch93,7.203097820281982
layer3.3.conv3.weight,898,layer3.3.conv3.weight_ch898,7.197421550750732
layer3.0.conv3.weight,104,layer3.0.conv3.weight_ch104,7.19605827331543
layer3.5.conv3.weight,187,layer3.5.conv3.weight_ch187,7.168883323669434
layer3.2.conv3.weight,279,layer3.2.conv3.weight_ch279,7.160811424255371
layer3.5.conv3.weight,221,layer3.5.conv3.weight_ch221,7.152653217315674
layer3.4.conv3.weight,339,layer3.4.conv3.weight_ch339,7.148007392883301
layer3.3.conv3.weight,805,layer3.3.conv3.weight_ch805,7.128737926483154
layer4.1.conv1.weight,21,layer4.1.conv1.weight_ch21,7.114471435546875
layer4.0.conv3.weight,1563,layer4.0.conv3.weight_ch1563,7.11178731918335
layer3.4.conv3.weight,864,layer3.4.conv3.weight_ch864,7.104918479919434
layer3.0.conv3.weight,388,layer3.0.conv3.weight_ch388,7.104032516479492
layer3.0.conv3.weight,212,layer3.0.conv3.weight_ch212,7.096378803253174
layer4.0.conv3.weight,1752,layer4.0.conv3.weight_ch1752,7.082222938537598
layer3.0.conv3.weight,574,layer3.0.conv3.weight_ch574,7.080038070678711
layer3.3.conv3.weight,40,layer3.3.conv3.weight_ch40,7.078598499298096
layer4.0.conv3.weight,2033,layer4.0.conv3.weight_ch2033,7.066473960876465
layer4.0.conv3.weight,1338,layer4.0.conv3.weight_ch1338,7.06511116027832
layer4.0.conv3.weight,1530,layer4.0.conv3.weight_ch1530,7.0474958419799805
layer3.5.conv3.weight,19,layer3.5.conv3.weight_ch19,7.045706748962402
layer4.0.conv3.weight,213,layer4.0.conv3.weight_ch213,7.04563570022583
layer3.1.conv2.weight,151,layer3.1.conv2.weight_ch151,7.041210174560547
layer3.2.conv3.weight,228,layer3.2.conv3.weight_ch228,7.041065692901611
layer1.1.conv1.weight,20,layer1.1.conv1.weight_ch20,7.032385349273682
layer4.0.conv3.weight,340,layer4.0.conv3.weight_ch340,7.008792400360107
layer3.0.conv3.weight,634,layer3.0.conv3.weight_ch634,6.998653888702393
layer3.0.conv2.weight,186,layer3.0.conv2.weight_ch186,6.991116523742676
layer3.2.conv3.weight,312,layer3.2.conv3.weight_ch312,6.986388683319092
layer4.0.conv3.weight,402,layer4.0.conv3.weight_ch402,6.986344814300537
layer4.0.conv3.weight,134,layer4.0.conv3.weight_ch134,6.985470771789551
layer3.3.conv3.weight,404,layer3.3.conv3.weight_ch404,6.980085372924805
layer2.3.conv3.weight,228,layer2.3.conv3.weight_ch228,6.967751979827881
layer4.0.conv3.weight,2026,layer4.0.conv3.weight_ch2026,6.94741678237915
layer3.4.conv3.weight,140,layer3.4.conv3.weight_ch140,6.937859535217285
layer4.0.conv3.weight,1120,layer4.0.conv3.weight_ch1120,6.936032772064209
layer3.5.conv3.weight,52,layer3.5.conv3.weight_ch52,6.921417713165283
layer4.0.conv3.weight,535,layer4.0.conv3.weight_ch535,6.916312217712402
layer3.1.conv2.weight,65,layer3.1.conv2.weight_ch65,6.907568454742432
layer3.3.conv3.weight,883,layer3.3.conv3.weight_ch883,6.9034905433654785
layer3.2.conv3.weight,737,layer3.2.conv3.weight_ch737,6.858665466308594
layer4.1.conv1.weight,168,layer4.1.conv1.weight_ch168,6.845295429229736
layer3.0.conv2.weight,203,layer3.0.conv2.weight_ch203,6.838110446929932
layer3.0.conv3.weight,284,layer3.0.conv3.weight_ch284,6.835148811340332
layer4.0.conv3.weight,1419,layer4.0.conv3.weight_ch1419,6.824030876159668
layer4.1.conv1.weight,113,layer4.1.conv1.weight_ch113,6.820518970489502
layer3.3.conv3.weight,97,layer3.3.conv3.weight_ch97,6.815877437591553
layer3.3.conv3.weight,721,layer3.3.conv3.weight_ch721,6.807770729064941
layer3.0.conv2.weight,61,layer3.0.conv2.weight_ch61,6.7946391105651855
layer3.0.conv3.weight,715,layer3.0.conv3.weight_ch715,6.778138160705566
layer3.3.conv3.weight,183,layer3.3.conv3.weight_ch183,6.774701118469238
layer3.2.conv3.weight,606,layer3.2.conv3.weight_ch606,6.770299911499023
layer4.0.conv3.weight,710,layer4.0.conv3.weight_ch710,6.770221710205078
layer4.1.conv1.weight,151,layer4.1.conv1.weight_ch151,6.758485317230225
layer3.2.conv3.weight,541,layer3.2.conv3.weight_ch541,6.752581596374512
layer3.4.conv3.weight,946,layer3.4.conv3.weight_ch946,6.740272521972656
layer4.0.conv3.weight,1553,layer4.0.conv3.weight_ch1553,6.738828659057617
layer3.3.conv3.weight,137,layer3.3.conv3.weight_ch137,6.734697341918945
layer3.0.conv3.weight,425,layer3.0.conv3.weight_ch425,6.7315673828125
layer4.0.conv3.weight,743,layer4.0.conv3.weight_ch743,6.729642391204834
layer3.4.conv3.weight,6,layer3.4.conv3.weight_ch6,6.724332332611084
layer3.2.conv3.weight,669,layer3.2.conv3.weight_ch669,6.717350959777832
layer3.2.conv1.weight,147,layer3.2.conv1.weight_ch147,6.713004112243652
layer4.1.conv1.weight,354,layer4.1.conv1.weight_ch354,6.702295303344727
layer4.0.conv3.weight,1172,layer4.0.conv3.weight_ch1172,6.674434661865234
layer2.3.conv3.weight,236,layer2.3.conv3.weight_ch236,6.670361518859863
layer3.2.conv1.weight,99,layer3.2.conv1.weight_ch99,6.665501594543457
layer2.3.conv3.weight,378,layer2.3.conv3.weight_ch378,6.653257846832275
layer4.0.conv3.weight,371,layer4.0.conv3.weight_ch371,6.627001762390137
layer3.4.conv1.weight,132,layer3.4.conv1.weight_ch132,6.624536037445068
layer3.1.conv2.weight,97,layer3.1.conv2.weight_ch97,6.604002475738525
layer4.1.conv1.weight,503,layer4.1.conv1.weight_ch503,6.601156711578369
layer4.1.conv1.weight,109,layer4.1.conv1.weight_ch109,6.582576751708984
layer3.4.conv3.weight,189,layer3.4.conv3.weight_ch189,6.58151388168335
layer3.2.conv3.weight,972,layer3.2.conv3.weight_ch972,6.574602127075195
layer3.3.conv3.weight,719,layer3.3.conv3.weight_ch719,6.568845272064209
layer4.1.conv1.weight,313,layer4.1.conv1.weight_ch313,6.5545783042907715
layer2.0.conv1.weight,91,layer2.0.conv1.weight_ch91,6.554468154907227
layer4.0.conv3.weight,482,layer4.0.conv3.weight_ch482,6.552533149719238
layer4.1.conv1.weight,18,layer4.1.conv1.weight_ch18,6.538907527923584
layer4.0.conv3.weight,267,layer4.0.conv3.weight_ch267,6.527064323425293
layer3.4.conv3.weight,330,layer3.4.conv3.weight_ch330,6.507292747497559
layer3.2.conv1.weight,57,layer3.2.conv1.weight_ch57,6.503667831420898
layer3.3.conv3.weight,235,layer3.3.conv3.weight_ch235,6.5000152587890625
layer3.2.conv3.weight,831,layer3.2.conv3.weight_ch831,6.492745876312256
layer4.0.conv3.weight,549,layer4.0.conv3.weight_ch549,6.492472171783447
layer3.4.conv3.weight,680,layer3.4.conv3.weight_ch680,6.46355676651001
layer4.0.conv3.weight,834,layer4.0.conv3.weight_ch834,6.434498310089111
layer3.3.conv3.weight,89,layer3.3.conv3.weight_ch89,6.423662185668945
layer4.0.conv3.weight,1470,layer4.0.conv3.weight_ch1470,6.422072410583496
layer3.4.conv1.weight,50,layer3.4.conv1.weight_ch50,6.42174768447876
layer3.4.conv1.weight,75,layer3.4.conv1.weight_ch75,6.416738986968994
layer3.5.conv3.weight,926,layer3.5.conv3.weight_ch926,6.412441253662109
layer3.1.conv2.weight,0,layer3.1.conv2.weight_ch0,6.408321380615234
layer3.5.conv3.weight,168,layer3.5.conv3.weight_ch168,6.406319618225098
layer3.0.conv3.weight,206,layer3.0.conv3.weight_ch206,6.402259826660156
layer3.2.conv3.weight,767,layer3.2.conv3.weight_ch767,6.39854097366333
layer3.2.conv3.weight,984,layer3.2.conv3.weight_ch984,6.3984785079956055
layer3.3.conv3.weight,345,layer3.3.conv3.weight_ch345,6.395256519317627
layer4.0.conv3.weight,330,layer4.0.conv3.weight_ch330,6.377072811126709
layer3.0.conv3.weight,725,layer3.0.conv3.weight_ch725,6.372480869293213
layer3.4.conv3.weight,120,layer3.4.conv3.weight_ch120,6.366039752960205
layer3.5.conv3.weight,266,layer3.5.conv3.weight_ch266,6.359379291534424
layer3.5.conv3.weight,217,layer3.5.conv3.weight_ch217,6.35286283493042
layer3.5.conv3.weight,774,layer3.5.conv3.weight_ch774,6.300989151000977
layer3.0.conv3.weight,178,layer3.0.conv3.weight_ch178,6.3009209632873535
layer3.5.conv3.weight,866,layer3.5.conv3.weight_ch866,6.299776077270508
layer3.5.conv3.weight,613,layer3.5.conv3.weight_ch613,6.294811725616455
layer4.0.conv3.weight,1575,layer4.0.conv3.weight_ch1575,6.286189556121826
layer3.3.conv3.weight,948,layer3.3.conv3.weight_ch948,6.272006988525391
layer3.2.conv3.weight,667,layer3.2.conv3.weight_ch667,6.261281967163086
layer3.5.conv3.weight,732,layer3.5.conv3.weight_ch732,6.257624626159668
layer3.0.conv3.weight,555,layer3.0.conv3.weight_ch555,6.242387771606445
layer3.2.conv1.weight,103,layer3.2.conv1.weight_ch103,6.242309093475342
layer3.5.conv3.weight,190,layer3.5.conv3.weight_ch190,6.236618518829346
layer3.0.conv3.weight,480,layer3.0.conv3.weight_ch480,6.236555099487305
layer3.2.conv3.weight,159,layer3.2.conv3.weight_ch159,6.236434459686279
layer3.0.conv3.weight,663,layer3.0.conv3.weight_ch663,6.229468822479248
layer4.0.conv3.weight,770,layer4.0.conv3.weight_ch770,6.224494457244873
layer4.0.conv3.weight,1147,layer4.0.conv3.weight_ch1147,6.2188591957092285
layer3.3.conv3.weight,994,layer3.3.conv3.weight_ch994,6.218481063842773
layer3.4.conv3.weight,520,layer3.4.conv3.weight_ch520,6.215068340301514
layer4.1.conv1.weight,165,layer4.1.conv1.weight_ch165,6.214805603027344
layer3.0.conv3.weight,184,layer3.0.conv3.weight_ch184,6.197144031524658
layer4.0.conv3.weight,169,layer4.0.conv3.weight_ch169,6.193341255187988
layer3.4.conv1.weight,223,layer3.4.conv1.weight_ch223,6.19087553024292
layer4.0.conv3.weight,242,layer4.0.conv3.weight_ch242,6.180109024047852
layer3.5.conv3.weight,455,layer3.5.conv3.weight_ch455,6.165467262268066
layer4.0.conv3.weight,1589,layer4.0.conv3.weight_ch1589,6.1520304679870605
layer4.0.conv3.weight,124,layer4.0.conv3.weight_ch124,6.147360324859619
layer3.0.conv3.weight,949,layer3.0.conv3.weight_ch949,6.145109176635742
layer3.2.conv3.weight,302,layer3.2.conv3.weight_ch302,6.1426310539245605
layer3.3.conv3.weight,990,layer3.3.conv3.weight_ch990,6.140850067138672
layer3.3.conv3.weight,884,layer3.3.conv3.weight_ch884,6.137077808380127
layer3.3.conv3.weight,219,layer3.3.conv3.weight_ch219,6.135968208312988
layer4.0.conv3.weight,147,layer4.0.conv3.weight_ch147,6.12067174911499
layer4.1.conv1.weight,140,layer4.1.conv1.weight_ch140,6.110797882080078
layer3.2.conv3.weight,872,layer3.2.conv3.weight_ch872,6.095681190490723
layer4.0.conv3.weight,30,layer4.0.conv3.weight_ch30,6.0903778076171875
layer4.0.conv3.weight,1660,layer4.0.conv3.weight_ch1660,6.0870771408081055
layer3.0.conv2.weight,184,layer3.0.conv2.weight_ch184,6.085231304168701
layer3.3.conv3.weight,548,layer3.3.conv3.weight_ch548,6.083349227905273
layer3.4.conv3.weight,392,layer3.4.conv3.weight_ch392,6.080255508422852
layer4.0.conv3.weight,934,layer4.0.conv3.weight_ch934,6.075101375579834
layer4.0.conv3.weight,1204,layer4.0.conv3.weight_ch1204,6.050194263458252
layer4.0.conv3.weight,255,layer4.0.conv3.weight_ch255,6.046736717224121
layer4.0.conv3.weight,1141,layer4.0.conv3.weight_ch1141,6.045446872711182
layer4.0.conv3.weight,1620,layer4.0.conv3.weight_ch1620,6.04534387588501
layer4.1.conv1.weight,345,layer4.1.conv1.weight_ch345,6.045258045196533
layer3.4.conv3.weight,750,layer3.4.conv3.weight_ch750,6.043661594390869
layer3.3.conv3.weight,870,layer3.3.conv3.weight_ch870,6.039407253265381
layer2.3.conv2.weight,60,layer2.3.conv2.weight_ch60,6.038949012756348
layer4.0.conv3.weight,1243,layer4.0.conv3.weight_ch1243,6.034688472747803
layer3.4.conv3.weight,696,layer3.4.conv3.weight_ch696,6.021925926208496
layer3.2.conv3.weight,114,layer3.2.conv3.weight_ch114,6.017936706542969
layer4.0.conv3.weight,579,layer4.0.conv3.weight_ch579,6.014683246612549
layer3.0.conv3.weight,549,layer3.0.conv3.weight_ch549,6.004477024078369
layer3.3.conv3.weight,661,layer3.3.conv3.weight_ch661,5.998912334442139
layer3.1.conv2.weight,56,layer3.1.conv2.weight_ch56,5.986499309539795
layer3.4.conv3.weight,751,layer3.4.conv3.weight_ch751,5.981415271759033
layer3.4.conv1.weight,193,layer3.4.conv1.weight_ch193,5.975773811340332
layer4.0.conv3.weight,342,layer4.0.conv3.weight_ch342,5.972227573394775
layer3.2.conv3.weight,832,layer3.2.conv3.weight_ch832,5.965211868286133
layer3.3.conv3.weight,181,layer3.3.conv3.weight_ch181,5.963050842285156
layer3.4.conv3.weight,681,layer3.4.conv3.weight_ch681,5.942098140716553
layer3.0.conv3.weight,1020,layer3.0.conv3.weight_ch1020,5.94093656539917
layer4.0.conv3.weight,950,layer4.0.conv3.weight_ch950,5.936811447143555
layer3.2.conv3.weight,344,layer3.2.conv3.weight_ch344,5.923068523406982
layer3.0.conv3.weight,177,layer3.0.conv3.weight_ch177,5.91973876953125
layer3.4.conv3.weight,415,layer3.4.conv3.weight_ch415,5.9160308837890625
layer3.3.conv3.weight,151,layer3.3.conv3.weight_ch151,5.913449287414551
layer4.0.conv3.weight,122,layer4.0.conv3.weight_ch122,5.891775608062744
layer4.1.conv1.weight,257,layer4.1.conv1.weight_ch257,5.890480995178223
layer4.1.conv1.weight,115,layer4.1.conv1.weight_ch115,5.88060998916626
layer4.1.conv1.weight,491,layer4.1.conv1.weight_ch491,5.871667861938477
layer3.1.conv2.weight,31,layer3.1.conv2.weight_ch31,5.87152624130249
layer4.0.conv3.weight,1196,layer4.0.conv3.weight_ch1196,5.869637489318848
layer2.3.conv3.weight,55,layer2.3.conv3.weight_ch55,5.864756107330322
layer2.3.conv3.weight,403,layer2.3.conv3.weight_ch403,5.847028732299805
layer4.0.conv3.weight,1121,layer4.0.conv3.weight_ch1121,5.838043689727783
layer3.2.conv3.weight,156,layer3.2.conv3.weight_ch156,5.835596561431885
layer3.4.conv1.weight,58,layer3.4.conv1.weight_ch58,5.833497047424316
layer4.0.conv3.weight,1452,layer4.0.conv3.weight_ch1452,5.829079627990723
layer3.0.conv3.weight,192,layer3.0.conv3.weight_ch192,5.825829029083252
layer3.1.conv2.weight,54,layer3.1.conv2.weight_ch54,5.820341110229492
layer4.0.conv3.weight,388,layer4.0.conv3.weight_ch388,5.817269802093506
layer4.0.conv3.weight,1675,layer4.0.conv3.weight_ch1675,5.814510822296143
layer4.0.conv3.weight,973,layer4.0.conv3.weight_ch973,5.81360387802124
layer2.0.conv1.weight,115,layer2.0.conv1.weight_ch115,5.79940938949585
layer4.0.conv3.weight,26,layer4.0.conv3.weight_ch26,5.791394233703613
layer2.3.conv3.weight,500,layer2.3.conv3.weight_ch500,5.776529788970947
layer3.4.conv3.weight,347,layer3.4.conv3.weight_ch347,5.773553848266602
layer3.3.conv3.weight,297,layer3.3.conv3.weight_ch297,5.763794898986816
layer3.2.conv3.weight,766,layer3.2.conv3.weight_ch766,5.763392925262451
layer3.1.conv2.weight,125,layer3.1.conv2.weight_ch125,5.755362033843994
layer2.3.conv3.weight,87,layer2.3.conv3.weight_ch87,5.753495693206787
layer4.0.conv3.weight,717,layer4.0.conv3.weight_ch717,5.749818325042725
layer4.0.conv3.weight,1274,layer4.0.conv3.weight_ch1274,5.747820854187012
layer3.2.conv3.weight,21,layer3.2.conv3.weight_ch21,5.746142864227295
layer3.0.conv3.weight,280,layer3.0.conv3.weight_ch280,5.745394229888916
layer3.3.conv3.weight,764,layer3.3.conv3.weight_ch764,5.738755702972412
layer3.0.conv3.weight,967,layer3.0.conv3.weight_ch967,5.722817420959473
layer4.0.conv3.weight,780,layer4.0.conv3.weight_ch780,5.714862823486328
layer4.0.conv3.weight,295,layer4.0.conv3.weight_ch295,5.70094108581543
layer3.3.conv3.weight,658,layer3.3.conv3.weight_ch658,5.678493499755859
layer3.4.conv3.weight,782,layer3.4.conv3.weight_ch782,5.670015811920166
layer3.2.conv3.weight,24,layer3.2.conv3.weight_ch24,5.664608955383301
layer4.0.conv3.weight,1019,layer4.0.conv3.weight_ch1019,5.649211883544922
layer4.0.conv3.weight,1289,layer4.0.conv3.weight_ch1289,5.642403602600098
layer4.0.conv3.weight,1859,layer4.0.conv3.weight_ch1859,5.624678611755371
layer3.4.conv3.weight,435,layer3.4.conv3.weight_ch435,5.617705345153809
layer4.0.conv3.weight,1596,layer4.0.conv3.weight_ch1596,5.614763259887695
layer3.3.conv3.weight,214,layer3.3.conv3.weight_ch214,5.614098072052002
layer3.5.conv3.weight,312,layer3.5.conv3.weight_ch312,5.611988067626953
layer3.3.conv3.weight,103,layer3.3.conv3.weight_ch103,5.602833271026611
layer2.3.conv3.weight,281,layer2.3.conv3.weight_ch281,5.59330415725708
layer4.0.conv3.weight,231,layer4.0.conv3.weight_ch231,5.580061912536621
layer3.0.conv2.weight,54,layer3.0.conv2.weight_ch54,5.578164100646973
layer4.0.conv3.weight,28,layer4.0.conv3.weight_ch28,5.573872089385986
layer3.3.conv3.weight,929,layer3.3.conv3.weight_ch929,5.573453903198242
layer3.2.conv3.weight,952,layer3.2.conv3.weight_ch952,5.571130752563477
layer3.5.conv3.weight,357,layer3.5.conv3.weight_ch357,5.568817138671875
layer4.0.conv3.weight,626,layer4.0.conv3.weight_ch626,5.561700820922852
layer3.0.conv3.weight,720,layer3.0.conv3.weight_ch720,5.560098171234131
layer2.3.conv3.weight,52,layer2.3.conv3.weight_ch52,5.548526763916016
layer3.4.conv3.weight,63,layer3.4.conv3.weight_ch63,5.547755241394043
layer3.2.conv3.weight,172,layer3.2.conv3.weight_ch172,5.547009468078613
layer4.0.conv3.weight,1358,layer4.0.conv3.weight_ch1358,5.545009136199951
layer3.2.conv3.weight,191,layer3.2.conv3.weight_ch191,5.541438102722168
layer3.2.conv3.weight,52,layer3.2.conv3.weight_ch52,5.531382083892822
layer3.4.conv3.weight,642,layer3.4.conv3.weight_ch642,5.5283403396606445
layer2.3.conv3.weight,471,layer2.3.conv3.weight_ch471,5.527624607086182
layer3.1.conv2.weight,42,layer3.1.conv2.weight_ch42,5.527316570281982
layer3.4.conv3.weight,636,layer3.4.conv3.weight_ch636,5.526088714599609
layer3.5.conv3.weight,856,layer3.5.conv3.weight_ch856,5.520798683166504
layer3.4.conv3.weight,771,layer3.4.conv3.weight_ch771,5.5197529792785645
layer3.0.conv2.weight,223,layer3.0.conv2.weight_ch223,5.518488883972168
layer3.2.conv3.weight,895,layer3.2.conv3.weight_ch895,5.51811408996582
layer3.3.conv3.weight,57,layer3.3.conv3.weight_ch57,5.509548664093018
layer3.0.conv3.weight,467,layer3.0.conv3.weight_ch467,5.5048322677612305
layer4.1.conv1.weight,260,layer4.1.conv1.weight_ch260,5.493409633636475
layer3.4.conv1.weight,170,layer3.4.conv1.weight_ch170,5.483643054962158
layer3.0.conv2.weight,128,layer3.0.conv2.weight_ch128,5.478382110595703
layer3.2.conv3.weight,480,layer3.2.conv3.weight_ch480,5.47507905960083
layer4.0.conv3.weight,1978,layer4.0.conv3.weight_ch1978,5.468995571136475
layer4.0.conv3.weight,1097,layer4.0.conv3.weight_ch1097,5.464451789855957
layer3.2.conv1.weight,204,layer3.2.conv1.weight_ch204,5.464046955108643
layer3.1.conv2.weight,26,layer3.1.conv2.weight_ch26,5.45802640914917
layer4.0.conv3.weight,1582,layer4.0.conv3.weight_ch1582,5.44851016998291
layer3.0.conv3.weight,1010,layer3.0.conv3.weight_ch1010,5.448415756225586
layer3.4.conv3.weight,126,layer3.4.conv3.weight_ch126,5.438590049743652
layer4.0.conv3.weight,2004,layer4.0.conv3.weight_ch2004,5.434577941894531
layer4.1.conv1.weight,63,layer4.1.conv1.weight_ch63,5.433228492736816
layer3.5.conv3.weight,204,layer3.5.conv3.weight_ch204,5.432717800140381
layer3.3.conv3.weight,716,layer3.3.conv3.weight_ch716,5.432546615600586
layer4.0.conv3.weight,1430,layer4.0.conv3.weight_ch1430,5.42526388168335
layer3.3.conv3.weight,86,layer3.3.conv3.weight_ch86,5.407534122467041
layer3.2.conv1.weight,171,layer3.2.conv1.weight_ch171,5.403596878051758
layer3.0.conv3.weight,856,layer3.0.conv3.weight_ch856,5.403285026550293
layer3.0.conv3.weight,853,layer3.0.conv3.weight_ch853,5.401996612548828
layer3.0.conv3.weight,301,layer3.0.conv3.weight_ch301,5.399405002593994
layer2.3.conv2.weight,95,layer2.3.conv2.weight_ch95,5.398249626159668
layer3.0.conv2.weight,88,layer3.0.conv2.weight_ch88,5.389813423156738
layer3.2.conv3.weight,671,layer3.2.conv3.weight_ch671,5.383008003234863
layer3.3.conv3.weight,29,layer3.3.conv3.weight_ch29,5.381008148193359
layer4.0.conv3.weight,543,layer4.0.conv3.weight_ch543,5.37950325012207
layer4.1.conv1.weight,419,layer4.1.conv1.weight_ch419,5.3717875480651855
layer4.0.conv3.weight,1768,layer4.0.conv3.weight_ch1768,5.3679423332214355
layer4.1.conv1.weight,106,layer4.1.conv1.weight_ch106,5.366883277893066
layer3.0.conv3.weight,0,layer3.0.conv3.weight_ch0,5.357414245605469
layer3.4.conv1.weight,96,layer3.4.conv1.weight_ch96,5.356891632080078
layer4.1.conv1.weight,277,layer4.1.conv1.weight_ch277,5.341946601867676
layer3.3.conv3.weight,600,layer3.3.conv3.weight_ch600,5.338222980499268
layer4.0.conv3.weight,790,layer4.0.conv3.weight_ch790,5.335544586181641
layer4.0.conv3.weight,1405,layer4.0.conv3.weight_ch1405,5.328115940093994
layer4.0.conv3.weight,411,layer4.0.conv3.weight_ch411,5.325802803039551
layer3.0.conv3.weight,102,layer3.0.conv3.weight_ch102,5.325393199920654
layer3.5.conv3.weight,812,layer3.5.conv3.weight_ch812,5.313787460327148
layer2.3.conv3.weight,472,layer2.3.conv3.weight_ch472,5.313379764556885
layer3.1.conv2.weight,64,layer3.1.conv2.weight_ch64,5.309274673461914
layer3.0.conv3.weight,34,layer3.0.conv3.weight_ch34,5.296212196350098
layer3.2.conv3.weight,635,layer3.2.conv3.weight_ch635,5.293615818023682
layer4.0.conv3.weight,312,layer4.0.conv3.weight_ch312,5.291384220123291
layer3.0.conv2.weight,91,layer3.0.conv2.weight_ch91,5.288746356964111
layer4.0.conv3.weight,1645,layer4.0.conv3.weight_ch1645,5.286549091339111
layer3.2.conv3.weight,662,layer3.2.conv3.weight_ch662,5.284013748168945
layer4.0.conv3.weight,729,layer4.0.conv3.weight_ch729,5.277307033538818
layer3.0.conv3.weight,826,layer3.0.conv3.weight_ch826,5.271939754486084
layer3.2.conv3.weight,881,layer3.2.conv3.weight_ch881,5.268163204193115
layer4.0.conv3.weight,1670,layer4.0.conv3.weight_ch1670,5.265995502471924
layer4.0.conv3.weight,1383,layer4.0.conv3.weight_ch1383,5.259639739990234
layer3.4.conv3.weight,653,layer3.4.conv3.weight_ch653,5.257805824279785
layer4.0.conv3.weight,1514,layer4.0.conv3.weight_ch1514,5.254765510559082
layer3.4.conv3.weight,313,layer3.4.conv3.weight_ch313,5.254366874694824
layer4.0.conv3.weight,585,layer4.0.conv3.weight_ch585,5.249317169189453
layer3.0.conv3.weight,403,layer3.0.conv3.weight_ch403,5.24566125869751
layer3.2.conv3.weight,243,layer3.2.conv3.weight_ch243,5.241400718688965
layer3.0.conv3.weight,625,layer3.0.conv3.weight_ch625,5.231328010559082
layer3.0.conv3.weight,431,layer3.0.conv3.weight_ch431,5.230580806732178
layer3.3.conv3.weight,232,layer3.3.conv3.weight_ch232,5.226397514343262
layer4.0.conv3.weight,165,layer4.0.conv3.weight_ch165,5.22026252746582
layer3.3.conv3.weight,41,layer3.3.conv3.weight_ch41,5.219369888305664
layer4.0.conv3.weight,2002,layer4.0.conv3.weight_ch2002,5.218041896820068
layer4.0.conv3.weight,2023,layer4.0.conv3.weight_ch2023,5.216991424560547
layer4.0.conv3.weight,1114,layer4.0.conv3.weight_ch1114,5.210238456726074
layer3.5.conv3.weight,900,layer3.5.conv3.weight_ch900,5.209650993347168
layer4.0.conv3.weight,685,layer4.0.conv3.weight_ch685,5.204193115234375
layer3.5.conv3.weight,691,layer3.5.conv3.weight_ch691,5.195148468017578
layer2.3.conv3.weight,240,layer2.3.conv3.weight_ch240,5.185512542724609
layer4.0.conv3.weight,40,layer4.0.conv3.weight_ch40,5.18480110168457
layer4.0.conv3.weight,956,layer4.0.conv3.weight_ch956,5.176149845123291
layer3.4.conv3.weight,992,layer3.4.conv3.weight_ch992,5.175295829772949
layer3.0.conv2.weight,161,layer3.0.conv2.weight_ch161,5.172826290130615
layer3.3.conv3.weight,145,layer3.3.conv3.weight_ch145,5.171660423278809
layer4.0.conv3.weight,1974,layer4.0.conv3.weight_ch1974,5.167510986328125
layer4.0.conv3.weight,174,layer4.0.conv3.weight_ch174,5.16483736038208
layer3.3.conv3.weight,58,layer3.3.conv3.weight_ch58,5.15894079208374
layer3.0.conv3.weight,360,layer3.0.conv3.weight_ch360,5.151800632476807
layer3.0.conv3.weight,487,layer3.0.conv3.weight_ch487,5.146786212921143
layer3.3.conv3.weight,860,layer3.3.conv3.weight_ch860,5.142972469329834
layer4.0.conv3.weight,348,layer4.0.conv3.weight_ch348,5.140627384185791
layer3.5.conv3.weight,324,layer3.5.conv3.weight_ch324,5.138703346252441
layer3.4.conv1.weight,161,layer3.4.conv1.weight_ch161,5.136017799377441
layer4.0.conv3.weight,423,layer4.0.conv3.weight_ch423,5.131153106689453
layer3.0.conv3.weight,811,layer3.0.conv3.weight_ch811,5.131046772003174
layer2.3.conv3.weight,128,layer2.3.conv3.weight_ch128,5.130343914031982
layer4.0.conv3.weight,499,layer4.0.conv3.weight_ch499,5.127822399139404
layer4.0.conv3.weight,690,layer4.0.conv3.weight_ch690,5.119547367095947
layer3.0.conv3.weight,1003,layer3.0.conv3.weight_ch1003,5.101901531219482
layer3.2.conv3.weight,780,layer3.2.conv3.weight_ch780,5.101763725280762
layer2.3.conv3.weight,345,layer2.3.conv3.weight_ch345,5.101011753082275
layer3.2.conv3.weight,409,layer3.2.conv3.weight_ch409,5.094952583312988
layer3.4.conv3.weight,789,layer3.4.conv3.weight_ch789,5.088986873626709
layer3.2.conv1.weight,249,layer3.2.conv1.weight_ch249,5.0872015953063965
layer3.2.conv3.weight,332,layer3.2.conv3.weight_ch332,5.083545207977295
layer3.2.conv3.weight,185,layer3.2.conv3.weight_ch185,5.083502769470215
layer4.1.conv1.weight,474,layer4.1.conv1.weight_ch474,5.08283805847168
layer4.0.conv3.weight,210,layer4.0.conv3.weight_ch210,5.082075595855713
layer3.5.conv3.weight,328,layer3.5.conv3.weight_ch328,5.081010341644287
layer3.4.conv3.weight,676,layer3.4.conv3.weight_ch676,5.076343536376953
layer4.0.conv3.weight,1947,layer4.0.conv3.weight_ch1947,5.07461404800415
layer3.3.conv3.weight,165,layer3.3.conv3.weight_ch165,5.073517322540283
layer4.1.conv1.weight,500,layer4.1.conv1.weight_ch500,5.07059383392334
layer3.0.conv3.weight,978,layer3.0.conv3.weight_ch978,5.052053928375244
layer3.5.conv3.weight,805,layer3.5.conv3.weight_ch805,5.050746440887451
layer3.4.conv1.weight,5,layer3.4.conv1.weight_ch5,5.05068302154541
layer4.0.conv3.weight,1483,layer4.0.conv3.weight_ch1483,5.045579433441162
layer3.2.conv3.weight,315,layer3.2.conv3.weight_ch315,5.037425994873047
layer3.4.conv3.weight,794,layer3.4.conv3.weight_ch794,5.03301477432251
layer3.2.conv3.weight,256,layer3.2.conv3.weight_ch256,5.032169818878174
layer3.3.conv3.weight,21,layer3.3.conv3.weight_ch21,5.029481887817383
layer4.0.conv3.weight,459,layer4.0.conv3.weight_ch459,5.026205062866211
layer3.1.conv2.weight,62,layer3.1.conv2.weight_ch62,5.018556594848633
layer3.2.conv3.weight,978,layer3.2.conv3.weight_ch978,5.017548084259033
layer3.2.conv3.weight,3,layer3.2.conv3.weight_ch3,5.011166572570801
layer3.1.conv2.weight,184,layer3.1.conv2.weight_ch184,5.006933689117432
layer3.0.conv3.weight,233,layer3.0.conv3.weight_ch233,4.999497890472412
layer3.4.conv3.weight,373,layer3.4.conv3.weight_ch373,4.998800277709961
layer3.2.conv3.weight,125,layer3.2.conv3.weight_ch125,4.9987053871154785
layer4.0.conv3.weight,757,layer4.0.conv3.weight_ch757,4.998370170593262
layer2.3.conv3.weight,124,layer2.3.conv3.weight_ch124,4.996721267700195
layer3.4.conv3.weight,980,layer3.4.conv3.weight_ch980,4.992674350738525
layer4.0.conv3.weight,732,layer4.0.conv3.weight_ch732,4.990991115570068
layer3.0.conv3.weight,729,layer3.0.conv3.weight_ch729,4.988516807556152
layer3.0.conv3.weight,191,layer3.0.conv3.weight_ch191,4.9870147705078125
layer3.4.conv1.weight,8,layer3.4.conv1.weight_ch8,4.980159759521484
layer3.2.conv1.weight,80,layer3.2.conv1.weight_ch80,4.979912757873535
layer3.5.conv3.weight,118,layer3.5.conv3.weight_ch118,4.978306770324707
layer3.2.conv3.weight,4,layer3.2.conv3.weight_ch4,4.977055072784424
layer3.3.conv3.weight,198,layer3.3.conv3.weight_ch198,4.975843906402588
layer4.1.conv1.weight,323,layer4.1.conv1.weight_ch323,4.972137451171875
layer3.2.conv3.weight,892,layer3.2.conv3.weight_ch892,4.962037086486816
layer4.0.conv3.weight,1731,layer4.0.conv3.weight_ch1731,4.961114883422852
layer3.4.conv3.weight,830,layer3.4.conv3.weight_ch830,4.958249568939209
layer4.0.conv3.weight,468,layer4.0.conv3.weight_ch468,4.955108165740967
layer3.0.conv3.weight,259,layer3.0.conv3.weight_ch259,4.950677871704102
layer3.0.conv3.weight,238,layer3.0.conv3.weight_ch238,4.9441447257995605
layer3.0.conv3.weight,402,layer3.0.conv3.weight_ch402,4.940813064575195
layer3.5.conv3.weight,537,layer3.5.conv3.weight_ch537,4.940167427062988
layer4.0.conv3.weight,357,layer4.0.conv3.weight_ch357,4.938140869140625
layer3.2.conv3.weight,28,layer3.2.conv3.weight_ch28,4.930949687957764
layer4.0.conv3.weight,917,layer4.0.conv3.weight_ch917,4.927398204803467
layer4.0.conv3.weight,260,layer4.0.conv3.weight_ch260,4.9205732345581055
layer3.4.conv1.weight,216,layer3.4.conv1.weight_ch216,4.914020538330078
layer3.4.conv3.weight,412,layer3.4.conv3.weight_ch412,4.912795066833496
layer3.4.conv1.weight,110,layer3.4.conv1.weight_ch110,4.912181854248047
layer3.3.conv3.weight,295,layer3.3.conv3.weight_ch295,4.911121845245361
layer3.2.conv3.weight,546,layer3.2.conv3.weight_ch546,4.910246849060059
layer3.1.conv2.weight,234,layer3.1.conv2.weight_ch234,4.909152030944824
layer3.4.conv3.weight,506,layer3.4.conv3.weight_ch506,4.903236389160156
layer3.0.conv3.weight,267,layer3.0.conv3.weight_ch267,4.897082328796387
layer4.0.conv3.weight,1723,layer4.0.conv3.weight_ch1723,4.895777225494385
layer4.0.conv3.weight,1343,layer4.0.conv3.weight_ch1343,4.894922256469727
layer3.2.conv1.weight,148,layer3.2.conv1.weight_ch148,4.892695903778076
layer4.1.conv1.weight,240,layer4.1.conv1.weight_ch240,4.891397953033447
layer3.5.conv3.weight,157,layer3.5.conv3.weight_ch157,4.89033317565918
layer3.5.conv3.weight,293,layer3.5.conv3.weight_ch293,4.8777666091918945
layer2.3.conv3.weight,48,layer2.3.conv3.weight_ch48,4.874180793762207
layer4.0.conv3.weight,2015,layer4.0.conv3.weight_ch2015,4.861969470977783
layer3.2.conv1.weight,107,layer3.2.conv1.weight_ch107,4.858591556549072
layer3.3.conv3.weight,569,layer3.3.conv3.weight_ch569,4.858273983001709
layer4.0.conv3.weight,681,layer4.0.conv3.weight_ch681,4.8472747802734375
layer4.0.conv3.weight,306,layer4.0.conv3.weight_ch306,4.845461845397949
layer3.0.conv3.weight,246,layer3.0.conv3.weight_ch246,4.839938640594482
layer3.3.conv3.weight,281,layer3.3.conv3.weight_ch281,4.835972785949707
layer4.1.conv1.weight,36,layer4.1.conv1.weight_ch36,4.832744598388672
layer3.5.conv3.weight,74,layer3.5.conv3.weight_ch74,4.818113803863525
layer3.1.conv2.weight,8,layer3.1.conv2.weight_ch8,4.8136138916015625
layer3.5.conv3.weight,347,layer3.5.conv3.weight_ch347,4.8123250007629395
layer4.0.conv3.weight,1994,layer4.0.conv3.weight_ch1994,4.8100481033325195
layer4.0.conv3.weight,716,layer4.0.conv3.weight_ch716,4.80872917175293
layer3.2.conv3.weight,586,layer3.2.conv3.weight_ch586,4.803748607635498
layer3.4.conv3.weight,492,layer3.4.conv3.weight_ch492,4.802606105804443
layer3.0.conv3.weight,334,layer3.0.conv3.weight_ch334,4.791672706604004
layer3.4.conv1.weight,26,layer3.4.conv1.weight_ch26,4.788424015045166
layer3.3.conv3.weight,923,layer3.3.conv3.weight_ch923,4.782169342041016
layer4.0.conv3.weight,555,layer4.0.conv3.weight_ch555,4.77988338470459
layer3.4.conv3.weight,675,layer3.4.conv3.weight_ch675,4.774881839752197
layer4.1.conv1.weight,466,layer4.1.conv1.weight_ch466,4.774565696716309
layer4.0.conv3.weight,201,layer4.0.conv3.weight_ch201,4.772359371185303
layer3.3.conv3.weight,225,layer3.3.conv3.weight_ch225,4.770637512207031
layer3.0.conv3.weight,176,layer3.0.conv3.weight_ch176,4.765720844268799
layer1.1.conv1.weight,36,layer1.1.conv1.weight_ch36,4.763194561004639
layer3.5.conv3.weight,769,layer3.5.conv3.weight_ch769,4.761135101318359
layer3.0.conv3.weight,237,layer3.0.conv3.weight_ch237,4.759397029876709
layer3.1.conv2.weight,204,layer3.1.conv2.weight_ch204,4.757930755615234
layer3.0.conv2.weight,204,layer3.0.conv2.weight_ch204,4.75657844543457
layer4.0.conv3.weight,441,layer4.0.conv3.weight_ch441,4.7510151863098145
layer4.0.conv3.weight,1714,layer4.0.conv3.weight_ch1714,4.738411903381348
layer4.1.conv1.weight,102,layer4.1.conv1.weight_ch102,4.734692573547363
layer3.2.conv3.weight,887,layer3.2.conv3.weight_ch887,4.727921962738037
layer3.3.conv3.weight,312,layer3.3.conv3.weight_ch312,4.720280647277832
layer3.1.conv2.weight,87,layer3.1.conv2.weight_ch87,4.7111687660217285
layer4.0.conv3.weight,1227,layer4.0.conv3.weight_ch1227,4.698219299316406
layer3.3.conv3.weight,831,layer3.3.conv3.weight_ch831,4.68967342376709
layer3.0.conv3.weight,80,layer3.0.conv3.weight_ch80,4.688344955444336
layer4.0.conv3.weight,1248,layer4.0.conv3.weight_ch1248,4.687662124633789
layer2.3.conv2.weight,18,layer2.3.conv2.weight_ch18,4.686309337615967
layer3.2.conv1.weight,236,layer3.2.conv1.weight_ch236,4.671228408813477
layer3.2.conv3.weight,1,layer3.2.conv3.weight_ch1,4.669382572174072
layer4.0.conv3.weight,296,layer4.0.conv3.weight_ch296,4.669013500213623
layer3.4.conv3.weight,252,layer3.4.conv3.weight_ch252,4.666497707366943
layer2.3.conv3.weight,476,layer2.3.conv3.weight_ch476,4.666107654571533
layer4.0.conv3.weight,1985,layer4.0.conv3.weight_ch1985,4.664637088775635
layer3.3.conv3.weight,369,layer3.3.conv3.weight_ch369,4.659942150115967
layer4.0.conv3.weight,183,layer4.0.conv3.weight_ch183,4.659169673919678
layer3.3.conv3.weight,598,layer3.3.conv3.weight_ch598,4.655911445617676
layer4.0.conv3.weight,1038,layer4.0.conv3.weight_ch1038,4.655827522277832
layer3.3.conv3.weight,450,layer3.3.conv3.weight_ch450,4.654446125030518
layer4.1.conv1.weight,9,layer4.1.conv1.weight_ch9,4.653156280517578
layer3.5.conv3.weight,644,layer3.5.conv3.weight_ch644,4.646909713745117
layer3.0.conv2.weight,86,layer3.0.conv2.weight_ch86,4.644994735717773
layer3.5.conv3.weight,796,layer3.5.conv3.weight_ch796,4.643623352050781
layer2.3.conv3.weight,28,layer2.3.conv3.weight_ch28,4.643167495727539
layer4.0.conv3.weight,1754,layer4.0.conv3.weight_ch1754,4.643136024475098
layer4.0.conv3.weight,1824,layer4.0.conv3.weight_ch1824,4.640360355377197
layer4.0.conv3.weight,1811,layer4.0.conv3.weight_ch1811,4.6362833976745605
layer3.0.conv3.weight,466,layer3.0.conv3.weight_ch466,4.636178016662598
layer3.0.conv2.weight,165,layer3.0.conv2.weight_ch165,4.633498668670654
layer3.3.conv3.weight,504,layer3.3.conv3.weight_ch504,4.633013725280762
layer3.0.conv2.weight,121,layer3.0.conv2.weight_ch121,4.625082492828369
layer4.0.conv3.weight,1655,layer4.0.conv3.weight_ch1655,4.620795249938965
layer2.3.conv3.weight,454,layer2.3.conv3.weight_ch454,4.601963996887207
layer2.3.conv2.weight,46,layer2.3.conv2.weight_ch46,4.6016845703125
layer3.0.conv3.weight,640,layer3.0.conv3.weight_ch640,4.601123332977295
layer4.0.conv3.weight,328,layer4.0.conv3.weight_ch328,4.594390869140625
layer3.2.conv3.weight,763,layer3.2.conv3.weight_ch763,4.593923091888428
layer4.0.conv3.weight,1900,layer4.0.conv3.weight_ch1900,4.590877056121826
layer3.3.conv3.weight,469,layer3.3.conv3.weight_ch469,4.590539455413818
layer3.4.conv3.weight,720,layer3.4.conv3.weight_ch720,4.581693172454834
layer4.0.conv3.weight,1882,layer4.0.conv3.weight_ch1882,4.576540470123291
layer3.3.conv3.weight,901,layer3.3.conv3.weight_ch901,4.574896335601807
layer3.1.conv2.weight,45,layer3.1.conv2.weight_ch45,4.574733734130859
layer4.0.conv3.weight,1104,layer4.0.conv3.weight_ch1104,4.573879241943359
layer3.4.conv3.weight,802,layer3.4.conv3.weight_ch802,4.571824073791504
layer3.4.conv3.weight,351,layer3.4.conv3.weight_ch351,4.571164608001709
layer4.0.conv3.weight,1130,layer4.0.conv3.weight_ch1130,4.5672502517700195
layer3.2.conv3.weight,682,layer3.2.conv3.weight_ch682,4.567143440246582
layer2.3.conv3.weight,37,layer2.3.conv3.weight_ch37,4.566806793212891
layer4.0.conv3.weight,1226,layer4.0.conv3.weight_ch1226,4.5661821365356445
layer3.4.conv3.weight,785,layer3.4.conv3.weight_ch785,4.565927028656006
layer3.0.conv3.weight,429,layer3.0.conv3.weight_ch429,4.560536861419678
layer3.3.conv3.weight,886,layer3.3.conv3.weight_ch886,4.554725646972656
layer4.1.conv1.weight,209,layer4.1.conv1.weight_ch209,4.554329872131348
layer3.2.conv1.weight,222,layer3.2.conv1.weight_ch222,4.554020881652832
layer3.2.conv1.weight,175,layer3.2.conv1.weight_ch175,4.551897048950195
layer3.0.conv3.weight,727,layer3.0.conv3.weight_ch727,4.551892280578613
layer3.4.conv3.weight,359,layer3.4.conv3.weight_ch359,4.542204856872559
layer3.4.conv3.weight,663,layer3.4.conv3.weight_ch663,4.537032604217529
layer3.4.conv1.weight,122,layer3.4.conv1.weight_ch122,4.534510135650635
layer3.4.conv1.weight,19,layer3.4.conv1.weight_ch19,4.530587196350098
layer4.0.conv3.weight,715,layer4.0.conv3.weight_ch715,4.530586242675781
layer3.1.conv2.weight,252,layer3.1.conv2.weight_ch252,4.530555248260498
layer4.1.conv1.weight,37,layer4.1.conv1.weight_ch37,4.523393630981445
layer3.0.conv3.weight,197,layer3.0.conv3.weight_ch197,4.5225443840026855
layer3.0.conv3.weight,921,layer3.0.conv3.weight_ch921,4.522101402282715
layer3.3.conv3.weight,265,layer3.3.conv3.weight_ch265,4.5183916091918945
layer4.0.conv3.weight,1448,layer4.0.conv3.weight_ch1448,4.505190849304199
layer3.1.conv2.weight,128,layer3.1.conv2.weight_ch128,4.503045558929443
layer4.1.conv1.weight,346,layer4.1.conv1.weight_ch346,4.493764400482178
layer3.5.conv3.weight,159,layer3.5.conv3.weight_ch159,4.488949298858643
layer3.4.conv3.weight,30,layer3.4.conv3.weight_ch30,4.4857988357543945
layer4.0.conv3.weight,1624,layer4.0.conv3.weight_ch1624,4.4811692237854
layer3.5.conv3.weight,389,layer3.5.conv3.weight_ch389,4.480299472808838
layer4.0.conv3.weight,96,layer4.0.conv3.weight_ch96,4.479940414428711
layer2.3.conv3.weight,82,layer2.3.conv3.weight_ch82,4.477674961090088
layer4.0.conv3.weight,2010,layer4.0.conv3.weight_ch2010,4.474493503570557
layer4.0.conv3.weight,1902,layer4.0.conv3.weight_ch1902,4.474287033081055
layer4.0.conv3.weight,830,layer4.0.conv3.weight_ch830,4.4639434814453125
layer3.2.conv1.weight,33,layer3.2.conv1.weight_ch33,4.460782527923584
layer3.5.conv3.weight,322,layer3.5.conv3.weight_ch322,4.460023403167725
layer3.0.conv3.weight,744,layer3.0.conv3.weight_ch744,4.458880424499512
layer3.0.conv3.weight,359,layer3.0.conv3.weight_ch359,4.454523086547852
layer3.4.conv3.weight,375,layer3.4.conv3.weight_ch375,4.453819274902344
layer4.0.conv3.weight,1464,layer4.0.conv3.weight_ch1464,4.453525066375732
layer4.1.conv1.weight,325,layer4.1.conv1.weight_ch325,4.447023868560791
layer3.1.conv2.weight,84,layer3.1.conv2.weight_ch84,4.446331977844238
layer4.1.conv1.weight,253,layer4.1.conv1.weight_ch253,4.442929267883301
layer4.1.conv1.weight,261,layer4.1.conv1.weight_ch261,4.439714431762695
layer3.2.conv3.weight,960,layer3.2.conv3.weight_ch960,4.436050891876221
layer2.3.conv2.weight,90,layer2.3.conv2.weight_ch90,4.435235500335693
layer4.0.conv3.weight,1904,layer4.0.conv3.weight_ch1904,4.433842182159424
layer3.2.conv1.weight,92,layer3.2.conv1.weight_ch92,4.429015636444092
layer3.1.conv2.weight,89,layer3.1.conv2.weight_ch89,4.427480220794678
layer3.2.conv3.weight,331,layer3.2.conv3.weight_ch331,4.424475193023682
layer3.5.conv3.weight,144,layer3.5.conv3.weight_ch144,4.421706676483154
layer4.0.conv3.weight,1767,layer4.0.conv3.weight_ch1767,4.419892311096191
layer3.0.conv3.weight,311,layer3.0.conv3.weight_ch311,4.419851303100586
layer3.2.conv3.weight,754,layer3.2.conv3.weight_ch754,4.4194488525390625
layer4.0.conv3.weight,1737,layer4.0.conv3.weight_ch1737,4.414199352264404
layer3.3.conv3.weight,1000,layer3.3.conv3.weight_ch1000,4.409977912902832
layer4.1.conv1.weight,201,layer4.1.conv1.weight_ch201,4.406906604766846
layer3.4.conv3.weight,395,layer3.4.conv3.weight_ch395,4.405323505401611
layer3.1.conv2.weight,30,layer3.1.conv2.weight_ch30,4.400985240936279
layer3.2.conv3.weight,145,layer3.2.conv3.weight_ch145,4.398940086364746
layer3.3.conv3.weight,4,layer3.3.conv3.weight_ch4,4.398130416870117
layer4.0.conv3.weight,750,layer4.0.conv3.weight_ch750,4.396274566650391
layer3.1.conv2.weight,195,layer3.1.conv2.weight_ch195,4.389482498168945
layer3.3.conv3.weight,646,layer3.3.conv3.weight_ch646,4.384264945983887
layer3.4.conv3.weight,385,layer3.4.conv3.weight_ch385,4.3838701248168945
layer4.0.conv3.weight,1942,layer4.0.conv3.weight_ch1942,4.382077693939209
layer3.0.conv3.weight,923,layer3.0.conv3.weight_ch923,4.380058288574219
layer4.0.conv3.weight,1791,layer4.0.conv3.weight_ch1791,4.37724494934082
layer3.3.conv3.weight,403,layer3.3.conv3.weight_ch403,4.374045372009277
layer3.0.conv3.weight,179,layer3.0.conv3.weight_ch179,4.3715033531188965
layer3.3.conv3.weight,346,layer3.3.conv3.weight_ch346,4.369754314422607
layer4.1.conv1.weight,481,layer4.1.conv1.weight_ch481,4.36860990524292
layer4.1.conv1.weight,392,layer4.1.conv1.weight_ch392,4.364154815673828
layer4.0.conv3.weight,109,layer4.0.conv3.weight_ch109,4.358486175537109
layer2.3.conv3.weight,75,layer2.3.conv3.weight_ch75,4.357458114624023
layer3.1.conv2.weight,91,layer3.1.conv2.weight_ch91,4.356369495391846
layer4.0.conv3.weight,778,layer4.0.conv3.weight_ch778,4.356045722961426
layer3.1.conv2.weight,183,layer3.1.conv2.weight_ch183,4.355227947235107
layer3.3.conv3.weight,666,layer3.3.conv3.weight_ch666,4.34687614440918
layer3.4.conv3.weight,356,layer3.4.conv3.weight_ch356,4.34536600112915
layer4.0.conv3.weight,1370,layer4.0.conv3.weight_ch1370,4.3453450202941895
layer4.0.conv3.weight,687,layer4.0.conv3.weight_ch687,4.344933986663818
layer3.3.conv3.weight,605,layer3.3.conv3.weight_ch605,4.338689804077148
layer3.4.conv3.weight,1017,layer3.4.conv3.weight_ch1017,4.337680339813232
layer4.0.conv3.weight,273,layer4.0.conv3.weight_ch273,4.334719181060791
layer3.3.conv3.weight,655,layer3.3.conv3.weight_ch655,4.33333683013916
layer4.0.conv3.weight,1604,layer4.0.conv3.weight_ch1604,4.326860427856445
layer3.2.conv1.weight,84,layer3.2.conv1.weight_ch84,4.32503604888916
layer4.0.conv3.weight,688,layer4.0.conv3.weight_ch688,4.319998264312744
layer3.4.conv1.weight,99,layer3.4.conv1.weight_ch99,4.318284511566162
layer3.4.conv3.weight,912,layer3.4.conv3.weight_ch912,4.313302993774414
layer3.5.conv3.weight,287,layer3.5.conv3.weight_ch287,4.3120622634887695
layer4.0.conv3.weight,1157,layer4.0.conv3.weight_ch1157,4.3079328536987305
layer3.3.conv3.weight,148,layer3.3.conv3.weight_ch148,4.301604270935059
layer2.3.conv3.weight,497,layer2.3.conv3.weight_ch497,4.296792507171631
layer2.0.conv1.weight,123,layer2.0.conv1.weight_ch123,4.2933125495910645
layer3.0.conv3.weight,223,layer3.0.conv3.weight_ch223,4.2931318283081055
layer3.0.conv2.weight,175,layer3.0.conv2.weight_ch175,4.288968563079834
layer3.2.conv3.weight,496,layer3.2.conv3.weight_ch496,4.278093338012695
layer3.3.conv3.weight,838,layer3.3.conv3.weight_ch838,4.276093482971191
layer3.2.conv3.weight,869,layer3.2.conv3.weight_ch869,4.26793909072876
layer3.4.conv3.weight,248,layer3.4.conv3.weight_ch248,4.265873432159424
layer3.5.conv3.weight,242,layer3.5.conv3.weight_ch242,4.261556148529053
layer4.0.conv3.weight,1472,layer4.0.conv3.weight_ch1472,4.260891437530518
layer3.2.conv3.weight,947,layer3.2.conv3.weight_ch947,4.259589195251465
layer3.3.conv3.weight,562,layer3.3.conv3.weight_ch562,4.255028247833252
layer3.0.conv3.weight,83,layer3.0.conv3.weight_ch83,4.252896785736084
layer4.0.conv3.weight,1487,layer4.0.conv3.weight_ch1487,4.252808094024658
layer3.3.conv3.weight,269,layer3.3.conv3.weight_ch269,4.249546527862549
layer3.2.conv3.weight,81,layer3.2.conv3.weight_ch81,4.248702526092529
layer3.2.conv3.weight,834,layer3.2.conv3.weight_ch834,4.24493408203125
layer3.2.conv3.weight,888,layer3.2.conv3.weight_ch888,4.2439351081848145
layer4.1.conv1.weight,276,layer4.1.conv1.weight_ch276,4.243455410003662
layer3.0.conv3.weight,433,layer3.0.conv3.weight_ch433,4.239495277404785
layer3.4.conv1.weight,183,layer3.4.conv1.weight_ch183,4.237649917602539
layer3.4.conv3.weight,329,layer3.4.conv3.weight_ch329,4.236534118652344
layer4.0.conv3.weight,1293,layer4.0.conv3.weight_ch1293,4.235270023345947
layer3.1.conv2.weight,40,layer3.1.conv2.weight_ch40,4.234849452972412
layer4.0.conv3.weight,1103,layer4.0.conv3.weight_ch1103,4.233615398406982
layer4.0.conv3.weight,1895,layer4.0.conv3.weight_ch1895,4.232487201690674
layer4.1.conv1.weight,451,layer4.1.conv1.weight_ch451,4.228938102722168
layer3.2.conv3.weight,961,layer3.2.conv3.weight_ch961,4.226034164428711
layer4.0.conv3.weight,1567,layer4.0.conv3.weight_ch1567,4.2244648933410645
layer3.2.conv3.weight,197,layer3.2.conv3.weight_ch197,4.222064971923828
layer4.0.conv3.weight,525,layer4.0.conv3.weight_ch525,4.2212371826171875
layer4.0.conv3.weight,1371,layer4.0.conv3.weight_ch1371,4.220384120941162
layer3.4.conv3.weight,82,layer3.4.conv3.weight_ch82,4.219485759735107
layer3.1.conv2.weight,163,layer3.1.conv2.weight_ch163,4.219358444213867
layer3.5.conv3.weight,366,layer3.5.conv3.weight_ch366,4.218153476715088
layer3.2.conv3.weight,131,layer3.2.conv3.weight_ch131,4.215566158294678
layer3.5.conv3.weight,0,layer3.5.conv3.weight_ch0,4.212681293487549
layer4.0.conv3.weight,1605,layer4.0.conv3.weight_ch1605,4.207204818725586
layer4.0.conv3.weight,474,layer4.0.conv3.weight_ch474,4.207061290740967
layer3.2.conv3.weight,624,layer3.2.conv3.weight_ch624,4.204303741455078
layer4.0.conv3.weight,1969,layer4.0.conv3.weight_ch1969,4.198791027069092
layer3.3.conv3.weight,507,layer3.3.conv3.weight_ch507,4.198519229888916
layer4.0.conv3.weight,1786,layer4.0.conv3.weight_ch1786,4.197507381439209
layer3.3.conv3.weight,173,layer3.3.conv3.weight_ch173,4.19744873046875
layer4.0.conv3.weight,87,layer4.0.conv3.weight_ch87,4.197420120239258
layer3.3.conv3.weight,486,layer3.3.conv3.weight_ch486,4.1945977210998535
layer3.4.conv3.weight,727,layer3.4.conv3.weight_ch727,4.194417953491211
layer3.4.conv3.weight,734,layer3.4.conv3.weight_ch734,4.194101333618164
layer4.1.conv1.weight,121,layer4.1.conv1.weight_ch121,4.193127632141113
layer3.2.conv3.weight,233,layer3.2.conv3.weight_ch233,4.1903767585754395
layer3.3.conv3.weight,487,layer3.3.conv3.weight_ch487,4.1865620613098145
layer3.2.conv3.weight,221,layer3.2.conv3.weight_ch221,4.185007095336914
layer3.4.conv3.weight,884,layer3.4.conv3.weight_ch884,4.1838507652282715
layer3.5.conv3.weight,22,layer3.5.conv3.weight_ch22,4.18312931060791
layer4.0.conv3.weight,93,layer4.0.conv3.weight_ch93,4.181808948516846
layer4.1.conv1.weight,94,layer4.1.conv1.weight_ch94,4.180690288543701
layer3.3.conv3.weight,891,layer3.3.conv3.weight_ch891,4.170716285705566
layer4.0.conv3.weight,1804,layer4.0.conv3.weight_ch1804,4.1659255027771
layer3.3.conv3.weight,344,layer3.3.conv3.weight_ch344,4.165772438049316
layer3.0.conv3.weight,746,layer3.0.conv3.weight_ch746,4.1609015464782715
layer3.3.conv3.weight,385,layer3.3.conv3.weight_ch385,4.156196117401123
layer3.2.conv3.weight,301,layer3.2.conv3.weight_ch301,4.153236389160156
layer3.4.conv1.weight,200,layer3.4.conv1.weight_ch200,4.152602672576904
layer4.0.conv3.weight,1818,layer4.0.conv3.weight_ch1818,4.1515913009643555
layer3.3.conv3.weight,32,layer3.3.conv3.weight_ch32,4.15045166015625
layer4.0.conv3.weight,1018,layer4.0.conv3.weight_ch1018,4.150150775909424
layer3.1.conv2.weight,86,layer3.1.conv2.weight_ch86,4.15003776550293
layer4.0.conv3.weight,664,layer4.0.conv3.weight_ch664,4.149783134460449
layer4.0.conv3.weight,2032,layer4.0.conv3.weight_ch2032,4.149669647216797
layer3.2.conv3.weight,141,layer3.2.conv3.weight_ch141,4.144554138183594
layer4.0.conv3.weight,1953,layer4.0.conv3.weight_ch1953,4.144472599029541
layer4.0.conv3.weight,1766,layer4.0.conv3.weight_ch1766,4.143573760986328
layer3.3.conv3.weight,585,layer3.3.conv3.weight_ch585,4.142125129699707
layer2.3.conv3.weight,247,layer2.3.conv3.weight_ch247,4.140264987945557
layer3.3.conv3.weight,163,layer3.3.conv3.weight_ch163,4.138939380645752
layer3.5.conv3.weight,460,layer3.5.conv3.weight_ch460,4.137423515319824
layer3.0.conv3.weight,306,layer3.0.conv3.weight_ch306,4.136969089508057
layer4.0.conv3.weight,2047,layer4.0.conv3.weight_ch2047,4.136276721954346
layer4.1.conv1.weight,92,layer4.1.conv1.weight_ch92,4.13572883605957
layer4.0.conv3.weight,638,layer4.0.conv3.weight_ch638,4.135507106781006
layer4.0.conv3.weight,276,layer4.0.conv3.weight_ch276,4.12947940826416
layer3.2.conv1.weight,58,layer3.2.conv1.weight_ch58,4.128194808959961
layer4.0.conv3.weight,401,layer4.0.conv3.weight_ch401,4.11746072769165
layer4.0.conv3.weight,1513,layer4.0.conv3.weight_ch1513,4.115200519561768
layer3.2.conv3.weight,450,layer3.2.conv3.weight_ch450,4.1140313148498535
layer3.0.conv3.weight,384,layer3.0.conv3.weight_ch384,4.11342716217041
layer3.4.conv3.weight,683,layer3.4.conv3.weight_ch683,4.108504295349121
layer4.0.conv3.weight,419,layer4.0.conv3.weight_ch419,4.107398509979248
layer4.0.conv3.weight,1027,layer4.0.conv3.weight_ch1027,4.098871231079102
layer3.0.conv3.weight,207,layer3.0.conv3.weight_ch207,4.096197128295898
layer2.3.conv3.weight,504,layer2.3.conv3.weight_ch504,4.095638275146484
layer4.1.conv1.weight,271,layer4.1.conv1.weight_ch271,4.08886194229126
layer3.0.conv3.weight,911,layer3.0.conv3.weight_ch911,4.088850498199463
layer3.5.conv3.weight,68,layer3.5.conv3.weight_ch68,4.086886882781982
layer3.4.conv3.weight,1015,layer3.4.conv3.weight_ch1015,4.086591720581055
layer4.0.conv3.weight,510,layer4.0.conv3.weight_ch510,4.085048675537109
layer3.2.conv3.weight,66,layer3.2.conv3.weight_ch66,4.084474563598633
layer4.0.conv3.weight,272,layer4.0.conv3.weight_ch272,4.082923889160156
layer3.2.conv3.weight,916,layer3.2.conv3.weight_ch916,4.076577663421631
layer3.5.conv3.weight,486,layer3.5.conv3.weight_ch486,4.072116851806641
layer3.2.conv3.weight,870,layer3.2.conv3.weight_ch870,4.071921348571777
layer2.3.conv3.weight,237,layer2.3.conv3.weight_ch237,4.071512699127197
layer3.5.conv3.weight,49,layer3.5.conv3.weight_ch49,4.070107936859131
layer3.4.conv3.weight,555,layer3.4.conv3.weight_ch555,4.070086479187012
layer3.0.conv3.weight,878,layer3.0.conv3.weight_ch878,4.069178104400635
layer4.0.conv3.weight,204,layer4.0.conv3.weight_ch204,4.0676350593566895
layer4.0.conv3.weight,2024,layer4.0.conv3.weight_ch2024,4.066857814788818
layer4.0.conv3.weight,1793,layer4.0.conv3.weight_ch1793,4.063424587249756
layer3.4.conv3.weight,152,layer3.4.conv3.weight_ch152,4.062163352966309
layer3.0.conv2.weight,233,layer3.0.conv2.weight_ch233,4.061118125915527
layer3.4.conv3.weight,275,layer3.4.conv3.weight_ch275,4.060713291168213
layer3.4.conv3.weight,66,layer3.4.conv3.weight_ch66,4.0606770515441895
layer3.2.conv3.weight,79,layer3.2.conv3.weight_ch79,4.0604753494262695
layer3.3.conv3.weight,279,layer3.3.conv3.weight_ch279,4.058507919311523
layer3.3.conv3.weight,533,layer3.3.conv3.weight_ch533,4.058257102966309
layer3.2.conv3.weight,237,layer3.2.conv3.weight_ch237,4.057045936584473
layer3.2.conv3.weight,272,layer3.2.conv3.weight_ch272,4.05670690536499
layer4.0.conv3.weight,259,layer4.0.conv3.weight_ch259,4.055526256561279
layer4.0.conv3.weight,368,layer4.0.conv3.weight_ch368,4.05499267578125
layer3.0.conv2.weight,40,layer3.0.conv2.weight_ch40,4.054971694946289
layer3.0.conv3.weight,864,layer3.0.conv3.weight_ch864,4.054465293884277
layer3.3.conv3.weight,410,layer3.3.conv3.weight_ch410,4.052718639373779
layer4.0.conv3.weight,513,layer4.0.conv3.weight_ch513,4.051602840423584
layer3.4.conv3.weight,449,layer3.4.conv3.weight_ch449,4.043643951416016
layer3.0.conv3.weight,964,layer3.0.conv3.weight_ch964,4.042397499084473
layer3.4.conv1.weight,157,layer3.4.conv1.weight_ch157,4.03897762298584
layer3.4.conv3.weight,910,layer3.4.conv3.weight_ch910,4.037414073944092
layer3.4.conv3.weight,164,layer3.4.conv3.weight_ch164,4.0342936515808105
layer3.2.conv3.weight,321,layer3.2.conv3.weight_ch321,4.033070087432861
layer3.2.conv1.weight,86,layer3.2.conv1.weight_ch86,4.032850742340088
layer4.1.conv1.weight,404,layer4.1.conv1.weight_ch404,4.032048225402832
layer4.0.conv3.weight,1788,layer4.0.conv3.weight_ch1788,4.028379440307617
layer4.1.conv1.weight,174,layer4.1.conv1.weight_ch174,4.025174617767334
layer3.4.conv3.weight,366,layer3.4.conv3.weight_ch366,4.024969100952148
layer4.1.conv1.weight,297,layer4.1.conv1.weight_ch297,4.022171974182129
layer4.0.conv3.weight,2017,layer4.0.conv3.weight_ch2017,4.016058444976807
layer4.0.conv3.weight,567,layer4.0.conv3.weight_ch567,4.015394687652588
layer4.0.conv3.weight,265,layer4.0.conv3.weight_ch265,4.011148929595947
layer3.0.conv3.weight,225,layer3.0.conv3.weight_ch225,4.01066780090332
layer4.1.conv1.weight,5,layer4.1.conv1.weight_ch5,4.010312557220459
layer3.3.conv3.weight,365,layer3.3.conv3.weight_ch365,4.008660793304443
layer4.0.conv3.weight,942,layer4.0.conv3.weight_ch942,4.006804466247559
layer4.0.conv3.weight,188,layer4.0.conv3.weight_ch188,4.004211902618408
layer4.0.conv3.weight,947,layer4.0.conv3.weight_ch947,3.9999032020568848
layer3.0.conv3.weight,976,layer3.0.conv3.weight_ch976,3.999159097671509
layer4.0.conv3.weight,1251,layer4.0.conv3.weight_ch1251,3.9982657432556152
layer4.1.conv1.weight,386,layer4.1.conv1.weight_ch386,3.9943888187408447
layer3.2.conv3.weight,55,layer3.2.conv3.weight_ch55,3.993863344192505
layer2.3.conv2.weight,118,layer2.3.conv2.weight_ch118,3.99349308013916
layer4.0.conv3.weight,538,layer4.0.conv3.weight_ch538,3.992906093597412
layer2.3.conv3.weight,405,layer2.3.conv3.weight_ch405,3.992033004760742
layer2.3.conv3.weight,217,layer2.3.conv3.weight_ch217,3.9918088912963867
layer3.3.conv3.weight,473,layer3.3.conv3.weight_ch473,3.991319179534912
layer3.0.conv2.weight,70,layer3.0.conv2.weight_ch70,3.9858241081237793
layer2.0.conv1.weight,127,layer2.0.conv1.weight_ch127,3.983837127685547
layer3.1.conv2.weight,193,layer3.1.conv2.weight_ch193,3.9812562465667725
layer4.1.conv1.weight,216,layer4.1.conv1.weight_ch216,3.978508472442627
layer3.4.conv3.weight,533,layer3.4.conv3.weight_ch533,3.973332405090332
layer3.5.conv3.weight,571,layer3.5.conv3.weight_ch571,3.972416400909424
layer3.2.conv1.weight,44,layer3.2.conv1.weight_ch44,3.970273017883301
layer3.2.conv3.weight,18,layer3.2.conv3.weight_ch18,3.970158576965332
layer3.0.conv3.weight,106,layer3.0.conv3.weight_ch106,3.9672207832336426
layer4.0.conv3.weight,1925,layer4.0.conv3.weight_ch1925,3.960357427597046
layer4.0.conv3.weight,992,layer4.0.conv3.weight_ch992,3.956540584564209
layer4.0.conv3.weight,1858,layer4.0.conv3.weight_ch1858,3.9532201290130615
layer4.0.conv3.weight,1623,layer4.0.conv3.weight_ch1623,3.9532079696655273
layer4.0.conv3.weight,1034,layer4.0.conv3.weight_ch1034,3.950488328933716
layer3.3.conv3.weight,829,layer3.3.conv3.weight_ch829,3.9478375911712646
layer3.2.conv3.weight,846,layer3.2.conv3.weight_ch846,3.9458556175231934
layer3.5.conv3.weight,5,layer3.5.conv3.weight_ch5,3.945380926132202
layer3.2.conv3.weight,554,layer3.2.conv3.weight_ch554,3.944384813308716
layer3.1.conv2.weight,106,layer3.1.conv2.weight_ch106,3.943162679672241
layer3.2.conv3.weight,747,layer3.2.conv3.weight_ch747,3.941532611846924
layer3.0.conv3.weight,834,layer3.0.conv3.weight_ch834,3.939980983734131
layer2.3.conv3.weight,165,layer2.3.conv3.weight_ch165,3.9397809505462646
layer3.0.conv2.weight,14,layer3.0.conv2.weight_ch14,3.9394514560699463
layer4.0.conv3.weight,237,layer4.0.conv3.weight_ch237,3.934835910797119
layer3.1.conv2.weight,223,layer3.1.conv2.weight_ch223,3.9345827102661133
layer3.4.conv3.weight,288,layer3.4.conv3.weight_ch288,3.9303836822509766
layer4.0.conv3.weight,1476,layer4.0.conv3.weight_ch1476,3.923187255859375
layer3.0.conv3.weight,465,layer3.0.conv3.weight_ch465,3.921565294265747
layer2.3.conv3.weight,409,layer2.3.conv3.weight_ch409,3.919875144958496
layer3.3.conv3.weight,972,layer3.3.conv3.weight_ch972,3.9175727367401123
layer4.0.conv3.weight,1518,layer4.0.conv3.weight_ch1518,3.9113402366638184
layer3.4.conv1.weight,165,layer3.4.conv1.weight_ch165,3.907979726791382
layer3.4.conv3.weight,590,layer3.4.conv3.weight_ch590,3.907374858856201
layer3.4.conv3.weight,702,layer3.4.conv3.weight_ch702,3.9061083793640137
layer3.4.conv3.weight,302,layer3.4.conv3.weight_ch302,3.90291690826416
layer3.0.conv3.weight,691,layer3.0.conv3.weight_ch691,3.9018983840942383
layer3.2.conv3.weight,847,layer3.2.conv3.weight_ch847,3.900517225265503
layer3.4.conv3.weight,103,layer3.4.conv3.weight_ch103,3.8997788429260254
layer3.2.conv3.weight,703,layer3.2.conv3.weight_ch703,3.8961336612701416
layer2.3.conv3.weight,426,layer2.3.conv3.weight_ch426,3.8960883617401123
layer3.3.conv3.weight,16,layer3.3.conv3.weight_ch16,3.895616292953491
layer4.1.conv1.weight,291,layer4.1.conv1.weight_ch291,3.89487624168396
layer4.0.conv3.weight,1155,layer4.0.conv3.weight_ch1155,3.8934483528137207
layer3.3.conv3.weight,593,layer3.3.conv3.weight_ch593,3.8921725749969482
layer3.3.conv3.weight,570,layer3.3.conv3.weight_ch570,3.88973069190979
layer4.0.conv3.weight,187,layer4.0.conv3.weight_ch187,3.8877463340759277
layer4.1.conv1.weight,0,layer4.1.conv1.weight_ch0,3.8836801052093506
layer4.0.conv3.weight,721,layer4.0.conv3.weight_ch721,3.8811275959014893
layer4.0.conv3.weight,370,layer4.0.conv3.weight_ch370,3.878915309906006
layer2.3.conv3.weight,254,layer2.3.conv3.weight_ch254,3.8718111515045166
layer4.0.conv3.weight,857,layer4.0.conv3.weight_ch857,3.8693795204162598
layer4.0.conv3.weight,207,layer4.0.conv3.weight_ch207,3.8677830696105957
layer3.5.conv3.weight,461,layer3.5.conv3.weight_ch461,3.8675761222839355
layer3.0.conv3.weight,553,layer3.0.conv3.weight_ch553,3.866690158843994
layer3.3.conv3.weight,442,layer3.3.conv3.weight_ch442,3.865161657333374
layer4.1.conv1.weight,289,layer4.1.conv1.weight_ch289,3.8637771606445312
layer3.1.conv2.weight,95,layer3.1.conv2.weight_ch95,3.8634791374206543
layer3.0.conv3.weight,13,layer3.0.conv3.weight_ch13,3.8631744384765625
layer4.0.conv3.weight,129,layer4.0.conv3.weight_ch129,3.861772060394287
layer4.1.conv1.weight,391,layer4.1.conv1.weight_ch391,3.8553807735443115
layer3.5.conv3.weight,103,layer3.5.conv3.weight_ch103,3.8520522117614746
layer3.3.conv3.weight,139,layer3.3.conv3.weight_ch139,3.8520359992980957
layer3.5.conv3.weight,998,layer3.5.conv3.weight_ch998,3.8512673377990723
layer4.1.conv1.weight,381,layer4.1.conv1.weight_ch381,3.8506877422332764
layer2.0.conv1.weight,89,layer2.0.conv1.weight_ch89,3.8486685752868652
layer3.5.conv3.weight,156,layer3.5.conv3.weight_ch156,3.847581624984741
layer3.4.conv3.weight,741,layer3.4.conv3.weight_ch741,3.8462326526641846
layer3.0.conv3.weight,449,layer3.0.conv3.weight_ch449,3.846121311187744
layer3.5.conv3.weight,264,layer3.5.conv3.weight_ch264,3.844679117202759
layer3.3.conv3.weight,492,layer3.3.conv3.weight_ch492,3.841712474822998
layer3.3.conv3.weight,136,layer3.3.conv3.weight_ch136,3.841081142425537
layer4.1.conv1.weight,412,layer4.1.conv1.weight_ch412,3.8402626514434814
layer3.3.conv3.weight,72,layer3.3.conv3.weight_ch72,3.8374433517456055
layer4.1.conv1.weight,477,layer4.1.conv1.weight_ch477,3.836061954498291
layer3.4.conv3.weight,776,layer3.4.conv3.weight_ch776,3.835258722305298
layer3.0.conv2.weight,160,layer3.0.conv2.weight_ch160,3.8318324089050293
layer4.0.conv3.weight,902,layer4.0.conv3.weight_ch902,3.828871488571167
layer3.5.conv3.weight,481,layer3.5.conv3.weight_ch481,3.8285961151123047
layer3.2.conv3.weight,839,layer3.2.conv3.weight_ch839,3.8273017406463623
layer3.5.conv3.weight,809,layer3.5.conv3.weight_ch809,3.8249311447143555
layer3.3.conv3.weight,580,layer3.3.conv3.weight_ch580,3.8244218826293945
layer3.4.conv1.weight,74,layer3.4.conv1.weight_ch74,3.824209213256836
layer3.1.conv2.weight,1,layer3.1.conv2.weight_ch1,3.82277250289917
layer3.3.conv3.weight,156,layer3.3.conv3.weight_ch156,3.8212227821350098
layer3.3.conv3.weight,106,layer3.3.conv3.weight_ch106,3.818931818008423
layer3.2.conv3.weight,1007,layer3.2.conv3.weight_ch1007,3.8178060054779053
layer3.2.conv3.weight,979,layer3.2.conv3.weight_ch979,3.817763328552246
layer3.0.conv3.weight,461,layer3.0.conv3.weight_ch461,3.8155341148376465
layer4.0.conv3.weight,220,layer4.0.conv3.weight_ch220,3.8133373260498047
layer3.5.conv3.weight,566,layer3.5.conv3.weight_ch566,3.812869071960449
layer4.0.conv3.weight,1041,layer4.0.conv3.weight_ch1041,3.8110339641571045
layer3.3.conv3.weight,402,layer3.3.conv3.weight_ch402,3.810994863510132
layer4.0.conv3.weight,1381,layer4.0.conv3.weight_ch1381,3.810584783554077
layer3.0.conv3.weight,981,layer3.0.conv3.weight_ch981,3.8098015785217285
layer3.1.conv2.weight,90,layer3.1.conv2.weight_ch90,3.8081440925598145
layer4.1.conv1.weight,403,layer4.1.conv1.weight_ch403,3.807910680770874
layer3.5.conv3.weight,953,layer3.5.conv3.weight_ch953,3.8074138164520264
layer3.2.conv3.weight,1020,layer3.2.conv3.weight_ch1020,3.807316303253174
layer3.3.conv3.weight,73,layer3.3.conv3.weight_ch73,3.807011842727661
layer3.4.conv3.weight,175,layer3.4.conv3.weight_ch175,3.806128978729248
layer4.0.conv3.weight,1333,layer4.0.conv3.weight_ch1333,3.805795907974243
layer4.0.conv3.weight,199,layer4.0.conv3.weight_ch199,3.802496910095215
layer4.1.conv1.weight,44,layer4.1.conv1.weight_ch44,3.8020033836364746
layer3.4.conv3.weight,922,layer3.4.conv3.weight_ch922,3.8005762100219727
layer3.0.conv3.weight,131,layer3.0.conv3.weight_ch131,3.7985901832580566
layer4.0.conv3.weight,999,layer4.0.conv3.weight_ch999,3.7985596656799316
layer4.1.conv1.weight,282,layer4.1.conv1.weight_ch282,3.7936344146728516
layer3.4.conv3.weight,476,layer3.4.conv3.weight_ch476,3.7927427291870117
layer4.0.conv3.weight,1738,layer4.0.conv3.weight_ch1738,3.7927067279815674
layer4.0.conv3.weight,502,layer4.0.conv3.weight_ch502,3.7909927368164062
layer3.5.conv3.weight,150,layer3.5.conv3.weight_ch150,3.789905548095703
layer3.5.conv3.weight,664,layer3.5.conv3.weight_ch664,3.788316488265991
layer3.4.conv1.weight,27,layer3.4.conv1.weight_ch27,3.785510301589966
layer3.1.conv2.weight,185,layer3.1.conv2.weight_ch185,3.783764362335205
layer3.4.conv3.weight,947,layer3.4.conv3.weight_ch947,3.782674789428711
layer3.4.conv3.weight,182,layer3.4.conv3.weight_ch182,3.780444622039795
layer3.0.conv3.weight,861,layer3.0.conv3.weight_ch861,3.7787094116210938
layer2.3.conv2.weight,7,layer2.3.conv2.weight_ch7,3.7782907485961914
layer4.0.conv3.weight,1169,layer4.0.conv3.weight_ch1169,3.7779860496520996
layer3.2.conv3.weight,614,layer3.2.conv3.weight_ch614,3.7778916358947754
layer3.5.conv3.weight,403,layer3.5.conv3.weight_ch403,3.7774369716644287
layer3.4.conv3.weight,467,layer3.4.conv3.weight_ch467,3.773420810699463
layer4.0.conv3.weight,1536,layer4.0.conv3.weight_ch1536,3.7729434967041016
layer3.5.conv3.weight,119,layer3.5.conv3.weight_ch119,3.7685251235961914
layer3.4.conv3.weight,843,layer3.4.conv3.weight_ch843,3.7681117057800293
layer4.0.conv3.weight,821,layer4.0.conv3.weight_ch821,3.767793893814087
layer2.3.conv3.weight,366,layer2.3.conv3.weight_ch366,3.7665696144104004
layer4.0.conv3.weight,544,layer4.0.conv3.weight_ch544,3.7661080360412598
layer3.5.conv3.weight,446,layer3.5.conv3.weight_ch446,3.764617919921875
layer4.0.conv3.weight,1068,layer4.0.conv3.weight_ch1068,3.764089345932007
layer3.4.conv3.weight,401,layer3.4.conv3.weight_ch401,3.7628746032714844
layer4.0.conv3.weight,1090,layer4.0.conv3.weight_ch1090,3.7607922554016113
layer4.0.conv3.weight,993,layer4.0.conv3.weight_ch993,3.7570879459381104
layer4.0.conv3.weight,1523,layer4.0.conv3.weight_ch1523,3.756446361541748
layer3.4.conv1.weight,80,layer3.4.conv1.weight_ch80,3.75256609916687
layer3.4.conv3.weight,49,layer3.4.conv3.weight_ch49,3.749847888946533
layer4.0.conv3.weight,1330,layer4.0.conv3.weight_ch1330,3.749738931655884
layer3.0.conv3.weight,180,layer3.0.conv3.weight_ch180,3.74922251701355
layer4.0.conv3.weight,55,layer4.0.conv3.weight_ch55,3.7465431690216064
layer3.0.conv2.weight,189,layer3.0.conv2.weight_ch189,3.740537405014038
layer4.0.conv3.weight,1033,layer4.0.conv3.weight_ch1033,3.7398769855499268
layer4.0.conv3.weight,839,layer4.0.conv3.weight_ch839,3.7393414974212646
layer4.0.conv3.weight,327,layer4.0.conv3.weight_ch327,3.7391185760498047
layer3.3.conv3.weight,932,layer3.3.conv3.weight_ch932,3.736642837524414
layer3.4.conv3.weight,834,layer3.4.conv3.weight_ch834,3.7354509830474854
layer3.1.conv2.weight,133,layer3.1.conv2.weight_ch133,3.7327308654785156
layer4.0.conv3.weight,318,layer4.0.conv3.weight_ch318,3.7318949699401855
layer4.0.conv3.weight,1080,layer4.0.conv3.weight_ch1080,3.7286009788513184
layer3.4.conv3.weight,224,layer3.4.conv3.weight_ch224,3.7236032485961914
layer4.0.conv3.weight,628,layer4.0.conv3.weight_ch628,3.7233047485351562
layer3.0.conv3.weight,374,layer3.0.conv3.weight_ch374,3.7192728519439697
layer4.0.conv3.weight,1414,layer4.0.conv3.weight_ch1414,3.7179160118103027
layer4.0.conv3.weight,867,layer4.0.conv3.weight_ch867,3.714714527130127
layer4.1.conv1.weight,473,layer4.1.conv1.weight_ch473,3.714076280593872
layer3.3.conv3.weight,158,layer3.3.conv3.weight_ch158,3.711054801940918
layer4.0.conv3.weight,1395,layer4.0.conv3.weight_ch1395,3.7108848094940186
layer1.1.conv1.weight,55,layer1.1.conv1.weight_ch55,3.7096095085144043
layer3.0.conv2.weight,242,layer3.0.conv2.weight_ch242,3.70790433883667
layer3.2.conv3.weight,927,layer3.2.conv3.weight_ch927,3.706591844558716
layer4.0.conv3.weight,965,layer4.0.conv3.weight_ch965,3.7046279907226562
layer4.0.conv3.weight,1066,layer4.0.conv3.weight_ch1066,3.702206611633301
layer4.1.conv1.weight,478,layer4.1.conv1.weight_ch478,3.7019705772399902
layer3.4.conv3.weight,453,layer3.4.conv3.weight_ch453,3.701162338256836
layer3.2.conv3.weight,280,layer3.2.conv3.weight_ch280,3.700861930847168
layer3.4.conv3.weight,41,layer3.4.conv3.weight_ch41,3.7002289295196533
layer3.4.conv1.weight,28,layer3.4.conv1.weight_ch28,3.699883460998535
layer3.4.conv3.weight,276,layer3.4.conv3.weight_ch276,3.6993303298950195
layer4.1.conv1.weight,23,layer4.1.conv1.weight_ch23,3.6980392932891846
layer3.2.conv3.weight,849,layer3.2.conv3.weight_ch849,3.697849750518799
layer3.2.conv3.weight,732,layer3.2.conv3.weight_ch732,3.697449207305908
layer2.3.conv3.weight,169,layer2.3.conv3.weight_ch169,3.6970484256744385
layer3.3.conv3.weight,817,layer3.3.conv3.weight_ch817,3.696230888366699
layer4.0.conv3.weight,897,layer4.0.conv3.weight_ch897,3.6945297718048096
layer3.3.conv3.weight,186,layer3.3.conv3.weight_ch186,3.693375825881958
layer4.0.conv3.weight,1922,layer4.0.conv3.weight_ch1922,3.693018913269043
layer3.2.conv3.weight,736,layer3.2.conv3.weight_ch736,3.6917481422424316
layer4.0.conv3.weight,910,layer4.0.conv3.weight_ch910,3.6881215572357178
layer3.5.conv3.weight,972,layer3.5.conv3.weight_ch972,3.686861991882324
layer3.0.conv3.weight,610,layer3.0.conv3.weight_ch610,3.6824281215667725
layer3.2.conv1.weight,254,layer3.2.conv1.weight_ch254,3.6823713779449463
layer3.5.conv3.weight,362,layer3.5.conv3.weight_ch362,3.681755304336548
layer3.0.conv2.weight,252,layer3.0.conv2.weight_ch252,3.6806132793426514
layer3.0.conv3.weight,296,layer3.0.conv3.weight_ch296,3.6756722927093506
layer3.5.conv3.weight,654,layer3.5.conv3.weight_ch654,3.673445701599121
layer2.3.conv2.weight,68,layer2.3.conv2.weight_ch68,3.6721560955047607
layer3.2.conv3.weight,326,layer3.2.conv3.weight_ch326,3.668893814086914
layer3.4.conv1.weight,214,layer3.4.conv1.weight_ch214,3.666830539703369
layer3.0.conv3.weight,387,layer3.0.conv3.weight_ch387,3.6655735969543457
layer3.5.conv3.weight,87,layer3.5.conv3.weight_ch87,3.6650824546813965
layer3.5.conv3.weight,680,layer3.5.conv3.weight_ch680,3.663666009902954
layer3.3.conv3.weight,274,layer3.3.conv3.weight_ch274,3.660139322280884
layer4.0.conv3.weight,1379,layer4.0.conv3.weight_ch1379,3.6580865383148193
layer4.0.conv3.weight,1392,layer4.0.conv3.weight_ch1392,3.657667398452759
layer3.3.conv3.weight,283,layer3.3.conv3.weight_ch283,3.6572582721710205
layer4.0.conv3.weight,1877,layer4.0.conv3.weight_ch1877,3.657162666320801
layer2.3.conv2.weight,20,layer2.3.conv2.weight_ch20,3.6548686027526855
layer4.0.conv3.weight,1189,layer4.0.conv3.weight_ch1189,3.654528856277466
layer3.3.conv3.weight,787,layer3.3.conv3.weight_ch787,3.6537606716156006
layer4.0.conv3.weight,504,layer4.0.conv3.weight_ch504,3.650545120239258
layer3.3.conv3.weight,950,layer3.3.conv3.weight_ch950,3.64768648147583
layer2.3.conv3.weight,88,layer2.3.conv3.weight_ch88,3.6454529762268066
layer3.3.conv3.weight,856,layer3.3.conv3.weight_ch856,3.643789291381836
layer4.0.conv3.weight,1287,layer4.0.conv3.weight_ch1287,3.6437337398529053
layer2.3.conv2.weight,84,layer2.3.conv2.weight_ch84,3.643435478210449
layer4.0.conv3.weight,1108,layer4.0.conv3.weight_ch1108,3.638606071472168
layer3.4.conv3.weight,885,layer3.4.conv3.weight_ch885,3.6369800567626953
layer3.4.conv3.weight,604,layer3.4.conv3.weight_ch604,3.635359764099121
layer4.0.conv3.weight,351,layer4.0.conv3.weight_ch351,3.63480281829834
layer3.0.conv3.weight,249,layer3.0.conv3.weight_ch249,3.63368558883667
layer3.0.conv3.weight,611,layer3.0.conv3.weight_ch611,3.633594036102295
layer4.0.conv3.weight,166,layer4.0.conv3.weight_ch166,3.633143663406372
layer4.0.conv3.weight,2001,layer4.0.conv3.weight_ch2001,3.627929210662842
layer3.0.conv2.weight,30,layer3.0.conv2.weight_ch30,3.625183582305908
layer3.4.conv3.weight,571,layer3.4.conv3.weight_ch571,3.6251156330108643
layer4.0.conv3.weight,333,layer4.0.conv3.weight_ch333,3.623990058898926
layer3.3.conv3.weight,626,layer3.3.conv3.weight_ch626,3.623594284057617
layer4.0.conv3.weight,1446,layer4.0.conv3.weight_ch1446,3.621457815170288
layer4.0.conv3.weight,1128,layer4.0.conv3.weight_ch1128,3.6199584007263184
layer3.5.conv3.weight,773,layer3.5.conv3.weight_ch773,3.6194167137145996
layer2.3.conv3.weight,198,layer2.3.conv3.weight_ch198,3.6155707836151123
layer3.2.conv3.weight,323,layer3.2.conv3.weight_ch323,3.613996744155884
layer3.3.conv3.weight,180,layer3.3.conv3.weight_ch180,3.6099438667297363
layer3.4.conv3.weight,345,layer3.4.conv3.weight_ch345,3.608994960784912
layer2.3.conv3.weight,10,layer2.3.conv3.weight_ch10,3.6074893474578857
layer4.0.conv3.weight,145,layer4.0.conv3.weight_ch145,3.606602907180786
layer4.0.conv3.weight,1863,layer4.0.conv3.weight_ch1863,3.6062395572662354
layer4.0.conv3.weight,141,layer4.0.conv3.weight_ch141,3.5999622344970703
layer3.5.conv3.weight,699,layer3.5.conv3.weight_ch699,3.599501132965088
layer4.0.conv3.weight,719,layer4.0.conv3.weight_ch719,3.5933542251586914
layer3.2.conv1.weight,110,layer3.2.conv1.weight_ch110,3.5919089317321777
layer3.4.conv3.weight,811,layer3.4.conv3.weight_ch811,3.5899789333343506
layer3.0.conv3.weight,452,layer3.0.conv3.weight_ch452,3.5897293090820312
layer3.4.conv3.weight,1023,layer3.4.conv3.weight_ch1023,3.589327335357666
layer3.3.conv3.weight,774,layer3.3.conv3.weight_ch774,3.5893096923828125
layer3.3.conv3.weight,17,layer3.3.conv3.weight_ch17,3.589116334915161
layer3.0.conv3.weight,642,layer3.0.conv3.weight_ch642,3.5876104831695557
layer3.0.conv3.weight,364,layer3.0.conv3.weight_ch364,3.5852575302124023
layer4.0.conv3.weight,1583,layer4.0.conv3.weight_ch1583,3.58502459526062
layer4.0.conv3.weight,563,layer4.0.conv3.weight_ch563,3.5847768783569336
layer4.0.conv3.weight,475,layer4.0.conv3.weight_ch475,3.5805249214172363
layer2.3.conv2.weight,80,layer2.3.conv2.weight_ch80,3.5804452896118164
layer3.5.conv3.weight,404,layer3.5.conv3.weight_ch404,3.579965591430664
layer3.1.conv2.weight,114,layer3.1.conv2.weight_ch114,3.5758581161499023
layer4.0.conv3.weight,748,layer4.0.conv3.weight_ch748,3.575291872024536
layer4.1.conv1.weight,410,layer4.1.conv1.weight_ch410,3.573242664337158
layer3.3.conv3.weight,953,layer3.3.conv3.weight_ch953,3.5720787048339844
layer3.0.conv2.weight,53,layer3.0.conv2.weight_ch53,3.5719621181488037
layer2.3.conv3.weight,320,layer2.3.conv3.weight_ch320,3.5706100463867188
layer3.2.conv1.weight,145,layer3.2.conv1.weight_ch145,3.570314645767212
layer4.1.conv1.weight,8,layer4.1.conv1.weight_ch8,3.568709373474121
layer3.1.conv2.weight,96,layer3.1.conv2.weight_ch96,3.5653254985809326
layer3.2.conv3.weight,23,layer3.2.conv3.weight_ch23,3.5653038024902344
layer3.3.conv3.weight,536,layer3.3.conv3.weight_ch536,3.564772605895996
layer4.0.conv3.weight,815,layer4.0.conv3.weight_ch815,3.564544677734375
layer3.4.conv3.weight,5,layer3.4.conv3.weight_ch5,3.5638670921325684
layer3.4.conv1.weight,148,layer3.4.conv1.weight_ch148,3.562291383743286
layer2.3.conv3.weight,36,layer2.3.conv3.weight_ch36,3.561127185821533
layer4.1.conv1.weight,69,layer4.1.conv1.weight_ch69,3.5605826377868652
layer3.0.conv3.weight,376,layer3.0.conv3.weight_ch376,3.5592403411865234
layer3.3.conv3.weight,866,layer3.3.conv3.weight_ch866,3.557392120361328
layer4.0.conv3.weight,536,layer4.0.conv3.weight_ch536,3.556501626968384
layer3.3.conv3.weight,340,layer3.3.conv3.weight_ch340,3.5551888942718506
layer2.3.conv3.weight,441,layer2.3.conv3.weight_ch441,3.5535478591918945
layer3.2.conv1.weight,199,layer3.2.conv1.weight_ch199,3.55309796333313
layer3.5.conv3.weight,278,layer3.5.conv3.weight_ch278,3.5519471168518066
layer4.1.conv1.weight,234,layer4.1.conv1.weight_ch234,3.54756236076355
layer4.0.conv3.weight,389,layer4.0.conv3.weight_ch389,3.5473220348358154
layer4.0.conv3.weight,1597,layer4.0.conv3.weight_ch1597,3.5418825149536133
layer4.0.conv3.weight,1989,layer4.0.conv3.weight_ch1989,3.541799783706665
layer4.0.conv3.weight,344,layer4.0.conv3.weight_ch344,3.539748191833496
layer3.0.conv3.weight,154,layer3.0.conv3.weight_ch154,3.5383524894714355
layer3.3.conv3.weight,921,layer3.3.conv3.weight_ch921,3.5379509925842285
layer4.0.conv3.weight,1359,layer4.0.conv3.weight_ch1359,3.5368294715881348
layer3.5.conv3.weight,879,layer3.5.conv3.weight_ch879,3.530061721801758
layer3.2.conv3.weight,465,layer3.2.conv3.weight_ch465,3.5275421142578125
layer4.0.conv3.weight,375,layer4.0.conv3.weight_ch375,3.5273032188415527
layer3.4.conv3.weight,772,layer3.4.conv3.weight_ch772,3.5218331813812256
layer3.0.conv3.weight,512,layer3.0.conv3.weight_ch512,3.5202999114990234
layer3.2.conv3.weight,596,layer3.2.conv3.weight_ch596,3.517416000366211
layer4.0.conv3.weight,558,layer4.0.conv3.weight_ch558,3.517237901687622
layer3.4.conv3.weight,547,layer3.4.conv3.weight_ch547,3.5149319171905518
layer3.4.conv3.weight,567,layer3.4.conv3.weight_ch567,3.512068748474121
layer2.3.conv3.weight,335,layer2.3.conv3.weight_ch335,3.511214256286621
layer3.0.conv3.weight,70,layer3.0.conv3.weight_ch70,3.510465621948242
layer4.0.conv3.weight,290,layer4.0.conv3.weight_ch290,3.510378837585449
layer3.0.conv3.weight,747,layer3.0.conv3.weight_ch747,3.510032892227173
layer3.3.conv3.weight,882,layer3.3.conv3.weight_ch882,3.509915590286255
layer3.4.conv1.weight,69,layer3.4.conv1.weight_ch69,3.509755849838257
layer2.3.conv3.weight,286,layer2.3.conv3.weight_ch286,3.508697986602783
layer3.1.conv2.weight,189,layer3.1.conv2.weight_ch189,3.5081846714019775
layer4.0.conv3.weight,752,layer4.0.conv3.weight_ch752,3.508147954940796
layer3.1.conv2.weight,167,layer3.1.conv2.weight_ch167,3.5077624320983887
layer3.5.conv3.weight,480,layer3.5.conv3.weight_ch480,3.5056354999542236
layer3.2.conv3.weight,925,layer3.2.conv3.weight_ch925,3.505134105682373
layer4.0.conv3.weight,1833,layer4.0.conv3.weight_ch1833,3.5048317909240723
layer2.3.conv3.weight,119,layer2.3.conv3.weight_ch119,3.5031790733337402
layer2.3.conv3.weight,9,layer2.3.conv3.weight_ch9,3.502922534942627
layer3.4.conv3.weight,184,layer3.4.conv3.weight_ch184,3.502317190170288
layer4.0.conv3.weight,35,layer4.0.conv3.weight_ch35,3.5011463165283203
layer4.0.conv3.weight,1390,layer4.0.conv3.weight_ch1390,3.500431537628174
layer3.3.conv3.weight,942,layer3.3.conv3.weight_ch942,3.4992713928222656
layer4.0.conv3.weight,466,layer4.0.conv3.weight_ch466,3.4984779357910156
layer3.0.conv3.weight,888,layer3.0.conv3.weight_ch888,3.4973299503326416
layer3.2.conv3.weight,139,layer3.2.conv3.weight_ch139,3.496873378753662
layer3.3.conv3.weight,159,layer3.3.conv3.weight_ch159,3.4957082271575928
layer3.4.conv3.weight,918,layer3.4.conv3.weight_ch918,3.4941437244415283
layer4.0.conv3.weight,672,layer4.0.conv3.weight_ch672,3.4931232929229736
layer4.0.conv3.weight,170,layer4.0.conv3.weight_ch170,3.4922890663146973
layer3.1.conv2.weight,222,layer3.1.conv2.weight_ch222,3.491428852081299
layer3.5.conv3.weight,28,layer3.5.conv3.weight_ch28,3.490389585494995
layer4.1.conv1.weight,179,layer4.1.conv1.weight_ch179,3.4903531074523926
layer4.0.conv3.weight,157,layer4.0.conv3.weight_ch157,3.489428758621216
layer4.1.conv1.weight,65,layer4.1.conv1.weight_ch65,3.48671293258667
layer4.1.conv1.weight,284,layer4.1.conv1.weight_ch284,3.4845781326293945
layer4.0.conv3.weight,1743,layer4.0.conv3.weight_ch1743,3.4844982624053955
layer3.2.conv3.weight,242,layer3.2.conv3.weight_ch242,3.483937978744507
layer4.0.conv3.weight,1722,layer4.0.conv3.weight_ch1722,3.483830451965332
layer3.2.conv3.weight,708,layer3.2.conv3.weight_ch708,3.482659339904785
layer3.3.conv3.weight,642,layer3.3.conv3.weight_ch642,3.4826481342315674
layer3.0.conv3.weight,765,layer3.0.conv3.weight_ch765,3.48116397857666
layer3.3.conv3.weight,749,layer3.3.conv3.weight_ch749,3.476945400238037
layer3.0.conv3.weight,244,layer3.0.conv3.weight_ch244,3.4750711917877197
layer3.0.conv3.weight,383,layer3.0.conv3.weight_ch383,3.473142623901367
layer3.0.conv3.weight,214,layer3.0.conv3.weight_ch214,3.4729971885681152
layer3.2.conv3.weight,63,layer3.2.conv3.weight_ch63,3.470153331756592
layer3.3.conv3.weight,49,layer3.3.conv3.weight_ch49,3.469292163848877
layer3.0.conv3.weight,938,layer3.0.conv3.weight_ch938,3.466909170150757
layer4.0.conv3.weight,1666,layer4.0.conv3.weight_ch1666,3.4640889167785645
layer3.3.conv3.weight,138,layer3.3.conv3.weight_ch138,3.4637882709503174
layer2.3.conv3.weight,271,layer2.3.conv3.weight_ch271,3.463602304458618
layer4.0.conv3.weight,1316,layer4.0.conv3.weight_ch1316,3.462106943130493
layer3.0.conv3.weight,116,layer3.0.conv3.weight_ch116,3.4611458778381348
layer4.0.conv3.weight,341,layer4.0.conv3.weight_ch341,3.4601542949676514
layer4.1.conv1.weight,470,layer4.1.conv1.weight_ch470,3.455842971801758
layer3.4.conv3.weight,271,layer3.4.conv3.weight_ch271,3.45574951171875
layer3.2.conv3.weight,539,layer3.2.conv3.weight_ch539,3.4539709091186523
layer3.2.conv3.weight,427,layer3.2.conv3.weight_ch427,3.4528675079345703
layer3.0.conv3.weight,999,layer3.0.conv3.weight_ch999,3.451930284500122
layer3.5.conv3.weight,901,layer3.5.conv3.weight_ch901,3.451453685760498
layer3.3.conv3.weight,153,layer3.3.conv3.weight_ch153,3.4511380195617676
layer3.0.conv3.weight,4,layer3.0.conv3.weight_ch4,3.4505882263183594
layer3.2.conv3.weight,132,layer3.2.conv3.weight_ch132,3.4498841762542725
layer3.4.conv3.weight,194,layer3.4.conv3.weight_ch194,3.4495725631713867
layer3.3.conv3.weight,1022,layer3.3.conv3.weight_ch1022,3.4495368003845215
layer4.1.conv1.weight,294,layer4.1.conv1.weight_ch294,3.448368549346924
layer4.0.conv3.weight,832,layer4.0.conv3.weight_ch832,3.4461143016815186
layer4.0.conv3.weight,61,layer4.0.conv3.weight_ch61,3.4453113079071045
layer3.0.conv2.weight,116,layer3.0.conv2.weight_ch116,3.444873332977295
layer4.0.conv3.weight,1713,layer4.0.conv3.weight_ch1713,3.443721294403076
layer3.3.conv3.weight,885,layer3.3.conv3.weight_ch885,3.442774534225464
layer4.0.conv3.weight,1991,layer4.0.conv3.weight_ch1991,3.4424216747283936
layer3.4.conv3.weight,695,layer3.4.conv3.weight_ch695,3.4418225288391113
layer4.0.conv3.weight,1237,layer4.0.conv3.weight_ch1237,3.4379448890686035
layer3.0.conv3.weight,726,layer3.0.conv3.weight_ch726,3.4369022846221924
layer3.0.conv3.weight,932,layer3.0.conv3.weight_ch932,3.4348599910736084
layer3.3.conv3.weight,249,layer3.3.conv3.weight_ch249,3.4336259365081787
layer4.0.conv3.weight,1397,layer4.0.conv3.weight_ch1397,3.4318768978118896
layer4.0.conv3.weight,270,layer4.0.conv3.weight_ch270,3.4246268272399902
layer2.3.conv3.weight,462,layer2.3.conv3.weight_ch462,3.4244384765625
layer4.0.conv3.weight,1704,layer4.0.conv3.weight_ch1704,3.4235687255859375
layer4.1.conv1.weight,416,layer4.1.conv1.weight_ch416,3.422531843185425
layer4.0.conv3.weight,524,layer4.0.conv3.weight_ch524,3.421175479888916
layer2.3.conv3.weight,341,layer2.3.conv3.weight_ch341,3.41739559173584
layer4.0.conv3.weight,1748,layer4.0.conv3.weight_ch1748,3.416849136352539
layer4.0.conv3.weight,974,layer4.0.conv3.weight_ch974,3.412280559539795
layer3.0.conv3.weight,608,layer3.0.conv3.weight_ch608,3.40874981880188
layer3.0.conv3.weight,791,layer3.0.conv3.weight_ch791,3.404465913772583
layer4.1.conv1.weight,506,layer4.1.conv1.weight_ch506,3.4039108753204346
layer4.1.conv1.weight,254,layer4.1.conv1.weight_ch254,3.402841329574585
layer3.2.conv1.weight,56,layer3.2.conv1.weight_ch56,3.4010119438171387
layer3.2.conv1.weight,30,layer3.2.conv1.weight_ch30,3.4002485275268555
layer3.0.conv2.weight,156,layer3.0.conv2.weight_ch156,3.3994596004486084
layer3.3.conv3.weight,230,layer3.3.conv3.weight_ch230,3.3988232612609863
layer3.4.conv3.weight,443,layer3.4.conv3.weight_ch443,3.3971238136291504
layer3.0.conv3.weight,140,layer3.0.conv3.weight_ch140,3.3963475227355957
layer3.5.conv3.weight,908,layer3.5.conv3.weight_ch908,3.393312454223633
layer3.2.conv3.weight,359,layer3.2.conv3.weight_ch359,3.389409065246582
layer3.3.conv3.weight,83,layer3.3.conv3.weight_ch83,3.3885982036590576
layer4.0.conv3.weight,420,layer4.0.conv3.weight_ch420,3.3883779048919678
layer3.4.conv3.weight,662,layer3.4.conv3.weight_ch662,3.3858699798583984
layer3.2.conv3.weight,918,layer3.2.conv3.weight_ch918,3.3855063915252686
layer4.0.conv3.weight,1813,layer4.0.conv3.weight_ch1813,3.3831968307495117
layer3.0.conv3.weight,345,layer3.0.conv3.weight_ch345,3.3803374767303467
layer3.2.conv3.weight,820,layer3.2.conv3.weight_ch820,3.3795289993286133
layer4.1.conv1.weight,461,layer4.1.conv1.weight_ch461,3.378617763519287
layer3.0.conv2.weight,122,layer3.0.conv2.weight_ch122,3.377535820007324
layer3.0.conv2.weight,248,layer3.0.conv2.weight_ch248,3.3774919509887695
layer3.5.conv3.weight,218,layer3.5.conv3.weight_ch218,3.3770992755889893
layer3.0.conv2.weight,84,layer3.0.conv2.weight_ch84,3.3753955364227295
layer3.4.conv3.weight,725,layer3.4.conv3.weight_ch725,3.37506103515625
layer3.2.conv3.weight,418,layer3.2.conv3.weight_ch418,3.372039318084717
layer4.0.conv3.weight,1115,layer4.0.conv3.weight_ch1115,3.3676795959472656
layer2.0.conv1.weight,95,layer2.0.conv1.weight_ch95,3.367388963699341
layer4.0.conv3.weight,651,layer4.0.conv3.weight_ch651,3.3657312393188477
layer4.0.conv3.weight,1838,layer4.0.conv3.weight_ch1838,3.3651249408721924
layer3.0.conv3.weight,745,layer3.0.conv3.weight_ch745,3.3647096157073975
layer3.3.conv3.weight,1007,layer3.3.conv3.weight_ch1007,3.363399028778076
layer3.2.conv3.weight,507,layer3.2.conv3.weight_ch507,3.362896680831909
layer4.1.conv1.weight,492,layer4.1.conv1.weight_ch492,3.362569808959961
layer4.0.conv3.weight,1772,layer4.0.conv3.weight_ch1772,3.3623220920562744
layer3.4.conv3.weight,934,layer3.4.conv3.weight_ch934,3.3617196083068848
layer3.5.conv3.weight,504,layer3.5.conv3.weight_ch504,3.3593122959136963
layer3.5.conv3.weight,837,layer3.5.conv3.weight_ch837,3.358701705932617
layer4.0.conv3.weight,1282,layer4.0.conv3.weight_ch1282,3.3585546016693115
layer3.4.conv1.weight,197,layer3.4.conv1.weight_ch197,3.35701322555542
layer3.0.conv3.weight,652,layer3.0.conv3.weight_ch652,3.356701135635376
layer4.0.conv3.weight,307,layer4.0.conv3.weight_ch307,3.355550527572632
layer2.3.conv3.weight,296,layer2.3.conv3.weight_ch296,3.3552603721618652
layer3.5.conv3.weight,391,layer3.5.conv3.weight_ch391,3.3537139892578125
layer3.4.conv1.weight,182,layer3.4.conv1.weight_ch182,3.3533222675323486
layer3.4.conv3.weight,873,layer3.4.conv3.weight_ch873,3.351846218109131
layer4.1.conv1.weight,172,layer4.1.conv1.weight_ch172,3.3503057956695557
layer3.0.conv3.weight,1007,layer3.0.conv3.weight_ch1007,3.3458266258239746
layer4.0.conv3.weight,324,layer4.0.conv3.weight_ch324,3.3434290885925293
layer3.4.conv3.weight,711,layer3.4.conv3.weight_ch711,3.3412082195281982
layer3.4.conv3.weight,278,layer3.4.conv3.weight_ch278,3.340780735015869
layer3.2.conv3.weight,994,layer3.2.conv3.weight_ch994,3.338965892791748
layer3.3.conv3.weight,656,layer3.3.conv3.weight_ch656,3.33847713470459
layer4.0.conv3.weight,898,layer4.0.conv3.weight_ch898,3.3371543884277344
layer3.5.conv3.weight,716,layer3.5.conv3.weight_ch716,3.337097644805908
layer3.4.conv3.weight,165,layer3.4.conv3.weight_ch165,3.3359861373901367
layer2.3.conv2.weight,25,layer2.3.conv2.weight_ch25,3.334995985031128
layer3.2.conv3.weight,719,layer3.2.conv3.weight_ch719,3.333834171295166
layer4.0.conv3.weight,1423,layer4.0.conv3.weight_ch1423,3.3331546783447266
layer3.0.conv2.weight,67,layer3.0.conv2.weight_ch67,3.3329691886901855
layer2.3.conv3.weight,64,layer2.3.conv3.weight_ch64,3.3315515518188477
layer3.2.conv3.weight,253,layer3.2.conv3.weight_ch253,3.331465482711792
layer3.4.conv3.weight,654,layer3.4.conv3.weight_ch654,3.330000400543213
layer2.3.conv3.weight,134,layer2.3.conv3.weight_ch134,3.328054904937744
layer4.0.conv3.weight,1180,layer4.0.conv3.weight_ch1180,3.3270857334136963
layer4.0.conv3.weight,1442,layer4.0.conv3.weight_ch1442,3.3265347480773926
layer3.3.conv3.weight,952,layer3.3.conv3.weight_ch952,3.3253159523010254
layer3.4.conv3.weight,535,layer3.4.conv3.weight_ch535,3.324603319168091
layer4.0.conv3.weight,1706,layer4.0.conv3.weight_ch1706,3.3236582279205322
layer3.2.conv3.weight,812,layer3.2.conv3.weight_ch812,3.322540760040283
layer3.0.conv3.weight,158,layer3.0.conv3.weight_ch158,3.321349859237671
layer2.0.conv1.weight,83,layer2.0.conv1.weight_ch83,3.320343255996704
layer3.0.conv3.weight,525,layer3.0.conv3.weight_ch525,3.3197407722473145
layer4.0.conv3.weight,1961,layer4.0.conv3.weight_ch1961,3.3192474842071533
layer4.1.conv1.weight,449,layer4.1.conv1.weight_ch449,3.3171980381011963
layer4.0.conv3.weight,1511,layer4.0.conv3.weight_ch1511,3.314516305923462
layer4.0.conv3.weight,875,layer4.0.conv3.weight_ch875,3.3144984245300293
layer4.0.conv3.weight,319,layer4.0.conv3.weight_ch319,3.309180736541748
layer4.0.conv3.weight,707,layer4.0.conv3.weight_ch707,3.308440923690796
layer4.0.conv3.weight,765,layer4.0.conv3.weight_ch765,3.308077096939087
layer4.0.conv3.weight,1484,layer4.0.conv3.weight_ch1484,3.307907819747925
layer4.0.conv3.weight,78,layer4.0.conv3.weight_ch78,3.3076906204223633
layer3.4.conv3.weight,908,layer3.4.conv3.weight_ch908,3.3073010444641113
layer4.0.conv3.weight,1152,layer4.0.conv3.weight_ch1152,3.3055853843688965
layer3.3.conv3.weight,900,layer3.3.conv3.weight_ch900,3.305476188659668
layer3.3.conv3.weight,543,layer3.3.conv3.weight_ch543,3.305130958557129
layer4.0.conv3.weight,798,layer4.0.conv3.weight_ch798,3.302943229675293
layer3.5.conv3.weight,697,layer3.5.conv3.weight_ch697,3.3027966022491455
layer3.3.conv3.weight,483,layer3.3.conv3.weight_ch483,3.3013088703155518
layer3.0.conv3.weight,733,layer3.0.conv3.weight_ch733,3.30098295211792
layer4.1.conv1.weight,208,layer4.1.conv1.weight_ch208,3.2994327545166016
layer3.0.conv2.weight,37,layer3.0.conv2.weight_ch37,3.2977771759033203
layer4.1.conv1.weight,265,layer4.1.conv1.weight_ch265,3.296391487121582
layer3.0.conv3.weight,942,layer3.0.conv3.weight_ch942,3.296048402786255
layer4.1.conv1.weight,296,layer4.1.conv1.weight_ch296,3.294753074645996
layer3.4.conv3.weight,281,layer3.4.conv3.weight_ch281,3.293116807937622
layer4.0.conv3.weight,1417,layer4.0.conv3.weight_ch1417,3.2926254272460938
layer3.0.conv3.weight,1008,layer3.0.conv3.weight_ch1008,3.2923026084899902
layer4.0.conv3.weight,359,layer4.0.conv3.weight_ch359,3.292067289352417
layer4.0.conv3.weight,1380,layer4.0.conv3.weight_ch1380,3.2904014587402344
layer3.4.conv3.weight,595,layer3.4.conv3.weight_ch595,3.2895147800445557
layer4.0.conv3.weight,1697,layer4.0.conv3.weight_ch1697,3.2883317470550537
layer3.0.conv3.weight,243,layer3.0.conv3.weight_ch243,3.287327527999878
layer3.4.conv3.weight,424,layer3.4.conv3.weight_ch424,3.2865583896636963
layer2.3.conv2.weight,19,layer2.3.conv2.weight_ch19,3.2863540649414062
layer4.0.conv3.weight,846,layer4.0.conv3.weight_ch846,3.2853240966796875
layer4.1.conv1.weight,14,layer4.1.conv1.weight_ch14,3.2849292755126953
layer4.0.conv3.weight,1572,layer4.0.conv3.weight_ch1572,3.283496618270874
layer3.3.conv3.weight,359,layer3.3.conv3.weight_ch359,3.2834410667419434
layer3.5.conv3.weight,782,layer3.5.conv3.weight_ch782,3.2829947471618652
layer4.0.conv3.weight,1699,layer4.0.conv3.weight_ch1699,3.280426502227783
layer3.2.conv3.weight,461,layer3.2.conv3.weight_ch461,3.2791295051574707
layer3.4.conv3.weight,963,layer3.4.conv3.weight_ch963,3.2774949073791504
layer3.4.conv1.weight,203,layer3.4.conv1.weight_ch203,3.277191638946533
layer3.5.conv3.weight,77,layer3.5.conv3.weight_ch77,3.2764017581939697
layer3.3.conv3.weight,925,layer3.3.conv3.weight_ch925,3.2745296955108643
layer4.1.conv1.weight,471,layer4.1.conv1.weight_ch471,3.271376848220825
layer3.5.conv3.weight,616,layer3.5.conv3.weight_ch616,3.271127939224243
layer3.0.conv3.weight,886,layer3.0.conv3.weight_ch886,3.270488739013672
layer3.2.conv3.weight,186,layer3.2.conv3.weight_ch186,3.2693705558776855
layer3.2.conv3.weight,227,layer3.2.conv3.weight_ch227,3.265450954437256
layer3.0.conv3.weight,204,layer3.0.conv3.weight_ch204,3.265287160873413
layer3.0.conv3.weight,464,layer3.0.conv3.weight_ch464,3.2645440101623535
layer3.5.conv3.weight,820,layer3.5.conv3.weight_ch820,3.264111280441284
layer3.0.conv3.weight,442,layer3.0.conv3.weight_ch442,3.2641091346740723
layer3.3.conv3.weight,266,layer3.3.conv3.weight_ch266,3.2639167308807373
layer3.0.conv2.weight,75,layer3.0.conv2.weight_ch75,3.261495590209961
layer4.0.conv3.weight,587,layer4.0.conv3.weight_ch587,3.2607338428497314
layer4.0.conv3.weight,1506,layer4.0.conv3.weight_ch1506,3.258620262145996
layer3.4.conv1.weight,186,layer3.4.conv1.weight_ch186,3.2579712867736816
layer3.4.conv3.weight,498,layer3.4.conv3.weight_ch498,3.257296323776245
layer4.1.conv1.weight,145,layer4.1.conv1.weight_ch145,3.257054328918457
layer4.1.conv1.weight,396,layer4.1.conv1.weight_ch396,3.256678342819214
layer4.1.conv1.weight,1,layer4.1.conv1.weight_ch1,3.2560372352600098
layer3.5.conv3.weight,710,layer3.5.conv3.weight_ch710,3.2560224533081055
layer4.0.conv3.weight,1552,layer4.0.conv3.weight_ch1552,3.25569748878479
layer2.3.conv2.weight,4,layer2.3.conv2.weight_ch4,3.2542240619659424
layer2.3.conv3.weight,194,layer2.3.conv3.weight_ch194,3.252671718597412
layer4.0.conv3.weight,924,layer4.0.conv3.weight_ch924,3.252546548843384
layer3.0.conv2.weight,255,layer3.0.conv2.weight_ch255,3.2519941329956055
layer2.3.conv3.weight,429,layer2.3.conv3.weight_ch429,3.250671148300171
layer3.5.conv3.weight,572,layer3.5.conv3.weight_ch572,3.2475085258483887
layer4.1.conv1.weight,193,layer4.1.conv1.weight_ch193,3.247243881225586
layer3.1.conv2.weight,116,layer3.1.conv2.weight_ch116,3.2472264766693115
layer3.2.conv3.weight,769,layer3.2.conv3.weight_ch769,3.246434450149536
layer3.0.conv3.weight,379,layer3.0.conv3.weight_ch379,3.245572328567505
layer4.0.conv3.weight,1528,layer4.0.conv3.weight_ch1528,3.2450482845306396
layer3.4.conv3.weight,939,layer3.4.conv3.weight_ch939,3.2444076538085938
layer4.0.conv3.weight,603,layer4.0.conv3.weight_ch603,3.2415175437927246
layer4.1.conv1.weight,317,layer4.1.conv1.weight_ch317,3.2409677505493164
layer3.5.conv3.weight,752,layer3.5.conv3.weight_ch752,3.239542007446289
layer3.2.conv3.weight,479,layer3.2.conv3.weight_ch479,3.2395215034484863
layer3.5.conv3.weight,179,layer3.5.conv3.weight_ch179,3.2394261360168457
layer2.3.conv3.weight,479,layer2.3.conv3.weight_ch479,3.2388203144073486
layer3.2.conv3.weight,363,layer3.2.conv3.weight_ch363,3.23762845993042
layer3.0.conv3.weight,335,layer3.0.conv3.weight_ch335,3.2373647689819336
layer3.1.conv2.weight,135,layer3.1.conv2.weight_ch135,3.2371554374694824
layer3.5.conv3.weight,181,layer3.5.conv3.weight_ch181,3.2371373176574707
layer3.5.conv3.weight,178,layer3.5.conv3.weight_ch178,3.2361202239990234
layer4.0.conv3.weight,1718,layer4.0.conv3.weight_ch1718,3.235898017883301
layer2.3.conv3.weight,509,layer2.3.conv3.weight_ch509,3.234161376953125
layer4.0.conv3.weight,1375,layer4.0.conv3.weight_ch1375,3.232475996017456
layer3.2.conv3.weight,72,layer3.2.conv3.weight_ch72,3.2308855056762695
layer4.0.conv3.weight,345,layer4.0.conv3.weight_ch345,3.2292959690093994
layer3.3.conv3.weight,65,layer3.3.conv3.weight_ch65,3.228694200515747
layer3.0.conv2.weight,197,layer3.0.conv2.weight_ch197,3.2253780364990234
layer4.0.conv3.weight,1520,layer4.0.conv3.weight_ch1520,3.223437786102295
layer3.0.conv3.weight,393,layer3.0.conv3.weight_ch393,3.222391128540039
layer2.3.conv2.weight,70,layer2.3.conv2.weight_ch70,3.2212681770324707
layer4.0.conv3.weight,1377,layer4.0.conv3.weight_ch1377,3.2212064266204834
layer4.0.conv3.weight,33,layer4.0.conv3.weight_ch33,3.221012592315674
layer3.4.conv3.weight,600,layer3.4.conv3.weight_ch600,3.2202987670898438
layer4.0.conv3.weight,1776,layer4.0.conv3.weight_ch1776,3.2190423011779785
layer2.3.conv3.weight,348,layer2.3.conv3.weight_ch348,3.2188546657562256
layer4.0.conv3.weight,855,layer4.0.conv3.weight_ch855,3.218695640563965
layer4.0.conv3.weight,422,layer4.0.conv3.weight_ch422,3.2180233001708984
layer3.3.conv3.weight,381,layer3.3.conv3.weight_ch381,3.215494394302368
layer3.2.conv3.weight,413,layer3.2.conv3.weight_ch413,3.215120792388916
layer4.0.conv3.weight,1491,layer4.0.conv3.weight_ch1491,3.214869260787964
layer2.3.conv3.weight,91,layer2.3.conv3.weight_ch91,3.2143826484680176
layer4.0.conv3.weight,1254,layer4.0.conv3.weight_ch1254,3.211353063583374
layer2.0.conv1.weight,53,layer2.0.conv1.weight_ch53,3.208554267883301
layer4.0.conv3.weight,1493,layer4.0.conv3.weight_ch1493,3.2077479362487793
layer4.0.conv3.weight,1386,layer4.0.conv3.weight_ch1386,3.2058467864990234
layer4.0.conv3.weight,1017,layer4.0.conv3.weight_ch1017,3.203646421432495
layer3.0.conv3.weight,719,layer3.0.conv3.weight_ch719,3.203155517578125
layer4.0.conv3.weight,1646,layer4.0.conv3.weight_ch1646,3.202981948852539
layer3.4.conv3.weight,94,layer3.4.conv3.weight_ch94,3.202375650405884
layer3.5.conv3.weight,625,layer3.5.conv3.weight_ch625,3.201655149459839
layer4.1.conv1.weight,164,layer4.1.conv1.weight_ch164,3.20129132270813
layer3.2.conv3.weight,1009,layer3.2.conv3.weight_ch1009,3.2010226249694824
layer4.0.conv3.weight,621,layer4.0.conv3.weight_ch621,3.2002205848693848
layer3.0.conv2.weight,149,layer3.0.conv2.weight_ch149,3.200025796890259
layer4.0.conv3.weight,1715,layer4.0.conv3.weight_ch1715,3.199125051498413
layer3.0.conv2.weight,63,layer3.0.conv2.weight_ch63,3.199005603790283
layer3.5.conv3.weight,592,layer3.5.conv3.weight_ch592,3.198709011077881
layer4.1.conv1.weight,370,layer4.1.conv1.weight_ch370,3.1977617740631104
layer3.2.conv3.weight,560,layer3.2.conv3.weight_ch560,3.1974551677703857
layer4.1.conv1.weight,107,layer4.1.conv1.weight_ch107,3.196830987930298
layer3.5.conv3.weight,619,layer3.5.conv3.weight_ch619,3.1958565711975098
layer4.0.conv3.weight,988,layer4.0.conv3.weight_ch988,3.1951661109924316
layer3.0.conv2.weight,213,layer3.0.conv2.weight_ch213,3.1949539184570312
layer3.0.conv2.weight,157,layer3.0.conv2.weight_ch157,3.1949400901794434
layer4.1.conv1.weight,458,layer4.1.conv1.weight_ch458,3.19405198097229
layer2.0.conv1.weight,114,layer2.0.conv1.weight_ch114,3.192023754119873
layer3.4.conv1.weight,102,layer3.4.conv1.weight_ch102,3.190795421600342
layer3.4.conv3.weight,764,layer3.4.conv3.weight_ch764,3.189073324203491
layer3.4.conv3.weight,3,layer3.4.conv3.weight_ch3,3.188734531402588
layer3.2.conv3.weight,84,layer3.2.conv3.weight_ch84,3.1884353160858154
layer4.0.conv3.weight,844,layer4.0.conv3.weight_ch844,3.1866955757141113
layer3.4.conv3.weight,997,layer3.4.conv3.weight_ch997,3.18660044670105
layer3.2.conv3.weight,730,layer3.2.conv3.weight_ch730,3.185941219329834
layer3.5.conv3.weight,824,layer3.5.conv3.weight_ch824,3.1857211589813232
layer3.4.conv3.weight,530,layer3.4.conv3.weight_ch530,3.1834909915924072
layer3.4.conv3.weight,509,layer3.4.conv3.weight_ch509,3.1818385124206543
layer4.0.conv3.weight,1426,layer4.0.conv3.weight_ch1426,3.181210517883301
layer3.4.conv3.weight,838,layer3.4.conv3.weight_ch838,3.1805758476257324
layer3.0.conv2.weight,60,layer3.0.conv2.weight_ch60,3.1796488761901855
layer4.1.conv1.weight,388,layer4.1.conv1.weight_ch388,3.1781325340270996
layer3.2.conv3.weight,347,layer3.2.conv3.weight_ch347,3.1779491901397705
layer4.0.conv3.weight,1436,layer4.0.conv3.weight_ch1436,3.1769847869873047
layer3.0.conv3.weight,824,layer3.0.conv3.weight_ch824,3.176603317260742
layer3.0.conv3.weight,955,layer3.0.conv3.weight_ch955,3.175220012664795
layer4.0.conv3.weight,438,layer4.0.conv3.weight_ch438,3.1728291511535645
layer4.0.conv3.weight,233,layer4.0.conv3.weight_ch233,3.171321392059326
layer4.0.conv3.weight,1617,layer4.0.conv3.weight_ch1617,3.1710386276245117
layer4.0.conv3.weight,1787,layer4.0.conv3.weight_ch1787,3.170959711074829
layer4.0.conv3.weight,337,layer4.0.conv3.weight_ch337,3.170330047607422
layer3.5.conv3.weight,850,layer3.5.conv3.weight_ch850,3.1692209243774414
layer3.2.conv3.weight,532,layer3.2.conv3.weight_ch532,3.166740894317627
layer3.2.conv1.weight,185,layer3.2.conv1.weight_ch185,3.166126012802124
layer4.0.conv3.weight,994,layer4.0.conv3.weight_ch994,3.165414810180664
layer3.2.conv3.weight,460,layer3.2.conv3.weight_ch460,3.164828300476074
layer4.0.conv3.weight,915,layer4.0.conv3.weight_ch915,3.1648049354553223
layer2.3.conv3.weight,306,layer2.3.conv3.weight_ch306,3.1643691062927246
layer3.2.conv3.weight,437,layer3.2.conv3.weight_ch437,3.1638948917388916
layer2.0.conv1.weight,24,layer2.0.conv1.weight_ch24,3.163710832595825
layer3.4.conv3.weight,870,layer3.4.conv3.weight_ch870,3.163682460784912
layer3.3.conv3.weight,422,layer3.3.conv3.weight_ch422,3.1632065773010254
layer4.1.conv1.weight,342,layer4.1.conv1.weight_ch342,3.1631431579589844
layer4.0.conv3.weight,1037,layer4.0.conv3.weight_ch1037,3.161572217941284
layer3.2.conv3.weight,213,layer3.2.conv3.weight_ch213,3.1612071990966797
layer3.0.conv3.weight,972,layer3.0.conv3.weight_ch972,3.1591408252716064
layer3.2.conv3.weight,649,layer3.2.conv3.weight_ch649,3.158076286315918
layer3.0.conv2.weight,8,layer3.0.conv2.weight_ch8,3.157680034637451
layer3.5.conv3.weight,358,layer3.5.conv3.weight_ch358,3.1566600799560547
layer3.0.conv3.weight,173,layer3.0.conv3.weight_ch173,3.154212713241577
layer4.0.conv3.weight,24,layer4.0.conv3.weight_ch24,3.1536927223205566
layer3.2.conv1.weight,234,layer3.2.conv1.weight_ch234,3.1536521911621094
layer4.0.conv3.weight,1314,layer4.0.conv3.weight_ch1314,3.1525983810424805
layer3.5.conv3.weight,717,layer3.5.conv3.weight_ch717,3.151583671569824
layer3.4.conv3.weight,775,layer3.4.conv3.weight_ch775,3.151463508605957
layer3.4.conv3.weight,793,layer3.4.conv3.weight_ch793,3.149789333343506
layer4.0.conv3.weight,1998,layer4.0.conv3.weight_ch1998,3.1481151580810547
layer3.2.conv3.weight,257,layer3.2.conv3.weight_ch257,3.1472771167755127
layer3.0.conv2.weight,225,layer3.0.conv2.weight_ch225,3.1463518142700195
layer2.3.conv2.weight,58,layer2.3.conv2.weight_ch58,3.1428191661834717
layer3.4.conv3.weight,814,layer3.4.conv3.weight_ch814,3.1422674655914307
layer3.1.conv2.weight,209,layer3.1.conv2.weight_ch209,3.1407954692840576
layer2.0.conv1.weight,101,layer2.0.conv1.weight_ch101,3.1365339756011963
layer4.0.conv3.weight,139,layer4.0.conv3.weight_ch139,3.1364848613739014
layer3.5.conv3.weight,570,layer3.5.conv3.weight_ch570,3.1355795860290527
layer4.0.conv3.weight,490,layer4.0.conv3.weight_ch490,3.13513445854187
layer3.0.conv2.weight,12,layer3.0.conv2.weight_ch12,3.1324586868286133
layer3.3.conv3.weight,1002,layer3.3.conv3.weight_ch1002,3.131887674331665
layer3.3.conv3.weight,564,layer3.3.conv3.weight_ch564,3.1317741870880127
layer4.0.conv3.weight,1746,layer4.0.conv3.weight_ch1746,3.12992525100708
layer4.0.conv3.weight,595,layer4.0.conv3.weight_ch595,3.1296401023864746
layer3.0.conv3.weight,378,layer3.0.conv3.weight_ch378,3.127194404602051
layer4.1.conv1.weight,341,layer4.1.conv1.weight_ch341,3.1231837272644043
layer3.0.conv2.weight,130,layer3.0.conv2.weight_ch130,3.1221580505371094
layer3.0.conv3.weight,272,layer3.0.conv3.weight_ch272,3.1219611167907715
layer3.3.conv3.weight,826,layer3.3.conv3.weight_ch826,3.119119644165039
layer4.1.conv1.weight,413,layer4.1.conv1.weight_ch413,3.118543863296509
layer3.1.conv2.weight,247,layer3.1.conv2.weight_ch247,3.1183786392211914
layer3.5.conv3.weight,12,layer3.5.conv3.weight_ch12,3.118025541305542
layer4.0.conv3.weight,1607,layer4.0.conv3.weight_ch1607,3.1177420616149902
layer3.0.conv3.weight,73,layer3.0.conv3.weight_ch73,3.1172947883605957
layer3.0.conv3.weight,257,layer3.0.conv3.weight_ch257,3.115097999572754
layer2.0.conv1.weight,106,layer2.0.conv1.weight_ch106,3.113715171813965
layer3.4.conv3.weight,860,layer3.4.conv3.weight_ch860,3.1100456714630127
layer3.5.conv3.weight,842,layer3.5.conv3.weight_ch842,3.1099910736083984
layer3.5.conv3.weight,602,layer3.5.conv3.weight_ch602,3.109379529953003
layer3.3.conv3.weight,436,layer3.3.conv3.weight_ch436,3.108849048614502
layer4.0.conv3.weight,1790,layer4.0.conv3.weight_ch1790,3.1044671535491943
layer3.2.conv3.weight,919,layer3.2.conv3.weight_ch919,3.1044013500213623
layer4.0.conv3.weight,1585,layer4.0.conv3.weight_ch1585,3.1042842864990234
layer3.1.conv2.weight,59,layer3.1.conv2.weight_ch59,3.1021039485931396
layer3.3.conv3.weight,572,layer3.3.conv3.weight_ch572,3.101548433303833
layer4.0.conv3.weight,1456,layer4.0.conv3.weight_ch1456,3.1009883880615234
layer3.1.conv2.weight,203,layer3.1.conv2.weight_ch203,3.1002461910247803
layer3.4.conv3.weight,584,layer3.4.conv3.weight_ch584,3.0996298789978027
layer3.2.conv3.weight,871,layer3.2.conv3.weight_ch871,3.09924578666687
layer3.4.conv3.weight,643,layer3.4.conv3.weight_ch643,3.09897780418396
layer3.4.conv3.weight,68,layer3.4.conv3.weight_ch68,3.09870982170105
layer4.0.conv3.weight,1649,layer4.0.conv3.weight_ch1649,3.0985398292541504
layer3.0.conv2.weight,39,layer3.0.conv2.weight_ch39,3.0979163646698
layer4.0.conv3.weight,206,layer4.0.conv3.weight_ch206,3.0967235565185547
layer2.0.conv1.weight,34,layer2.0.conv1.weight_ch34,3.096172571182251
layer3.0.conv2.weight,81,layer3.0.conv2.weight_ch81,3.095773935317993
layer3.4.conv3.weight,394,layer3.4.conv3.weight_ch394,3.094691753387451
layer3.0.conv3.weight,126,layer3.0.conv3.weight_ch126,3.0922276973724365
layer3.5.conv3.weight,487,layer3.5.conv3.weight_ch487,3.091977834701538
layer4.1.conv1.weight,364,layer4.1.conv1.weight_ch364,3.0880188941955566
layer3.0.conv3.weight,347,layer3.0.conv3.weight_ch347,3.0873563289642334
layer3.0.conv3.weight,768,layer3.0.conv3.weight_ch768,3.087235927581787
layer4.0.conv3.weight,829,layer4.0.conv3.weight_ch829,3.086345672607422
layer4.0.conv3.weight,142,layer4.0.conv3.weight_ch142,3.0859968662261963
layer3.2.conv3.weight,949,layer3.2.conv3.weight_ch949,3.085397720336914
layer3.5.conv3.weight,79,layer3.5.conv3.weight_ch79,3.0842642784118652
layer3.5.conv3.weight,208,layer3.5.conv3.weight_ch208,3.083868980407715
layer3.0.conv2.weight,221,layer3.0.conv2.weight_ch221,3.0836377143859863
layer3.3.conv3.weight,684,layer3.3.conv3.weight_ch684,3.081322193145752
layer3.3.conv3.weight,104,layer3.3.conv3.weight_ch104,3.0794148445129395
layer3.5.conv3.weight,651,layer3.5.conv3.weight_ch651,3.078962564468384
layer3.0.conv3.weight,975,layer3.0.conv3.weight_ch975,3.0788662433624268
layer4.0.conv3.weight,746,layer4.0.conv3.weight_ch746,3.0785176753997803
layer4.0.conv3.weight,545,layer4.0.conv3.weight_ch545,3.0784482955932617
layer4.0.conv3.weight,334,layer4.0.conv3.weight_ch334,3.0777735710144043
layer3.2.conv3.weight,573,layer3.2.conv3.weight_ch573,3.0777058601379395
layer4.0.conv3.weight,317,layer4.0.conv3.weight_ch317,3.0751824378967285
layer2.3.conv3.weight,483,layer2.3.conv3.weight_ch483,3.0745859146118164
layer3.4.conv3.weight,442,layer3.4.conv3.weight_ch442,3.073676347732544
layer4.0.conv3.weight,1024,layer4.0.conv3.weight_ch1024,3.0730509757995605
layer3.0.conv2.weight,93,layer3.0.conv2.weight_ch93,3.073004722595215
layer3.2.conv3.weight,797,layer3.2.conv3.weight_ch797,3.0728700160980225
layer3.4.conv3.weight,47,layer3.4.conv3.weight_ch47,3.0722427368164062
layer3.4.conv3.weight,200,layer3.4.conv3.weight_ch200,3.068084239959717
layer3.0.conv2.weight,80,layer3.0.conv2.weight_ch80,3.067596912384033
layer4.0.conv3.weight,1094,layer4.0.conv3.weight_ch1094,3.0675342082977295
layer3.4.conv1.weight,226,layer3.4.conv1.weight_ch226,3.067017078399658
layer3.5.conv3.weight,995,layer3.5.conv3.weight_ch995,3.066420555114746
layer3.0.conv3.weight,762,layer3.0.conv3.weight_ch762,3.064605474472046
layer4.0.conv3.weight,812,layer4.0.conv3.weight_ch812,3.0631492137908936
layer4.0.conv3.weight,1808,layer4.0.conv3.weight_ch1808,3.0624618530273438
layer4.0.conv3.weight,1185,layer4.0.conv3.weight_ch1185,3.0620508193969727
layer3.0.conv3.weight,621,layer3.0.conv3.weight_ch621,3.0617830753326416
layer3.0.conv3.weight,143,layer3.0.conv3.weight_ch143,3.0614068508148193
layer3.4.conv1.weight,25,layer3.4.conv1.weight_ch25,3.060502290725708
layer3.4.conv1.weight,12,layer3.4.conv1.weight_ch12,3.0592150688171387
layer3.5.conv3.weight,630,layer3.5.conv3.weight_ch630,3.058253526687622
layer3.1.conv2.weight,237,layer3.1.conv2.weight_ch237,3.0578372478485107
layer4.1.conv1.weight,116,layer4.1.conv1.weight_ch116,3.0567259788513184
layer3.1.conv2.weight,227,layer3.1.conv2.weight_ch227,3.0561702251434326
layer3.2.conv3.weight,207,layer3.2.conv3.weight_ch207,3.0527966022491455
layer4.0.conv3.weight,1677,layer4.0.conv3.weight_ch1677,3.051182508468628
layer4.0.conv3.weight,789,layer4.0.conv3.weight_ch789,3.0505762100219727
layer4.0.conv3.weight,217,layer4.0.conv3.weight_ch217,3.0505146980285645
layer4.0.conv3.weight,346,layer4.0.conv3.weight_ch346,3.0499892234802246
layer3.3.conv3.weight,786,layer3.3.conv3.weight_ch786,3.0499563217163086
layer4.0.conv3.weight,1795,layer4.0.conv3.weight_ch1795,3.049907684326172
layer3.3.conv3.weight,515,layer3.3.conv3.weight_ch515,3.0496065616607666
layer3.5.conv3.weight,1019,layer3.5.conv3.weight_ch1019,3.049039840698242
layer3.5.conv3.weight,684,layer3.5.conv3.weight_ch684,3.047980308532715
layer4.0.conv3.weight,1681,layer4.0.conv3.weight_ch1681,3.04679536819458
layer3.0.conv2.weight,50,layer3.0.conv2.weight_ch50,3.0463554859161377
layer3.5.conv3.weight,506,layer3.5.conv3.weight_ch506,3.0460634231567383
layer4.1.conv1.weight,496,layer4.1.conv1.weight_ch496,3.0452818870544434
layer3.0.conv3.weight,112,layer3.0.conv3.weight_ch112,3.043276786804199
layer3.0.conv3.weight,385,layer3.0.conv3.weight_ch385,3.0407469272613525
layer4.0.conv3.weight,152,layer4.0.conv3.weight_ch152,3.039933443069458
layer3.4.conv3.weight,113,layer3.4.conv3.weight_ch113,3.039867401123047
layer4.0.conv3.weight,477,layer4.0.conv3.weight_ch477,3.038830041885376
layer3.0.conv2.weight,44,layer3.0.conv2.weight_ch44,3.0387508869171143
layer3.0.conv3.weight,818,layer3.0.conv3.weight_ch818,3.038332223892212
layer3.3.conv3.weight,31,layer3.3.conv3.weight_ch31,3.0342025756835938
layer3.2.conv3.weight,973,layer3.2.conv3.weight_ch973,3.034090042114258
layer3.3.conv3.weight,818,layer3.3.conv3.weight_ch818,3.033735990524292
layer3.5.conv3.weight,761,layer3.5.conv3.weight_ch761,3.0331368446350098
layer3.2.conv3.weight,741,layer3.2.conv3.weight_ch741,3.0328426361083984
layer3.5.conv3.weight,1018,layer3.5.conv3.weight_ch1018,3.0319128036499023
layer2.0.conv1.weight,18,layer2.0.conv1.weight_ch18,3.031040668487549
layer4.1.conv1.weight,4,layer4.1.conv1.weight_ch4,3.0309412479400635
layer3.3.conv3.weight,302,layer3.3.conv3.weight_ch302,3.0291974544525146
layer3.2.conv3.weight,513,layer3.2.conv3.weight_ch513,3.028329610824585
layer4.1.conv1.weight,293,layer4.1.conv1.weight_ch293,3.0281665325164795
layer3.4.conv1.weight,134,layer3.4.conv1.weight_ch134,3.0258724689483643
layer3.0.conv2.weight,4,layer3.0.conv2.weight_ch4,3.0258116722106934
layer3.2.conv3.weight,357,layer3.2.conv3.weight_ch357,3.0240001678466797
layer3.1.conv2.weight,46,layer3.1.conv2.weight_ch46,3.023730516433716
layer3.4.conv3.weight,761,layer3.4.conv3.weight_ch761,3.023369073867798
layer3.5.conv3.weight,922,layer3.5.conv3.weight_ch922,3.0227785110473633
layer2.0.conv1.weight,120,layer2.0.conv1.weight_ch120,3.0225183963775635
layer3.3.conv3.weight,242,layer3.3.conv3.weight_ch242,3.022425889968872
layer3.2.conv1.weight,108,layer3.2.conv1.weight_ch108,3.0216736793518066
layer3.4.conv3.weight,931,layer3.4.conv3.weight_ch931,3.020038604736328
layer4.0.conv3.weight,548,layer4.0.conv3.weight_ch548,3.017277717590332
layer3.3.conv3.weight,847,layer3.3.conv3.weight_ch847,3.016580820083618
layer3.2.conv1.weight,191,layer3.2.conv1.weight_ch191,3.0161550045013428
layer3.0.conv3.weight,542,layer3.0.conv3.weight_ch542,3.0160651206970215
layer3.0.conv3.weight,317,layer3.0.conv3.weight_ch317,3.014411687850952
layer4.0.conv3.weight,133,layer4.0.conv3.weight_ch133,3.0120298862457275
layer3.0.conv3.weight,151,layer3.0.conv3.weight_ch151,3.0112624168395996
layer4.0.conv3.weight,11,layer4.0.conv3.weight_ch11,3.011244535446167
layer4.0.conv3.weight,1368,layer4.0.conv3.weight_ch1368,3.0107669830322266
layer4.0.conv3.weight,551,layer4.0.conv3.weight_ch551,3.0107581615448
layer3.2.conv1.weight,114,layer3.2.conv1.weight_ch114,3.010611057281494
layer3.2.conv3.weight,896,layer3.2.conv3.weight_ch896,3.0105185508728027
layer4.0.conv3.weight,869,layer4.0.conv3.weight_ch869,3.010232925415039
layer3.0.conv2.weight,178,layer3.0.conv2.weight_ch178,3.008683443069458
layer3.2.conv3.weight,330,layer3.2.conv3.weight_ch330,3.0081372261047363
layer4.0.conv3.weight,400,layer4.0.conv3.weight_ch400,3.007479429244995
layer3.3.conv3.weight,437,layer3.3.conv3.weight_ch437,3.006171464920044
layer3.0.conv2.weight,73,layer3.0.conv2.weight_ch73,3.0052640438079834
layer3.5.conv3.weight,81,layer3.5.conv3.weight_ch81,3.0052573680877686
layer4.0.conv3.weight,1512,layer4.0.conv3.weight_ch1512,3.003983497619629
layer3.2.conv3.weight,547,layer3.2.conv3.weight_ch547,3.0026841163635254
layer4.1.conv1.weight,101,layer4.1.conv1.weight_ch101,3.002495765686035
layer4.0.conv3.weight,1694,layer4.0.conv3.weight_ch1694,3.0021841526031494
layer3.3.conv3.weight,223,layer3.3.conv3.weight_ch223,3.000196695327759
layer4.0.conv3.weight,810,layer4.0.conv3.weight_ch810,3.0000929832458496
layer3.4.conv1.weight,32,layer3.4.conv1.weight_ch32,2.9999582767486572
layer4.0.conv3.weight,1950,layer4.0.conv3.weight_ch1950,2.9980173110961914
layer3.0.conv3.weight,443,layer3.0.conv3.weight_ch443,2.997610569000244
layer4.1.conv1.weight,231,layer4.1.conv1.weight_ch231,2.997488498687744
layer4.0.conv3.weight,515,layer4.0.conv3.weight_ch515,2.9972381591796875
layer3.2.conv3.weight,833,layer3.2.conv3.weight_ch833,2.9965882301330566
layer4.0.conv3.weight,1979,layer4.0.conv3.weight_ch1979,2.9947612285614014
layer4.1.conv1.weight,292,layer4.1.conv1.weight_ch292,2.99458384513855
layer3.0.conv3.weight,299,layer3.0.conv3.weight_ch299,2.9942808151245117
layer3.0.conv2.weight,9,layer3.0.conv2.weight_ch9,2.9938430786132812
layer3.0.conv2.weight,247,layer3.0.conv2.weight_ch247,2.9933462142944336
layer3.3.conv3.weight,756,layer3.3.conv3.weight_ch756,2.9918928146362305
layer4.0.conv3.weight,1967,layer4.0.conv3.weight_ch1967,2.9914188385009766
layer3.3.conv3.weight,290,layer3.3.conv3.weight_ch290,2.989882707595825
layer3.2.conv3.weight,862,layer3.2.conv3.weight_ch862,2.989227771759033
layer3.4.conv3.weight,485,layer3.4.conv3.weight_ch485,2.988830089569092
layer2.3.conv3.weight,449,layer2.3.conv3.weight_ch449,2.987614631652832
layer4.1.conv1.weight,335,layer4.1.conv1.weight_ch335,2.9871935844421387
layer3.4.conv3.weight,31,layer3.4.conv3.weight_ch31,2.9865126609802246
layer3.5.conv3.weight,325,layer3.5.conv3.weight_ch325,2.986213445663452
layer4.0.conv3.weight,182,layer4.0.conv3.weight_ch182,2.985835313796997
layer3.3.conv3.weight,114,layer3.3.conv3.weight_ch114,2.9855785369873047
layer3.4.conv1.weight,131,layer3.4.conv1.weight_ch131,2.984869956970215
layer3.0.conv2.weight,115,layer3.0.conv2.weight_ch115,2.9804608821868896
layer4.1.conv1.weight,479,layer4.1.conv1.weight_ch479,2.9804019927978516
layer3.4.conv3.weight,157,layer3.4.conv3.weight_ch157,2.980135917663574
layer4.0.conv3.weight,941,layer4.0.conv3.weight_ch941,2.9795169830322266
layer3.4.conv1.weight,90,layer3.4.conv1.weight_ch90,2.9787118434906006
layer4.0.conv3.weight,1467,layer4.0.conv3.weight_ch1467,2.977816104888916
layer3.4.conv1.weight,189,layer3.4.conv1.weight_ch189,2.977212905883789
layer3.0.conv2.weight,114,layer3.0.conv2.weight_ch114,2.9757871627807617
layer4.1.conv1.weight,110,layer4.1.conv1.weight_ch110,2.9733686447143555
layer4.0.conv3.weight,1784,layer4.0.conv3.weight_ch1784,2.9733049869537354
layer3.5.conv3.weight,385,layer3.5.conv3.weight_ch385,2.9730520248413086
layer3.5.conv3.weight,991,layer3.5.conv3.weight_ch991,2.9727072715759277
layer4.0.conv3.weight,1937,layer4.0.conv3.weight_ch1937,2.9724555015563965
layer3.4.conv3.weight,365,layer3.4.conv3.weight_ch365,2.9718782901763916
layer3.4.conv3.weight,699,layer3.4.conv3.weight_ch699,2.970557451248169
layer3.5.conv3.weight,414,layer3.5.conv3.weight_ch414,2.9704878330230713
layer3.3.conv3.weight,60,layer3.3.conv3.weight_ch60,2.969735622406006
layer4.1.conv1.weight,331,layer4.1.conv1.weight_ch331,2.9691340923309326
layer3.3.conv3.weight,802,layer3.3.conv3.weight_ch802,2.968580961227417
layer3.2.conv3.weight,592,layer3.2.conv3.weight_ch592,2.9685449600219727
layer3.5.conv3.weight,283,layer3.5.conv3.weight_ch283,2.9678635597229004
layer3.5.conv3.weight,308,layer3.5.conv3.weight_ch308,2.9676454067230225
layer3.0.conv3.weight,29,layer3.0.conv3.weight_ch29,2.967564105987549
layer4.0.conv3.weight,1834,layer4.0.conv3.weight_ch1834,2.9649858474731445
layer3.2.conv3.weight,420,layer3.2.conv3.weight_ch420,2.9647769927978516
layer2.3.conv3.weight,163,layer2.3.conv3.weight_ch163,2.9638514518737793
layer3.0.conv3.weight,761,layer3.0.conv3.weight_ch761,2.9623565673828125
layer3.2.conv1.weight,136,layer3.2.conv1.weight_ch136,2.961062431335449
layer4.0.conv3.weight,987,layer4.0.conv3.weight_ch987,2.959501028060913
layer3.0.conv2.weight,103,layer3.0.conv2.weight_ch103,2.957526206970215
layer3.0.conv2.weight,126,layer3.0.conv2.weight_ch126,2.9560232162475586
layer4.0.conv3.weight,700,layer4.0.conv3.weight_ch700,2.955500841140747
layer4.1.conv1.weight,398,layer4.1.conv1.weight_ch398,2.9546194076538086
layer3.4.conv3.weight,868,layer3.4.conv3.weight_ch868,2.9537973403930664
layer3.2.conv3.weight,772,layer3.2.conv3.weight_ch772,2.9528303146362305
layer3.5.conv3.weight,30,layer3.5.conv3.weight_ch30,2.952223062515259
layer3.4.conv3.weight,163,layer3.4.conv3.weight_ch163,2.9512948989868164
layer4.0.conv3.weight,861,layer4.0.conv3.weight_ch861,2.950212240219116
layer4.0.conv3.weight,281,layer4.0.conv3.weight_ch281,2.949533700942993
layer4.0.conv3.weight,1252,layer4.0.conv3.weight_ch1252,2.9493632316589355
layer3.3.conv3.weight,162,layer3.3.conv3.weight_ch162,2.9486212730407715
layer4.1.conv1.weight,189,layer4.1.conv1.weight_ch189,2.9484143257141113
layer4.0.conv3.weight,1159,layer4.0.conv3.weight_ch1159,2.948237657546997
layer4.1.conv1.weight,423,layer4.1.conv1.weight_ch423,2.9454565048217773
layer3.0.conv2.weight,112,layer3.0.conv2.weight_ch112,2.94315242767334
layer3.4.conv3.weight,983,layer3.4.conv3.weight_ch983,2.942120313644409
layer3.2.conv3.weight,260,layer3.2.conv3.weight_ch260,2.9416162967681885
layer3.3.conv3.weight,591,layer3.3.conv3.weight_ch591,2.9409918785095215
layer3.2.conv1.weight,223,layer3.2.conv1.weight_ch223,2.9400835037231445
layer3.2.conv1.weight,101,layer3.2.conv1.weight_ch101,2.9399662017822266
layer2.3.conv3.weight,488,layer2.3.conv3.weight_ch488,2.93996000289917
layer4.0.conv3.weight,1076,layer4.0.conv3.weight_ch1076,2.9390530586242676
layer4.0.conv3.weight,1792,layer4.0.conv3.weight_ch1792,2.937990665435791
layer4.1.conv1.weight,414,layer4.1.conv1.weight_ch414,2.9379162788391113
layer4.0.conv3.weight,1540,layer4.0.conv3.weight_ch1540,2.9362404346466064
layer4.1.conv1.weight,259,layer4.1.conv1.weight_ch259,2.935556411743164
layer3.4.conv1.weight,160,layer3.4.conv1.weight_ch160,2.935190200805664
layer4.0.conv3.weight,1634,layer4.0.conv3.weight_ch1634,2.9347493648529053
layer4.0.conv3.weight,1053,layer4.0.conv3.weight_ch1053,2.9340646266937256
layer4.0.conv3.weight,98,layer4.0.conv3.weight_ch98,2.9331469535827637
layer4.0.conv3.weight,689,layer4.0.conv3.weight_ch689,2.932372808456421
layer3.0.conv3.weight,161,layer3.0.conv3.weight_ch161,2.931678056716919
layer4.0.conv3.weight,1418,layer4.0.conv3.weight_ch1418,2.9315593242645264
layer3.2.conv3.weight,65,layer3.2.conv3.weight_ch65,2.9299778938293457
layer4.0.conv3.weight,1300,layer4.0.conv3.weight_ch1300,2.929861307144165
layer4.0.conv3.weight,1444,layer4.0.conv3.weight_ch1444,2.929812431335449
layer3.4.conv3.weight,486,layer3.4.conv3.weight_ch486,2.9286699295043945
layer3.0.conv2.weight,76,layer3.0.conv2.weight_ch76,2.928340435028076
layer4.0.conv3.weight,835,layer4.0.conv3.weight_ch835,2.9281327724456787
layer3.4.conv3.weight,773,layer3.4.conv3.weight_ch773,2.9266128540039062
layer3.4.conv3.weight,882,layer3.4.conv3.weight_ch882,2.926323413848877
layer4.1.conv1.weight,85,layer4.1.conv1.weight_ch85,2.926187515258789
layer4.0.conv3.weight,1087,layer4.0.conv3.weight_ch1087,2.925321340560913
layer3.4.conv3.weight,610,layer3.4.conv3.weight_ch610,2.9246840476989746
layer2.3.conv3.weight,467,layer2.3.conv3.weight_ch467,2.924572467803955
layer3.5.conv3.weight,575,layer3.5.conv3.weight_ch575,2.923955202102661
layer3.2.conv1.weight,216,layer3.2.conv1.weight_ch216,2.922241687774658
layer4.0.conv3.weight,1995,layer4.0.conv3.weight_ch1995,2.922229051589966
layer3.3.conv3.weight,292,layer3.3.conv3.weight_ch292,2.920098066329956
layer3.2.conv3.weight,709,layer3.2.conv3.weight_ch709,2.9200217723846436
layer4.0.conv3.weight,1208,layer4.0.conv3.weight_ch1208,2.917828321456909
layer3.2.conv3.weight,557,layer3.2.conv3.weight_ch557,2.9175031185150146
layer3.3.conv3.weight,864,layer3.3.conv3.weight_ch864,2.9168317317962646
layer3.4.conv3.weight,323,layer3.4.conv3.weight_ch323,2.9167399406433105
layer4.0.conv3.weight,1093,layer4.0.conv3.weight_ch1093,2.915696382522583
layer3.1.conv2.weight,182,layer3.1.conv2.weight_ch182,2.915519952774048
layer3.4.conv3.weight,697,layer3.4.conv3.weight_ch697,2.9148502349853516
layer3.4.conv3.weight,360,layer3.4.conv3.weight_ch360,2.913719892501831
layer3.4.conv1.weight,113,layer3.4.conv1.weight_ch113,2.913087844848633
layer4.1.conv1.weight,321,layer4.1.conv1.weight_ch321,2.912642240524292
layer4.0.conv3.weight,1551,layer4.0.conv3.weight_ch1551,2.9120001792907715
layer2.3.conv2.weight,22,layer2.3.conv2.weight_ch22,2.911599636077881
layer4.0.conv3.weight,848,layer4.0.conv3.weight_ch848,2.9114017486572266
layer3.0.conv3.weight,679,layer3.0.conv3.weight_ch679,2.9108376502990723
layer4.1.conv1.weight,171,layer4.1.conv1.weight_ch171,2.9097917079925537
layer3.2.conv3.weight,167,layer3.2.conv3.weight_ch167,2.9090681076049805
layer3.0.conv2.weight,74,layer3.0.conv2.weight_ch74,2.9086692333221436
layer4.0.conv3.weight,1428,layer4.0.conv3.weight_ch1428,2.9062328338623047
layer3.0.conv3.weight,671,layer3.0.conv3.weight_ch671,2.906184196472168
layer3.4.conv1.weight,111,layer3.4.conv1.weight_ch111,2.9055161476135254
layer4.0.conv3.weight,15,layer4.0.conv3.weight_ch15,2.9053194522857666
layer3.2.conv3.weight,691,layer3.2.conv3.weight_ch691,2.904670000076294
layer3.4.conv3.weight,239,layer3.4.conv3.weight_ch239,2.9023165702819824
layer3.5.conv3.weight,795,layer3.5.conv3.weight_ch795,2.900908946990967
layer2.3.conv2.weight,72,layer2.3.conv2.weight_ch72,2.8996388912200928
layer3.0.conv3.weight,543,layer3.0.conv3.weight_ch543,2.8987386226654053
layer2.3.conv3.weight,463,layer2.3.conv3.weight_ch463,2.8987278938293457
layer3.5.conv3.weight,448,layer3.5.conv3.weight_ch448,2.8978540897369385
layer4.0.conv3.weight,718,layer4.0.conv3.weight_ch718,2.897340774536133
layer2.3.conv3.weight,2,layer2.3.conv3.weight_ch2,2.89709210395813
layer4.0.conv3.weight,1489,layer4.0.conv3.weight_ch1489,2.8968751430511475
layer3.2.conv3.weight,678,layer3.2.conv3.weight_ch678,2.8964080810546875
layer3.3.conv3.weight,331,layer3.3.conv3.weight_ch331,2.896109104156494
layer3.4.conv3.weight,138,layer3.4.conv3.weight_ch138,2.895965576171875
layer3.5.conv3.weight,401,layer3.5.conv3.weight_ch401,2.8959617614746094
layer3.0.conv3.weight,825,layer3.0.conv3.weight_ch825,2.895458698272705
layer4.0.conv3.weight,440,layer4.0.conv3.weight_ch440,2.8951504230499268
layer3.2.conv3.weight,876,layer3.2.conv3.weight_ch876,2.89512300491333
layer4.0.conv3.weight,1601,layer4.0.conv3.weight_ch1601,2.892889976501465
layer4.0.conv3.weight,1362,layer4.0.conv3.weight_ch1362,2.8924105167388916
layer3.3.conv3.weight,317,layer3.3.conv3.weight_ch317,2.891658306121826
layer4.1.conv1.weight,45,layer4.1.conv1.weight_ch45,2.890960693359375
layer4.0.conv3.weight,1586,layer4.0.conv3.weight_ch1586,2.890753984451294
layer4.0.conv3.weight,936,layer4.0.conv3.weight_ch936,2.889392614364624
layer3.0.conv3.weight,686,layer3.0.conv3.weight_ch686,2.889192819595337
layer3.0.conv3.weight,540,layer3.0.conv3.weight_ch540,2.8886795043945312
layer2.0.conv1.weight,124,layer2.0.conv1.weight_ch124,2.888666868209839
layer4.0.conv3.weight,1269,layer4.0.conv3.weight_ch1269,2.8860387802124023
layer4.0.conv3.weight,1830,layer4.0.conv3.weight_ch1830,2.88450026512146
layer3.0.conv3.weight,647,layer3.0.conv3.weight_ch647,2.883134126663208
layer3.0.conv2.weight,132,layer3.0.conv2.weight_ch132,2.8812191486358643
layer3.0.conv3.weight,136,layer3.0.conv3.weight_ch136,2.8808841705322266
layer3.2.conv1.weight,164,layer3.2.conv1.weight_ch164,2.879688024520874
layer4.0.conv3.weight,1856,layer4.0.conv3.weight_ch1856,2.878758192062378
layer3.5.conv3.weight,943,layer3.5.conv3.weight_ch943,2.8786890506744385
layer3.4.conv3.weight,881,layer3.4.conv3.weight_ch881,2.878570795059204
layer3.5.conv3.weight,783,layer3.5.conv3.weight_ch783,2.878420829772949
layer3.1.conv2.weight,55,layer3.1.conv2.weight_ch55,2.8775148391723633
layer3.3.conv3.weight,783,layer3.3.conv3.weight_ch783,2.875925302505493
layer3.2.conv3.weight,142,layer3.2.conv3.weight_ch142,2.875272274017334
layer3.0.conv2.weight,193,layer3.0.conv2.weight_ch193,2.875128746032715
layer2.3.conv3.weight,173,layer2.3.conv3.weight_ch173,2.8739240169525146
layer3.2.conv3.weight,106,layer3.2.conv3.weight_ch106,2.8689143657684326
layer3.0.conv3.weight,767,layer3.0.conv3.weight_ch767,2.8676581382751465
layer3.3.conv3.weight,54,layer3.3.conv3.weight_ch54,2.8669815063476562
layer4.0.conv3.weight,1453,layer4.0.conv3.weight_ch1453,2.866640090942383
layer3.1.conv2.weight,44,layer3.1.conv2.weight_ch44,2.8648898601531982
layer4.0.conv3.weight,1977,layer4.0.conv3.weight_ch1977,2.864328145980835
layer4.0.conv3.weight,1020,layer4.0.conv3.weight_ch1020,2.8636739253997803
layer3.3.conv3.weight,867,layer3.3.conv3.weight_ch867,2.863588571548462
layer3.2.conv3.weight,390,layer3.2.conv3.weight_ch390,2.8635847568511963
layer4.0.conv3.weight,1077,layer4.0.conv3.weight_ch1077,2.863499164581299
layer3.2.conv3.weight,764,layer3.2.conv3.weight_ch764,2.862854242324829
layer4.0.conv3.weight,399,layer4.0.conv3.weight_ch399,2.8627102375030518
layer4.1.conv1.weight,373,layer4.1.conv1.weight_ch373,2.8625712394714355
layer3.4.conv3.weight,203,layer3.4.conv3.weight_ch203,2.862527847290039
layer3.2.conv3.weight,974,layer3.2.conv3.weight_ch974,2.8623647689819336
layer3.2.conv3.weight,744,layer3.2.conv3.weight_ch744,2.8623056411743164
layer3.3.conv3.weight,624,layer3.3.conv3.weight_ch624,2.8618125915527344
layer3.3.conv3.weight,428,layer3.3.conv3.weight_ch428,2.8615927696228027
layer3.0.conv3.weight,288,layer3.0.conv3.weight_ch288,2.86152720451355
layer4.1.conv1.weight,456,layer4.1.conv1.weight_ch456,2.860398292541504
layer3.0.conv3.weight,586,layer3.0.conv3.weight_ch586,2.8603014945983887
layer4.0.conv3.weight,1297,layer4.0.conv3.weight_ch1297,2.8600757122039795
layer3.4.conv3.weight,915,layer3.4.conv3.weight_ch915,2.85929012298584
layer4.0.conv3.weight,1028,layer4.0.conv3.weight_ch1028,2.8584699630737305
layer3.4.conv3.weight,724,layer3.4.conv3.weight_ch724,2.857992172241211
layer3.0.conv3.weight,560,layer3.0.conv3.weight_ch560,2.857767105102539
layer3.2.conv3.weight,971,layer3.2.conv3.weight_ch971,2.857349395751953
layer3.3.conv3.weight,895,layer3.3.conv3.weight_ch895,2.8555023670196533
layer4.0.conv3.weight,1139,layer4.0.conv3.weight_ch1139,2.854210376739502
layer4.0.conv3.weight,1065,layer4.0.conv3.weight_ch1065,2.854114294052124
layer4.0.conv3.weight,1682,layer4.0.conv3.weight_ch1682,2.8538622856140137
layer3.2.conv1.weight,150,layer3.2.conv1.weight_ch150,2.8532257080078125
layer3.4.conv1.weight,252,layer3.4.conv1.weight_ch252,2.853135585784912
layer2.3.conv3.weight,288,layer2.3.conv3.weight_ch288,2.8525888919830322
layer3.5.conv3.weight,138,layer3.5.conv3.weight_ch138,2.85201096534729
layer3.3.conv3.weight,933,layer3.3.conv3.weight_ch933,2.851846218109131
layer4.0.conv3.weight,1378,layer4.0.conv3.weight_ch1378,2.8517696857452393
layer4.0.conv3.weight,845,layer4.0.conv3.weight_ch845,2.849820375442505
layer4.0.conv3.weight,592,layer4.0.conv3.weight_ch592,2.8495869636535645
layer3.4.conv1.weight,0,layer3.4.conv1.weight_ch0,2.8477039337158203
layer3.0.conv3.weight,5,layer3.0.conv3.weight_ch5,2.8454995155334473
layer3.0.conv3.weight,86,layer3.0.conv3.weight_ch86,2.8446645736694336
layer4.1.conv1.weight,137,layer4.1.conv1.weight_ch137,2.8441052436828613
layer4.0.conv3.weight,1820,layer4.0.conv3.weight_ch1820,2.843068838119507
layer4.0.conv3.weight,643,layer4.0.conv3.weight_ch643,2.842932939529419
layer3.0.conv3.weight,925,layer3.0.conv3.weight_ch925,2.8419909477233887
layer4.0.conv3.weight,1296,layer4.0.conv3.weight_ch1296,2.838869571685791
layer4.0.conv3.weight,850,layer4.0.conv3.weight_ch850,2.8351619243621826
layer3.4.conv3.weight,797,layer3.4.conv3.weight_ch797,2.834974765777588
layer3.1.conv2.weight,178,layer3.1.conv2.weight_ch178,2.834591865539551
layer3.5.conv3.weight,313,layer3.5.conv3.weight_ch313,2.833799123764038
layer3.3.conv3.weight,371,layer3.3.conv3.weight_ch371,2.8333892822265625
layer3.5.conv3.weight,433,layer3.5.conv3.weight_ch433,2.833204746246338
layer3.3.conv3.weight,688,layer3.3.conv3.weight_ch688,2.833099842071533
layer3.3.conv3.weight,615,layer3.3.conv3.weight_ch615,2.8330392837524414
layer3.4.conv3.weight,795,layer3.4.conv3.weight_ch795,2.8327219486236572
layer3.5.conv3.weight,25,layer3.5.conv3.weight_ch25,2.831362247467041
layer4.0.conv3.weight,292,layer4.0.conv3.weight_ch292,2.831183433532715
layer4.0.conv3.weight,1348,layer4.0.conv3.weight_ch1348,2.8311548233032227
layer3.0.conv2.weight,34,layer3.0.conv2.weight_ch34,2.8296737670898438
layer4.0.conv3.weight,671,layer4.0.conv3.weight_ch671,2.8272976875305176
layer3.2.conv3.weight,406,layer3.2.conv3.weight_ch406,2.8257641792297363
layer4.0.conv3.weight,520,layer4.0.conv3.weight_ch520,2.825701951980591
layer3.5.conv3.weight,688,layer3.5.conv3.weight_ch688,2.8250460624694824
layer4.0.conv3.weight,1197,layer4.0.conv3.weight_ch1197,2.824664354324341
layer3.0.conv2.weight,234,layer3.0.conv2.weight_ch234,2.8241169452667236
layer3.2.conv1.weight,179,layer3.2.conv1.weight_ch179,2.823075294494629
layer4.0.conv3.weight,263,layer4.0.conv3.weight_ch263,2.8211987018585205
layer3.0.conv3.weight,133,layer3.0.conv3.weight_ch133,2.8201208114624023
layer3.2.conv1.weight,138,layer3.2.conv1.weight_ch138,2.8198020458221436
layer3.0.conv2.weight,68,layer3.0.conv2.weight_ch68,2.8193273544311523
layer3.0.conv2.weight,185,layer3.0.conv2.weight_ch185,2.818777561187744
layer4.1.conv1.weight,244,layer4.1.conv1.weight_ch244,2.818638324737549
layer4.0.conv3.weight,41,layer4.0.conv3.weight_ch41,2.8181228637695312
layer3.4.conv3.weight,778,layer3.4.conv3.weight_ch778,2.8161356449127197
layer3.0.conv3.weight,887,layer3.0.conv3.weight_ch887,2.8160324096679688
layer3.5.conv3.weight,678,layer3.5.conv3.weight_ch678,2.814927577972412
layer3.3.conv3.weight,744,layer3.3.conv3.weight_ch744,2.814762592315674
layer4.0.conv3.weight,2039,layer4.0.conv3.weight_ch2039,2.814365863800049
layer4.0.conv3.weight,1564,layer4.0.conv3.weight_ch1564,2.8139872550964355
layer3.3.conv3.weight,451,layer3.3.conv3.weight_ch451,2.813629627227783
layer3.4.conv3.weight,726,layer3.4.conv3.weight_ch726,2.8128631114959717
layer3.1.conv2.weight,218,layer3.1.conv2.weight_ch218,2.8103153705596924
layer3.0.conv2.weight,71,layer3.0.conv2.weight_ch71,2.809084892272949
layer3.4.conv3.weight,914,layer3.4.conv3.weight_ch914,2.806690216064453
layer3.4.conv3.weight,566,layer3.4.conv3.weight_ch566,2.8036375045776367
layer4.0.conv3.weight,906,layer4.0.conv3.weight_ch906,2.802492618560791
layer3.2.conv1.weight,5,layer3.2.conv1.weight_ch5,2.802151679992676
layer3.4.conv3.weight,845,layer3.4.conv3.weight_ch845,2.8015191555023193
layer2.3.conv2.weight,54,layer2.3.conv2.weight_ch54,2.801400661468506
layer3.2.conv1.weight,143,layer3.2.conv1.weight_ch143,2.7993295192718506
layer4.0.conv3.weight,355,layer4.0.conv3.weight_ch355,2.799265146255493
layer4.1.conv1.weight,274,layer4.1.conv1.weight_ch274,2.798307418823242
layer3.3.conv3.weight,177,layer3.3.conv3.weight_ch177,2.7979657649993896
layer3.2.conv3.weight,269,layer3.2.conv3.weight_ch269,2.7971420288085938
layer3.2.conv3.weight,967,layer3.2.conv3.weight_ch967,2.794416666030884
layer4.0.conv3.weight,437,layer4.0.conv3.weight_ch437,2.794271945953369
layer4.0.conv3.weight,964,layer4.0.conv3.weight_ch964,2.793781042098999
layer3.5.conv3.weight,973,layer3.5.conv3.weight_ch973,2.7936363220214844
layer4.0.conv3.weight,1610,layer4.0.conv3.weight_ch1610,2.7930121421813965
layer3.4.conv3.weight,625,layer3.4.conv3.weight_ch625,2.7928318977355957
layer3.4.conv3.weight,468,layer3.4.conv3.weight_ch468,2.792459487915039
layer3.3.conv3.weight,130,layer3.3.conv3.weight_ch130,2.792196750640869
layer3.4.conv3.weight,473,layer3.4.conv3.weight_ch473,2.791996955871582
layer3.0.conv3.weight,258,layer3.0.conv3.weight_ch258,2.791919708251953
layer3.3.conv3.weight,396,layer3.3.conv3.weight_ch396,2.791330337524414
layer3.5.conv3.weight,693,layer3.5.conv3.weight_ch693,2.79105281829834
layer3.5.conv3.weight,662,layer3.5.conv3.weight_ch662,2.7904927730560303
layer3.2.conv3.weight,365,layer3.2.conv3.weight_ch365,2.7900140285491943
layer4.0.conv3.weight,1025,layer4.0.conv3.weight_ch1025,2.7898976802825928
layer4.0.conv3.weight,462,layer4.0.conv3.weight_ch462,2.789743185043335
layer4.1.conv1.weight,502,layer4.1.conv1.weight_ch502,2.788285255432129
layer4.0.conv3.weight,198,layer4.0.conv3.weight_ch198,2.787994384765625
layer2.3.conv3.weight,154,layer2.3.conv3.weight_ch154,2.787916660308838
layer3.0.conv3.weight,910,layer3.0.conv3.weight_ch910,2.7876622676849365
layer2.0.conv1.weight,64,layer2.0.conv1.weight_ch64,2.786653995513916
layer3.2.conv3.weight,40,layer3.2.conv3.weight_ch40,2.7856266498565674
layer3.2.conv3.weight,104,layer3.2.conv3.weight_ch104,2.7854180335998535
layer3.0.conv3.weight,536,layer3.0.conv3.weight_ch536,2.783513069152832
layer4.1.conv1.weight,93,layer4.1.conv1.weight_ch93,2.7819764614105225
layer2.3.conv2.weight,69,layer2.3.conv2.weight_ch69,2.779836893081665
layer3.4.conv1.weight,198,layer3.4.conv1.weight_ch198,2.7790260314941406
layer4.0.conv3.weight,1687,layer4.0.conv3.weight_ch1687,2.77866792678833
layer4.0.conv3.weight,1618,layer4.0.conv3.weight_ch1618,2.7784852981567383
layer3.3.conv3.weight,329,layer3.3.conv3.weight_ch329,2.7779757976531982
layer2.3.conv3.weight,314,layer2.3.conv3.weight_ch314,2.7748401165008545
layer4.0.conv3.weight,1580,layer4.0.conv3.weight_ch1580,2.7729642391204834
layer3.3.conv3.weight,154,layer3.3.conv3.weight_ch154,2.7705094814300537
layer3.4.conv3.weight,528,layer3.4.conv3.weight_ch528,2.7704555988311768
layer3.5.conv3.weight,846,layer3.5.conv3.weight_ch846,2.7694857120513916
layer3.4.conv1.weight,152,layer3.4.conv1.weight_ch152,2.7684619426727295
layer4.0.conv3.weight,1292,layer4.0.conv3.weight_ch1292,2.7681896686553955
layer4.1.conv1.weight,160,layer4.1.conv1.weight_ch160,2.767259359359741
layer3.0.conv3.weight,100,layer3.0.conv3.weight_ch100,2.7648608684539795
layer3.2.conv3.weight,277,layer3.2.conv3.weight_ch277,2.764617681503296
layer3.3.conv3.weight,553,layer3.3.conv3.weight_ch553,2.7643818855285645
layer4.0.conv3.weight,883,layer4.0.conv3.weight_ch883,2.762751579284668
layer4.1.conv1.weight,154,layer4.1.conv1.weight_ch154,2.7617475986480713
layer4.0.conv3.weight,827,layer4.0.conv3.weight_ch827,2.761620044708252
layer4.0.conv3.weight,1334,layer4.0.conv3.weight_ch1334,2.7615272998809814
layer3.3.conv3.weight,69,layer3.3.conv3.weight_ch69,2.759019613265991
layer3.5.conv3.weight,496,layer3.5.conv3.weight_ch496,2.7589426040649414
layer4.0.conv3.weight,383,layer4.0.conv3.weight_ch383,2.7587838172912598
layer3.4.conv3.weight,591,layer3.4.conv3.weight_ch591,2.7583107948303223
layer3.4.conv3.weight,656,layer3.4.conv3.weight_ch656,2.7574462890625
layer3.2.conv3.weight,917,layer3.2.conv3.weight_ch917,2.7574408054351807
layer2.3.conv3.weight,283,layer2.3.conv3.weight_ch283,2.757107973098755
layer3.2.conv3.weight,370,layer3.2.conv3.weight_ch370,2.756485939025879
layer3.2.conv3.weight,536,layer3.2.conv3.weight_ch536,2.756300926208496
layer3.3.conv3.weight,252,layer3.3.conv3.weight_ch252,2.754948854446411
layer4.0.conv3.weight,802,layer4.0.conv3.weight_ch802,2.7545366287231445
layer3.2.conv3.weight,46,layer3.2.conv3.weight_ch46,2.7517545223236084
layer3.0.conv2.weight,253,layer3.0.conv2.weight_ch253,2.7515182495117188
layer3.2.conv3.weight,588,layer3.2.conv3.weight_ch588,2.7498345375061035
layer4.0.conv3.weight,1652,layer4.0.conv3.weight_ch1652,2.747525691986084
layer4.1.conv1.weight,295,layer4.1.conv1.weight_ch295,2.746131658554077
layer3.5.conv3.weight,883,layer3.5.conv3.weight_ch883,2.7440404891967773
layer3.3.conv3.weight,141,layer3.3.conv3.weight_ch141,2.7426795959472656
layer3.0.conv2.weight,96,layer3.0.conv2.weight_ch96,2.7415690422058105
layer3.2.conv3.weight,593,layer3.2.conv3.weight_ch593,2.741237163543701
layer3.5.conv3.weight,595,layer3.5.conv3.weight_ch595,2.7403876781463623
layer3.3.conv3.weight,1004,layer3.3.conv3.weight_ch1004,2.7400553226470947
layer3.3.conv3.weight,526,layer3.3.conv3.weight_ch526,2.7383689880371094
layer3.4.conv3.weight,212,layer3.4.conv3.weight_ch212,2.7382960319519043
layer3.2.conv1.weight,233,layer3.2.conv1.weight_ch233,2.7375502586364746
layer4.1.conv1.weight,130,layer4.1.conv1.weight_ch130,2.737377405166626
layer3.0.conv3.weight,718,layer3.0.conv3.weight_ch718,2.735914707183838
layer4.1.conv1.weight,395,layer4.1.conv1.weight_ch395,2.735447883605957
layer4.0.conv3.weight,554,layer4.0.conv3.weight_ch554,2.7351393699645996
layer3.4.conv1.weight,184,layer3.4.conv1.weight_ch184,2.7350401878356934
layer4.0.conv3.weight,744,layer4.0.conv3.weight_ch744,2.733771562576294
layer3.5.conv3.weight,982,layer3.5.conv3.weight_ch982,2.7333314418792725
layer3.0.conv3.weight,94,layer3.0.conv3.weight_ch94,2.7331676483154297
layer2.3.conv2.weight,1,layer2.3.conv2.weight_ch1,2.7328033447265625
layer3.0.conv3.weight,531,layer3.0.conv3.weight_ch531,2.731956958770752
layer4.1.conv1.weight,397,layer4.1.conv1.weight_ch397,2.731736183166504
layer3.2.conv3.weight,7,layer3.2.conv3.weight_ch7,2.7316319942474365
layer3.5.conv3.weight,13,layer3.5.conv3.weight_ch13,2.7306604385375977
layer3.3.conv3.weight,571,layer3.3.conv3.weight_ch571,2.7293448448181152
layer3.5.conv3.weight,257,layer3.5.conv3.weight_ch257,2.729113817214966
layer4.0.conv3.weight,310,layer4.0.conv3.weight_ch310,2.729031562805176
layer3.3.conv3.weight,170,layer3.3.conv3.weight_ch170,2.728304386138916
layer2.0.conv1.weight,68,layer2.0.conv1.weight_ch68,2.7280433177948
layer4.0.conv3.weight,50,layer4.0.conv3.weight_ch50,2.727250099182129
layer3.0.conv3.weight,439,layer3.0.conv3.weight_ch439,2.7268381118774414
layer4.1.conv1.weight,428,layer4.1.conv1.weight_ch428,2.7262463569641113
layer4.0.conv3.weight,701,layer4.0.conv3.weight_ch701,2.7260186672210693
layer4.1.conv1.weight,119,layer4.1.conv1.weight_ch119,2.7243905067443848
layer3.1.conv2.weight,47,layer3.1.conv2.weight_ch47,2.724238872528076
layer2.3.conv3.weight,307,layer2.3.conv3.weight_ch307,2.724134922027588
layer3.2.conv3.weight,633,layer3.2.conv3.weight_ch633,2.7237322330474854
layer4.0.conv3.weight,1063,layer4.0.conv3.weight_ch1063,2.723443031311035
layer3.2.conv1.weight,156,layer3.2.conv1.weight_ch156,2.7234244346618652
layer4.0.conv3.weight,1235,layer4.0.conv3.weight_ch1235,2.7233171463012695
layer3.5.conv3.weight,920,layer3.5.conv3.weight_ch920,2.72292423248291
layer4.0.conv3.weight,858,layer4.0.conv3.weight_ch858,2.7224180698394775
layer3.2.conv3.weight,543,layer3.2.conv3.weight_ch543,2.722376585006714
layer3.4.conv3.weight,147,layer3.4.conv3.weight_ch147,2.722318649291992
layer3.3.conv3.weight,1023,layer3.3.conv3.weight_ch1023,2.7215423583984375
layer3.2.conv3.weight,878,layer3.2.conv3.weight_ch878,2.721219539642334
layer3.4.conv3.weight,752,layer3.4.conv3.weight_ch752,2.721216917037964
layer3.3.conv3.weight,987,layer3.3.conv3.weight_ch987,2.720651388168335
layer4.0.conv3.weight,406,layer4.0.conv3.weight_ch406,2.7203736305236816
layer3.4.conv3.weight,284,layer3.4.conv3.weight_ch284,2.7196009159088135
layer4.0.conv3.weight,914,layer4.0.conv3.weight_ch914,2.7195651531219482
layer3.3.conv3.weight,645,layer3.3.conv3.weight_ch645,2.719081401824951
layer3.4.conv3.weight,431,layer3.4.conv3.weight_ch431,2.718796491622925
layer3.0.conv3.weight,338,layer3.0.conv3.weight_ch338,2.7187421321868896
layer3.0.conv2.weight,206,layer3.0.conv2.weight_ch206,2.7185957431793213
layer4.0.conv3.weight,660,layer4.0.conv3.weight_ch660,2.717360734939575
layer3.1.conv2.weight,149,layer3.1.conv2.weight_ch149,2.716918706893921
layer3.5.conv3.weight,428,layer3.5.conv3.weight_ch428,2.716637372970581
layer3.2.conv3.weight,296,layer3.2.conv3.weight_ch296,2.716456413269043
layer3.4.conv3.weight,209,layer3.4.conv3.weight_ch209,2.7162742614746094
layer3.1.conv2.weight,52,layer3.1.conv2.weight_ch52,2.715330123901367
layer3.4.conv3.weight,162,layer3.4.conv3.weight_ch162,2.7151217460632324
layer4.0.conv3.weight,1963,layer4.0.conv3.weight_ch1963,2.7150700092315674
layer3.0.conv2.weight,1,layer3.0.conv2.weight_ch1,2.714411973953247
layer3.2.conv1.weight,123,layer3.2.conv1.weight_ch123,2.7144064903259277
layer3.0.conv3.weight,781,layer3.0.conv3.weight_ch781,2.714083194732666
layer3.3.conv3.weight,366,layer3.3.conv3.weight_ch366,2.713756561279297
layer4.0.conv3.weight,785,layer4.0.conv3.weight_ch785,2.713409662246704
layer3.4.conv3.weight,822,layer3.4.conv3.weight_ch822,2.7133970260620117
layer4.0.conv3.weight,395,layer4.0.conv3.weight_ch395,2.711827278137207
layer4.0.conv3.weight,1318,layer4.0.conv3.weight_ch1318,2.7113683223724365
layer4.0.conv3.weight,1360,layer4.0.conv3.weight_ch1360,2.7100982666015625
layer3.4.conv3.weight,210,layer3.4.conv3.weight_ch210,2.709643602371216
layer3.0.conv3.weight,37,layer3.0.conv3.weight_ch37,2.7092833518981934
layer4.0.conv3.weight,143,layer4.0.conv3.weight_ch143,2.709259033203125
layer3.5.conv3.weight,137,layer3.5.conv3.weight_ch137,2.709244966506958
layer4.0.conv3.weight,1164,layer4.0.conv3.weight_ch1164,2.7083046436309814
layer4.1.conv1.weight,315,layer4.1.conv1.weight_ch315,2.707862377166748
layer4.0.conv3.weight,107,layer4.0.conv3.weight_ch107,2.7076096534729004
layer3.2.conv3.weight,297,layer3.2.conv3.weight_ch297,2.7075188159942627
layer4.0.conv3.weight,1388,layer4.0.conv3.weight_ch1388,2.7061643600463867
layer3.2.conv1.weight,34,layer3.2.conv1.weight_ch34,2.7057366371154785
layer3.0.conv2.weight,111,layer3.0.conv2.weight_ch111,2.705230236053467
layer3.2.conv3.weight,435,layer3.2.conv3.weight_ch435,2.7051825523376465
layer4.1.conv1.weight,241,layer4.1.conv1.weight_ch241,2.7049624919891357
layer2.3.conv3.weight,182,layer2.3.conv3.weight_ch182,2.7035317420959473
layer3.2.conv1.weight,198,layer3.2.conv1.weight_ch198,2.7022974491119385
layer3.5.conv3.weight,547,layer3.5.conv3.weight_ch547,2.7020492553710938
layer3.1.conv2.weight,216,layer3.1.conv2.weight_ch216,2.7017931938171387
layer3.5.conv3.weight,934,layer3.5.conv3.weight_ch934,2.7015540599823
layer4.1.conv1.weight,326,layer4.1.conv1.weight_ch326,2.7011895179748535
layer4.0.conv3.weight,1944,layer4.0.conv3.weight_ch1944,2.7011547088623047
layer4.1.conv1.weight,357,layer4.1.conv1.weight_ch357,2.698989152908325
layer3.4.conv3.weight,708,layer3.4.conv3.weight_ch708,2.697922706604004
layer4.0.conv3.weight,1246,layer4.0.conv3.weight_ch1246,2.6973752975463867
layer4.0.conv3.weight,1700,layer4.0.conv3.weight_ch1700,2.697025775909424
layer3.4.conv3.weight,935,layer3.4.conv3.weight_ch935,2.6966331005096436
layer3.4.conv1.weight,42,layer3.4.conv1.weight_ch42,2.6947898864746094
layer4.0.conv3.weight,155,layer4.0.conv3.weight_ch155,2.6942245960235596
layer3.3.conv3.weight,988,layer3.3.conv3.weight_ch988,2.6941847801208496
layer3.2.conv3.weight,14,layer3.2.conv3.weight_ch14,2.693866014480591
layer4.1.conv1.weight,250,layer4.1.conv1.weight_ch250,2.6937930583953857
layer4.0.conv3.weight,519,layer4.0.conv3.weight_ch519,2.6932015419006348
layer3.5.conv3.weight,581,layer3.5.conv3.weight_ch581,2.692030191421509
layer4.0.conv3.weight,573,layer4.0.conv3.weight_ch573,2.6914379596710205
layer4.0.conv3.weight,824,layer4.0.conv3.weight_ch824,2.6912217140197754
layer2.3.conv3.weight,343,layer2.3.conv3.weight_ch343,2.689631223678589
layer4.0.conv3.weight,1304,layer4.0.conv3.weight_ch1304,2.689558267593384
layer3.2.conv3.weight,964,layer3.2.conv3.weight_ch964,2.688502788543701
layer3.3.conv3.weight,449,layer3.3.conv3.weight_ch449,2.687732696533203
layer3.0.conv3.weight,515,layer3.0.conv3.weight_ch515,2.686846971511841
layer3.0.conv3.weight,901,layer3.0.conv3.weight_ch901,2.6860461235046387
layer4.0.conv3.weight,1503,layer4.0.conv3.weight_ch1503,2.6854312419891357
layer3.0.conv3.weight,619,layer3.0.conv3.weight_ch619,2.6846423149108887
layer4.0.conv3.weight,571,layer4.0.conv3.weight_ch571,2.6837573051452637
layer3.1.conv2.weight,230,layer3.1.conv2.weight_ch230,2.68304443359375
layer4.1.conv1.weight,152,layer4.1.conv1.weight_ch152,2.682860851287842
layer4.0.conv3.weight,542,layer4.0.conv3.weight_ch542,2.6820240020751953
layer4.0.conv3.weight,1278,layer4.0.conv3.weight_ch1278,2.681978940963745
layer4.0.conv3.weight,1716,layer4.0.conv3.weight_ch1716,2.6818747520446777
layer3.2.conv3.weight,598,layer3.2.conv3.weight_ch598,2.680971145629883
layer3.5.conv3.weight,649,layer3.5.conv3.weight_ch649,2.680332899093628
layer3.3.conv3.weight,324,layer3.3.conv3.weight_ch324,2.679530382156372
layer2.3.conv2.weight,94,layer2.3.conv2.weight_ch94,2.6791763305664062
layer3.1.conv2.weight,160,layer3.1.conv2.weight_ch160,2.6787467002868652
layer2.3.conv3.weight,218,layer2.3.conv3.weight_ch218,2.678370237350464
layer3.3.conv3.weight,197,layer3.3.conv3.weight_ch197,2.677506923675537
layer3.4.conv3.weight,215,layer3.4.conv3.weight_ch215,2.6769938468933105
layer4.0.conv3.weight,606,layer4.0.conv3.weight_ch606,2.6742465496063232
layer3.1.conv2.weight,28,layer3.1.conv2.weight_ch28,2.6727664470672607
layer4.0.conv3.weight,104,layer4.0.conv3.weight_ch104,2.6722540855407715
layer3.4.conv3.weight,835,layer3.4.conv3.weight_ch835,2.6720144748687744
layer4.1.conv1.weight,306,layer4.1.conv1.weight_ch306,2.672002077102661
layer4.0.conv3.weight,489,layer4.0.conv3.weight_ch489,2.6718430519104004
layer3.0.conv2.weight,51,layer3.0.conv2.weight_ch51,2.670841693878174
layer3.5.conv3.weight,226,layer3.5.conv3.weight_ch226,2.670743227005005
layer3.3.conv3.weight,30,layer3.3.conv3.weight_ch30,2.6700034141540527
layer3.4.conv3.weight,701,layer3.4.conv3.weight_ch701,2.669938087463379
layer3.3.conv3.weight,820,layer3.3.conv3.weight_ch820,2.669808864593506
layer3.3.conv3.weight,318,layer3.3.conv3.weight_ch318,2.669625759124756
layer4.0.conv3.weight,1764,layer4.0.conv3.weight_ch1764,2.669420003890991
layer3.4.conv3.weight,690,layer3.4.conv3.weight_ch690,2.669306516647339
layer4.0.conv3.weight,196,layer4.0.conv3.weight_ch196,2.668997049331665
layer3.2.conv3.weight,787,layer3.2.conv3.weight_ch787,2.668776035308838
layer3.5.conv3.weight,988,layer3.5.conv3.weight_ch988,2.668579578399658
layer4.0.conv3.weight,2044,layer4.0.conv3.weight_ch2044,2.668064832687378
layer2.3.conv3.weight,251,layer2.3.conv3.weight_ch251,2.667836904525757
layer4.1.conv1.weight,16,layer4.1.conv1.weight_ch16,2.667487859725952
layer4.0.conv3.weight,1285,layer4.0.conv3.weight_ch1285,2.6673498153686523
layer3.4.conv3.weight,1013,layer3.4.conv3.weight_ch1013,2.665173053741455
layer4.0.conv3.weight,804,layer4.0.conv3.weight_ch804,2.664869785308838
layer3.3.conv3.weight,784,layer3.3.conv3.weight_ch784,2.6631057262420654
layer3.2.conv3.weight,1006,layer3.2.conv3.weight_ch1006,2.662144660949707
layer4.0.conv3.weight,382,layer4.0.conv3.weight_ch382,2.661752223968506
layer3.4.conv3.weight,174,layer3.4.conv3.weight_ch174,2.661649227142334
layer4.0.conv3.weight,1592,layer4.0.conv3.weight_ch1592,2.660961389541626
layer3.4.conv3.weight,564,layer3.4.conv3.weight_ch564,2.6608686447143555
layer3.4.conv3.weight,719,layer3.4.conv3.weight_ch719,2.6607251167297363
layer4.0.conv3.weight,733,layer4.0.conv3.weight_ch733,2.660644054412842
layer3.4.conv1.weight,44,layer3.4.conv1.weight_ch44,2.6599392890930176
layer3.4.conv3.weight,960,layer3.4.conv3.weight_ch960,2.6593470573425293
layer3.0.conv2.weight,214,layer3.0.conv2.weight_ch214,2.659212589263916
layer3.3.conv3.weight,982,layer3.3.conv3.weight_ch982,2.6590681076049805
layer4.0.conv3.weight,814,layer4.0.conv3.weight_ch814,2.6589088439941406
layer3.0.conv3.weight,382,layer3.0.conv3.weight_ch382,2.6586050987243652
layer4.0.conv3.weight,1577,layer4.0.conv3.weight_ch1577,2.6585195064544678
layer2.3.conv3.weight,406,layer2.3.conv3.weight_ch406,2.6585025787353516
layer3.2.conv1.weight,16,layer3.2.conv1.weight_ch16,2.6583621501922607
layer3.1.conv2.weight,212,layer3.1.conv2.weight_ch212,2.658053398132324
layer3.0.conv3.weight,700,layer3.0.conv3.weight_ch700,2.6578762531280518
layer3.4.conv1.weight,83,layer3.4.conv1.weight_ch83,2.6559109687805176
layer3.3.conv3.weight,209,layer3.3.conv3.weight_ch209,2.6550650596618652
layer3.0.conv2.weight,45,layer3.0.conv2.weight_ch45,2.654171943664551
layer3.2.conv3.weight,873,layer3.2.conv3.weight_ch873,2.653942823410034
layer2.3.conv3.weight,448,layer2.3.conv3.weight_ch448,2.6537578105926514
layer4.0.conv3.weight,1109,layer4.0.conv3.weight_ch1109,2.6532795429229736
layer3.3.conv3.weight,71,layer3.3.conv3.weight_ch71,2.6522109508514404
layer4.1.conv1.weight,205,layer4.1.conv1.weight_ch205,2.651052713394165
layer3.4.conv3.weight,987,layer3.4.conv3.weight_ch987,2.6505861282348633
layer4.0.conv3.weight,394,layer4.0.conv3.weight_ch394,2.650252103805542
layer3.2.conv3.weight,230,layer3.2.conv3.weight_ch230,2.649099588394165
layer4.0.conv3.weight,1125,layer4.0.conv3.weight_ch1125,2.6486849784851074
layer3.4.conv3.weight,1006,layer3.4.conv3.weight_ch1006,2.6485087871551514
layer3.5.conv3.weight,858,layer3.5.conv3.weight_ch858,2.6481003761291504
layer2.3.conv2.weight,51,layer2.3.conv2.weight_ch51,2.647543430328369
layer4.0.conv3.weight,72,layer4.0.conv3.weight_ch72,2.645711898803711
layer3.4.conv3.weight,352,layer3.4.conv3.weight_ch352,2.6456520557403564
layer3.3.conv3.weight,1001,layer3.3.conv3.weight_ch1001,2.645338535308838
layer3.0.conv3.weight,907,layer3.0.conv3.weight_ch907,2.6452059745788574
layer4.0.conv3.weight,1890,layer4.0.conv3.weight_ch1890,2.644774913787842
layer3.0.conv3.weight,991,layer3.0.conv3.weight_ch991,2.644472122192383
layer2.3.conv3.weight,161,layer2.3.conv3.weight_ch161,2.6441590785980225
layer3.4.conv3.weight,713,layer3.4.conv3.weight_ch713,2.6436269283294678
layer3.5.conv3.weight,741,layer3.5.conv3.weight_ch741,2.6431796550750732
layer4.1.conv1.weight,163,layer4.1.conv1.weight_ch163,2.6417109966278076
layer4.0.conv3.weight,354,layer4.0.conv3.weight_ch354,2.641223192214966
layer3.2.conv1.weight,41,layer3.2.conv1.weight_ch41,2.6411595344543457
layer3.5.conv3.weight,42,layer3.5.conv3.weight_ch42,2.640676975250244
layer3.4.conv3.weight,630,layer3.4.conv3.weight_ch630,2.6402859687805176
layer4.0.conv3.weight,230,layer4.0.conv3.weight_ch230,2.640085220336914
layer3.3.conv3.weight,766,layer3.3.conv3.weight_ch766,2.6400294303894043
layer3.5.conv3.weight,415,layer3.5.conv3.weight_ch415,2.6392765045166016
layer3.2.conv1.weight,98,layer3.2.conv1.weight_ch98,2.6385815143585205
layer3.3.conv3.weight,220,layer3.3.conv3.weight_ch220,2.637826681137085
layer3.0.conv3.weight,283,layer3.0.conv3.weight_ch283,2.6377251148223877
layer3.2.conv3.weight,19,layer3.2.conv3.weight_ch19,2.6373112201690674
layer3.4.conv3.weight,51,layer3.4.conv3.weight_ch51,2.6365766525268555
layer4.0.conv3.weight,1616,layer4.0.conv3.weight_ch1616,2.6359896659851074
layer4.0.conv3.weight,1015,layer4.0.conv3.weight_ch1015,2.635899066925049
layer3.2.conv3.weight,937,layer3.2.conv3.weight_ch937,2.635684013366699
layer3.4.conv3.weight,826,layer3.4.conv3.weight_ch826,2.635648727416992
layer4.1.conv1.weight,339,layer4.1.conv1.weight_ch339,2.633702039718628
layer3.3.conv3.weight,809,layer3.3.conv3.weight_ch809,2.6332859992980957
layer3.2.conv3.weight,317,layer3.2.conv3.weight_ch317,2.631086826324463
layer3.4.conv3.weight,170,layer3.4.conv3.weight_ch170,2.63095760345459
layer3.2.conv1.weight,60,layer3.2.conv1.weight_ch60,2.630434989929199
layer3.4.conv3.weight,198,layer3.4.conv3.weight_ch198,2.629826307296753
layer3.2.conv1.weight,75,layer3.2.conv1.weight_ch75,2.627687454223633
layer4.0.conv3.weight,1822,layer4.0.conv3.weight_ch1822,2.627642869949341
layer3.4.conv1.weight,150,layer3.4.conv1.weight_ch150,2.6272430419921875
layer3.2.conv3.weight,78,layer3.2.conv3.weight_ch78,2.625823736190796
layer2.3.conv3.weight,103,layer2.3.conv3.weight_ch103,2.625352144241333
layer3.4.conv3.weight,503,layer3.4.conv3.weight_ch503,2.6234452724456787
layer3.2.conv3.weight,70,layer3.2.conv3.weight_ch70,2.6231138706207275
layer4.0.conv3.weight,1315,layer4.0.conv3.weight_ch1315,2.6220617294311523
layer3.1.conv2.weight,215,layer3.1.conv2.weight_ch215,2.621800184249878
layer4.0.conv3.weight,1896,layer4.0.conv3.weight_ch1896,2.6212196350097656
layer3.4.conv3.weight,67,layer3.4.conv3.weight_ch67,2.621063232421875
layer3.0.conv3.weight,24,layer3.0.conv3.weight_ch24,2.620960235595703
layer3.0.conv3.weight,527,layer3.0.conv3.weight_ch527,2.6205568313598633
layer3.0.conv2.weight,124,layer3.0.conv2.weight_ch124,2.62032413482666
layer3.0.conv3.weight,1009,layer3.0.conv3.weight_ch1009,2.6201183795928955
layer3.0.conv3.weight,262,layer3.0.conv3.weight_ch262,2.6196277141571045
layer4.0.conv3.weight,1393,layer4.0.conv3.weight_ch1393,2.619575023651123
layer4.0.conv3.weight,100,layer4.0.conv3.weight_ch100,2.619426727294922
layer4.0.conv3.weight,905,layer4.0.conv3.weight_ch905,2.6193156242370605
layer4.1.conv1.weight,95,layer4.1.conv1.weight_ch95,2.6187310218811035
layer2.3.conv3.weight,179,layer2.3.conv3.weight_ch179,2.618647336959839
layer4.1.conv1.weight,445,layer4.1.conv1.weight_ch445,2.6180830001831055
layer4.0.conv3.weight,935,layer4.0.conv3.weight_ch935,2.6174380779266357
layer4.1.conv1.weight,7,layer4.1.conv1.weight_ch7,2.6171796321868896
layer3.4.conv1.weight,22,layer3.4.conv1.weight_ch22,2.6170101165771484
layer3.0.conv3.weight,220,layer3.0.conv3.weight_ch220,2.6160519123077393
layer4.1.conv1.weight,148,layer4.1.conv1.weight_ch148,2.615891933441162
layer4.0.conv3.weight,842,layer4.0.conv3.weight_ch842,2.6158623695373535
layer4.0.conv3.weight,1867,layer4.0.conv3.weight_ch1867,2.6144628524780273
layer4.1.conv1.weight,73,layer4.1.conv1.weight_ch73,2.6141958236694336
layer4.0.conv3.weight,955,layer4.0.conv3.weight_ch955,2.6138315200805664
layer4.1.conv1.weight,311,layer4.1.conv1.weight_ch311,2.6130666732788086
layer4.0.conv3.weight,668,layer4.0.conv3.weight_ch668,2.611671209335327
layer3.0.conv3.weight,865,layer3.0.conv3.weight_ch865,2.611581563949585
layer3.0.conv2.weight,231,layer3.0.conv2.weight_ch231,2.6114726066589355
layer3.2.conv3.weight,140,layer3.2.conv3.weight_ch140,2.61116099357605
layer4.0.conv3.weight,1117,layer4.0.conv3.weight_ch1117,2.610974073410034
layer4.1.conv1.weight,408,layer4.1.conv1.weight_ch408,2.6109633445739746
layer3.0.conv3.weight,569,layer3.0.conv3.weight_ch569,2.6109602451324463
layer3.2.conv3.weight,753,layer3.2.conv3.weight_ch753,2.610355854034424
layer4.0.conv3.weight,377,layer4.0.conv3.weight_ch377,2.610320806503296
layer4.0.conv3.weight,62,layer4.0.conv3.weight_ch62,2.6092207431793213
layer4.0.conv3.weight,34,layer4.0.conv3.weight_ch34,2.609198808670044
layer3.2.conv3.weight,879,layer3.2.conv3.weight_ch879,2.609006404876709
layer4.0.conv3.weight,149,layer4.0.conv3.weight_ch149,2.60886549949646
layer4.0.conv3.weight,532,layer4.0.conv3.weight_ch532,2.608800172805786
layer3.2.conv3.weight,695,layer3.2.conv3.weight_ch695,2.608351707458496
layer3.2.conv3.weight,594,layer3.2.conv3.weight_ch594,2.6079797744750977
layer3.0.conv3.weight,838,layer3.0.conv3.weight_ch838,2.607163429260254
layer3.4.conv3.weight,388,layer3.4.conv3.weight_ch388,2.6069109439849854
layer3.0.conv3.weight,43,layer3.0.conv3.weight_ch43,2.606336832046509
layer4.1.conv1.weight,31,layer4.1.conv1.weight_ch31,2.606142520904541
layer4.0.conv3.weight,1177,layer4.0.conv3.weight_ch1177,2.6056838035583496
layer3.5.conv3.weight,771,layer3.5.conv3.weight_ch771,2.605093240737915
layer3.2.conv3.weight,1002,layer3.2.conv3.weight_ch1002,2.604299306869507
layer4.0.conv3.weight,1135,layer4.0.conv3.weight_ch1135,2.6040990352630615
layer3.5.conv3.weight,207,layer3.5.conv3.weight_ch207,2.60396671295166
layer3.2.conv3.weight,687,layer3.2.conv3.weight_ch687,2.6034584045410156
layer3.5.conv3.weight,580,layer3.5.conv3.weight_ch580,2.6029701232910156
layer3.5.conv3.weight,641,layer3.5.conv3.weight_ch641,2.601614236831665
layer2.3.conv3.weight,16,layer2.3.conv3.weight_ch16,2.6009130477905273
layer4.0.conv3.weight,1480,layer4.0.conv3.weight_ch1480,2.599487781524658
layer4.0.conv3.weight,1680,layer4.0.conv3.weight_ch1680,2.5992183685302734
layer3.3.conv3.weight,644,layer3.3.conv3.weight_ch644,2.597658634185791
layer3.0.conv3.weight,58,layer3.0.conv3.weight_ch58,2.5976405143737793
layer3.0.conv3.weight,17,layer3.0.conv3.weight_ch17,2.597567558288574
layer3.5.conv3.weight,593,layer3.5.conv3.weight_ch593,2.5971758365631104
layer3.0.conv3.weight,655,layer3.0.conv3.weight_ch655,2.5955867767333984
layer4.0.conv3.weight,1085,layer4.0.conv3.weight_ch1085,2.5954244136810303
layer4.1.conv1.weight,230,layer4.1.conv1.weight_ch230,2.594738245010376
layer4.0.conv3.weight,1154,layer4.0.conv3.weight_ch1154,2.593559741973877
layer3.0.conv2.weight,55,layer3.0.conv2.weight_ch55,2.592926263809204
layer3.5.conv3.weight,229,layer3.5.conv3.weight_ch229,2.5911242961883545
layer4.0.conv3.weight,1739,layer4.0.conv3.weight_ch1739,2.591118812561035
layer3.2.conv3.weight,49,layer3.2.conv3.weight_ch49,2.590027093887329
layer3.2.conv3.weight,179,layer3.2.conv3.weight_ch179,2.5896682739257812
layer4.1.conv1.weight,405,layer4.1.conv1.weight_ch405,2.589536428451538
layer3.3.conv3.weight,75,layer3.3.conv3.weight_ch75,2.5894241333007812
layer4.1.conv1.weight,112,layer4.1.conv1.weight_ch112,2.5891597270965576
layer3.4.conv3.weight,945,layer3.4.conv3.weight_ch945,2.588650941848755
layer3.2.conv3.weight,756,layer3.2.conv3.weight_ch756,2.5885071754455566
layer3.2.conv3.weight,445,layer3.2.conv3.weight_ch445,2.5876104831695557
layer3.2.conv3.weight,262,layer3.2.conv3.weight_ch262,2.5861456394195557
layer2.0.conv1.weight,59,layer2.0.conv1.weight_ch59,2.5857760906219482
layer4.1.conv1.weight,226,layer4.1.conv1.weight_ch226,2.585747003555298
layer3.4.conv3.weight,539,layer3.4.conv3.weight_ch539,2.5850608348846436
layer4.0.conv3.weight,1308,layer4.0.conv3.weight_ch1308,2.584665298461914
layer3.5.conv3.weight,967,layer3.5.conv3.weight_ch967,2.584632158279419
layer3.1.conv2.weight,176,layer3.1.conv2.weight_ch176,2.5841939449310303
layer4.0.conv3.weight,1126,layer4.0.conv3.weight_ch1126,2.583930492401123
layer3.2.conv3.weight,95,layer3.2.conv3.weight_ch95,2.583320140838623
layer4.0.conv3.weight,1761,layer4.0.conv3.weight_ch1761,2.5828030109405518
layer4.0.conv3.weight,349,layer4.0.conv3.weight_ch349,2.581494092941284
layer3.0.conv3.weight,8,layer3.0.conv3.weight_ch8,2.5811798572540283
layer3.3.conv3.weight,758,layer3.3.conv3.weight_ch758,2.5809824466705322
layer3.0.conv2.weight,134,layer3.0.conv2.weight_ch134,2.580596923828125
layer4.0.conv3.weight,1271,layer4.0.conv3.weight_ch1271,2.5797808170318604
layer3.2.conv3.weight,578,layer3.2.conv3.weight_ch578,2.5787549018859863
layer4.0.conv3.weight,1814,layer4.0.conv3.weight_ch1814,2.5783021450042725
layer4.0.conv3.weight,806,layer4.0.conv3.weight_ch806,2.5771186351776123
layer4.0.conv3.weight,435,layer4.0.conv3.weight_ch435,2.576917886734009
layer3.0.conv3.weight,711,layer3.0.conv3.weight_ch711,2.576274871826172
layer4.1.conv1.weight,144,layer4.1.conv1.weight_ch144,2.5761871337890625
layer4.0.conv3.weight,18,layer4.0.conv3.weight_ch18,2.5753867626190186
layer3.4.conv3.weight,825,layer3.4.conv3.weight_ch825,2.5733871459960938
layer4.1.conv1.weight,497,layer4.1.conv1.weight_ch497,2.5714590549468994
layer3.0.conv3.weight,934,layer3.0.conv3.weight_ch934,2.5710411071777344
layer3.1.conv2.weight,48,layer3.1.conv2.weight_ch48,2.5705785751342773
layer3.4.conv1.weight,205,layer3.4.conv1.weight_ch205,2.5705153942108154
layer3.3.conv3.weight,475,layer3.3.conv3.weight_ch475,2.569955587387085
layer3.5.conv3.weight,601,layer3.5.conv3.weight_ch601,2.5686445236206055
layer3.2.conv3.weight,1021,layer3.2.conv3.weight_ch1021,2.5685930252075195
layer3.0.conv2.weight,42,layer3.0.conv2.weight_ch42,2.5685925483703613
layer4.0.conv3.weight,968,layer4.0.conv3.weight_ch968,2.5684151649475098
layer3.4.conv3.weight,243,layer3.4.conv3.weight_ch243,2.5683770179748535
layer3.4.conv3.weight,929,layer3.4.conv3.weight_ch929,2.567699909210205
layer4.0.conv3.weight,313,layer4.0.conv3.weight_ch313,2.5660560131073
layer4.0.conv3.weight,64,layer4.0.conv3.weight_ch64,2.5656323432922363
layer3.1.conv2.weight,33,layer3.1.conv2.weight_ch33,2.5652804374694824
layer4.0.conv3.weight,614,layer4.0.conv3.weight_ch614,2.563408613204956
layer3.2.conv3.weight,663,layer3.2.conv3.weight_ch663,2.5633158683776855
layer3.0.conv3.weight,282,layer3.0.conv3.weight_ch282,2.5624799728393555
layer3.2.conv3.weight,108,layer3.2.conv3.weight_ch108,2.562386989593506
layer4.1.conv1.weight,429,layer4.1.conv1.weight_ch429,2.5619468688964844
layer3.5.conv3.weight,75,layer3.5.conv3.weight_ch75,2.5616581439971924
layer4.1.conv1.weight,149,layer4.1.conv1.weight_ch149,2.5606112480163574
layer3.2.conv3.weight,87,layer3.2.conv3.weight_ch87,2.560333251953125
layer2.3.conv2.weight,74,layer2.3.conv2.weight_ch74,2.5600404739379883
layer3.4.conv1.weight,146,layer3.4.conv1.weight_ch146,2.559596300125122
layer3.2.conv3.weight,444,layer3.2.conv3.weight_ch444,2.5595808029174805
layer3.4.conv1.weight,255,layer3.4.conv1.weight_ch255,2.5579869747161865
layer4.0.conv3.weight,1799,layer4.0.conv3.weight_ch1799,2.5576581954956055
layer2.3.conv3.weight,486,layer2.3.conv3.weight_ch486,2.5573182106018066
layer4.0.conv3.weight,398,layer4.0.conv3.weight_ch398,2.5571727752685547
layer3.4.conv3.weight,173,layer3.4.conv3.weight_ch173,2.556731939315796
layer3.0.conv3.weight,710,layer3.0.conv3.weight_ch710,2.5564231872558594
layer4.1.conv1.weight,417,layer4.1.conv1.weight_ch417,2.555635929107666
layer3.5.conv3.weight,390,layer3.5.conv3.weight_ch390,2.5552828311920166
layer3.5.conv3.weight,73,layer3.5.conv3.weight_ch73,2.5542654991149902
layer3.4.conv3.weight,91,layer3.4.conv3.weight_ch91,2.554110288619995
layer4.0.conv3.weight,1219,layer4.0.conv3.weight_ch1219,2.553943634033203
layer2.0.conv1.weight,122,layer2.0.conv1.weight_ch122,2.553410768508911
layer3.3.conv3.weight,228,layer3.3.conv3.weight_ch228,2.5533394813537598
layer4.0.conv3.weight,119,layer4.0.conv3.weight_ch119,2.552284002304077
layer3.2.conv3.weight,935,layer3.2.conv3.weight_ch935,2.552199363708496
layer4.0.conv3.weight,1482,layer4.0.conv3.weight_ch1482,2.5519304275512695
layer4.0.conv3.weight,1849,layer4.0.conv3.weight_ch1849,2.5515098571777344
layer4.0.conv3.weight,465,layer4.0.conv3.weight_ch465,2.5507824420928955
layer3.0.conv3.weight,594,layer3.0.conv3.weight_ch594,2.549513339996338
layer2.3.conv3.weight,267,layer2.3.conv3.weight_ch267,2.5489158630371094
layer4.0.conv3.weight,1883,layer4.0.conv3.weight_ch1883,2.5484328269958496
layer3.3.conv3.weight,959,layer3.3.conv3.weight_ch959,2.547837972640991
layer3.5.conv3.weight,92,layer3.5.conv3.weight_ch92,2.547804594039917
layer4.0.conv3.weight,1816,layer4.0.conv3.weight_ch1816,2.5475316047668457
layer4.0.conv3.weight,397,layer4.0.conv3.weight_ch397,2.547482967376709
layer3.2.conv3.weight,75,layer3.2.conv3.weight_ch75,2.547375202178955
layer4.1.conv1.weight,3,layer4.1.conv1.weight_ch3,2.5468664169311523
layer3.2.conv3.weight,616,layer3.2.conv3.weight_ch616,2.5457019805908203
layer3.2.conv3.weight,765,layer3.2.conv3.weight_ch765,2.544696807861328
layer3.3.conv3.weight,775,layer3.3.conv3.weight_ch775,2.5442147254943848
layer3.5.conv3.weight,209,layer3.5.conv3.weight_ch209,2.544123649597168
layer3.5.conv3.weight,76,layer3.5.conv3.weight_ch76,2.5439982414245605
layer3.2.conv3.weight,153,layer3.2.conv3.weight_ch153,2.5434682369232178
layer3.4.conv3.weight,1012,layer3.4.conv3.weight_ch1012,2.5428507328033447
layer3.2.conv3.weight,452,layer3.2.conv3.weight_ch452,2.542431116104126
layer4.0.conv3.weight,1940,layer4.0.conv3.weight_ch1940,2.5414557456970215
layer3.5.conv3.weight,623,layer3.5.conv3.weight_ch623,2.540907859802246
layer3.2.conv3.weight,110,layer3.2.conv3.weight_ch110,2.5406641960144043
layer2.3.conv3.weight,69,layer2.3.conv3.weight_ch69,2.5405783653259277
layer4.1.conv1.weight,196,layer4.1.conv1.weight_ch196,2.540477752685547
layer3.2.conv3.weight,647,layer3.2.conv3.weight_ch647,2.5401134490966797
layer4.0.conv3.weight,1313,layer4.0.conv3.weight_ch1313,2.5394797325134277
layer3.3.conv3.weight,19,layer3.3.conv3.weight_ch19,2.539405345916748
layer4.0.conv3.weight,1852,layer4.0.conv3.weight_ch1852,2.5393264293670654
layer4.0.conv3.weight,667,layer4.0.conv3.weight_ch667,2.5389552116394043
layer3.5.conv3.weight,833,layer3.5.conv3.weight_ch833,2.538710117340088
layer4.0.conv3.weight,1888,layer4.0.conv3.weight_ch1888,2.5386462211608887
layer3.0.conv3.weight,844,layer3.0.conv3.weight_ch844,2.5386064052581787
layer3.0.conv3.weight,321,layer3.0.conv3.weight_ch321,2.5383846759796143
layer3.5.conv3.weight,467,layer3.5.conv3.weight_ch467,2.5376367568969727
layer4.0.conv3.weight,1354,layer4.0.conv3.weight_ch1354,2.537562131881714
layer4.0.conv3.weight,338,layer4.0.conv3.weight_ch338,2.537193775177002
layer4.0.conv3.weight,1800,layer4.0.conv3.weight_ch1800,2.5360138416290283
layer3.2.conv3.weight,650,layer3.2.conv3.weight_ch650,2.535433053970337
layer4.0.conv3.weight,1036,layer4.0.conv3.weight_ch1036,2.535304307937622
layer3.2.conv3.weight,44,layer3.2.conv3.weight_ch44,2.5344550609588623
layer3.5.conv3.weight,621,layer3.5.conv3.weight_ch621,2.534428358078003
layer4.1.conv1.weight,393,layer4.1.conv1.weight_ch393,2.5339195728302
layer3.4.conv3.weight,652,layer3.4.conv3.weight_ch652,2.5337607860565186
layer4.0.conv3.weight,1079,layer4.0.conv3.weight_ch1079,2.533586025238037
layer3.5.conv3.weight,928,layer3.5.conv3.weight_ch928,2.533538341522217
layer3.0.conv2.weight,6,layer3.0.conv2.weight_ch6,2.533141613006592
layer2.3.conv2.weight,37,layer2.3.conv2.weight_ch37,2.533097505569458
layer4.0.conv3.weight,1676,layer4.0.conv3.weight_ch1676,2.5309829711914062
layer4.0.conv3.weight,497,layer4.0.conv3.weight_ch497,2.5303566455841064
layer4.0.conv3.weight,467,layer4.0.conv3.weight_ch467,2.5297725200653076
layer4.0.conv3.weight,1733,layer4.0.conv3.weight_ch1733,2.5293023586273193
layer4.1.conv1.weight,309,layer4.1.conv1.weight_ch309,2.5290238857269287
layer3.3.conv3.weight,0,layer3.3.conv3.weight_ch0,2.5280814170837402
layer4.0.conv3.weight,618,layer4.0.conv3.weight_ch618,2.52706241607666
layer4.0.conv3.weight,807,layer4.0.conv3.weight_ch807,2.5265519618988037
layer3.4.conv3.weight,417,layer3.4.conv3.weight_ch417,2.5261199474334717
layer3.4.conv3.weight,619,layer3.4.conv3.weight_ch619,2.5254082679748535
layer3.4.conv3.weight,682,layer3.4.conv3.weight_ch682,2.5253918170928955
layer3.2.conv3.weight,615,layer3.2.conv3.weight_ch615,2.5249998569488525
layer3.4.conv3.weight,466,layer3.4.conv3.weight_ch466,2.5243921279907227
layer3.0.conv2.weight,207,layer3.0.conv2.weight_ch207,2.523989677429199
layer3.0.conv3.weight,748,layer3.0.conv3.weight_ch748,2.523928165435791
layer4.1.conv1.weight,103,layer4.1.conv1.weight_ch103,2.523622989654541
layer3.0.conv3.weight,738,layer3.0.conv3.weight_ch738,2.5236148834228516
layer3.5.conv3.weight,41,layer3.5.conv3.weight_ch41,2.5235023498535156
layer4.1.conv1.weight,430,layer4.1.conv1.weight_ch430,2.5226430892944336
layer4.0.conv3.weight,1769,layer4.0.conv3.weight_ch1769,2.5219779014587402
layer4.0.conv3.weight,1508,layer4.0.conv3.weight_ch1508,2.521678924560547
layer4.1.conv1.weight,237,layer4.1.conv1.weight_ch237,2.5201830863952637
layer4.0.conv3.weight,741,layer4.0.conv3.weight_ch741,2.5198256969451904
layer3.4.conv3.weight,688,layer3.4.conv3.weight_ch688,2.518662929534912
layer3.2.conv1.weight,90,layer3.2.conv1.weight_ch90,2.5171923637390137
layer4.0.conv3.weight,232,layer4.0.conv3.weight_ch232,2.516961097717285
layer3.0.conv3.weight,228,layer3.0.conv3.weight_ch228,2.5159504413604736
layer3.3.conv3.weight,115,layer3.3.conv3.weight_ch115,2.514968156814575
layer3.0.conv3.weight,353,layer3.0.conv3.weight_ch353,2.514833688735962
layer3.4.conv3.weight,975,layer3.4.conv3.weight_ch975,2.5144097805023193
layer3.3.conv3.weight,793,layer3.3.conv3.weight_ch793,2.5143539905548096
layer3.3.conv3.weight,335,layer3.3.conv3.weight_ch335,2.5132899284362793
layer4.0.conv3.weight,458,layer4.0.conv3.weight_ch458,2.5125362873077393
layer4.1.conv1.weight,340,layer4.1.conv1.weight_ch340,2.5118706226348877
layer4.0.conv3.weight,926,layer4.0.conv3.weight_ch926,2.511411428451538
layer3.0.conv2.weight,105,layer3.0.conv2.weight_ch105,2.510592460632324
layer4.1.conv1.weight,176,layer4.1.conv1.weight_ch176,2.5104575157165527
layer3.2.conv3.weight,865,layer3.2.conv3.weight_ch865,2.510322093963623
layer3.1.conv2.weight,248,layer3.1.conv2.weight_ch248,2.5101513862609863
layer3.5.conv3.weight,260,layer3.5.conv3.weight_ch260,2.5099081993103027
layer4.0.conv3.weight,1665,layer4.0.conv3.weight_ch1665,2.5096867084503174
layer3.2.conv3.weight,943,layer3.2.conv3.weight_ch943,2.509051561355591
layer3.0.conv2.weight,137,layer3.0.conv2.weight_ch137,2.5086631774902344
layer3.3.conv3.weight,373,layer3.3.conv3.weight_ch373,2.508021354675293
layer3.0.conv3.weight,114,layer3.0.conv3.weight_ch114,2.5077965259552
layer3.4.conv3.weight,9,layer3.4.conv3.weight_ch9,2.5072429180145264
layer3.2.conv3.weight,287,layer3.2.conv3.weight_ch287,2.5064034461975098
layer4.0.conv3.weight,1835,layer4.0.conv3.weight_ch1835,2.506192445755005
layer4.0.conv3.weight,1008,layer4.0.conv3.weight_ch1008,2.5057435035705566
layer3.4.conv1.weight,175,layer3.4.conv1.weight_ch175,2.5056281089782715
layer3.3.conv3.weight,964,layer3.3.conv3.weight_ch964,2.504817247390747
layer3.2.conv3.weight,739,layer3.2.conv3.weight_ch739,2.5041239261627197
layer3.3.conv3.weight,834,layer3.3.conv3.weight_ch834,2.50388503074646
layer3.4.conv1.weight,35,layer3.4.conv1.weight_ch35,2.5038399696350098
layer4.0.conv3.weight,1460,layer4.0.conv3.weight_ch1460,2.502932548522949
layer3.4.conv1.weight,237,layer3.4.conv1.weight_ch237,2.501824140548706
layer3.0.conv3.weight,110,layer3.0.conv3.weight_ch110,2.501068115234375
layer3.3.conv3.weight,484,layer3.3.conv3.weight_ch484,2.500311851501465
layer3.2.conv3.weight,553,layer3.2.conv3.weight_ch553,2.499777317047119
layer4.0.conv3.weight,1327,layer4.0.conv3.weight_ch1327,2.49900221824646
layer3.2.conv3.weight,398,layer3.2.conv3.weight_ch398,2.498995542526245
layer3.0.conv3.weight,816,layer3.0.conv3.weight_ch816,2.4983696937561035
layer3.0.conv3.weight,564,layer3.0.conv3.weight_ch564,2.4980530738830566
layer4.0.conv3.weight,300,layer4.0.conv3.weight_ch300,2.4969143867492676
layer3.4.conv1.weight,109,layer3.4.conv1.weight_ch109,2.4958040714263916
layer2.3.conv3.weight,265,layer2.3.conv3.weight_ch265,2.4957568645477295
layer3.2.conv1.weight,2,layer3.2.conv1.weight_ch2,2.4955899715423584
layer3.2.conv3.weight,404,layer3.2.conv3.weight_ch404,2.4954640865325928
layer3.4.conv3.weight,608,layer3.4.conv3.weight_ch608,2.4952871799468994
layer3.5.conv3.weight,737,layer3.5.conv3.weight_ch737,2.493155002593994
layer3.4.conv3.weight,650,layer3.4.conv3.weight_ch650,2.4930083751678467
layer4.0.conv3.weight,1853,layer4.0.conv3.weight_ch1853,2.4930078983306885
layer3.2.conv1.weight,230,layer3.2.conv1.weight_ch230,2.4924545288085938
layer3.0.conv2.weight,47,layer3.0.conv2.weight_ch47,2.4921696186065674
layer3.0.conv3.weight,271,layer3.0.conv3.weight_ch271,2.4921507835388184
layer3.4.conv3.weight,303,layer3.4.conv3.weight_ch303,2.4920032024383545
layer3.2.conv1.weight,247,layer3.2.conv1.weight_ch247,2.491603136062622
layer3.3.conv3.weight,966,layer3.3.conv3.weight_ch966,2.4904110431671143
layer3.2.conv3.weight,705,layer3.2.conv3.weight_ch705,2.489854574203491
layer3.3.conv3.weight,827,layer3.3.conv3.weight_ch827,2.489356756210327
layer3.3.conv3.weight,741,layer3.3.conv3.weight_ch741,2.4892046451568604
layer3.4.conv3.weight,220,layer3.4.conv3.weight_ch220,2.4889976978302
layer3.2.conv3.weight,90,layer3.2.conv3.weight_ch90,2.4866130352020264
layer3.3.conv3.weight,278,layer3.3.conv3.weight_ch278,2.486544132232666
layer4.0.conv3.weight,874,layer4.0.conv3.weight_ch874,2.4861693382263184
layer3.0.conv3.weight,613,layer3.0.conv3.weight_ch613,2.4857547283172607
layer3.5.conv3.weight,685,layer3.5.conv3.weight_ch685,2.485391616821289
layer4.0.conv3.weight,1105,layer4.0.conv3.weight_ch1105,2.4853286743164062
layer3.4.conv3.weight,972,layer3.4.conv3.weight_ch972,2.485135078430176
layer3.0.conv3.weight,893,layer3.0.conv3.weight_ch893,2.484776020050049
layer4.1.conv1.weight,29,layer4.1.conv1.weight_ch29,2.4843127727508545
layer4.0.conv3.weight,31,layer4.0.conv3.weight_ch31,2.483912467956543
layer3.2.conv3.weight,35,layer3.2.conv3.weight_ch35,2.4826831817626953
layer3.4.conv1.weight,89,layer3.4.conv1.weight_ch89,2.4826786518096924
layer3.0.conv3.weight,232,layer3.0.conv3.weight_ch232,2.4813849925994873
layer3.4.conv3.weight,455,layer3.4.conv3.weight_ch455,2.4809577465057373
layer3.3.conv3.weight,408,layer3.3.conv3.weight_ch408,2.480346918106079
layer3.1.conv2.weight,108,layer3.1.conv2.weight_ch108,2.4795708656311035
layer3.5.conv3.weight,113,layer3.5.conv3.weight_ch113,2.4792745113372803
layer4.1.conv1.weight,199,layer4.1.conv1.weight_ch199,2.4774258136749268
layer3.4.conv3.weight,516,layer3.4.conv3.weight_ch516,2.4773149490356445
layer3.3.conv3.weight,224,layer3.3.conv3.weight_ch224,2.4770963191986084
layer3.4.conv3.weight,369,layer3.4.conv3.weight_ch369,2.4767417907714844
layer3.3.conv3.weight,989,layer3.3.conv3.weight_ch989,2.476489782333374
layer3.2.conv3.weight,723,layer3.2.conv3.weight_ch723,2.4764339923858643
layer2.0.conv1.weight,10,layer2.0.conv1.weight_ch10,2.4749984741210938
layer4.0.conv3.weight,1661,layer4.0.conv3.weight_ch1661,2.47493052482605
layer4.0.conv3.weight,1570,layer4.0.conv3.weight_ch1570,2.4748706817626953
layer4.1.conv1.weight,91,layer4.1.conv1.weight_ch91,2.474548578262329
layer3.0.conv3.weight,548,layer3.0.conv3.weight_ch548,2.473677396774292
layer3.2.conv3.weight,29,layer3.2.conv3.weight_ch29,2.4735682010650635
layer3.1.conv2.weight,98,layer3.1.conv2.weight_ch98,2.4730563163757324
layer3.0.conv3.weight,943,layer3.0.conv3.weight_ch943,2.472475051879883
layer3.0.conv3.weight,881,layer3.0.conv3.weight_ch881,2.471945285797119
layer3.5.conv3.weight,410,layer3.5.conv3.weight_ch410,2.4713330268859863
layer4.0.conv3.weight,221,layer4.0.conv3.weight_ch221,2.4711740016937256
layer3.4.conv3.weight,246,layer3.4.conv3.weight_ch246,2.469606399536133
layer3.4.conv3.weight,318,layer3.4.conv3.weight_ch318,2.4693636894226074
layer3.5.conv3.weight,445,layer3.5.conv3.weight_ch445,2.469355583190918
layer3.3.conv3.weight,970,layer3.3.conv3.weight_ch970,2.4689581394195557
layer3.2.conv3.weight,175,layer3.2.conv3.weight_ch175,2.4682021141052246
layer3.3.conv3.weight,271,layer3.3.conv3.weight_ch271,2.467076539993286
layer4.0.conv3.weight,803,layer4.0.conv3.weight_ch803,2.466231107711792
layer4.0.conv3.weight,494,layer4.0.conv3.weight_ch494,2.465914249420166
layer3.0.conv2.weight,21,layer3.0.conv2.weight_ch21,2.4647016525268555
layer3.3.conv3.weight,807,layer3.3.conv3.weight_ch807,2.4644675254821777
layer3.2.conv3.weight,226,layer3.2.conv3.weight_ch226,2.464102029800415
layer3.0.conv3.weight,706,layer3.0.conv3.weight_ch706,2.463204860687256
layer4.0.conv3.weight,326,layer4.0.conv3.weight_ch326,2.4629342555999756
layer3.5.conv3.weight,676,layer3.5.conv3.weight_ch676,2.462336778640747
layer4.0.conv3.weight,686,layer4.0.conv3.weight_ch686,2.4610369205474854
layer3.0.conv3.weight,662,layer3.0.conv3.weight_ch662,2.460433006286621
layer4.0.conv3.weight,322,layer4.0.conv3.weight_ch322,2.460073471069336
layer3.3.conv3.weight,934,layer3.3.conv3.weight_ch934,2.4599740505218506
layer4.0.conv3.weight,645,layer4.0.conv3.weight_ch645,2.4595444202423096
layer3.4.conv1.weight,163,layer3.4.conv1.weight_ch163,2.459540843963623
layer4.1.conv1.weight,487,layer4.1.conv1.weight_ch487,2.459444046020508
layer3.5.conv3.weight,594,layer3.5.conv3.weight_ch594,2.4594228267669678
layer4.0.conv3.weight,657,layer4.0.conv3.weight_ch657,2.4591588973999023
layer3.5.conv3.weight,917,layer3.5.conv3.weight_ch917,2.457711935043335
layer3.0.conv3.weight,1001,layer3.0.conv3.weight_ch1001,2.4576075077056885
layer4.1.conv1.weight,122,layer4.1.conv1.weight_ch122,2.456859827041626
layer3.4.conv3.weight,497,layer3.4.conv3.weight_ch497,2.4566566944122314
layer4.0.conv3.weight,1972,layer4.0.conv3.weight_ch1972,2.456165313720703
layer3.0.conv3.weight,532,layer3.0.conv3.weight_ch532,2.4544427394866943
layer3.2.conv3.weight,383,layer3.2.conv3.weight_ch383,2.4541332721710205
layer4.0.conv3.weight,859,layer4.0.conv3.weight_ch859,2.4534428119659424
layer3.4.conv3.weight,863,layer3.4.conv3.weight_ch863,2.452293872833252
layer3.2.conv3.weight,466,layer3.2.conv3.weight_ch466,2.45202374458313
layer4.0.conv3.weight,769,layer4.0.conv3.weight_ch769,2.451711893081665
layer3.2.conv3.weight,658,layer3.2.conv3.weight_ch658,2.450688362121582
layer3.3.conv3.weight,832,layer3.3.conv3.weight_ch832,2.450092315673828
layer2.3.conv2.weight,99,layer2.3.conv2.weight_ch99,2.4497902393341064
layer4.0.conv3.weight,202,layer4.0.conv3.weight_ch202,2.449643611907959
layer4.0.conv3.weight,933,layer4.0.conv3.weight_ch933,2.449554204940796
layer3.4.conv3.weight,529,layer3.4.conv3.weight_ch529,2.44952654838562
layer4.0.conv3.weight,885,layer4.0.conv3.weight_ch885,2.449207067489624
layer4.1.conv1.weight,206,layer4.1.conv1.weight_ch206,2.448993444442749
layer4.0.conv3.weight,1203,layer4.0.conv3.weight_ch1203,2.4468207359313965
layer3.4.conv3.weight,481,layer3.4.conv3.weight_ch481,2.4467384815216064
layer3.0.conv3.weight,749,layer3.0.conv3.weight_ch749,2.4463562965393066
layer3.4.conv3.weight,297,layer3.4.conv3.weight_ch297,2.446073293685913
layer4.0.conv3.weight,1232,layer4.0.conv3.weight_ch1232,2.445908546447754
layer3.2.conv3.weight,37,layer3.2.conv3.weight_ch37,2.445814371109009
layer4.0.conv3.weight,1170,layer4.0.conv3.weight_ch1170,2.445434331893921
layer3.2.conv3.weight,1014,layer3.2.conv3.weight_ch1014,2.4451088905334473
layer4.0.conv3.weight,22,layer4.0.conv3.weight_ch22,2.4450621604919434
layer4.1.conv1.weight,432,layer4.1.conv1.weight_ch432,2.4434781074523926
layer2.3.conv2.weight,15,layer2.3.conv2.weight_ch15,2.4432666301727295
layer3.4.conv3.weight,651,layer3.4.conv3.weight_ch651,2.4426302909851074
layer4.0.conv3.weight,1654,layer4.0.conv3.weight_ch1654,2.4421398639678955
layer3.0.conv3.weight,462,layer3.0.conv3.weight_ch462,2.440922975540161
layer2.3.conv3.weight,440,layer2.3.conv3.weight_ch440,2.4403443336486816
layer3.0.conv3.weight,53,layer3.0.conv3.weight_ch53,2.4402379989624023
layer4.0.conv3.weight,1982,layer4.0.conv3.weight_ch1982,2.439484119415283
layer3.3.conv3.weight,453,layer3.3.conv3.weight_ch453,2.4393842220306396
layer3.2.conv3.weight,749,layer3.2.conv3.weight_ch749,2.4389615058898926
layer4.1.conv1.weight,457,layer4.1.conv1.weight_ch457,2.4385199546813965
layer4.1.conv1.weight,88,layer4.1.conv1.weight_ch88,2.4374196529388428
layer4.0.conv3.weight,1270,layer4.0.conv3.weight_ch1270,2.4370527267456055
layer3.2.conv3.weight,826,layer3.2.conv3.weight_ch826,2.4360511302948
layer3.4.conv3.weight,93,layer3.4.conv3.weight_ch93,2.4357261657714844
layer4.0.conv3.weight,416,layer4.0.conv3.weight_ch416,2.4353373050689697
layer3.3.conv3.weight,307,layer3.3.conv3.weight_ch307,2.435199737548828
layer3.4.conv1.weight,53,layer3.4.conv1.weight_ch53,2.4347949028015137
layer4.0.conv3.weight,103,layer4.0.conv3.weight_ch103,2.4345850944519043
layer3.4.conv3.weight,309,layer3.4.conv3.weight_ch309,2.434232711791992
layer3.0.conv3.weight,940,layer3.0.conv3.weight_ch940,2.43400239944458
layer4.0.conv3.weight,192,layer4.0.conv3.weight_ch192,2.4339423179626465
layer3.1.conv2.weight,41,layer3.1.conv2.weight_ch41,2.4331440925598145
layer4.1.conv1.weight,39,layer4.1.conv1.weight_ch39,2.433058023452759
layer3.0.conv2.weight,43,layer3.0.conv2.weight_ch43,2.4325551986694336
layer3.0.conv3.weight,71,layer3.0.conv3.weight_ch71,2.4322285652160645
layer3.5.conv3.weight,728,layer3.5.conv3.weight_ch728,2.4320528507232666
layer3.4.conv1.weight,145,layer3.4.conv1.weight_ch145,2.430750608444214
layer3.2.conv1.weight,201,layer3.2.conv1.weight_ch201,2.4302022457122803
layer4.1.conv1.weight,351,layer4.1.conv1.weight_ch351,2.4296023845672607
layer4.0.conv3.weight,593,layer4.0.conv3.weight_ch593,2.4293203353881836
layer3.2.conv3.weight,625,layer3.2.conv3.weight_ch625,2.4284584522247314
layer3.3.conv3.weight,401,layer3.3.conv3.weight_ch401,2.4282588958740234
layer3.0.conv2.weight,163,layer3.0.conv2.weight_ch163,2.428147554397583
layer4.0.conv3.weight,314,layer4.0.conv3.weight_ch314,2.42795729637146
layer3.2.conv3.weight,619,layer3.2.conv3.weight_ch619,2.4279372692108154
layer3.5.conv3.weight,992,layer3.5.conv3.weight_ch992,2.4278335571289062
layer3.1.conv2.weight,75,layer3.1.conv2.weight_ch75,2.4275450706481934
layer3.5.conv3.weight,299,layer3.5.conv3.weight_ch299,2.424941062927246
layer3.2.conv3.weight,107,layer3.2.conv3.weight_ch107,2.4248127937316895
layer4.0.conv3.weight,347,layer4.0.conv3.weight_ch347,2.424731492996216
layer3.4.conv3.weight,177,layer3.4.conv3.weight_ch177,2.4239208698272705
layer3.2.conv3.weight,528,layer3.2.conv3.weight_ch528,2.423607587814331
layer4.0.conv3.weight,805,layer4.0.conv3.weight_ch805,2.4230804443359375
layer4.1.conv1.weight,443,layer4.1.conv1.weight_ch443,2.422811985015869
layer4.0.conv3.weight,958,layer4.0.conv3.weight_ch958,2.422065019607544
layer3.2.conv3.weight,922,layer3.2.conv3.weight_ch922,2.4219419956207275
layer4.1.conv1.weight,255,layer4.1.conv1.weight_ch255,2.4210238456726074
layer4.0.conv3.weight,366,layer4.0.conv3.weight_ch366,2.4194819927215576
layer3.5.conv3.weight,1007,layer3.5.conv3.weight_ch1007,2.4183714389801025
layer4.1.conv1.weight,27,layer4.1.conv1.weight_ch27,2.4183502197265625
layer4.0.conv3.weight,735,layer4.0.conv3.weight_ch735,2.417888879776001
layer4.1.conv1.weight,498,layer4.1.conv1.weight_ch498,2.4175517559051514
layer3.0.conv2.weight,99,layer3.0.conv2.weight_ch99,2.4175004959106445
layer3.4.conv3.weight,469,layer3.4.conv3.weight_ch469,2.416844367980957
layer4.0.conv3.weight,868,layer4.0.conv3.weight_ch868,2.4158148765563965
layer4.0.conv3.weight,576,layer4.0.conv3.weight_ch576,2.415426015853882
layer3.3.conv3.weight,511,layer3.3.conv3.weight_ch511,2.415335178375244
layer3.3.conv3.weight,14,layer3.3.conv3.weight_ch14,2.415156364440918
layer4.0.conv3.weight,1394,layer4.0.conv3.weight_ch1394,2.4148213863372803
layer3.2.conv3.weight,56,layer3.2.conv3.weight_ch56,2.4143431186676025
layer3.4.conv3.weight,56,layer3.4.conv3.weight_ch56,2.4142534732818604
layer4.0.conv3.weight,1391,layer4.0.conv3.weight_ch1391,2.4141602516174316
layer4.0.conv3.weight,1907,layer4.0.conv3.weight_ch1907,2.413931369781494
layer3.0.conv2.weight,139,layer3.0.conv2.weight_ch139,2.4137160778045654
layer3.5.conv3.weight,886,layer3.5.conv3.weight_ch886,2.4126040935516357
layer4.0.conv3.weight,225,layer4.0.conv3.weight_ch225,2.4122543334960938
layer3.3.conv3.weight,61,layer3.3.conv3.weight_ch61,2.4120681285858154
layer4.0.conv3.weight,1780,layer4.0.conv3.weight_ch1780,2.4114267826080322
layer3.3.conv3.weight,323,layer3.3.conv3.weight_ch323,2.411402702331543
layer3.5.conv3.weight,227,layer3.5.conv3.weight_ch227,2.4108893871307373
layer3.4.conv3.weight,33,layer3.4.conv3.weight_ch33,2.410557508468628
layer4.0.conv3.weight,248,layer4.0.conv3.weight_ch248,2.4101996421813965
layer3.2.conv3.weight,675,layer3.2.conv3.weight_ch675,2.410071849822998
layer3.3.conv3.weight,493,layer3.3.conv3.weight_ch493,2.409630537033081
layer3.4.conv3.weight,874,layer3.4.conv3.weight_ch874,2.409564971923828
layer4.0.conv3.weight,1345,layer4.0.conv3.weight_ch1345,2.4086334705352783
layer3.3.conv3.weight,797,layer3.3.conv3.weight_ch797,2.408630847930908
layer3.0.conv3.weight,684,layer3.0.conv3.weight_ch684,2.408564567565918
layer3.0.conv2.weight,136,layer3.0.conv2.weight_ch136,2.4083166122436523
layer3.2.conv3.weight,71,layer3.2.conv3.weight_ch71,2.407872200012207
layer4.0.conv3.weight,1062,layer4.0.conv3.weight_ch1062,2.407285451889038
layer3.4.conv3.weight,812,layer3.4.conv3.weight_ch812,2.406041145324707
layer4.0.conv3.weight,818,layer4.0.conv3.weight_ch818,2.405973196029663
layer3.3.conv3.weight,979,layer3.3.conv3.weight_ch979,2.4052298069000244
layer4.0.conv3.weight,1554,layer4.0.conv3.weight_ch1554,2.4038302898406982
layer3.2.conv3.weight,320,layer3.2.conv3.weight_ch320,2.4027695655822754
layer3.4.conv3.weight,202,layer3.4.conv3.weight_ch202,2.402733325958252
layer3.3.conv3.weight,77,layer3.3.conv3.weight_ch77,2.402205467224121
layer3.4.conv3.weight,262,layer3.4.conv3.weight_ch262,2.4021213054656982
layer3.2.conv3.weight,857,layer3.2.conv3.weight_ch857,2.4006423950195312
layer3.4.conv3.weight,828,layer3.4.conv3.weight_ch828,2.4005422592163086
layer3.4.conv1.weight,91,layer3.4.conv1.weight_ch91,2.400367021560669
layer4.0.conv3.weight,894,layer4.0.conv3.weight_ch894,2.400148391723633
layer1.1.conv1.weight,29,layer1.1.conv1.weight_ch29,2.4000957012176514
layer4.0.conv3.weight,1420,layer4.0.conv3.weight_ch1420,2.4000706672668457
layer3.4.conv3.weight,54,layer3.4.conv3.weight_ch54,2.400057792663574
layer2.3.conv3.weight,99,layer2.3.conv3.weight_ch99,2.3997249603271484
layer3.4.conv3.weight,1001,layer3.4.conv3.weight_ch1001,2.3983378410339355
layer4.0.conv3.weight,1060,layer4.0.conv3.weight_ch1060,2.3975319862365723
layer3.2.conv3.weight,333,layer3.2.conv3.weight_ch333,2.3975296020507812
layer3.2.conv3.weight,773,layer3.2.conv3.weight_ch773,2.397080898284912
layer4.0.conv3.weight,1613,layer4.0.conv3.weight_ch1613,2.396528959274292
layer3.3.conv3.weight,647,layer3.3.conv3.weight_ch647,2.3964524269104004
layer4.0.conv3.weight,1533,layer4.0.conv3.weight_ch1533,2.396442174911499
layer4.1.conv1.weight,305,layer4.1.conv1.weight_ch305,2.396322727203369
layer3.0.conv2.weight,170,layer3.0.conv2.weight_ch170,2.39524507522583
layer3.2.conv3.weight,731,layer3.2.conv3.weight_ch731,2.3949761390686035
layer2.3.conv2.weight,101,layer2.3.conv2.weight_ch101,2.394535779953003
layer3.4.conv3.weight,576,layer3.4.conv3.weight_ch576,2.393490791320801
layer3.2.conv3.weight,821,layer3.2.conv3.weight_ch821,2.392763614654541
layer3.3.conv3.weight,872,layer3.3.conv3.weight_ch872,2.3924789428710938
layer4.0.conv3.weight,151,layer4.0.conv3.weight_ch151,2.3922579288482666
layer4.1.conv1.weight,407,layer4.1.conv1.weight_ch407,2.392197370529175
layer4.0.conv3.weight,443,layer4.0.conv3.weight_ch443,2.3911821842193604
layer3.2.conv3.weight,472,layer3.2.conv3.weight_ch472,2.3909413814544678
layer4.0.conv3.weight,697,layer4.0.conv3.weight_ch697,2.3909060955047607
layer4.0.conv3.weight,1555,layer4.0.conv3.weight_ch1555,2.390800952911377
layer4.0.conv3.weight,833,layer4.0.conv3.weight_ch833,2.390450954437256
layer3.3.conv3.weight,273,layer3.3.conv3.weight_ch273,2.390448570251465
layer4.1.conv1.weight,220,layer4.1.conv1.weight_ch220,2.3901405334472656
layer3.0.conv3.weight,440,layer3.0.conv3.weight_ch440,2.389796257019043
layer3.2.conv1.weight,29,layer3.2.conv1.weight_ch29,2.389435052871704
layer4.0.conv3.weight,130,layer4.0.conv3.weight_ch130,2.388998508453369
layer4.1.conv1.weight,47,layer4.1.conv1.weight_ch47,2.3889620304107666
layer3.4.conv3.weight,766,layer3.4.conv3.weight_ch766,2.3884387016296387
layer3.0.conv3.weight,400,layer3.0.conv3.weight_ch400,2.3883700370788574
layer3.3.conv3.weight,1014,layer3.3.conv3.weight_ch1014,2.388181209564209
layer3.4.conv3.weight,611,layer3.4.conv3.weight_ch611,2.388134002685547
layer3.2.conv3.weight,1001,layer3.2.conv3.weight_ch1001,2.3877081871032715
layer4.0.conv3.weight,1284,layer4.0.conv3.weight_ch1284,2.3868465423583984
layer3.4.conv3.weight,976,layer3.4.conv3.weight_ch976,2.385932445526123
layer3.0.conv2.weight,69,layer3.0.conv2.weight_ch69,2.3841917514801025
layer3.4.conv3.weight,1010,layer3.4.conv3.weight_ch1010,2.3841371536254883
layer4.0.conv3.weight,491,layer4.0.conv3.weight_ch491,2.3838517665863037
layer3.4.conv3.weight,622,layer3.4.conv3.weight_ch622,2.383563995361328
layer3.1.conv2.weight,159,layer3.1.conv2.weight_ch159,2.3834874629974365
layer3.2.conv3.weight,83,layer3.2.conv3.weight_ch83,2.38348650932312
layer4.1.conv1.weight,329,layer4.1.conv1.weight_ch329,2.3834686279296875
layer3.3.conv3.weight,277,layer3.3.conv3.weight_ch277,2.3830394744873047
layer3.0.conv3.weight,539,layer3.0.conv3.weight_ch539,2.382812261581421
layer4.0.conv3.weight,1309,layer4.0.conv3.weight_ch1309,2.3813846111297607
layer4.1.conv1.weight,249,layer4.1.conv1.weight_ch249,2.381237030029297
layer3.3.conv3.weight,189,layer3.3.conv3.weight_ch189,2.3812105655670166
layer3.3.conv3.weight,393,layer3.3.conv3.weight_ch393,2.381195545196533
layer3.0.conv3.weight,751,layer3.0.conv3.weight_ch751,2.3803844451904297
layer3.3.conv3.weight,280,layer3.3.conv3.weight_ch280,2.380382776260376
layer4.1.conv1.weight,377,layer4.1.conv1.weight_ch377,2.3795177936553955
layer4.0.conv3.weight,4,layer4.0.conv3.weight_ch4,2.3789784908294678
layer4.0.conv3.weight,1201,layer4.0.conv3.weight_ch1201,2.3783957958221436
layer4.1.conv1.weight,495,layer4.1.conv1.weight_ch495,2.376934766769409
layer3.1.conv2.weight,242,layer3.1.conv2.weight_ch242,2.3765006065368652
layer3.5.conv3.weight,618,layer3.5.conv3.weight_ch618,2.3760383129119873
layer3.0.conv2.weight,123,layer3.0.conv2.weight_ch123,2.375542163848877
layer3.5.conv3.weight,153,layer3.5.conv3.weight_ch153,2.375459909439087
layer3.0.conv3.weight,538,layer3.0.conv3.weight_ch538,2.3753483295440674
layer3.5.conv3.weight,466,layer3.5.conv3.weight_ch466,2.375347375869751
layer4.0.conv3.weight,1279,layer4.0.conv3.weight_ch1279,2.3745737075805664
layer3.4.conv3.weight,96,layer3.4.conv3.weight_ch96,2.3741729259490967
layer3.3.conv3.weight,39,layer3.3.conv3.weight_ch39,2.3740932941436768
layer3.1.conv2.weight,92,layer3.1.conv2.weight_ch92,2.3736555576324463
layer4.1.conv1.weight,269,layer4.1.conv1.weight_ch269,2.3723204135894775
layer3.5.conv3.weight,339,layer3.5.conv3.weight_ch339,2.372238874435425
layer3.3.conv3.weight,377,layer3.3.conv3.weight_ch377,2.3719615936279297
layer3.3.conv3.weight,960,layer3.3.conv3.weight_ch960,2.371854543685913
layer4.0.conv3.weight,1844,layer4.0.conv3.weight_ch1844,2.371547222137451
layer4.0.conv3.weight,262,layer4.0.conv3.weight_ch262,2.3707633018493652
layer4.0.conv3.weight,575,layer4.0.conv3.weight_ch575,2.3705458641052246
layer3.2.conv3.weight,853,layer3.2.conv3.weight_ch853,2.3705193996429443
layer4.0.conv3.weight,1987,layer4.0.conv3.weight_ch1987,2.3695545196533203
layer4.0.conv3.weight,1770,layer4.0.conv3.weight_ch1770,2.3693957328796387
layer3.0.conv3.weight,235,layer3.0.conv3.weight_ch235,2.3692967891693115
layer3.3.conv3.weight,361,layer3.3.conv3.weight_ch361,2.369196891784668
layer3.2.conv3.weight,941,layer3.2.conv3.weight_ch941,2.368813991546631
layer4.1.conv1.weight,455,layer4.1.conv1.weight_ch455,2.368685007095337
layer3.5.conv3.weight,636,layer3.5.conv3.weight_ch636,2.3682267665863037
layer3.2.conv3.weight,17,layer3.2.conv3.weight_ch17,2.367685079574585
layer3.0.conv3.weight,735,layer3.0.conv3.weight_ch735,2.3662688732147217
layer4.0.conv3.weight,1584,layer4.0.conv3.weight_ch1584,2.3659236431121826
layer3.4.conv1.weight,236,layer3.4.conv1.weight_ch236,2.3655014038085938
layer3.5.conv3.weight,872,layer3.5.conv3.weight_ch872,2.3653697967529297
layer3.0.conv3.weight,281,layer3.0.conv3.weight_ch281,2.3653311729431152
layer3.1.conv2.weight,27,layer3.1.conv2.weight_ch27,2.3647680282592773
layer4.0.conv3.weight,1905,layer4.0.conv3.weight_ch1905,2.3632640838623047
layer3.4.conv3.weight,17,layer3.4.conv3.weight_ch17,2.362898826599121
layer3.2.conv3.weight,346,layer3.2.conv3.weight_ch346,2.362251043319702
layer3.3.conv3.weight,1010,layer3.3.conv3.weight_ch1010,2.362222909927368
layer4.0.conv3.weight,904,layer4.0.conv3.weight_ch904,2.362058401107788
layer4.1.conv1.weight,71,layer4.1.conv1.weight_ch71,2.3618903160095215
layer3.0.conv3.weight,508,layer3.0.conv3.weight_ch508,2.361504554748535
layer3.1.conv2.weight,179,layer3.1.conv2.weight_ch179,2.3611299991607666
layer3.2.conv3.weight,632,layer3.2.conv3.weight_ch632,2.360792398452759
layer3.5.conv3.weight,815,layer3.5.conv3.weight_ch815,2.3602888584136963
layer4.1.conv1.weight,365,layer4.1.conv1.weight_ch365,2.3602077960968018
layer2.3.conv3.weight,25,layer2.3.conv3.weight_ch25,2.3600053787231445
layer3.0.conv3.weight,795,layer3.0.conv3.weight_ch795,2.359647035598755
layer4.1.conv1.weight,214,layer4.1.conv1.weight_ch214,2.359527111053467
layer4.0.conv3.weight,534,layer4.0.conv3.weight_ch534,2.3588762283325195
layer3.2.conv3.weight,205,layer3.2.conv3.weight_ch205,2.358119487762451
layer3.2.conv1.weight,49,layer3.2.conv1.weight_ch49,2.357537031173706
layer4.0.conv3.weight,239,layer4.0.conv3.weight_ch239,2.356731414794922
layer3.2.conv3.weight,661,layer3.2.conv3.weight_ch661,2.35664963722229
layer3.1.conv2.weight,224,layer3.1.conv2.weight_ch224,2.3564674854278564
layer3.0.conv2.weight,77,layer3.0.conv2.weight_ch77,2.3559436798095703
layer4.0.conv3.weight,1210,layer4.0.conv3.weight_ch1210,2.3554916381835938
layer3.0.conv2.weight,215,layer3.0.conv2.weight_ch215,2.3552396297454834
layer3.3.conv3.weight,680,layer3.3.conv3.weight_ch680,2.354856491088867
layer3.4.conv3.weight,581,layer3.4.conv3.weight_ch581,2.3546199798583984
layer4.1.conv1.weight,60,layer4.1.conv1.weight_ch60,2.354175329208374
layer3.0.conv3.weight,624,layer3.0.conv3.weight_ch624,2.354111909866333
layer4.0.conv3.weight,1240,layer4.0.conv3.weight_ch1240,2.3538074493408203
layer4.0.conv3.weight,704,layer4.0.conv3.weight_ch704,2.352602243423462
layer3.0.conv3.weight,581,layer3.0.conv3.weight_ch581,2.352259635925293
layer3.3.conv3.weight,634,layer3.3.conv3.weight_ch634,2.352060079574585
layer4.1.conv1.weight,126,layer4.1.conv1.weight_ch126,2.3514010906219482
layer3.0.conv2.weight,249,layer3.0.conv2.weight_ch249,2.350677967071533
layer4.0.conv3.weight,1389,layer4.0.conv3.weight_ch1389,2.3504960536956787
layer3.1.conv2.weight,71,layer3.1.conv2.weight_ch71,2.3501529693603516
layer4.0.conv3.weight,1478,layer4.0.conv3.weight_ch1478,2.349973201751709
layer3.4.conv1.weight,79,layer3.4.conv1.weight_ch79,2.3496599197387695
layer4.0.conv3.weight,582,layer4.0.conv3.weight_ch582,2.349130630493164
layer4.0.conv3.weight,959,layer4.0.conv3.weight_ch959,2.349069356918335
layer4.0.conv3.weight,1098,layer4.0.conv3.weight_ch1098,2.3485279083251953
layer4.0.conv3.weight,696,layer4.0.conv3.weight_ch696,2.3481526374816895
layer3.0.conv3.weight,64,layer3.0.conv3.weight_ch64,2.3479840755462646
layer4.0.conv3.weight,137,layer4.0.conv3.weight_ch137,2.3475852012634277
layer3.5.conv3.weight,471,layer3.5.conv3.weight_ch471,2.347353458404541
layer4.0.conv3.weight,939,layer4.0.conv3.weight_ch939,2.347306728363037
layer3.0.conv2.weight,239,layer3.0.conv2.weight_ch239,2.3468213081359863
layer3.0.conv3.weight,190,layer3.0.conv3.weight_ch190,2.346496820449829
layer4.0.conv3.weight,503,layer4.0.conv3.weight_ch503,2.3464479446411133
layer3.0.conv3.weight,657,layer3.0.conv3.weight_ch657,2.346409797668457
layer3.0.conv2.weight,89,layer3.0.conv2.weight_ch89,2.34601092338562
layer3.1.conv2.weight,14,layer3.1.conv2.weight_ch14,2.344834089279175
layer3.3.conv3.weight,191,layer3.3.conv3.weight_ch191,2.3446359634399414
layer4.0.conv3.weight,1166,layer4.0.conv3.weight_ch1166,2.3437769412994385
layer3.4.conv3.weight,195,layer3.4.conv3.weight_ch195,2.3427205085754395
layer3.2.conv1.weight,59,layer3.2.conv1.weight_ch59,2.3426361083984375
layer3.4.conv3.weight,80,layer3.4.conv3.weight_ch80,2.342268466949463
layer3.1.conv2.weight,10,layer3.1.conv2.weight_ch10,2.341740846633911
layer3.5.conv3.weight,1016,layer3.5.conv3.weight_ch1016,2.3407201766967773
layer3.3.conv3.weight,352,layer3.3.conv3.weight_ch352,2.340545654296875
layer3.0.conv2.weight,199,layer3.0.conv2.weight_ch199,2.339949607849121
layer4.0.conv3.weight,1880,layer4.0.conv3.weight_ch1880,2.3387451171875
layer3.5.conv3.weight,557,layer3.5.conv3.weight_ch557,2.3386168479919434
layer3.5.conv3.weight,388,layer3.5.conv3.weight_ch388,2.338143825531006
layer4.0.conv3.weight,385,layer4.0.conv3.weight_ch385,2.3380560874938965
layer2.0.conv1.weight,75,layer2.0.conv1.weight_ch75,2.3377206325531006
layer4.0.conv3.weight,879,layer4.0.conv3.weight_ch879,2.3371777534484863
layer2.3.conv3.weight,155,layer2.3.conv3.weight_ch155,2.335970878601074
layer4.0.conv3.weight,919,layer4.0.conv3.weight_ch919,2.3347184658050537
layer3.3.conv3.weight,26,layer3.3.conv3.weight_ch26,2.3339667320251465
layer4.0.conv3.weight,1276,layer4.0.conv3.weight_ch1276,2.333559274673462
layer3.3.conv3.weight,413,layer3.3.conv3.weight_ch413,2.332984447479248
layer3.3.conv3.weight,282,layer3.3.conv3.weight_ch282,2.332914352416992
layer3.4.conv1.weight,185,layer3.4.conv1.weight_ch185,2.3326778411865234
layer3.4.conv3.weight,810,layer3.4.conv3.weight_ch810,2.3319461345672607
layer3.3.conv3.weight,914,layer3.3.conv3.weight_ch914,2.331937551498413
layer3.0.conv3.weight,438,layer3.0.conv3.weight_ch438,2.3314208984375
layer3.2.conv3.weight,258,layer3.2.conv3.weight_ch258,2.3312411308288574
layer3.2.conv3.weight,564,layer3.2.conv3.weight_ch564,2.3305575847625732
layer3.5.conv3.weight,714,layer3.5.conv3.weight_ch714,2.3301239013671875
layer3.4.conv3.weight,279,layer3.4.conv3.weight_ch279,2.32997989654541
layer4.0.conv3.weight,113,layer4.0.conv3.weight_ch113,2.329777240753174
layer3.5.conv3.weight,524,layer3.5.conv3.weight_ch524,2.3296635150909424
layer4.0.conv3.weight,1078,layer4.0.conv3.weight_ch1078,2.3289973735809326
layer3.4.conv3.weight,171,layer3.4.conv3.weight_ch171,2.3289577960968018
layer3.2.conv3.weight,374,layer3.2.conv3.weight_ch374,2.3288755416870117
layer4.0.conv3.weight,1291,layer4.0.conv3.weight_ch1291,2.3282430171966553
layer3.4.conv3.weight,221,layer3.4.conv3.weight_ch221,2.328227996826172
layer4.0.conv3.weight,1535,layer4.0.conv3.weight_ch1535,2.3275198936462402
layer3.2.conv1.weight,144,layer3.2.conv1.weight_ch144,2.327357292175293
layer3.4.conv3.weight,601,layer3.4.conv3.weight_ch601,2.327115535736084
layer3.2.conv3.weight,623,layer3.2.conv3.weight_ch623,2.3266663551330566
layer3.3.conv3.weight,893,layer3.3.conv3.weight_ch893,2.3265042304992676
layer4.1.conv1.weight,348,layer4.1.conv1.weight_ch348,2.3263750076293945
layer3.5.conv3.weight,147,layer3.5.conv3.weight_ch147,2.326120138168335
layer3.4.conv1.weight,233,layer3.4.conv1.weight_ch233,2.324946165084839
layer3.1.conv2.weight,157,layer3.1.conv2.weight_ch157,2.3246943950653076
layer3.3.conv3.weight,28,layer3.3.conv3.weight_ch28,2.324204683303833
layer3.2.conv3.weight,431,layer3.2.conv3.weight_ch431,2.3240253925323486
layer4.0.conv3.weight,759,layer4.0.conv3.weight_ch759,2.3236641883850098
layer4.0.conv3.weight,264,layer4.0.conv3.weight_ch264,2.3231396675109863
layer3.2.conv3.weight,844,layer3.2.conv3.weight_ch844,2.3228793144226074
layer1.1.conv1.weight,58,layer1.1.conv1.weight_ch58,2.3223109245300293
layer2.3.conv3.weight,156,layer2.3.conv3.weight_ch156,2.3220574855804443
layer3.1.conv2.weight,150,layer3.1.conv2.weight_ch150,2.321570873260498
layer3.4.conv3.weight,99,layer3.4.conv3.weight_ch99,2.321563243865967
layer4.0.conv3.weight,1099,layer4.0.conv3.weight_ch1099,2.321328639984131
layer3.0.conv3.weight,851,layer3.0.conv3.weight_ch851,2.3212506771087646
layer4.1.conv1.weight,78,layer4.1.conv1.weight_ch78,2.320927143096924
layer3.2.conv3.weight,293,layer3.2.conv3.weight_ch293,2.320556163787842
layer3.5.conv3.weight,80,layer3.5.conv3.weight_ch80,2.3203368186950684
layer4.1.conv1.weight,374,layer4.1.conv1.weight_ch374,2.320223331451416
layer3.3.conv3.weight,92,layer3.3.conv3.weight_ch92,2.3198506832122803
layer4.0.conv3.weight,1214,layer4.0.conv3.weight_ch1214,2.31954026222229
layer3.1.conv2.weight,143,layer3.1.conv2.weight_ch143,2.31882381439209
layer4.0.conv3.weight,1542,layer4.0.conv3.weight_ch1542,2.318694829940796
layer4.1.conv1.weight,114,layer4.1.conv1.weight_ch114,2.318542957305908
layer4.1.conv1.weight,41,layer4.1.conv1.weight_ch41,2.318321466445923
layer4.1.conv1.weight,180,layer4.1.conv1.weight_ch180,2.3182804584503174
layer3.5.conv3.weight,827,layer3.5.conv3.weight_ch827,2.3180298805236816
layer4.0.conv3.weight,1906,layer4.0.conv3.weight_ch1906,2.3175270557403564
layer3.4.conv1.weight,15,layer3.4.conv1.weight_ch15,2.3171937465667725
layer4.0.conv3.weight,1260,layer4.0.conv3.weight_ch1260,2.3162407875061035
layer4.0.conv3.weight,642,layer4.0.conv3.weight_ch642,2.3147411346435547
layer4.0.conv3.weight,2012,layer4.0.conv3.weight_ch2012,2.314567804336548
layer4.0.conv3.weight,85,layer4.0.conv3.weight_ch85,2.31425142288208
layer3.3.conv3.weight,231,layer3.3.conv3.weight_ch231,2.314208984375
layer2.3.conv2.weight,42,layer2.3.conv2.weight_ch42,2.3134243488311768
layer4.1.conv1.weight,338,layer4.1.conv1.weight_ch338,2.3120036125183105
layer3.0.conv3.weight,298,layer3.0.conv3.weight_ch298,2.3118247985839844
layer3.4.conv3.weight,698,layer3.4.conv3.weight_ch698,2.3115782737731934
layer3.1.conv2.weight,202,layer3.1.conv2.weight_ch202,2.3101372718811035
layer3.1.conv2.weight,255,layer3.1.conv2.weight_ch255,2.30972957611084
layer3.3.conv3.weight,187,layer3.3.conv3.weight_ch187,2.3091883659362793
layer3.4.conv3.weight,989,layer3.4.conv3.weight_ch989,2.3090872764587402
layer3.2.conv3.weight,371,layer3.2.conv3.weight_ch371,2.308479070663452
layer3.3.conv3.weight,343,layer3.3.conv3.weight_ch343,2.3080148696899414
layer3.5.conv3.weight,419,layer3.5.conv3.weight_ch419,2.3078060150146484
layer4.1.conv1.weight,504,layer4.1.conv1.weight_ch504,2.307682514190674
layer3.2.conv1.weight,94,layer3.2.conv1.weight_ch94,2.3076815605163574
layer3.2.conv3.weight,327,layer3.2.conv3.weight_ch327,2.307663679122925
layer3.3.conv3.weight,1009,layer3.3.conv3.weight_ch1009,2.305912733078003
layer3.0.conv2.weight,35,layer3.0.conv2.weight_ch35,2.305447816848755
layer3.3.conv3.weight,376,layer3.3.conv3.weight_ch376,2.3053126335144043
layer3.2.conv1.weight,35,layer3.2.conv1.weight_ch35,2.304985761642456
layer3.1.conv2.weight,93,layer3.1.conv2.weight_ch93,2.304920196533203
layer4.0.conv3.weight,1165,layer4.0.conv3.weight_ch1165,2.304485321044922
layer3.3.conv3.weight,441,layer3.3.conv3.weight_ch441,2.3037028312683105
layer3.2.conv3.weight,356,layer3.2.conv3.weight_ch356,2.3028852939605713
layer3.2.conv3.weight,304,layer3.2.conv3.weight_ch304,2.3020567893981934
layer3.1.conv2.weight,196,layer3.1.conv2.weight_ch196,2.301926612854004
layer3.2.conv3.weight,92,layer3.2.conv3.weight_ch92,2.3016107082366943
layer4.0.conv3.weight,1921,layer4.0.conv3.weight_ch1921,2.3013010025024414
layer2.3.conv3.weight,302,layer2.3.conv3.weight_ch302,2.301142454147339
layer3.0.conv3.weight,680,layer3.0.conv3.weight_ch680,2.300977945327759
layer3.3.conv3.weight,221,layer3.3.conv3.weight_ch221,2.30080246925354
layer2.3.conv3.weight,311,layer2.3.conv3.weight_ch311,2.300400495529175
layer3.4.conv1.weight,215,layer3.4.conv1.weight_ch215,2.300248622894287
layer3.0.conv3.weight,699,layer3.0.conv3.weight_ch699,2.300210952758789
layer4.0.conv3.weight,1696,layer4.0.conv3.weight_ch1696,2.299901247024536
layer3.2.conv3.weight,680,layer3.2.conv3.weight_ch680,2.29929256439209
layer3.4.conv1.weight,127,layer3.4.conv1.weight_ch127,2.2989702224731445
layer3.2.conv3.weight,292,layer3.2.conv3.weight_ch292,2.2987160682678223
layer3.4.conv3.weight,350,layer3.4.conv3.weight_ch350,2.2987051010131836
layer3.5.conv3.weight,1006,layer3.5.conv3.weight_ch1006,2.2986178398132324
layer3.4.conv3.weight,260,layer3.4.conv3.weight_ch260,2.298039674758911
layer3.0.conv3.weight,798,layer3.0.conv3.weight_ch798,2.297991991043091
layer4.0.conv3.weight,932,layer4.0.conv3.weight_ch932,2.2979249954223633
layer4.0.conv3.weight,755,layer4.0.conv3.weight_ch755,2.297563314437866
layer3.2.conv3.weight,620,layer3.2.conv3.weight_ch620,2.29689359664917
layer4.1.conv1.weight,223,layer4.1.conv1.weight_ch223,2.296642780303955
layer4.0.conv3.weight,773,layer4.0.conv3.weight_ch773,2.29592227935791
layer3.4.conv3.weight,565,layer3.4.conv3.weight_ch565,2.295616865158081
layer3.0.conv3.weight,453,layer3.0.conv3.weight_ch453,2.2945520877838135
layer4.0.conv3.weight,600,layer4.0.conv3.weight_ch600,2.2940828800201416
layer3.3.conv3.weight,234,layer3.3.conv3.weight_ch234,2.293484687805176
layer3.3.conv3.weight,975,layer3.3.conv3.weight_ch975,2.293365240097046
layer3.4.conv3.weight,357,layer3.4.conv3.weight_ch357,2.293257236480713
layer3.3.conv3.weight,667,layer3.3.conv3.weight_ch667,2.2932088375091553
layer3.3.conv3.weight,612,layer3.3.conv3.weight_ch612,2.292365789413452
layer3.0.conv2.weight,11,layer3.0.conv2.weight_ch11,2.2923245429992676
layer3.0.conv3.weight,653,layer3.0.conv3.weight_ch653,2.2918941974639893
layer3.3.conv3.weight,193,layer3.3.conv3.weight_ch193,2.2910306453704834
layer3.2.conv1.weight,17,layer3.2.conv1.weight_ch17,2.2908644676208496
layer3.0.conv2.weight,65,layer3.0.conv2.weight_ch65,2.2907323837280273
layer3.5.conv3.weight,247,layer3.5.conv3.weight_ch247,2.290633201599121
layer4.1.conv1.weight,162,layer4.1.conv1.weight_ch162,2.289381980895996
layer3.0.conv3.weight,813,layer3.0.conv3.weight_ch813,2.2888474464416504
layer3.4.conv3.weight,53,layer3.4.conv3.weight_ch53,2.2886061668395996
layer4.0.conv3.weight,1627,layer4.0.conv3.weight_ch1627,2.2879607677459717
layer3.3.conv3.weight,940,layer3.3.conv3.weight_ch940,2.28739857673645
layer3.4.conv3.weight,807,layer3.4.conv3.weight_ch807,2.28694748878479
layer3.4.conv3.weight,407,layer3.4.conv3.weight_ch407,2.2864251136779785
layer3.5.conv3.weight,332,layer3.5.conv3.weight_ch332,2.2857425212860107
layer4.0.conv3.weight,79,layer4.0.conv3.weight_ch79,2.285212516784668
layer3.3.conv3.weight,902,layer3.3.conv3.weight_ch902,2.284677028656006
layer3.0.conv3.weight,477,layer3.0.conv3.weight_ch477,2.2845816612243652
layer4.0.conv3.weight,414,layer4.0.conv3.weight_ch414,2.2845139503479004
layer4.0.conv3.weight,211,layer4.0.conv3.weight_ch211,2.2844133377075195
layer3.5.conv3.weight,132,layer3.5.conv3.weight_ch132,2.2826662063598633
layer4.0.conv3.weight,67,layer4.0.conv3.weight_ch67,2.281992197036743
layer4.0.conv3.weight,1817,layer4.0.conv3.weight_ch1817,2.2818915843963623
layer4.1.conv1.weight,484,layer4.1.conv1.weight_ch484,2.2814786434173584
layer3.0.conv2.weight,159,layer3.0.conv2.weight_ch159,2.281376600265503
layer4.0.conv3.weight,373,layer4.0.conv3.weight_ch373,2.28014874458313
layer3.0.conv3.weight,471,layer3.0.conv3.weight_ch471,2.279372215270996
layer3.4.conv3.weight,916,layer3.4.conv3.weight_ch916,2.2793374061584473
layer3.0.conv2.weight,92,layer3.0.conv2.weight_ch92,2.278651714324951
layer3.2.conv3.weight,238,layer3.2.conv3.weight_ch238,2.2774853706359863
layer4.0.conv3.weight,1346,layer4.0.conv3.weight_ch1346,2.2770655155181885
layer3.4.conv3.weight,749,layer3.4.conv3.weight_ch749,2.276604652404785
layer3.0.conv2.weight,101,layer3.0.conv2.weight_ch101,2.2765932083129883
layer3.5.conv3.weight,184,layer3.5.conv3.weight_ch184,2.276323080062866
layer3.2.conv3.weight,64,layer3.2.conv3.weight_ch64,2.2762794494628906
layer4.0.conv3.weight,1632,layer4.0.conv3.weight_ch1632,2.275712490081787
layer3.5.conv3.weight,790,layer3.5.conv3.weight_ch790,2.275303602218628
layer4.0.conv3.weight,1167,layer4.0.conv3.weight_ch1167,2.2750346660614014
layer4.0.conv3.weight,1794,layer4.0.conv3.weight_ch1794,2.274569034576416
layer4.0.conv3.weight,843,layer4.0.conv3.weight_ch843,2.274324655532837
layer3.2.conv3.weight,53,layer3.2.conv3.weight_ch53,2.2741947174072266
layer4.0.conv3.weight,407,layer4.0.conv3.weight_ch407,2.2735068798065186
layer4.0.conv3.weight,1149,layer4.0.conv3.weight_ch1149,2.2734768390655518
layer2.3.conv3.weight,396,layer2.3.conv3.weight_ch396,2.273469924926758
layer3.5.conv3.weight,916,layer3.5.conv3.weight_ch916,2.27327561378479
layer3.1.conv2.weight,69,layer3.1.conv2.weight_ch69,2.273191213607788
layer3.0.conv3.weight,661,layer3.0.conv3.weight_ch661,2.2730467319488525
layer4.0.conv3.weight,1735,layer4.0.conv3.weight_ch1735,2.272709369659424
layer4.0.conv3.weight,646,layer4.0.conv3.weight_ch646,2.2720882892608643
layer3.0.conv2.weight,17,layer3.0.conv2.weight_ch17,2.271786689758301
layer4.0.conv3.weight,2018,layer4.0.conv3.weight_ch2018,2.2709500789642334
layer2.3.conv2.weight,116,layer2.3.conv2.weight_ch116,2.27093505859375
layer3.5.conv3.weight,233,layer3.5.conv3.weight_ch233,2.2709193229675293
layer4.0.conv3.weight,1992,layer4.0.conv3.weight_ch1992,2.2708897590637207
layer4.1.conv1.weight,379,layer4.1.conv1.weight_ch379,2.2700376510620117
layer3.2.conv3.weight,699,layer3.2.conv3.weight_ch699,2.2697763442993164
layer4.1.conv1.weight,369,layer4.1.conv1.weight_ch369,2.2686259746551514
layer2.3.conv3.weight,415,layer2.3.conv3.weight_ch415,2.268602132797241
layer4.1.conv1.weight,434,layer4.1.conv1.weight_ch434,2.26820707321167
layer3.0.conv3.weight,399,layer3.0.conv3.weight_ch399,2.2677972316741943
layer3.5.conv3.weight,533,layer3.5.conv3.weight_ch533,2.267362117767334
layer4.0.conv3.weight,1353,layer4.0.conv3.weight_ch1353,2.2670252323150635
layer3.2.conv3.weight,407,layer3.2.conv3.weight_ch407,2.2668066024780273
layer4.0.conv3.weight,979,layer4.0.conv3.weight_ch979,2.2657718658447266
layer3.0.conv3.weight,23,layer3.0.conv3.weight_ch23,2.265641450881958
layer4.0.conv3.weight,568,layer4.0.conv3.weight_ch568,2.2655062675476074
layer3.3.conv3.weight,45,layer3.3.conv3.weight_ch45,2.2648720741271973
layer4.0.conv3.weight,1449,layer4.0.conv3.weight_ch1449,2.264531135559082
layer3.3.conv3.weight,578,layer3.3.conv3.weight_ch578,2.2643215656280518
layer3.0.conv3.weight,478,layer3.0.conv3.weight_ch478,2.264248847961426
layer3.4.conv3.weight,142,layer3.4.conv3.weight_ch142,2.2636475563049316
layer3.3.conv3.weight,800,layer3.3.conv3.weight_ch800,2.263612747192383
layer3.0.conv3.weight,1019,layer3.0.conv3.weight_ch1019,2.2636117935180664
layer2.3.conv3.weight,199,layer2.3.conv3.weight_ch199,2.2635788917541504
layer4.1.conv1.weight,128,layer4.1.conv1.weight_ch128,2.262840509414673
layer4.1.conv1.weight,123,layer4.1.conv1.weight_ch123,2.2628159523010254
layer4.0.conv3.weight,1891,layer4.0.conv3.weight_ch1891,2.2626242637634277
layer3.4.conv1.weight,29,layer3.4.conv1.weight_ch29,2.262026786804199
layer4.0.conv3.weight,298,layer4.0.conv3.weight_ch298,2.2616562843322754
layer4.1.conv1.weight,304,layer4.1.conv1.weight_ch304,2.2613916397094727
layer3.1.conv2.weight,243,layer3.1.conv2.weight_ch243,2.260612964630127
layer3.0.conv3.weight,46,layer3.0.conv3.weight_ch46,2.260509490966797
layer3.4.conv3.weight,1003,layer3.4.conv3.weight_ch1003,2.2597055435180664
layer4.0.conv3.weight,20,layer4.0.conv3.weight_ch20,2.259176254272461
layer4.0.conv3.weight,1344,layer4.0.conv3.weight_ch1344,2.2588443756103516
layer4.1.conv1.weight,442,layer4.1.conv1.weight_ch442,2.258784055709839
layer3.4.conv1.weight,209,layer3.4.conv1.weight_ch209,2.2586841583251953
layer3.2.conv3.weight,910,layer3.2.conv3.weight_ch910,2.2576494216918945
layer3.0.conv2.weight,29,layer3.0.conv2.weight_ch29,2.2573931217193604
layer3.3.conv3.weight,773,layer3.3.conv3.weight_ch773,2.2572665214538574
layer3.3.conv3.weight,961,layer3.3.conv3.weight_ch961,2.25700044631958
layer4.1.conv1.weight,58,layer4.1.conv1.weight_ch58,2.2569475173950195
layer3.4.conv3.weight,1020,layer3.4.conv3.weight_ch1020,2.256859540939331
layer4.1.conv1.weight,203,layer4.1.conv1.weight_ch203,2.256067991256714
layer2.3.conv3.weight,211,layer2.3.conv3.weight_ch211,2.2560155391693115
layer3.4.conv3.weight,7,layer3.4.conv3.weight_ch7,2.255323648452759
layer3.1.conv2.weight,201,layer3.1.conv2.weight_ch201,2.255189895629883
layer4.0.conv3.weight,1499,layer4.0.conv3.weight_ch1499,2.254570245742798
layer3.4.conv3.weight,849,layer3.4.conv3.weight_ch849,2.2543771266937256
layer3.5.conv3.weight,479,layer3.5.conv3.weight_ch479,2.2543540000915527
layer4.0.conv3.weight,1040,layer4.0.conv3.weight_ch1040,2.253478765487671
layer4.1.conv1.weight,134,layer4.1.conv1.weight_ch134,2.2532846927642822
layer3.5.conv3.weight,749,layer3.5.conv3.weight_ch749,2.2531840801239014
layer3.0.conv3.weight,895,layer3.0.conv3.weight_ch895,2.2530877590179443
layer3.5.conv3.weight,21,layer3.5.conv3.weight_ch21,2.252964496612549
layer4.1.conv1.weight,141,layer4.1.conv1.weight_ch141,2.2529141902923584
layer4.1.conv1.weight,486,layer4.1.conv1.weight_ch486,2.2527987957000732
layer3.5.conv3.weight,591,layer3.5.conv3.weight_ch591,2.2527835369110107
layer3.0.conv3.weight,352,layer3.0.conv3.weight_ch352,2.2527756690979004
layer3.1.conv2.weight,99,layer3.1.conv2.weight_ch99,2.25186824798584
layer4.0.conv3.weight,81,layer4.0.conv3.weight_ch81,2.2517151832580566
layer3.2.conv3.weight,659,layer3.2.conv3.weight_ch659,2.250688314437866
layer2.3.conv2.weight,52,layer2.3.conv2.weight_ch52,2.2501718997955322
layer3.4.conv3.weight,13,layer3.4.conv3.weight_ch13,2.2500085830688477
layer3.0.conv2.weight,38,layer3.0.conv2.weight_ch38,2.249753952026367
layer3.4.conv1.weight,23,layer3.4.conv1.weight_ch23,2.2491769790649414
layer3.2.conv3.weight,824,layer3.2.conv3.weight_ch824,2.249091148376465
layer3.0.conv3.weight,889,layer3.0.conv3.weight_ch889,2.2490086555480957
layer4.0.conv3.weight,1562,layer4.0.conv3.weight_ch1562,2.248668909072876
layer4.0.conv3.weight,620,layer4.0.conv3.weight_ch620,2.2480807304382324
layer4.0.conv3.weight,453,layer4.0.conv3.weight_ch453,2.247600793838501
layer3.0.conv3.weight,230,layer3.0.conv3.weight_ch230,2.2465479373931885
layer3.2.conv3.weight,423,layer3.2.conv3.weight_ch423,2.245630979537964
layer4.0.conv3.weight,450,layer4.0.conv3.weight_ch450,2.245561361312866
layer4.0.conv3.weight,1854,layer4.0.conv3.weight_ch1854,2.245546579360962
layer4.0.conv3.weight,253,layer4.0.conv3.weight_ch253,2.245534896850586
layer3.0.conv3.weight,902,layer3.0.conv3.weight_ch902,2.2452239990234375
layer4.0.conv3.weight,1412,layer4.0.conv3.weight_ch1412,2.245187520980835
layer3.0.conv2.weight,2,layer3.0.conv2.weight_ch2,2.2448854446411133
layer4.0.conv3.weight,56,layer4.0.conv3.weight_ch56,2.244875192642212
layer4.0.conv3.weight,2000,layer4.0.conv3.weight_ch2000,2.244591236114502
layer3.0.conv2.weight,138,layer3.0.conv2.weight_ch138,2.2440340518951416
layer4.1.conv1.weight,56,layer4.1.conv1.weight_ch56,2.243598699569702
layer3.4.conv3.weight,998,layer3.4.conv3.weight_ch998,2.2435719966888428
layer3.3.conv3.weight,244,layer3.3.conv3.weight_ch244,2.2433438301086426
layer3.0.conv2.weight,179,layer3.0.conv2.weight_ch179,2.2432360649108887
layer2.3.conv3.weight,85,layer2.3.conv3.weight_ch85,2.242849349975586
layer4.0.conv3.weight,1328,layer4.0.conv3.weight_ch1328,2.2426488399505615
layer4.0.conv3.weight,1138,layer4.0.conv3.weight_ch1138,2.242133140563965
layer3.1.conv2.weight,156,layer3.1.conv2.weight_ch156,2.242063522338867
layer3.4.conv3.weight,451,layer3.4.conv3.weight_ch451,2.241663694381714
layer3.4.conv3.weight,422,layer3.4.conv3.weight_ch422,2.2413976192474365
layer4.0.conv3.weight,1249,layer4.0.conv3.weight_ch1249,2.2406508922576904
layer4.0.conv3.weight,526,layer4.0.conv3.weight_ch526,2.2405903339385986
layer3.0.conv3.weight,516,layer3.0.conv3.weight_ch516,2.240246534347534
layer4.0.conv3.weight,1707,layer4.0.conv3.weight_ch1707,2.239780902862549
layer4.0.conv3.weight,589,layer4.0.conv3.weight_ch589,2.2393789291381836
layer4.0.conv3.weight,1600,layer4.0.conv3.weight_ch1600,2.2392473220825195
layer4.0.conv3.weight,1935,layer4.0.conv3.weight_ch1935,2.2377119064331055
layer3.4.conv1.weight,45,layer3.4.conv1.weight_ch45,2.237527370452881
layer3.0.conv3.weight,366,layer3.0.conv3.weight_ch366,2.2373251914978027
layer4.0.conv3.weight,989,layer4.0.conv3.weight_ch989,2.2372310161590576
layer2.3.conv2.weight,113,layer2.3.conv2.weight_ch113,2.237071990966797
layer3.2.conv3.weight,836,layer3.2.conv3.weight_ch836,2.2370591163635254
layer3.4.conv3.weight,967,layer3.4.conv3.weight_ch967,2.235818862915039
layer3.0.conv2.weight,16,layer3.0.conv2.weight_ch16,2.2357490062713623
layer3.2.conv3.weight,859,layer3.2.conv3.weight_ch859,2.2357466220855713
layer4.0.conv3.weight,1447,layer4.0.conv3.weight_ch1447,2.235393524169922
layer3.0.conv3.weight,965,layer3.0.conv3.weight_ch965,2.2350354194641113
layer4.1.conv1.weight,352,layer4.1.conv1.weight_ch352,2.234966993331909
layer3.3.conv3.weight,751,layer3.3.conv3.weight_ch751,2.234799861907959
layer3.3.conv3.weight,734,layer3.3.conv3.weight_ch734,2.2342240810394287
layer2.3.conv2.weight,3,layer2.3.conv2.weight_ch3,2.234100580215454
layer3.2.conv1.weight,168,layer3.2.conv1.weight_ch168,2.233668327331543
layer3.1.conv2.weight,113,layer3.1.conv2.weight_ch113,2.2335829734802246
layer3.5.conv3.weight,307,layer3.5.conv3.weight_ch307,2.233314037322998
layer3.3.conv3.weight,986,layer3.3.conv3.weight_ch986,2.231557846069336
layer3.0.conv3.weight,973,layer3.0.conv3.weight_ch973,2.231356143951416
layer4.0.conv3.weight,609,layer4.0.conv3.weight_ch609,2.231194257736206
layer4.0.conv3.weight,249,layer4.0.conv3.weight_ch249,2.231121778488159
layer4.1.conv1.weight,219,layer4.1.conv1.weight_ch219,2.23099684715271
layer4.0.conv3.weight,1471,layer4.0.conv3.weight_ch1471,2.230881690979004
layer4.0.conv3.weight,1357,layer4.0.conv3.weight_ch1357,2.2297821044921875
layer3.0.conv2.weight,18,layer3.0.conv2.weight_ch18,2.228468894958496
layer4.0.conv3.weight,1144,layer4.0.conv3.weight_ch1144,2.2284483909606934
layer3.3.conv3.weight,687,layer3.3.conv3.weight_ch687,2.228172779083252
layer4.0.conv3.weight,247,layer4.0.conv3.weight_ch247,2.228058099746704
layer3.3.conv3.weight,99,layer3.3.conv3.weight_ch99,2.2275378704071045
layer2.3.conv3.weight,413,layer2.3.conv3.weight_ch413,2.226625919342041
layer3.0.conv3.weight,65,layer3.0.conv3.weight_ch65,2.2264621257781982
layer2.3.conv3.weight,151,layer2.3.conv3.weight_ch151,2.22592830657959
layer4.1.conv1.weight,224,layer4.1.conv1.weight_ch224,2.22542142868042
layer4.1.conv1.weight,406,layer4.1.conv1.weight_ch406,2.225311279296875
layer3.2.conv1.weight,153,layer3.2.conv1.weight_ch153,2.2238588333129883
layer4.0.conv3.weight,1984,layer4.0.conv3.weight_ch1984,2.2237472534179688
layer4.1.conv1.weight,125,layer4.1.conv1.weight_ch125,2.2236924171447754
layer3.2.conv3.weight,751,layer3.2.conv3.weight_ch751,2.2235329151153564
layer3.3.conv3.weight,468,layer3.3.conv3.weight_ch468,2.2235288619995117
layer3.2.conv3.weight,405,layer3.2.conv3.weight_ch405,2.222930908203125
layer4.0.conv3.weight,1435,layer4.0.conv3.weight_ch1435,2.221348285675049
layer3.0.conv3.weight,689,layer3.0.conv3.weight_ch689,2.2213077545166016
layer3.2.conv3.weight,415,layer3.2.conv3.weight_ch415,2.220733880996704
layer4.0.conv3.weight,1548,layer4.0.conv3.weight_ch1548,2.2202107906341553
layer4.0.conv3.weight,1758,layer4.0.conv3.weight_ch1758,2.2186174392700195
layer3.5.conv3.weight,395,layer3.5.conv3.weight_ch395,2.2183821201324463
layer3.4.conv1.weight,97,layer3.4.conv1.weight_ch97,2.2183446884155273
layer2.3.conv3.weight,470,layer2.3.conv3.weight_ch470,2.2180137634277344
layer4.1.conv1.weight,332,layer4.1.conv1.weight_ch332,2.217355251312256
layer4.1.conv1.weight,52,layer4.1.conv1.weight_ch52,2.2170329093933105
layer4.0.conv3.weight,1131,layer4.0.conv3.weight_ch1131,2.2167224884033203
layer4.1.conv1.weight,372,layer4.1.conv1.weight_ch372,2.2161858081817627
layer3.3.conv3.weight,711,layer3.3.conv3.weight_ch711,2.21616530418396
layer2.3.conv3.weight,180,layer2.3.conv3.weight_ch180,2.2159738540649414
layer3.2.conv3.weight,845,layer3.2.conv3.weight_ch845,2.215963125228882
layer3.2.conv3.weight,856,layer3.2.conv3.weight_ch856,2.215146780014038
layer3.2.conv3.weight,236,layer3.2.conv3.weight_ch236,2.214965343475342
layer3.5.conv3.weight,206,layer3.5.conv3.weight_ch206,2.214303493499756
layer3.2.conv3.weight,991,layer3.2.conv3.weight_ch991,2.2141292095184326
layer3.3.conv3.weight,132,layer3.3.conv3.weight_ch132,2.2140042781829834
layer3.0.conv2.weight,109,layer3.0.conv2.weight_ch109,2.2138352394104004
layer3.0.conv2.weight,98,layer3.0.conv2.weight_ch98,2.2137632369995117
layer3.4.conv3.weight,763,layer3.4.conv3.weight_ch763,2.21325945854187
layer3.4.conv3.weight,358,layer3.4.conv3.weight_ch358,2.2132015228271484
layer4.0.conv3.weight,485,layer4.0.conv3.weight_ch485,2.2131733894348145
layer4.0.conv3.weight,561,layer4.0.conv3.weight_ch561,2.212580442428589
layer4.0.conv3.weight,1145,layer4.0.conv3.weight_ch1145,2.2125189304351807
layer3.2.conv3.weight,752,layer3.2.conv3.weight_ch752,2.2122902870178223
layer3.2.conv3.weight,94,layer3.2.conv3.weight_ch94,2.2110135555267334
layer3.2.conv3.weight,495,layer3.2.conv3.weight_ch495,2.210700511932373
layer3.0.conv3.weight,561,layer3.0.conv3.weight_ch561,2.210566520690918
layer3.5.conv3.weight,643,layer3.5.conv3.weight_ch643,2.210430860519409
layer3.5.conv3.weight,290,layer3.5.conv3.weight_ch290,2.2102508544921875
layer3.1.conv2.weight,43,layer3.1.conv2.weight_ch43,2.2102484703063965
layer4.0.conv3.weight,27,layer4.0.conv3.weight_ch27,2.210022211074829
layer4.0.conv3.weight,1163,layer4.0.conv3.weight_ch1163,2.2099666595458984
layer4.0.conv3.weight,762,layer4.0.conv3.weight_ch762,2.2096447944641113
layer3.4.conv3.weight,853,layer3.4.conv3.weight_ch853,2.2095534801483154
layer4.0.conv3.weight,1206,layer4.0.conv3.weight_ch1206,2.2091145515441895
layer3.4.conv3.weight,28,layer3.4.conv3.weight_ch28,2.2090988159179688
layer3.3.conv3.weight,454,layer3.3.conv3.weight_ch454,2.208994150161743
layer4.0.conv3.weight,1218,layer4.0.conv3.weight_ch1218,2.2085442543029785
layer3.5.conv3.weight,904,layer3.5.conv3.weight_ch904,2.2078373432159424
layer4.1.conv1.weight,132,layer4.1.conv1.weight_ch132,2.2074995040893555
layer3.0.conv2.weight,102,layer3.0.conv2.weight_ch102,2.2073473930358887
layer2.3.conv3.weight,287,layer2.3.conv3.weight_ch287,2.2071642875671387
layer4.0.conv3.weight,650,layer4.0.conv3.weight_ch650,2.2060327529907227
layer3.3.conv3.weight,596,layer3.3.conv3.weight_ch596,2.20590877532959
layer4.0.conv3.weight,1052,layer4.0.conv3.weight_ch1052,2.2058937549591064
layer4.0.conv3.weight,1527,layer4.0.conv3.weight_ch1527,2.2057201862335205
layer4.0.conv3.weight,1910,layer4.0.conv3.weight_ch1910,2.204644203186035
layer4.0.conv3.weight,1720,layer4.0.conv3.weight_ch1720,2.2043325901031494
layer3.5.conv3.weight,67,layer3.5.conv3.weight_ch67,2.204294443130493
layer2.3.conv3.weight,427,layer2.3.conv3.weight_ch427,2.204249382019043
layer3.5.conv3.weight,859,layer3.5.conv3.weight_ch859,2.204228401184082
layer4.0.conv3.weight,862,layer4.0.conv3.weight_ch862,2.2039592266082764
layer3.1.conv2.weight,208,layer3.1.conv2.weight_ch208,2.2033650875091553
layer4.0.conv3.weight,492,layer4.0.conv3.weight_ch492,2.2033426761627197
layer3.5.conv3.weight,45,layer3.5.conv3.weight_ch45,2.2032854557037354
layer3.1.conv2.weight,2,layer3.1.conv2.weight_ch2,2.2026376724243164
layer4.0.conv3.weight,851,layer4.0.conv3.weight_ch851,2.2024731636047363
layer3.2.conv3.weight,38,layer3.2.conv3.weight_ch38,2.2023911476135254
layer4.0.conv3.weight,244,layer4.0.conv3.weight_ch244,2.2021450996398926
layer3.2.conv3.weight,996,layer3.2.conv3.weight_ch996,2.2020490169525146
layer3.0.conv3.weight,998,layer3.0.conv3.weight_ch998,2.201857328414917
layer3.3.conv3.weight,547,layer3.3.conv3.weight_ch547,2.200850248336792
layer4.0.conv3.weight,878,layer4.0.conv3.weight_ch878,2.2004752159118652
layer2.3.conv2.weight,47,layer2.3.conv2.weight_ch47,2.200359582901001
layer3.3.conv3.weight,134,layer3.3.conv3.weight_ch134,2.2003555297851562
layer4.0.conv3.weight,797,layer4.0.conv3.weight_ch797,2.20025634765625
layer4.0.conv3.weight,367,layer4.0.conv3.weight_ch367,2.20000958442688
layer4.0.conv3.weight,1283,layer4.0.conv3.weight_ch1283,2.1996755599975586
layer3.5.conv3.weight,772,layer3.5.conv3.weight_ch772,2.19966983795166
layer3.5.conv3.weight,182,layer3.5.conv3.weight_ch182,2.199596881866455
layer4.0.conv3.weight,380,layer4.0.conv3.weight_ch380,2.1995770931243896
layer3.5.conv3.weight,107,layer3.5.conv3.weight_ch107,2.1994388103485107
layer4.1.conv1.weight,108,layer4.1.conv1.weight_ch108,2.19901704788208
layer3.5.conv3.weight,1002,layer3.5.conv3.weight_ch1002,2.198845863342285
layer3.4.conv3.weight,55,layer3.4.conv3.weight_ch55,2.1979405879974365
layer3.2.conv3.weight,570,layer3.2.conv3.weight_ch570,2.1972503662109375
layer3.2.conv3.weight,791,layer3.2.conv3.weight_ch791,2.197244882583618
layer3.4.conv1.weight,52,layer3.4.conv1.weight_ch52,2.1970317363739014
layer4.0.conv3.weight,1870,layer4.0.conv3.weight_ch1870,2.1963930130004883
layer3.4.conv3.weight,1014,layer3.4.conv3.weight_ch1014,2.1961848735809326
layer3.0.conv2.weight,218,layer3.0.conv2.weight_ch218,2.1960971355438232
layer3.3.conv3.weight,995,layer3.3.conv3.weight_ch995,2.196019411087036
layer3.3.conv3.weight,542,layer3.3.conv3.weight_ch542,2.195897340774536
layer4.1.conv1.weight,190,layer4.1.conv1.weight_ch190,2.1952080726623535
layer3.0.conv3.weight,472,layer3.0.conv3.weight_ch472,2.195169687271118
layer3.2.conv3.weight,727,layer3.2.conv3.weight_ch727,2.195124864578247
layer3.4.conv3.weight,861,layer3.4.conv3.weight_ch861,2.1948556900024414
layer3.0.conv3.weight,862,layer3.0.conv3.weight_ch862,2.194108486175537
layer3.0.conv3.weight,278,layer3.0.conv3.weight_ch278,2.1938138008117676
layer3.0.conv3.weight,55,layer3.0.conv3.weight_ch55,2.193622350692749
layer4.0.conv3.weight,1134,layer4.0.conv3.weight_ch1134,2.1933724880218506
layer3.4.conv1.weight,230,layer3.4.conv1.weight_ch230,2.1931192874908447
layer3.2.conv3.weight,165,layer3.2.conv3.weight_ch165,2.192887544631958
layer3.2.conv3.weight,73,layer3.2.conv3.weight_ch73,2.192415714263916
layer3.0.conv3.weight,144,layer3.0.conv3.weight_ch144,2.192383050918579
layer3.3.conv3.weight,762,layer3.3.conv3.weight_ch762,2.1920008659362793
layer3.3.conv3.weight,927,layer3.3.conv3.weight_ch927,2.1918435096740723
layer4.1.conv1.weight,270,layer4.1.conv1.weight_ch270,2.1914174556732178
layer3.0.conv3.weight,36,layer3.0.conv3.weight_ch36,2.191176652908325
layer4.0.conv3.weight,1532,layer4.0.conv3.weight_ch1532,2.1897196769714355
layer4.0.conv3.weight,786,layer4.0.conv3.weight_ch786,2.188920497894287
layer3.2.conv3.weight,841,layer3.2.conv3.weight_ch841,2.1884703636169434
layer3.4.conv3.weight,694,layer3.4.conv3.weight_ch694,2.188422441482544
layer3.5.conv3.weight,344,layer3.5.conv3.weight_ch344,2.188279151916504
layer4.1.conv1.weight,227,layer4.1.conv1.weight_ch227,2.188258647918701
layer3.5.conv3.weight,225,layer3.5.conv3.weight_ch225,2.187800884246826
layer3.5.conv3.weight,35,layer3.5.conv3.weight_ch35,2.1863131523132324
layer4.0.conv3.weight,1744,layer4.0.conv3.weight_ch1744,2.1860995292663574
layer3.4.conv3.weight,829,layer3.4.conv3.weight_ch829,2.1860809326171875
layer4.0.conv3.weight,2031,layer4.0.conv3.weight_ch2031,2.185964822769165
layer4.0.conv3.weight,990,layer4.0.conv3.weight_ch990,2.1858139038085938
layer4.0.conv3.weight,880,layer4.0.conv3.weight_ch880,2.185800075531006
layer3.0.conv3.weight,789,layer3.0.conv3.weight_ch789,2.1853740215301514
layer3.2.conv3.weight,138,layer3.2.conv3.weight_ch138,2.1852481365203857
layer3.0.conv3.weight,166,layer3.0.conv3.weight_ch166,2.1852288246154785
layer3.3.conv3.weight,482,layer3.3.conv3.weight_ch482,2.184720754623413
layer4.0.conv3.weight,1083,layer4.0.conv3.weight_ch1083,2.1846749782562256
layer4.0.conv3.weight,146,layer4.0.conv3.weight_ch146,2.183741331100464
layer4.1.conv1.weight,191,layer4.1.conv1.weight_ch191,2.1835546493530273
layer3.0.conv3.weight,565,layer3.0.conv3.weight_ch565,2.182596445083618
layer3.0.conv3.weight,187,layer3.0.conv3.weight_ch187,2.1823654174804688
layer4.0.conv3.weight,1968,layer4.0.conv3.weight_ch1968,2.1818268299102783
layer3.0.conv3.weight,792,layer3.0.conv3.weight_ch792,2.1816766262054443
layer4.0.conv3.weight,279,layer4.0.conv3.weight_ch279,2.1816163063049316
layer2.3.conv2.weight,43,layer2.3.conv2.weight_ch43,2.1814095973968506
layer3.4.conv1.weight,1,layer3.4.conv1.weight_ch1,2.1814088821411133
layer4.0.conv3.weight,720,layer4.0.conv3.weight_ch720,2.181368827819824
layer3.2.conv1.weight,14,layer3.2.conv1.weight_ch14,2.1809275150299072
layer3.0.conv2.weight,243,layer3.0.conv2.weight_ch243,2.179683208465576
layer3.0.conv3.weight,557,layer3.0.conv3.weight_ch557,2.179291009902954
layer3.2.conv3.weight,135,layer3.2.conv3.weight_ch135,2.1778366565704346
layer3.5.conv3.weight,670,layer3.5.conv3.weight_ch670,2.177835464477539
layer4.1.conv1.weight,62,layer4.1.conv1.weight_ch62,2.177671194076538
layer3.5.conv3.weight,606,layer3.5.conv3.weight_ch606,2.1771130561828613
layer3.5.conv3.weight,959,layer3.5.conv3.weight_ch959,2.175997495651245
layer3.0.conv3.weight,819,layer3.0.conv3.weight_ch819,2.175889730453491
layer3.1.conv2.weight,82,layer3.1.conv2.weight_ch82,2.175259828567505
layer4.0.conv3.weight,1545,layer4.0.conv3.weight_ch1545,2.1745100021362305
layer4.0.conv3.weight,1827,layer4.0.conv3.weight_ch1827,2.173999547958374
layer3.4.conv3.weight,225,layer3.4.conv3.weight_ch225,2.1739373207092285
layer3.0.conv3.weight,286,layer3.0.conv3.weight_ch286,2.17380952835083
layer4.0.conv3.weight,1525,layer4.0.conv3.weight_ch1525,2.1734392642974854
layer4.0.conv3.weight,431,layer4.0.conv3.weight_ch431,2.1729722023010254
layer3.0.conv3.weight,41,layer3.0.conv3.weight_ch41,2.1728599071502686
layer3.0.conv3.weight,526,layer3.0.conv3.weight_ch526,2.172621250152588
layer4.0.conv3.weight,1230,layer4.0.conv3.weight_ch1230,2.1723852157592773
layer4.0.conv3.weight,1806,layer4.0.conv3.weight_ch1806,2.1721649169921875
layer4.0.conv3.weight,677,layer4.0.conv3.weight_ch677,2.171750783920288
layer2.3.conv3.weight,324,layer2.3.conv3.weight_ch324,2.171210289001465
layer3.0.conv3.weight,860,layer3.0.conv3.weight_ch860,2.170999050140381
layer3.0.conv3.weight,960,layer3.0.conv3.weight_ch960,2.1706840991973877
layer3.3.conv3.weight,1021,layer3.3.conv3.weight_ch1021,2.170403003692627
layer4.0.conv3.weight,1759,layer4.0.conv3.weight_ch1759,2.16977858543396
layer3.2.conv3.weight,166,layer3.2.conv3.weight_ch166,2.169339179992676
layer1.1.conv1.weight,28,layer1.1.conv1.weight_ch28,2.1685080528259277
layer4.0.conv3.weight,1515,layer4.0.conv3.weight_ch1515,2.168449878692627
layer3.3.conv3.weight,416,layer3.3.conv3.weight_ch416,2.168355703353882
layer3.0.conv3.weight,368,layer3.0.conv3.weight_ch368,2.168018102645874
layer3.4.conv1.weight,147,layer3.4.conv1.weight_ch147,2.1678783893585205
layer4.0.conv3.weight,153,layer4.0.conv3.weight_ch153,2.1672160625457764
layer3.3.conv3.weight,386,layer3.3.conv3.weight_ch386,2.166877031326294
layer3.4.conv3.weight,70,layer3.4.conv3.weight_ch70,2.166849136352539
layer4.0.conv3.weight,816,layer4.0.conv3.weight_ch816,2.1667592525482178
layer3.2.conv3.weight,565,layer3.2.conv3.weight_ch565,2.1665234565734863
layer4.0.conv3.weight,615,layer4.0.conv3.weight_ch615,2.1654906272888184
layer3.3.conv3.weight,205,layer3.3.conv3.weight_ch205,2.165372610092163
layer3.2.conv3.weight,589,layer3.2.conv3.weight_ch589,2.165138006210327
layer3.4.conv3.weight,553,layer3.4.conv3.weight_ch553,2.1648788452148438
layer3.4.conv3.weight,73,layer3.4.conv3.weight_ch73,2.1637964248657227
layer4.0.conv3.weight,938,layer4.0.conv3.weight_ch938,2.1637156009674072
layer3.0.conv3.weight,870,layer3.0.conv3.weight_ch870,2.1627068519592285
layer3.0.conv2.weight,201,layer3.0.conv2.weight_ch201,2.1626720428466797
layer2.3.conv3.weight,102,layer2.3.conv3.weight_ch102,2.162140369415283
layer3.0.conv3.weight,617,layer3.0.conv3.weight_ch617,2.1611971855163574
layer3.0.conv2.weight,230,layer3.0.conv2.weight_ch230,2.1609904766082764
layer3.2.conv1.weight,78,layer3.2.conv1.weight_ch78,2.1604442596435547
layer4.0.conv3.weight,945,layer4.0.conv3.weight_ch945,2.1602916717529297
layer3.2.conv1.weight,43,layer3.2.conv1.weight_ch43,2.1598737239837646
layer3.2.conv3.weight,544,layer3.2.conv3.weight_ch544,2.1594254970550537
layer3.2.conv3.weight,372,layer3.2.conv3.weight_ch372,2.159177780151367
layer3.0.conv3.weight,50,layer3.0.conv3.weight_ch50,2.1591391563415527
layer3.4.conv3.weight,973,layer3.4.conv3.weight_ch973,2.1578335762023926
layer4.0.conv3.weight,512,layer4.0.conv3.weight_ch512,2.1578006744384766
layer4.0.conv3.weight,425,layer4.0.conv3.weight_ch425,2.1575565338134766
layer3.0.conv2.weight,62,layer3.0.conv2.weight_ch62,2.1575305461883545
layer3.3.conv3.weight,840,layer3.3.conv3.weight_ch840,2.1572954654693604
layer3.2.conv3.weight,45,layer3.2.conv3.weight_ch45,2.1565301418304443
layer4.0.conv3.weight,1022,layer4.0.conv3.weight_ch1022,2.156167507171631
layer4.0.conv3.weight,774,layer4.0.conv3.weight_ch774,2.1559395790100098
layer2.0.conv1.weight,19,layer2.0.conv1.weight_ch19,2.155693769454956
layer3.4.conv3.weight,783,layer3.4.conv3.weight_ch783,2.1548986434936523
layer4.0.conv3.weight,1211,layer4.0.conv3.weight_ch1211,2.1543571949005127
layer4.0.conv3.weight,706,layer4.0.conv3.weight_ch706,2.154263734817505
layer3.5.conv3.weight,143,layer3.5.conv3.weight_ch143,2.1533989906311035
layer2.3.conv3.weight,492,layer2.3.conv3.weight_ch492,2.1525251865386963
layer4.1.conv1.weight,266,layer4.1.conv1.weight_ch266,2.1524579524993896
layer3.3.conv3.weight,629,layer3.3.conv3.weight_ch629,2.1523303985595703
layer4.0.conv3.weight,74,layer4.0.conv3.weight_ch74,2.1517868041992188
layer4.0.conv3.weight,209,layer4.0.conv3.weight_ch209,2.1514029502868652
layer3.0.conv3.weight,506,layer3.0.conv3.weight_ch506,2.1512513160705566
layer3.5.conv3.weight,201,layer3.5.conv3.weight_ch201,2.151040554046631
layer4.0.conv3.weight,1461,layer4.0.conv3.weight_ch1461,2.1507413387298584
layer3.0.conv3.weight,448,layer3.0.conv3.weight_ch448,2.150242805480957
layer4.1.conv1.weight,437,layer4.1.conv1.weight_ch437,2.1496520042419434
layer3.0.conv2.weight,20,layer3.0.conv2.weight_ch20,2.1496241092681885
layer4.0.conv3.weight,683,layer4.0.conv3.weight_ch683,2.149425506591797
layer4.0.conv3.weight,1373,layer4.0.conv3.weight_ch1373,2.149136781692505
layer3.2.conv3.weight,561,layer3.2.conv3.weight_ch561,2.1490254402160645
layer3.4.conv1.weight,201,layer3.4.conv1.weight_ch201,2.1485986709594727
layer3.1.conv2.weight,221,layer3.1.conv2.weight_ch221,2.148242235183716
layer3.0.conv3.weight,977,layer3.0.conv3.weight_ch977,2.147958755493164
layer4.1.conv1.weight,436,layer4.1.conv1.weight_ch436,2.1475369930267334
layer3.4.conv3.weight,982,layer3.4.conv3.weight_ch982,2.1474366188049316
layer3.5.conv3.weight,725,layer3.5.conv3.weight_ch725,2.1473798751831055
layer2.3.conv3.weight,337,layer2.3.conv3.weight_ch337,2.1472654342651367
layer4.0.conv3.weight,445,layer4.0.conv3.weight_ch445,2.146656036376953
layer3.5.conv3.weight,27,layer3.5.conv3.weight_ch27,2.14518404006958
layer3.4.conv1.weight,2,layer3.4.conv1.weight_ch2,2.1451733112335205
layer4.0.conv3.weight,89,layer4.0.conv3.weight_ch89,2.1451706886291504
layer3.5.conv3.weight,852,layer3.5.conv3.weight_ch852,2.1450934410095215
layer3.3.conv3.weight,851,layer3.3.conv3.weight_ch851,2.145084857940674
layer3.3.conv3.weight,736,layer3.3.conv3.weight_ch736,2.1450748443603516
layer3.4.conv3.weight,408,layer3.4.conv3.weight_ch408,2.144749641418457
layer4.1.conv1.weight,133,layer4.1.conv1.weight_ch133,2.1447291374206543
layer3.5.conv3.weight,492,layer3.5.conv3.weight_ch492,2.144554853439331
layer3.0.conv2.weight,119,layer3.0.conv2.weight_ch119,2.1430232524871826
layer3.0.conv3.weight,172,layer3.0.conv3.weight_ch172,2.1428492069244385
layer3.4.conv3.weight,381,layer3.4.conv3.weight_ch381,2.142725944519043
layer3.4.conv3.weight,270,layer3.4.conv3.weight_ch270,2.1425046920776367
layer4.0.conv3.weight,454,layer4.0.conv3.weight_ch454,2.1419923305511475
layer4.0.conv3.weight,940,layer4.0.conv3.weight_ch940,2.1419177055358887
layer2.3.conv2.weight,87,layer2.3.conv2.weight_ch87,2.141817808151245
layer3.0.conv3.weight,108,layer3.0.conv3.weight_ch108,2.1417486667633057
layer3.2.conv3.weight,342,layer3.2.conv3.weight_ch342,2.1415529251098633
layer2.3.conv2.weight,27,layer2.3.conv2.weight_ch27,2.140368700027466
layer3.4.conv3.weight,426,layer3.4.conv3.weight_ch426,2.139669895172119
layer3.0.conv3.weight,479,layer3.0.conv3.weight_ch479,2.139498710632324
layer3.2.conv3.weight,997,layer3.2.conv3.weight_ch997,2.139472484588623
layer4.1.conv1.weight,153,layer4.1.conv1.weight_ch153,2.1389389038085938
layer3.5.conv3.weight,650,layer3.5.conv3.weight_ch650,2.1386361122131348
layer3.5.conv3.weight,596,layer3.5.conv3.weight_ch596,2.1385042667388916
layer3.4.conv3.weight,214,layer3.4.conv3.weight_ch214,2.1384620666503906
layer4.1.conv1.weight,359,layer4.1.conv1.weight_ch359,2.137223720550537
layer4.0.conv3.weight,1621,layer4.0.conv3.weight_ch1621,2.1372148990631104
layer4.0.conv3.weight,1810,layer4.0.conv3.weight_ch1810,2.1365773677825928
layer3.2.conv3.weight,500,layer3.2.conv3.weight_ch500,2.1359477043151855
layer4.0.conv3.weight,412,layer4.0.conv3.weight_ch412,2.135712146759033
layer3.3.conv3.weight,348,layer3.3.conv3.weight_ch348,2.1356372833251953
layer4.0.conv3.weight,54,layer4.0.conv3.weight_ch54,2.134550094604492
layer3.4.conv3.weight,893,layer3.4.conv3.weight_ch893,2.133993148803711
layer3.2.conv3.weight,886,layer3.2.conv3.weight_ch886,2.1331770420074463
layer3.4.conv3.weight,824,layer3.4.conv3.weight_ch824,2.1328978538513184
layer4.0.conv3.weight,1182,layer4.0.conv3.weight_ch1182,2.1322972774505615
layer2.3.conv3.weight,381,layer2.3.conv3.weight_ch381,2.13226056098938
layer4.0.conv3.weight,1224,layer4.0.conv3.weight_ch1224,2.132260322570801
layer3.2.conv1.weight,182,layer3.2.conv1.weight_ch182,2.1321022510528564
layer3.4.conv3.weight,238,layer3.4.conv3.weight_ch238,2.1320221424102783
layer3.0.conv3.weight,18,layer3.0.conv3.weight_ch18,2.131057024002075
layer3.3.conv3.weight,852,layer3.3.conv3.weight_ch852,2.130967140197754
layer4.0.conv3.weight,1829,layer4.0.conv3.weight_ch1829,2.1309561729431152
layer3.4.conv3.weight,602,layer3.4.conv3.weight_ch602,2.130800247192383
layer4.0.conv3.weight,32,layer4.0.conv3.weight_ch32,2.1305878162384033
layer3.2.conv3.weight,555,layer3.2.conv3.weight_ch555,2.130507230758667
layer3.1.conv2.weight,12,layer3.1.conv2.weight_ch12,2.1300179958343506
layer3.2.conv3.weight,712,layer3.2.conv3.weight_ch712,2.1295957565307617
layer3.3.conv3.weight,149,layer3.3.conv3.weight_ch149,2.12917423248291
layer3.2.conv1.weight,146,layer3.2.conv1.weight_ch146,2.128427028656006
layer3.3.conv3.weight,685,layer3.3.conv3.weight_ch685,2.128222703933716
layer3.4.conv3.weight,72,layer3.4.conv3.weight_ch72,2.128213882446289
layer4.0.conv3.weight,304,layer4.0.conv3.weight_ch304,2.127788782119751
layer3.4.conv1.weight,39,layer3.4.conv1.weight_ch39,2.1270053386688232
layer3.2.conv3.weight,291,layer3.2.conv3.weight_ch291,2.1266002655029297
layer3.2.conv3.weight,96,layer3.2.conv3.weight_ch96,2.1262149810791016
layer2.3.conv2.weight,40,layer2.3.conv2.weight_ch40,2.1257524490356445
layer3.0.conv3.weight,68,layer3.0.conv3.weight_ch68,2.1255369186401367
layer3.2.conv3.weight,899,layer3.2.conv3.weight_ch899,2.1249303817749023
layer3.2.conv3.weight,956,layer3.2.conv3.weight_ch956,2.1245040893554688
layer3.0.conv2.weight,205,layer3.0.conv2.weight_ch205,2.1243677139282227
layer2.3.conv2.weight,0,layer2.3.conv2.weight_ch0,2.1242451667785645
layer3.2.conv3.weight,828,layer3.2.conv3.weight_ch828,2.124102830886841
layer2.0.conv1.weight,60,layer2.0.conv1.weight_ch60,2.1238839626312256
layer3.2.conv3.weight,690,layer3.2.conv3.weight_ch690,2.123875141143799
layer3.0.conv2.weight,162,layer3.0.conv2.weight_ch162,2.1234488487243652
layer4.0.conv3.weight,1691,layer4.0.conv3.weight_ch1691,2.123255491256714
layer3.4.conv1.weight,158,layer3.4.conv1.weight_ch158,2.12296462059021
layer4.0.conv3.weight,1335,layer4.0.conv3.weight_ch1335,2.1228342056274414
layer3.2.conv3.weight,429,layer3.2.conv3.weight_ch429,2.1227493286132812
layer3.4.conv3.weight,880,layer3.4.conv3.weight_ch880,2.1225943565368652
layer3.4.conv1.weight,81,layer3.4.conv1.weight_ch81,2.1215660572052
layer3.4.conv3.weight,938,layer3.4.conv3.weight_ch938,2.120910882949829
layer3.3.conv3.weight,255,layer3.3.conv3.weight_ch255,2.120245933532715
layer3.3.conv3.weight,194,layer3.3.conv3.weight_ch194,2.1201584339141846
layer2.3.conv2.weight,17,layer2.3.conv2.weight_ch17,2.1200411319732666
layer4.0.conv3.weight,1695,layer4.0.conv3.weight_ch1695,2.1200039386749268
layer3.3.conv3.weight,443,layer3.3.conv3.weight_ch443,2.1198627948760986
layer3.3.conv3.weight,619,layer3.3.conv3.weight_ch619,2.119046688079834
layer3.5.conv3.weight,963,layer3.5.conv3.weight_ch963,2.118584156036377
layer3.0.conv2.weight,58,layer3.0.conv2.weight_ch58,2.1184606552124023
layer4.1.conv1.weight,344,layer4.1.conv1.weight_ch344,2.118450880050659
layer2.0.conv1.weight,102,layer2.0.conv1.weight_ch102,2.118220567703247
layer2.3.conv3.weight,243,layer2.3.conv3.weight_ch243,2.118161201477051
layer3.4.conv3.weight,389,layer3.4.conv3.weight_ch389,2.1177375316619873
layer3.2.conv3.weight,33,layer3.2.conv3.weight_ch33,2.1165804862976074
layer3.4.conv3.weight,454,layer3.4.conv3.weight_ch454,2.115938901901245
layer4.0.conv3.weight,1912,layer4.0.conv3.weight_ch1912,2.115652322769165
layer3.2.conv3.weight,474,layer3.2.conv3.weight_ch474,2.114912271499634
layer3.5.conv3.weight,340,layer3.5.conv3.weight_ch340,2.114720106124878
layer3.4.conv1.weight,228,layer3.4.conv1.weight_ch228,2.1146061420440674
layer3.2.conv3.weight,914,layer3.2.conv3.weight_ch914,2.114532470703125
layer3.2.conv3.weight,506,layer3.2.conv3.weight_ch506,2.114452600479126
layer2.3.conv3.weight,40,layer2.3.conv3.weight_ch40,2.1138412952423096
layer3.5.conv3.weight,816,layer3.5.conv3.weight_ch816,2.1134722232818604
layer3.4.conv3.weight,75,layer3.4.conv3.weight_ch75,2.111788034439087
layer4.0.conv3.weight,801,layer4.0.conv3.weight_ch801,2.1117451190948486
layer4.0.conv3.weight,1522,layer4.0.conv3.weight_ch1522,2.1107211112976074
layer3.4.conv3.weight,552,layer3.4.conv3.weight_ch552,2.1104564666748047
layer4.0.conv3.weight,1049,layer4.0.conv3.weight_ch1049,2.1104538440704346
layer3.2.conv3.weight,718,layer3.2.conv3.weight_ch718,2.110157012939453
layer3.3.conv3.weight,395,layer3.3.conv3.weight_ch395,2.109776496887207
layer3.2.conv1.weight,154,layer3.2.conv1.weight_ch154,2.109286308288574
layer2.3.conv2.weight,48,layer2.3.conv2.weight_ch48,2.1090853214263916
layer3.4.conv3.weight,326,layer3.4.conv3.weight_ch326,2.10882568359375
layer4.0.conv3.weight,369,layer4.0.conv3.weight_ch369,2.108793020248413
layer3.4.conv1.weight,211,layer3.4.conv1.weight_ch211,2.1087779998779297
layer3.2.conv3.weight,285,layer3.2.conv3.weight_ch285,2.10866117477417
layer3.3.conv3.weight,695,layer3.3.conv3.weight_ch695,2.108485698699951
layer4.0.conv3.weight,1406,layer4.0.conv3.weight_ch1406,2.108370780944824
layer4.1.conv1.weight,368,layer4.1.conv1.weight_ch368,2.107705593109131
layer3.2.conv3.weight,111,layer3.2.conv3.weight_ch111,2.1075680255889893
layer3.2.conv3.weight,481,layer3.2.conv3.weight_ch481,2.107358932495117
layer4.1.conv1.weight,194,layer4.1.conv1.weight_ch194,2.1072187423706055
layer3.0.conv2.weight,108,layer3.0.conv2.weight_ch108,2.1071255207061768
layer3.4.conv3.weight,488,layer3.4.conv3.weight_ch488,2.107001304626465
layer3.0.conv3.weight,277,layer3.0.conv3.weight_ch277,2.1068115234375
layer4.0.conv3.weight,1213,layer4.0.conv3.weight_ch1213,2.106775999069214
layer3.5.conv3.weight,569,layer3.5.conv3.weight_ch569,2.105923891067505
layer3.0.conv2.weight,208,layer3.0.conv2.weight_ch208,2.1058287620544434
layer2.3.conv3.weight,399,layer2.3.conv3.weight_ch399,2.1058237552642822
layer2.3.conv2.weight,67,layer2.3.conv2.weight_ch67,2.1055760383605957
layer4.0.conv3.weight,1325,layer4.0.conv3.weight_ch1325,2.1053390502929688
layer3.0.conv3.weight,894,layer3.0.conv3.weight_ch894,2.1050987243652344
layer4.0.conv3.weight,1868,layer4.0.conv3.weight_ch1868,2.1050772666931152
layer3.0.conv2.weight,125,layer3.0.conv2.weight_ch125,2.104806661605835
layer2.0.conv1.weight,54,layer2.0.conv1.weight_ch54,2.1047983169555664
layer4.0.conv3.weight,2028,layer4.0.conv3.weight_ch2028,2.103713274002075
layer3.5.conv3.weight,222,layer3.5.conv3.weight_ch222,2.103299140930176
layer4.0.conv3.weight,1398,layer4.0.conv3.weight_ch1398,2.1029484272003174
layer4.0.conv3.weight,918,layer4.0.conv3.weight_ch918,2.102827787399292
layer2.3.conv3.weight,270,layer2.3.conv3.weight_ch270,2.1026017665863037
layer4.0.conv3.weight,944,layer4.0.conv3.weight_ch944,2.102071523666382
layer3.4.conv3.weight,985,layer3.4.conv3.weight_ch985,2.1008012294769287
layer3.0.conv3.weight,33,layer3.0.conv3.weight_ch33,2.1006546020507812
layer4.0.conv3.weight,1990,layer4.0.conv3.weight_ch1990,2.1006100177764893
layer2.3.conv3.weight,376,layer2.3.conv3.weight_ch376,2.1001763343811035
layer4.0.conv3.weight,605,layer4.0.conv3.weight_ch605,2.1001386642456055
layer3.0.conv3.weight,737,layer3.0.conv3.weight_ch737,2.0999722480773926
layer3.2.conv1.weight,130,layer3.2.conv1.weight_ch130,2.099759817123413
layer3.0.conv3.weight,373,layer3.0.conv3.weight_ch373,2.09963059425354
layer2.3.conv3.weight,43,layer2.3.conv3.weight_ch43,2.0996007919311523
layer3.3.conv3.weight,472,layer3.3.conv3.weight_ch472,2.0995428562164307
layer4.0.conv3.weight,977,layer4.0.conv3.weight_ch977,2.099442481994629
layer3.0.conv3.weight,289,layer3.0.conv3.weight_ch289,2.0989203453063965
layer3.4.conv3.weight,274,layer3.4.conv3.weight_ch274,2.0986146926879883
layer3.3.conv3.weight,144,layer3.3.conv3.weight_ch144,2.0984461307525635
layer4.0.conv3.weight,1633,layer4.0.conv3.weight_ch1633,2.0983498096466064
layer3.4.conv3.weight,280,layer3.4.conv3.weight_ch280,2.0982627868652344
layer4.0.conv3.weight,920,layer4.0.conv3.weight_ch920,2.0979926586151123
layer4.0.conv3.weight,634,layer4.0.conv3.weight_ch634,2.0976767539978027
layer3.3.conv3.weight,146,layer3.3.conv3.weight_ch146,2.0974342823028564
layer3.0.conv3.weight,547,layer3.0.conv3.weight_ch547,2.097088575363159
layer3.0.conv3.weight,876,layer3.0.conv3.weight_ch876,2.0969767570495605
layer3.4.conv3.weight,585,layer3.4.conv3.weight_ch585,2.0966243743896484
layer4.0.conv3.weight,903,layer4.0.conv3.weight_ch903,2.0960793495178223
layer2.3.conv3.weight,193,layer2.3.conv3.weight_ch193,2.0957276821136475
layer3.0.conv3.weight,3,layer3.0.conv3.weight_ch3,2.0952937602996826
layer4.0.conv3.weight,1110,layer4.0.conv3.weight_ch1110,2.095059394836426
layer4.1.conv1.weight,202,layer4.1.conv1.weight_ch202,2.0946946144104004
layer3.3.conv3.weight,434,layer3.3.conv3.weight_ch434,2.094674825668335
layer3.3.conv3.weight,552,layer3.3.conv3.weight_ch552,2.094503402709961
layer4.0.conv3.weight,1302,layer4.0.conv3.weight_ch1302,2.0938289165496826
layer4.0.conv3.weight,1184,layer4.0.conv3.weight_ch1184,2.0938198566436768
layer3.1.conv2.weight,130,layer3.1.conv2.weight_ch130,2.093209981918335
layer3.2.conv3.weight,281,layer3.2.conv3.weight_ch281,2.0931997299194336
layer2.3.conv3.weight,7,layer2.3.conv3.weight_ch7,2.0928690433502197
layer2.3.conv3.weight,255,layer2.3.conv3.weight_ch255,2.0927042961120605
layer3.5.conv3.weight,905,layer3.5.conv3.weight_ch905,2.092319965362549
layer4.1.conv1.weight,175,layer4.1.conv1.weight_ch175,2.0921292304992676
layer3.5.conv3.weight,402,layer3.5.conv3.weight_ch402,2.092045307159424
layer3.4.conv1.weight,60,layer3.4.conv1.weight_ch60,2.0917277336120605
layer4.1.conv1.weight,454,layer4.1.conv1.weight_ch454,2.0909175872802734
layer3.2.conv3.weight,162,layer3.2.conv3.weight_ch162,2.090733289718628
layer4.0.conv3.weight,627,layer4.0.conv3.weight_ch627,2.090405225753784
layer3.0.conv3.weight,28,layer3.0.conv3.weight_ch28,2.0900559425354004
layer3.2.conv3.weight,607,layer3.2.conv3.weight_ch607,2.089874267578125
layer4.0.conv3.weight,676,layer4.0.conv3.weight_ch676,2.0893771648406982
layer4.1.conv1.weight,178,layer4.1.conv1.weight_ch178,2.088989496231079
layer3.3.conv3.weight,954,layer3.3.conv3.weight_ch954,2.088346242904663
layer3.5.conv3.weight,845,layer3.5.conv3.weight_ch845,2.0879743099212646
layer4.0.conv3.weight,652,layer4.0.conv3.weight_ch652,2.0874416828155518
layer3.3.conv3.weight,222,layer3.3.conv3.weight_ch222,2.0870463848114014
layer3.4.conv3.weight,847,layer3.4.conv3.weight_ch847,2.0866575241088867
layer3.2.conv3.weight,612,layer3.2.conv3.weight_ch612,2.0860936641693115
layer3.0.conv3.weight,358,layer3.0.conv3.weight_ch358,2.0860557556152344
layer3.4.conv3.weight,1018,layer3.4.conv3.weight_ch1018,2.0856454372406006
layer3.2.conv3.weight,41,layer3.2.conv3.weight_ch41,2.0853066444396973
layer4.0.conv3.weight,1565,layer4.0.conv3.weight_ch1565,2.084481716156006
layer3.3.conv3.weight,700,layer3.3.conv3.weight_ch700,2.084381103515625
layer4.0.conv3.weight,509,layer4.0.conv3.weight_ch509,2.083578109741211
layer3.1.conv2.weight,229,layer3.1.conv2.weight_ch229,2.083336114883423
layer3.5.conv3.weight,376,layer3.5.conv3.weight_ch376,2.083292007446289
layer3.5.conv3.weight,155,layer3.5.conv3.weight_ch155,2.082308769226074
layer3.3.conv3.weight,613,layer3.3.conv3.weight_ch613,2.082292079925537
layer4.1.conv1.weight,147,layer4.1.conv1.weight_ch147,2.0819201469421387
layer3.3.conv3.weight,568,layer3.3.conv3.weight_ch568,2.0806009769439697
layer3.3.conv3.weight,623,layer3.3.conv3.weight_ch623,2.0805890560150146
layer3.2.conv3.weight,540,layer3.2.conv3.weight_ch540,2.080394744873047
layer3.4.conv1.weight,84,layer3.4.conv1.weight_ch84,2.080393075942993
layer2.3.conv3.weight,183,layer2.3.conv3.weight_ch183,2.0803849697113037
layer4.0.conv3.weight,840,layer4.0.conv3.weight_ch840,2.080347776412964
layer3.4.conv1.weight,221,layer3.4.conv1.weight_ch221,2.0801076889038086
layer4.0.conv3.weight,1550,layer4.0.conv3.weight_ch1550,2.0800552368164062
layer3.3.conv3.weight,64,layer3.3.conv3.weight_ch64,2.0791406631469727
layer4.1.conv1.weight,185,layer4.1.conv1.weight_ch185,2.0786681175231934
layer4.0.conv3.weight,1688,layer4.0.conv3.weight_ch1688,2.07844877243042
layer4.0.conv3.weight,641,layer4.0.conv3.weight_ch641,2.078275203704834
layer3.4.conv1.weight,227,layer3.4.conv1.weight_ch227,2.0777714252471924
layer3.3.conv3.weight,608,layer3.3.conv3.weight_ch608,2.0775647163391113
layer4.0.conv3.weight,1268,layer4.0.conv3.weight_ch1268,2.0772078037261963
layer3.3.conv3.weight,841,layer3.3.conv3.weight_ch841,2.077035903930664
layer4.0.conv3.weight,1948,layer4.0.conv3.weight_ch1948,2.0768227577209473
layer3.2.conv3.weight,538,layer3.2.conv3.weight_ch538,2.076817512512207
layer3.2.conv1.weight,178,layer3.2.conv1.weight_ch178,2.076756000518799
layer3.2.conv1.weight,135,layer3.2.conv1.weight_ch135,2.0764200687408447
layer3.5.conv3.weight,349,layer3.5.conv3.weight_ch349,2.075996160507202
layer4.0.conv3.weight,386,layer4.0.conv3.weight_ch386,2.075129985809326
layer3.2.conv3.weight,375,layer3.2.conv3.weight_ch375,2.073707342147827
layer4.0.conv3.weight,429,layer4.0.conv3.weight_ch429,2.073301076889038
layer3.5.conv3.weight,507,layer3.5.conv3.weight_ch507,2.071890115737915
layer4.0.conv3.weight,415,layer4.0.conv3.weight_ch415,2.0718650817871094
layer4.0.conv3.weight,596,layer4.0.conv3.weight_ch596,2.071521520614624
layer3.1.conv2.weight,239,layer3.1.conv2.weight_ch239,2.0713717937469482
layer3.4.conv3.weight,283,layer3.4.conv3.weight_ch283,2.0710372924804688
layer4.0.conv3.weight,1123,layer4.0.conv3.weight_ch1123,2.0700368881225586
layer3.4.conv3.weight,925,layer3.4.conv3.weight_ch925,2.069729804992676
layer4.0.conv3.weight,891,layer4.0.conv3.weight_ch891,2.0693368911743164
layer3.5.conv3.weight,987,layer3.5.conv3.weight_ch987,2.0691721439361572
layer3.4.conv1.weight,159,layer3.4.conv1.weight_ch159,2.0690407752990723
layer4.0.conv3.weight,1878,layer4.0.conv3.weight_ch1878,2.0690364837646484
layer3.3.conv3.weight,679,layer3.3.conv3.weight_ch679,2.0688819885253906
layer4.1.conv1.weight,127,layer4.1.conv1.weight_ch127,2.0686733722686768
layer3.1.conv2.weight,244,layer3.1.conv2.weight_ch244,2.0686168670654297
layer3.0.conv2.weight,120,layer3.0.conv2.weight_ch120,2.0684611797332764
layer3.4.conv1.weight,176,layer3.4.conv1.weight_ch176,2.0684540271759033
layer3.4.conv3.weight,744,layer3.4.conv3.weight_ch744,2.068267822265625
layer3.4.conv3.weight,470,layer3.4.conv3.weight_ch470,2.0679941177368164
layer3.2.conv1.weight,131,layer3.2.conv1.weight_ch131,2.067927122116089
layer3.2.conv3.weight,80,layer3.2.conv3.weight_ch80,2.0679004192352295
layer3.0.conv3.weight,356,layer3.0.conv3.weight_ch356,2.0678281784057617
layer3.3.conv3.weight,382,layer3.3.conv3.weight_ch382,2.0673770904541016
layer3.3.conv3.weight,686,layer3.3.conv3.weight_ch686,2.066992998123169
layer3.3.conv3.weight,195,layer3.3.conv3.weight_ch195,2.066946029663086
layer4.0.conv3.weight,1244,layer4.0.conv3.weight_ch1244,2.065983533859253
layer4.0.conv3.weight,819,layer4.0.conv3.weight_ch819,2.0649054050445557
layer3.0.conv2.weight,187,layer3.0.conv2.weight_ch187,2.0647192001342773
layer3.5.conv3.weight,590,layer3.5.conv3.weight_ch590,2.064545154571533
layer2.3.conv3.weight,373,layer2.3.conv3.weight_ch373,2.0644257068634033
layer3.0.conv3.weight,468,layer3.0.conv3.weight_ch468,2.0637083053588867
layer3.4.conv3.weight,79,layer3.4.conv3.weight_ch79,2.0636322498321533
layer3.0.conv3.weight,252,layer3.0.conv3.weight_ch252,2.063065767288208
layer3.4.conv3.weight,421,layer3.4.conv3.weight_ch421,2.0625948905944824
layer4.1.conv1.weight,138,layer4.1.conv1.weight_ch138,2.0623598098754883
layer4.0.conv3.weight,1091,layer4.0.conv3.weight_ch1091,2.062267541885376
layer3.0.conv2.weight,7,layer3.0.conv2.weight_ch7,2.0615947246551514
layer4.0.conv3.weight,1884,layer4.0.conv3.weight_ch1884,2.0608441829681396
layer4.0.conv3.weight,581,layer4.0.conv3.weight_ch581,2.0607481002807617
layer3.1.conv2.weight,231,layer3.1.conv2.weight_ch231,2.0605390071868896
layer3.3.conv3.weight,976,layer3.3.conv3.weight_ch976,2.0601351261138916
layer3.2.conv3.weight,199,layer3.2.conv3.weight_ch199,2.060081958770752
layer4.0.conv3.weight,662,layer4.0.conv3.weight_ch662,2.059051513671875
layer2.3.conv3.weight,451,layer2.3.conv3.weight_ch451,2.0590338706970215
layer4.0.conv3.weight,1821,layer4.0.conv3.weight_ch1821,2.058718204498291
layer3.2.conv3.weight,39,layer3.2.conv3.weight_ch39,2.058260440826416
layer4.0.conv3.weight,764,layer4.0.conv3.weight_ch764,2.0578999519348145
layer3.3.conv3.weight,444,layer3.3.conv3.weight_ch444,2.057849168777466
layer3.4.conv3.weight,277,layer3.4.conv3.weight_ch277,2.0570054054260254
layer2.3.conv3.weight,385,layer2.3.conv3.weight_ch385,2.0565552711486816
layer3.4.conv3.weight,110,layer3.4.conv3.weight_ch110,2.055912494659424
layer3.4.conv3.weight,90,layer3.4.conv3.weight_ch90,2.0556387901306152
layer4.0.conv3.weight,1850,layer4.0.conv3.weight_ch1850,2.0556273460388184
layer3.4.conv3.weight,409,layer3.4.conv3.weight_ch409,2.055093288421631
layer3.2.conv1.weight,190,layer3.2.conv1.weight_ch190,2.054802656173706
layer4.0.conv3.weight,712,layer4.0.conv3.weight_ch712,2.054739475250244
layer4.0.conv3.weight,1382,layer4.0.conv3.weight_ch1382,2.054056406021118
layer3.4.conv3.weight,958,layer3.4.conv3.weight_ch958,2.0540544986724854
layer3.4.conv3.weight,606,layer3.4.conv3.weight_ch606,2.0540456771850586
layer4.1.conv1.weight,19,layer4.1.conv1.weight_ch19,2.053859233856201
layer4.1.conv1.weight,389,layer4.1.conv1.weight_ch389,2.0537352561950684
layer3.0.conv2.weight,117,layer3.0.conv2.weight_ch117,2.0536515712738037
layer2.3.conv3.weight,508,layer2.3.conv3.weight_ch508,2.0526413917541504
layer3.4.conv1.weight,86,layer3.4.conv1.weight_ch86,2.0518720149993896
layer3.2.conv1.weight,203,layer3.2.conv1.weight_ch203,2.0517385005950928
layer4.1.conv1.weight,72,layer4.1.conv1.weight_ch72,2.0514585971832275
layer3.4.conv3.weight,167,layer3.4.conv3.weight_ch167,2.0513973236083984
layer4.0.conv3.weight,693,layer4.0.conv3.weight_ch693,2.051067352294922
layer3.2.conv3.weight,274,layer3.2.conv3.weight_ch274,2.0508334636688232
layer3.2.conv3.weight,563,layer3.2.conv3.weight_ch563,2.050548553466797
layer3.2.conv3.weight,803,layer3.2.conv3.weight_ch803,2.0504307746887207
layer4.1.conv1.weight,494,layer4.1.conv1.weight_ch494,2.050050735473633
layer4.0.conv3.weight,1047,layer4.0.conv3.weight_ch1047,2.049750804901123
layer3.5.conv3.weight,503,layer3.5.conv3.weight_ch503,2.0496320724487305
layer3.4.conv3.weight,508,layer3.4.conv3.weight_ch508,2.0489628314971924
layer4.1.conv1.weight,59,layer4.1.conv1.weight_ch59,2.048480749130249
layer3.5.conv3.weight,885,layer3.5.conv3.weight_ch885,2.0478060245513916
layer4.0.conv3.weight,1569,layer4.0.conv3.weight_ch1569,2.047445774078369
layer3.3.conv3.weight,637,layer3.3.conv3.weight_ch637,2.0474300384521484
layer3.3.conv3.weight,859,layer3.3.conv3.weight_ch859,2.047401189804077
layer3.4.conv3.weight,320,layer3.4.conv3.weight_ch320,2.047220468521118
layer2.3.conv3.weight,425,layer2.3.conv3.weight_ch425,2.0463759899139404
layer3.2.conv3.weight,962,layer3.2.conv3.weight_ch962,2.0456912517547607
layer3.4.conv3.weight,256,layer3.4.conv3.weight_ch256,2.045459032058716
layer4.0.conv3.weight,1303,layer4.0.conv3.weight_ch1303,2.045081615447998
layer3.5.conv3.weight,598,layer3.5.conv3.weight_ch598,2.0447170734405518
layer3.0.conv3.weight,45,layer3.0.conv3.weight_ch45,2.0440666675567627
layer3.1.conv2.weight,100,layer3.1.conv2.weight_ch100,2.043591022491455
layer4.1.conv1.weight,53,layer4.1.conv1.weight_ch53,2.043369770050049
layer3.3.conv3.weight,246,layer3.3.conv3.weight_ch246,2.043078660964966
layer3.0.conv3.weight,944,layer3.0.conv3.weight_ch944,2.0428802967071533
layer4.0.conv3.weight,1403,layer4.0.conv3.weight_ch1403,2.0423498153686523
layer3.4.conv3.weight,403,layer3.4.conv3.weight_ch403,2.0423078536987305
layer3.2.conv3.weight,716,layer3.2.conv3.weight_ch716,2.0422110557556152
layer3.2.conv3.weight,566,layer3.2.conv3.weight_ch566,2.0418477058410645
layer3.0.conv2.weight,66,layer3.0.conv2.weight_ch66,2.0413355827331543
layer3.4.conv3.weight,887,layer3.4.conv3.weight_ch887,2.040952205657959
layer3.4.conv1.weight,224,layer3.4.conv1.weight_ch224,2.0406289100646973
layer2.3.conv3.weight,137,layer2.3.conv3.weight_ch137,2.0405588150024414
layer3.5.conv3.weight,898,layer3.5.conv3.weight_ch898,2.040388345718384
layer3.4.conv3.weight,909,layer3.4.conv3.weight_ch909,2.0402820110321045
layer3.3.conv3.weight,248,layer3.3.conv3.weight_ch248,2.0397558212280273
layer4.0.conv3.weight,1401,layer4.0.conv3.weight_ch1401,2.0394015312194824
layer4.1.conv1.weight,301,layer4.1.conv1.weight_ch301,2.039149045944214
layer3.3.conv3.weight,742,layer3.3.conv3.weight_ch742,2.038935661315918
layer3.2.conv3.weight,842,layer3.2.conv3.weight_ch842,2.0384860038757324
layer3.5.conv3.weight,892,layer3.5.conv3.weight_ch892,2.038358449935913
layer3.2.conv3.weight,611,layer3.2.conv3.weight_ch611,2.0374436378479004
layer4.0.conv3.weight,223,layer4.0.conv3.weight_ch223,2.037365198135376
layer4.1.conv1.weight,66,layer4.1.conv1.weight_ch66,2.0372707843780518
layer3.0.conv3.weight,328,layer3.0.conv3.weight_ch328,2.037165880203247
layer3.2.conv3.weight,150,layer3.2.conv3.weight_ch150,2.0367469787597656
layer4.0.conv3.weight,726,layer4.0.conv3.weight_ch726,2.0367228984832764
layer3.2.conv3.weight,776,layer3.2.conv3.weight_ch776,2.0364584922790527
layer4.0.conv3.weight,826,layer4.0.conv3.weight_ch826,2.0363540649414062
layer3.4.conv3.weight,471,layer3.4.conv3.weight_ch471,2.0362138748168945
layer3.3.conv3.weight,256,layer3.3.conv3.weight_ch256,2.036195755004883
layer3.4.conv3.weight,955,layer3.4.conv3.weight_ch955,2.036041736602783
layer3.5.conv3.weight,97,layer3.5.conv3.weight_ch97,2.0359838008880615
layer3.5.conv3.weight,921,layer3.5.conv3.weight_ch921,2.0358519554138184
layer3.2.conv3.weight,426,layer3.2.conv3.weight_ch426,2.03456449508667
layer3.3.conv3.weight,109,layer3.3.conv3.weight_ch109,2.0337579250335693
layer3.2.conv3.weight,60,layer3.2.conv3.weight_ch60,2.0334887504577637
layer3.0.conv3.weight,897,layer3.0.conv3.weight_ch897,2.0333900451660156
layer3.0.conv2.weight,144,layer3.0.conv2.weight_ch144,2.0333237648010254
layer4.0.conv3.weight,521,layer4.0.conv3.weight_ch521,2.0329833030700684
layer4.0.conv3.weight,250,layer4.0.conv3.weight_ch250,2.032935619354248
layer3.0.conv3.weight,441,layer3.0.conv3.weight_ch441,2.032780647277832
layer3.0.conv3.weight,213,layer3.0.conv3.weight_ch213,2.032712936401367
layer4.0.conv3.weight,212,layer4.0.conv3.weight_ch212,2.0324888229370117
layer3.2.conv3.weight,27,layer3.2.conv3.weight_ch27,2.032224178314209
layer3.4.conv3.weight,222,layer3.4.conv3.weight_ch222,2.032160758972168
layer3.4.conv3.weight,592,layer3.4.conv3.weight_ch592,2.0319902896881104
layer4.1.conv1.weight,343,layer4.1.conv1.weight_ch343,2.031283378601074
layer3.4.conv1.weight,218,layer3.4.conv1.weight_ch218,2.030959129333496
layer4.0.conv3.weight,507,layer4.0.conv3.weight_ch507,2.030919313430786
layer4.0.conv3.weight,1612,layer4.0.conv3.weight_ch1612,2.0308678150177
layer4.0.conv3.weight,1340,layer4.0.conv3.weight_ch1340,2.030348539352417
layer3.2.conv3.weight,278,layer3.2.conv3.weight_ch278,2.0296030044555664
layer2.3.conv3.weight,349,layer2.3.conv3.weight_ch349,2.029407024383545
layer3.4.conv1.weight,137,layer3.4.conv1.weight_ch137,2.029057264328003
layer4.0.conv3.weight,1253,layer4.0.conv3.weight_ch1253,2.0290510654449463
layer3.3.conv3.weight,168,layer3.3.conv3.weight_ch168,2.029013156890869
layer4.1.conv1.weight,464,layer4.1.conv1.weight_ch464,2.0287625789642334
layer4.0.conv3.weight,488,layer4.0.conv3.weight_ch488,2.028463840484619
layer3.0.conv3.weight,372,layer3.0.conv3.weight_ch372,2.02795147895813
layer3.2.conv3.weight,234,layer3.2.conv3.weight_ch234,2.0278923511505127
layer3.2.conv3.weight,1023,layer3.2.conv3.weight_ch1023,2.027658224105835
layer3.4.conv3.weight,995,layer3.4.conv3.weight_ch995,2.0276079177856445
layer4.0.conv3.weight,1351,layer4.0.conv3.weight_ch1351,2.0275468826293945
layer3.3.conv3.weight,399,layer3.3.conv3.weight_ch399,2.0274524688720703
layer3.2.conv3.weight,648,layer3.2.conv3.weight_ch648,2.0271339416503906
layer4.1.conv1.weight,263,layer4.1.conv1.weight_ch263,2.0268828868865967
layer3.4.conv3.weight,249,layer3.4.conv3.weight_ch249,2.0266730785369873
layer4.1.conv1.weight,120,layer4.1.conv1.weight_ch120,2.0254688262939453
layer3.5.conv3.weight,512,layer3.5.conv3.weight_ch512,2.025376796722412
layer4.0.conv3.weight,705,layer4.0.conv3.weight_ch705,2.0253467559814453
layer3.0.conv2.weight,227,layer3.0.conv2.weight_ch227,2.0253138542175293
layer3.3.conv3.weight,3,layer3.3.conv3.weight_ch3,2.025224447250366
layer3.0.conv3.weight,389,layer3.0.conv3.weight_ch389,2.0250537395477295
layer4.0.conv3.weight,583,layer4.0.conv3.weight_ch583,2.0240213871002197
layer3.0.conv2.weight,176,layer3.0.conv2.weight_ch176,2.023890256881714
layer2.3.conv3.weight,129,layer2.3.conv3.weight_ch129,2.023630380630493
layer3.4.conv3.weight,646,layer3.4.conv3.weight_ch646,2.0232973098754883
layer2.3.conv3.weight,21,layer2.3.conv3.weight_ch21,2.0232043266296387
layer4.0.conv3.weight,1454,layer4.0.conv3.weight_ch1454,2.0231740474700928
layer3.0.conv3.weight,656,layer3.0.conv3.weight_ch656,2.023014545440674
layer3.3.conv3.weight,545,layer3.3.conv3.weight_ch545,2.022876739501953
layer4.1.conv1.weight,268,layer4.1.conv1.weight_ch268,2.022548198699951
layer2.3.conv3.weight,388,layer2.3.conv3.weight_ch388,2.0212717056274414
layer4.0.conv3.weight,484,layer4.0.conv3.weight_ch484,2.0212340354919434
layer3.4.conv1.weight,56,layer3.4.conv1.weight_ch56,2.0209319591522217
layer3.5.conv3.weight,263,layer3.5.conv3.weight_ch263,2.0207011699676514
layer3.0.conv3.weight,159,layer3.0.conv3.weight_ch159,2.020631790161133
layer4.1.conv1.weight,424,layer4.1.conv1.weight_ch424,2.0205228328704834
layer2.3.conv3.weight,290,layer2.3.conv3.weight_ch290,2.0201265811920166
layer3.3.conv3.weight,53,layer3.3.conv3.weight_ch53,2.0201053619384766
layer3.2.conv1.weight,192,layer3.2.conv1.weight_ch192,2.019663095474243
layer3.0.conv3.weight,596,layer3.0.conv3.weight_ch596,2.0194106101989746
layer4.0.conv3.weight,287,layer4.0.conv3.weight_ch287,2.0192008018493652
layer4.1.conv1.weight,97,layer4.1.conv1.weight_ch97,2.0186989307403564
layer2.3.conv3.weight,387,layer2.3.conv3.weight_ch387,2.0186381340026855
layer3.2.conv3.weight,109,layer3.2.conv3.weight_ch109,2.018219232559204
layer3.0.conv2.weight,210,layer3.0.conv2.weight_ch210,2.0182018280029297
layer4.1.conv1.weight,49,layer4.1.conv1.weight_ch49,2.017961263656616
layer3.2.conv3.weight,992,layer3.2.conv3.weight_ch992,2.017300605773926
layer3.4.conv1.weight,225,layer3.4.conv1.weight_ch225,2.0172359943389893
layer3.5.conv3.weight,679,layer3.5.conv3.weight_ch679,2.0163731575012207
layer4.0.conv3.weight,21,layer4.0.conv3.weight_ch21,2.0159168243408203
layer4.1.conv1.weight,320,layer4.1.conv1.weight_ch320,2.0157158374786377
layer4.0.conv3.weight,1938,layer4.0.conv3.weight_ch1938,2.015591621398926
layer4.0.conv3.weight,336,layer4.0.conv3.weight_ch336,2.0154073238372803
layer3.5.conv3.weight,351,layer3.5.conv3.weight_ch351,2.015143394470215
layer4.0.conv3.weight,853,layer4.0.conv3.weight_ch853,2.014488697052002
layer3.2.conv3.weight,129,layer3.2.conv3.weight_ch129,2.0144660472869873
layer3.2.conv3.weight,42,layer3.2.conv3.weight_ch42,2.014240026473999
layer4.0.conv3.weight,624,layer4.0.conv3.weight_ch624,2.0141987800598145
layer3.1.conv2.weight,210,layer3.1.conv2.weight_ch210,2.013730049133301
layer4.0.conv3.weight,261,layer4.0.conv3.weight_ch261,2.0134100914001465
layer4.0.conv3.weight,203,layer4.0.conv3.weight_ch203,2.013367176055908
layer4.0.conv3.weight,946,layer4.0.conv3.weight_ch946,2.0131640434265137
layer4.0.conv3.weight,1468,layer4.0.conv3.weight_ch1468,2.0127296447753906
layer2.3.conv3.weight,242,layer2.3.conv3.weight_ch242,2.011552333831787
layer3.2.conv3.weight,154,layer3.2.conv3.weight_ch154,2.0113611221313477
layer3.1.conv2.weight,155,layer3.1.conv2.weight_ch155,2.011225700378418
layer4.0.conv3.weight,1981,layer4.0.conv3.weight_ch1981,2.0111289024353027
layer3.0.conv3.weight,398,layer3.0.conv3.weight_ch398,2.0110833644866943
layer4.0.conv3.weight,1445,layer4.0.conv3.weight_ch1445,2.0110702514648438
layer4.0.conv3.weight,1364,layer4.0.conv3.weight_ch1364,2.0110678672790527
layer4.0.conv3.weight,297,layer4.0.conv3.weight_ch297,2.010575771331787
layer3.4.conv3.weight,777,layer3.4.conv3.weight_ch777,2.010472297668457
layer4.0.conv3.weight,1365,layer4.0.conv3.weight_ch1365,2.0099761486053467
layer3.2.conv3.weight,562,layer3.2.conv3.weight_ch562,2.009876012802124
layer3.0.conv3.weight,300,layer3.0.conv3.weight_ch300,2.0097405910491943
layer4.0.conv3.weight,1021,layer4.0.conv3.weight_ch1021,2.009164333343506
layer3.4.conv3.weight,926,layer3.4.conv3.weight_ch926,2.0090651512145996
layer3.0.conv3.weight,629,layer3.0.conv3.weight_ch629,2.008880853652954
layer4.0.conv3.weight,537,layer4.0.conv3.weight_ch537,2.0087337493896484
layer3.3.conv3.weight,963,layer3.3.conv3.weight_ch963,2.0084359645843506
layer3.0.conv3.weight,450,layer3.0.conv3.weight_ch450,2.008104085922241
layer3.0.conv3.weight,672,layer3.0.conv3.weight_ch672,2.0074188709259033
layer3.4.conv3.weight,804,layer3.4.conv3.weight_ch804,2.0073370933532715
layer4.1.conv1.weight,225,layer4.1.conv1.weight_ch225,2.005983591079712
layer3.1.conv2.weight,9,layer3.1.conv2.weight_ch9,2.005507230758667
layer3.0.conv2.weight,196,layer3.0.conv2.weight_ch196,2.005488634109497
layer3.2.conv3.weight,864,layer3.2.conv3.weight_ch864,2.005234956741333
layer3.3.conv3.weight,289,layer3.3.conv3.weight_ch289,2.00490403175354
layer3.5.conv3.weight,946,layer3.5.conv3.weight_ch946,2.004887819290161
layer3.2.conv3.weight,882,layer3.2.conv3.weight_ch882,2.002858877182007
layer3.3.conv3.weight,364,layer3.3.conv3.weight_ch364,2.002788543701172
layer4.1.conv1.weight,111,layer4.1.conv1.weight_ch111,2.0027871131896973
layer3.5.conv3.weight,393,layer3.5.conv3.weight_ch393,2.002774715423584
layer3.2.conv1.weight,72,layer3.2.conv1.weight_ch72,2.0025105476379395
layer3.2.conv1.weight,255,layer3.2.conv1.weight_ch255,2.002432346343994
layer3.2.conv3.weight,440,layer3.2.conv3.weight_ch440,2.0021955966949463
layer3.4.conv3.weight,903,layer3.4.conv3.weight_ch903,2.0017685890197754
layer3.2.conv1.weight,115,layer3.2.conv1.weight_ch115,2.001483201980591
layer4.0.conv3.weight,1215,layer4.0.conv3.weight_ch1215,2.0011136531829834
layer4.0.conv3.weight,83,layer4.0.conv3.weight_ch83,2.00097918510437
layer3.0.conv2.weight,15,layer3.0.conv2.weight_ch15,2.0004594326019287
layer3.2.conv1.weight,70,layer3.2.conv1.weight_ch70,2.000310182571411
layer3.0.conv3.weight,211,layer3.0.conv3.weight_ch211,1.9999898672103882
layer4.1.conv1.weight,161,layer4.1.conv1.weight_ch161,1.9989798069000244
layer3.0.conv3.weight,77,layer3.0.conv3.weight_ch77,1.9986345767974854
layer3.3.conv3.weight,466,layer3.3.conv3.weight_ch466,1.9981428384780884
layer4.1.conv1.weight,51,layer4.1.conv1.weight_ch51,1.9981104135513306
layer3.5.conv3.weight,810,layer3.5.conv3.weight_ch810,1.998052716255188
layer3.5.conv3.weight,112,layer3.5.conv3.weight_ch112,1.9979803562164307
layer3.4.conv3.weight,169,layer3.4.conv3.weight_ch169,1.9979796409606934
layer3.2.conv1.weight,163,layer3.2.conv1.weight_ch163,1.997689962387085
layer3.0.conv2.weight,145,layer3.0.conv2.weight_ch145,1.9972665309906006
layer4.1.conv1.weight,150,layer4.1.conv1.weight_ch150,1.9971394538879395
layer3.4.conv3.weight,136,layer3.4.conv3.weight_ch136,1.9971345663070679
layer4.1.conv1.weight,426,layer4.1.conv1.weight_ch426,1.99699866771698
layer3.3.conv3.weight,554,layer3.3.conv3.weight_ch554,1.9967488050460815
layer3.0.conv3.weight,503,layer3.0.conv3.weight_ch503,1.996156930923462
layer4.0.conv3.weight,1242,layer4.0.conv3.weight_ch1242,1.9960377216339111
layer3.2.conv3.weight,986,layer3.2.conv3.weight_ch986,1.9959903955459595
layer3.2.conv3.weight,324,layer3.2.conv3.weight_ch324,1.9959228038787842
layer3.3.conv3.weight,350,layer3.3.conv3.weight_ch350,1.9953889846801758
layer4.0.conv3.weight,1574,layer4.0.conv3.weight_ch1574,1.9950447082519531
layer3.0.conv3.weight,875,layer3.0.conv3.weight_ch875,1.994986653327942
layer3.0.conv2.weight,143,layer3.0.conv2.weight_ch143,1.9949029684066772
layer4.1.conv1.weight,328,layer4.1.conv1.weight_ch328,1.994283676147461
layer3.5.conv3.weight,911,layer3.5.conv3.weight_ch911,1.9938647747039795
layer3.0.conv2.weight,169,layer3.0.conv2.weight_ch169,1.9930534362792969
layer3.3.conv3.weight,303,layer3.3.conv3.weight_ch303,1.9928449392318726
layer4.0.conv3.weight,980,layer4.0.conv3.weight_ch980,1.992724061012268
layer4.0.conv3.weight,191,layer4.0.conv3.weight_ch191,1.9925823211669922
layer3.3.conv3.weight,746,layer3.3.conv3.weight_ch746,1.992244839668274
layer3.0.conv2.weight,24,layer3.0.conv2.weight_ch24,1.9920915365219116
layer4.1.conv1.weight,411,layer4.1.conv1.weight_ch411,1.9920594692230225
layer3.3.conv3.weight,435,layer3.3.conv3.weight_ch435,1.9917724132537842
layer4.0.conv3.weight,1736,layer4.0.conv3.weight_ch1736,1.9915578365325928
layer3.2.conv3.weight,520,layer3.2.conv3.weight_ch520,1.9914817810058594
layer4.0.conv3.weight,1310,layer4.0.conv3.weight_ch1310,1.9908802509307861
layer2.3.conv3.weight,3,layer2.3.conv3.weight_ch3,1.9903364181518555
layer4.1.conv1.weight,453,layer4.1.conv1.weight_ch453,1.9898267984390259
layer4.0.conv3.weight,1559,layer4.0.conv3.weight_ch1559,1.989737868309021
layer3.5.conv3.weight,889,layer3.5.conv3.weight_ch889,1.9896304607391357
layer4.0.conv3.weight,1686,layer4.0.conv3.weight_ch1686,1.989211082458496
layer2.3.conv3.weight,428,layer2.3.conv3.weight_ch428,1.9890669584274292
layer3.2.conv3.weight,1017,layer3.2.conv3.weight_ch1017,1.989013910293579
layer4.0.conv3.weight,586,layer4.0.conv3.weight_ch586,1.9881393909454346
layer4.0.conv3.weight,1233,layer4.0.conv3.weight_ch1233,1.9880183935165405
layer4.0.conv3.weight,847,layer4.0.conv3.weight_ch847,1.9878110885620117
layer3.0.conv2.weight,0,layer3.0.conv2.weight_ch0,1.98777174949646
layer4.0.conv3.weight,1524,layer4.0.conv3.weight_ch1524,1.9875143766403198
layer3.2.conv3.weight,810,layer3.2.conv3.weight_ch810,1.9874799251556396
layer3.3.conv3.weight,905,layer3.3.conv3.weight_ch905,1.987304449081421
layer3.2.conv1.weight,47,layer3.2.conv1.weight_ch47,1.9872355461120605
layer3.1.conv2.weight,129,layer3.1.conv2.weight_ch129,1.9869825839996338
layer3.4.conv3.weight,661,layer3.4.conv3.weight_ch661,1.9867117404937744
layer3.4.conv1.weight,140,layer3.4.conv1.weight_ch140,1.986698865890503
layer4.0.conv3.weight,1911,layer4.0.conv3.weight_ch1911,1.9864697456359863
layer3.0.conv3.weight,660,layer3.0.conv3.weight_ch660,1.986337423324585
layer3.4.conv1.weight,114,layer3.4.conv1.weight_ch114,1.9863173961639404
layer3.4.conv1.weight,235,layer3.4.conv1.weight_ch235,1.985979437828064
layer3.0.conv3.weight,160,layer3.0.conv3.weight_ch160,1.985791563987732
layer3.2.conv3.weight,173,layer3.2.conv3.weight_ch173,1.9857444763183594
layer4.1.conv1.weight,247,layer4.1.conv1.weight_ch247,1.9857295751571655
layer4.0.conv3.weight,1305,layer4.0.conv3.weight_ch1305,1.9856349229812622
layer3.3.conv3.weight,125,layer3.3.conv3.weight_ch125,1.9852733612060547
layer3.4.conv3.weight,153,layer3.4.conv3.weight_ch153,1.9841747283935547
layer3.3.conv3.weight,584,layer3.3.conv3.weight_ch584,1.9838823080062866
layer3.4.conv3.weight,876,layer3.4.conv3.weight_ch876,1.9838465452194214
layer3.3.conv3.weight,464,layer3.3.conv3.weight_ch464,1.982971429824829
layer3.4.conv3.weight,479,layer3.4.conv3.weight_ch479,1.9816944599151611
layer4.0.conv3.weight,1059,layer4.0.conv3.weight_ch1059,1.981640100479126
layer3.4.conv1.weight,253,layer3.4.conv1.weight_ch253,1.9815853834152222
layer3.4.conv3.weight,230,layer3.4.conv3.weight_ch230,1.981341004371643
layer3.4.conv3.weight,0,layer3.4.conv3.weight_ch0,1.9807528257369995
layer3.3.conv3.weight,653,layer3.3.conv3.weight_ch653,1.9803252220153809
layer4.1.conv1.weight,438,layer4.1.conv1.weight_ch438,1.9802992343902588
layer3.1.conv2.weight,104,layer3.1.conv2.weight_ch104,1.9799946546554565
layer3.2.conv3.weight,396,layer3.2.conv3.weight_ch396,1.9796847105026245
layer4.0.conv3.weight,637,layer4.0.conv3.weight_ch637,1.97965407371521
layer4.1.conv1.weight,511,layer4.1.conv1.weight_ch511,1.9769716262817383
layer4.1.conv1.weight,173,layer4.1.conv1.weight_ch173,1.9769580364227295
layer4.0.conv3.weight,1724,layer4.0.conv3.weight_ch1724,1.9752466678619385
layer3.2.conv3.weight,443,layer3.2.conv3.weight_ch443,1.975171446800232
layer3.4.conv3.weight,865,layer3.4.conv3.weight_ch865,1.974876046180725
layer4.0.conv3.weight,1988,layer4.0.conv3.weight_ch1988,1.974426507949829
layer3.3.conv3.weight,936,layer3.3.conv3.weight_ch936,1.9743695259094238
layer4.0.conv3.weight,711,layer4.0.conv3.weight_ch711,1.9741405248641968
layer3.3.conv3.weight,781,layer3.3.conv3.weight_ch781,1.9735918045043945
layer2.3.conv3.weight,4,layer2.3.conv3.weight_ch4,1.9735592603683472
layer3.0.conv3.weight,814,layer3.0.conv3.weight_ch814,1.9733319282531738
layer3.0.conv3.weight,87,layer3.0.conv3.weight_ch87,1.9729039669036865
layer4.1.conv1.weight,68,layer4.1.conv1.weight_ch68,1.9728822708129883
layer3.0.conv3.weight,632,layer3.0.conv3.weight_ch632,1.972489833831787
layer4.0.conv3.weight,363,layer4.0.conv3.weight_ch363,1.972357153892517
layer3.5.conv3.weight,245,layer3.5.conv3.weight_ch245,1.9719494581222534
layer2.3.conv2.weight,97,layer2.3.conv2.weight_ch97,1.9716601371765137
layer2.0.conv1.weight,27,layer2.0.conv1.weight_ch27,1.9716325998306274
layer4.0.conv3.weight,1200,layer4.0.conv3.weight_ch1200,1.9716055393218994
layer3.1.conv2.weight,24,layer3.1.conv2.weight_ch24,1.9715393781661987
layer3.2.conv3.weight,920,layer3.2.conv3.weight_ch920,1.970747709274292
layer2.3.conv3.weight,73,layer2.3.conv3.weight_ch73,1.970602035522461
layer2.3.conv3.weight,332,layer2.3.conv3.weight_ch332,1.9702346324920654
layer4.0.conv3.weight,647,layer4.0.conv3.weight_ch647,1.9695852994918823
layer4.0.conv3.weight,784,layer4.0.conv3.weight_ch784,1.9690024852752686
layer4.1.conv1.weight,462,layer4.1.conv1.weight_ch462,1.9689661264419556
layer2.3.conv3.weight,506,layer2.3.conv3.weight_ch506,1.968796968460083
layer4.0.conv3.weight,208,layer4.0.conv3.weight_ch208,1.968507170677185
layer3.2.conv3.weight,574,layer3.2.conv3.weight_ch574,1.9684230089187622
layer4.0.conv3.weight,301,layer4.0.conv3.weight_ch301,1.9682506322860718
layer3.3.conv3.weight,604,layer3.3.conv3.weight_ch604,1.9681257009506226
layer3.2.conv3.weight,32,layer3.2.conv3.weight_ch32,1.9679579734802246
layer4.1.conv1.weight,235,layer4.1.conv1.weight_ch235,1.96780526638031
layer2.3.conv3.weight,212,layer2.3.conv3.weight_ch212,1.9674240350723267
layer3.2.conv1.weight,252,layer3.2.conv1.weight_ch252,1.967345118522644
layer3.3.conv3.weight,243,layer3.3.conv3.weight_ch243,1.9672605991363525
layer3.4.conv3.weight,37,layer3.4.conv3.weight_ch37,1.9672085046768188
layer4.0.conv3.weight,234,layer4.0.conv3.weight_ch234,1.9668011665344238
layer2.3.conv2.weight,57,layer2.3.conv2.weight_ch57,1.9667102098464966
layer3.1.conv2.weight,192,layer3.1.conv2.weight_ch192,1.9666796922683716
layer3.2.conv3.weight,144,layer3.2.conv3.weight_ch144,1.9663368463516235
layer3.3.conv3.weight,143,layer3.3.conv3.weight_ch143,1.9661442041397095
layer3.3.conv3.weight,941,layer3.3.conv3.weight_ch941,1.966003179550171
layer3.5.conv3.weight,1017,layer3.5.conv3.weight_ch1017,1.9655817747116089
layer4.0.conv3.weight,649,layer4.0.conv3.weight_ch649,1.9651927947998047
layer4.1.conv1.weight,245,layer4.1.conv1.weight_ch245,1.9648637771606445
layer4.1.conv1.weight,283,layer4.1.conv1.weight_ch283,1.9645707607269287
layer3.0.conv3.weight,674,layer3.0.conv3.weight_ch674,1.9645553827285767
layer4.0.conv3.weight,949,layer4.0.conv3.weight_ch949,1.9644131660461426
layer3.3.conv3.weight,524,layer3.3.conv3.weight_ch524,1.9643701314926147
layer3.2.conv3.weight,448,layer3.2.conv3.weight_ch448,1.9640063047409058
layer3.5.conv3.weight,346,layer3.5.conv3.weight_ch346,1.9639298915863037
layer4.0.conv3.weight,591,layer4.0.conv3.weight_ch591,1.9636448621749878
layer3.4.conv3.weight,562,layer3.4.conv3.weight_ch562,1.9636174440383911
layer4.1.conv1.weight,82,layer4.1.conv1.weight_ch82,1.9629814624786377
layer3.0.conv3.weight,603,layer3.0.conv3.weight_ch603,1.9626171588897705
layer3.0.conv2.weight,127,layer3.0.conv2.weight_ch127,1.9617574214935303
layer3.0.conv3.weight,908,layer3.0.conv3.weight_ch908,1.9616079330444336
layer2.3.conv3.weight,360,layer2.3.conv3.weight_ch360,1.9615038633346558
layer2.3.conv3.weight,50,layer2.3.conv3.weight_ch50,1.9613856077194214
layer4.0.conv3.weight,531,layer4.0.conv3.weight_ch531,1.961313247680664
layer2.3.conv2.weight,83,layer2.3.conv2.weight_ch83,1.9611486196517944
layer3.5.conv3.weight,9,layer3.5.conv3.weight_ch9,1.9610711336135864
layer3.5.conv3.weight,223,layer3.5.conv3.weight_ch223,1.960836410522461
layer3.2.conv3.weight,462,layer3.2.conv3.weight_ch462,1.9605753421783447
layer4.0.conv3.weight,120,layer4.0.conv3.weight_ch120,1.9604573249816895
layer3.1.conv2.weight,169,layer3.1.conv2.weight_ch169,1.9601881504058838
layer3.2.conv3.weight,795,layer3.2.conv3.weight_ch795,1.960083246231079
layer4.0.conv3.weight,426,layer4.0.conv3.weight_ch426,1.9593881368637085
layer4.1.conv1.weight,248,layer4.1.conv1.weight_ch248,1.9591954946517944
layer3.0.conv3.weight,807,layer3.0.conv3.weight_ch807,1.9591093063354492
layer4.0.conv3.weight,1526,layer4.0.conv3.weight_ch1526,1.9588590860366821
layer3.3.conv3.weight,632,layer3.3.conv3.weight_ch632,1.95882248878479
layer2.0.conv1.weight,37,layer2.0.conv1.weight_ch37,1.9580490589141846
layer3.0.conv3.weight,591,layer3.0.conv3.weight_ch591,1.9575711488723755
layer4.1.conv1.weight,420,layer4.1.conv1.weight_ch420,1.9574904441833496
layer3.1.conv2.weight,141,layer3.1.conv2.weight_ch141,1.95747971534729
layer2.3.conv2.weight,76,layer2.3.conv2.weight_ch76,1.9573529958724976
layer4.0.conv3.weight,529,layer4.0.conv3.weight_ch529,1.9563477039337158
layer3.0.conv3.weight,703,layer3.0.conv3.weight_ch703,1.956321358680725
layer3.4.conv1.weight,241,layer3.4.conv1.weight_ch241,1.9562904834747314
layer4.1.conv1.weight,90,layer4.1.conv1.weight_ch90,1.9552184343338013
layer4.0.conv3.weight,1828,layer4.0.conv3.weight_ch1828,1.9548163414001465
layer3.3.conv3.weight,650,layer3.3.conv3.weight_ch650,1.954801321029663
layer4.0.conv3.weight,1983,layer4.0.conv3.weight_ch1983,1.9546083211898804
layer3.3.conv3.weight,792,layer3.3.conv3.weight_ch792,1.9544085264205933
layer4.1.conv1.weight,362,layer4.1.conv1.weight_ch362,1.9529500007629395
layer3.3.conv3.weight,480,layer3.3.conv3.weight_ch480,1.9526170492172241
layer3.0.conv3.weight,307,layer3.0.conv3.weight_ch307,1.952558159828186
layer4.0.conv3.weight,1903,layer4.0.conv3.weight_ch1903,1.9523266553878784
layer3.0.conv3.weight,953,layer3.0.conv3.weight_ch953,1.9522919654846191
layer3.4.conv1.weight,70,layer3.4.conv1.weight_ch70,1.9522080421447754
layer3.4.conv3.weight,43,layer3.4.conv3.weight_ch43,1.9521336555480957
layer3.5.conv3.weight,955,layer3.5.conv3.weight_ch955,1.9520037174224854
layer3.3.conv3.weight,556,layer3.3.conv3.weight_ch556,1.9518455266952515
layer3.2.conv3.weight,850,layer3.2.conv3.weight_ch850,1.951125144958496
layer4.0.conv3.weight,754,layer4.0.conv3.weight_ch754,1.9503525495529175
layer4.0.conv3.weight,1320,layer4.0.conv3.weight_ch1320,1.9503123760223389
layer4.0.conv3.weight,2036,layer4.0.conv3.weight_ch2036,1.9502544403076172
layer4.0.conv3.weight,1014,layer4.0.conv3.weight_ch1014,1.9501709938049316
layer3.3.conv3.weight,390,layer3.3.conv3.weight_ch390,1.950125813484192
layer3.5.conv3.weight,822,layer3.5.conv3.weight_ch822,1.9499609470367432
layer3.5.conv3.weight,895,layer3.5.conv3.weight_ch895,1.9496734142303467
layer4.0.conv3.weight,59,layer4.0.conv3.weight_ch59,1.9494651556015015
layer3.3.conv3.weight,839,layer3.3.conv3.weight_ch839,1.9492814540863037
layer3.1.conv2.weight,51,layer3.1.conv2.weight_ch51,1.949256420135498
layer3.0.conv2.weight,237,layer3.0.conv2.weight_ch237,1.9491331577301025
layer2.3.conv3.weight,22,layer2.3.conv3.weight_ch22,1.9489457607269287
layer2.3.conv3.weight,229,layer2.3.conv3.weight_ch229,1.9485015869140625
layer3.5.conv3.weight,426,layer3.5.conv3.weight_ch426,1.9483420848846436
layer3.5.conv3.weight,152,layer3.5.conv3.weight_ch152,1.948210597038269
layer3.2.conv1.weight,139,layer3.2.conv1.weight_ch139,1.947775959968567
layer3.0.conv3.weight,42,layer3.0.conv3.weight_ch42,1.9477500915527344
layer4.0.conv3.weight,1455,layer4.0.conv3.weight_ch1455,1.947570562362671
layer3.3.conv3.weight,12,layer3.3.conv3.weight_ch12,1.9473916292190552
layer3.4.conv1.weight,196,layer3.4.conv1.weight_ch196,1.9469789266586304
layer3.3.conv3.weight,471,layer3.3.conv3.weight_ch471,1.9468798637390137
layer3.4.conv3.weight,32,layer3.4.conv3.weight_ch32,1.9467339515686035
layer4.0.conv3.weight,1957,layer4.0.conv3.weight_ch1957,1.946718692779541
layer3.3.conv3.weight,495,layer3.3.conv3.weight_ch495,1.9458856582641602
layer4.1.conv1.weight,319,layer4.1.conv1.weight_ch319,1.945607304573059
layer3.1.conv2.weight,22,layer3.1.conv2.weight_ch22,1.9451770782470703
layer3.0.conv2.weight,150,layer3.0.conv2.weight_ch150,1.9440206289291382
layer3.0.conv3.weight,899,layer3.0.conv3.weight_ch899,1.9439834356307983
layer3.0.conv3.weight,714,layer3.0.conv3.weight_ch714,1.9437482357025146
layer3.5.conv3.weight,841,layer3.5.conv3.weight_ch841,1.94339919090271
layer3.2.conv3.weight,13,layer3.2.conv3.weight_ch13,1.9432692527770996
layer2.3.conv3.weight,45,layer2.3.conv3.weight_ch45,1.9423799514770508
layer4.1.conv1.weight,355,layer4.1.conv1.weight_ch355,1.942091941833496
layer3.0.conv2.weight,228,layer3.0.conv2.weight_ch228,1.9420475959777832
layer3.1.conv2.weight,173,layer3.1.conv2.weight_ch173,1.941580057144165
layer3.0.conv3.weight,507,layer3.0.conv3.weight_ch507,1.9413162469863892
layer3.3.conv3.weight,853,layer3.3.conv3.weight_ch853,1.941192626953125
layer3.4.conv3.weight,92,layer3.4.conv3.weight_ch92,1.9409668445587158
layer4.0.conv3.weight,1568,layer4.0.conv3.weight_ch1568,1.9409018754959106
layer4.0.conv3.weight,1971,layer4.0.conv3.weight_ch1971,1.9407083988189697
layer3.5.conv3.weight,246,layer3.5.conv3.weight_ch246,1.9405763149261475
layer3.3.conv3.weight,549,layer3.3.conv3.weight_ch549,1.9404511451721191
layer3.4.conv3.weight,404,layer3.4.conv3.weight_ch404,1.940395712852478
layer4.0.conv3.weight,1785,layer4.0.conv3.weight_ch1785,1.9399696588516235
layer3.4.conv3.weight,755,layer3.4.conv3.weight_ch755,1.9396458864212036
layer3.3.conv3.weight,984,layer3.3.conv3.weight_ch984,1.939528465270996
layer4.0.conv3.weight,1625,layer4.0.conv3.weight_ch1625,1.9389065504074097
layer3.4.conv3.weight,971,layer3.4.conv3.weight_ch971,1.9386849403381348
layer3.3.conv3.weight,729,layer3.3.conv3.weight_ch729,1.9384433031082153
layer2.3.conv3.weight,110,layer2.3.conv3.weight_ch110,1.9381226301193237
layer3.4.conv3.weight,846,layer3.4.conv3.weight_ch846,1.9375916719436646
layer4.0.conv3.weight,1751,layer4.0.conv3.weight_ch1751,1.9371566772460938
layer3.5.conv3.weight,568,layer3.5.conv3.weight_ch568,1.9368858337402344
layer4.1.conv1.weight,401,layer4.1.conv1.weight_ch401,1.9366977214813232
layer4.0.conv3.weight,97,layer4.0.conv3.weight_ch97,1.9364392757415771
layer3.4.conv1.weight,67,layer3.4.conv1.weight_ch67,1.9362993240356445
layer3.0.conv2.weight,19,layer3.0.conv2.weight_ch19,1.9361521005630493
layer3.5.conv3.weight,363,layer3.5.conv3.weight_ch363,1.9361239671707153
layer3.0.conv3.weight,622,layer3.0.conv3.weight_ch622,1.936090350151062
layer3.5.conv3.weight,173,layer3.5.conv3.weight_ch173,1.9360630512237549
layer3.1.conv2.weight,153,layer3.1.conv2.weight_ch153,1.9360086917877197
layer3.2.conv1.weight,173,layer3.2.conv1.weight_ch173,1.9358088970184326
layer3.2.conv3.weight,693,layer3.2.conv3.weight_ch693,1.935723900794983
layer3.0.conv3.weight,67,layer3.0.conv3.weight_ch67,1.935526728630066
layer3.4.conv3.weight,639,layer3.4.conv3.weight_ch639,1.935511589050293
layer3.0.conv3.weight,734,layer3.0.conv3.weight_ch734,1.9354057312011719
layer3.4.conv3.weight,629,layer3.4.conv3.weight_ch629,1.9350829124450684
layer3.1.conv2.weight,217,layer3.1.conv2.weight_ch217,1.9350051879882812
layer3.4.conv1.weight,240,layer3.4.conv1.weight_ch240,1.9347753524780273
layer3.4.conv3.weight,593,layer3.4.conv3.weight_ch593,1.9347341060638428
layer3.0.conv2.weight,236,layer3.0.conv2.weight_ch236,1.9346351623535156
layer3.3.conv3.weight,998,layer3.3.conv3.weight_ch998,1.9343117475509644
layer3.2.conv1.weight,93,layer3.2.conv1.weight_ch93,1.9342201948165894
layer4.0.conv3.weight,552,layer4.0.conv3.weight_ch552,1.9341450929641724
layer4.0.conv3.weight,8,layer4.0.conv3.weight_ch8,1.9340697526931763
layer3.3.conv3.weight,260,layer3.3.conv3.weight_ch260,1.932928442955017
layer4.0.conv3.weight,632,layer4.0.conv3.weight_ch632,1.9327354431152344
layer4.0.conv3.weight,277,layer4.0.conv3.weight_ch277,1.9316730499267578
layer3.1.conv2.weight,200,layer3.1.conv2.weight_ch200,1.9312481880187988
layer3.4.conv3.weight,216,layer3.4.conv3.weight_ch216,1.9307529926300049
layer3.3.conv3.weight,90,layer3.3.conv3.weight_ch90,1.9305133819580078
layer3.4.conv1.weight,3,layer3.4.conv1.weight_ch3,1.9305061101913452
layer3.0.conv3.weight,167,layer3.0.conv3.weight_ch167,1.9303313493728638
layer3.0.conv3.weight,219,layer3.0.conv3.weight_ch219,1.930239200592041
layer2.3.conv3.weight,359,layer2.3.conv3.weight_ch359,1.9301183223724365
layer4.0.conv3.weight,1384,layer4.0.conv3.weight_ch1384,1.9300885200500488
layer4.0.conv3.weight,1595,layer4.0.conv3.weight_ch1595,1.9295083284378052
layer3.4.conv3.weight,848,layer3.4.conv3.weight_ch848,1.9292726516723633
layer3.3.conv3.weight,319,layer3.3.conv3.weight_ch319,1.9292281866073608
layer4.0.conv3.weight,353,layer4.0.conv3.weight_ch353,1.9286032915115356
layer4.1.conv1.weight,242,layer4.1.conv1.weight_ch242,1.928572177886963
layer4.0.conv3.weight,1860,layer4.0.conv3.weight_ch1860,1.9285484552383423
layer3.4.conv3.weight,716,layer3.4.conv3.weight_ch716,1.927868127822876
layer4.0.conv3.weight,451,layer4.0.conv3.weight_ch451,1.9277398586273193
layer1.1.conv1.weight,26,layer1.1.conv1.weight_ch26,1.927482008934021
layer3.0.conv3.weight,836,layer3.0.conv3.weight_ch836,1.9273585081100464
layer3.5.conv3.weight,337,layer3.5.conv3.weight_ch337,1.9272465705871582
layer4.0.conv3.weight,1179,layer4.0.conv3.weight_ch1179,1.926436424255371
layer4.0.conv3.weight,1263,layer4.0.conv3.weight_ch1263,1.9261285066604614
layer3.3.conv3.weight,174,layer3.3.conv3.weight_ch174,1.9261256456375122
layer3.2.conv3.weight,361,layer3.2.conv3.weight_ch361,1.9256095886230469
layer4.0.conv3.weight,978,layer4.0.conv3.weight_ch978,1.9254308938980103
layer3.0.conv3.weight,713,layer3.0.conv3.weight_ch713,1.9251718521118164
layer4.0.conv3.weight,1212,layer4.0.conv3.weight_ch1212,1.9251189231872559
layer3.5.conv3.weight,171,layer3.5.conv3.weight_ch171,1.9246234893798828
layer3.3.conv3.weight,668,layer3.3.conv3.weight_ch668,1.9245102405548096
layer3.5.conv3.weight,627,layer3.5.conv3.weight_ch627,1.9240217208862305
layer3.5.conv3.weight,962,layer3.5.conv3.weight_ch962,1.9237186908721924
layer3.3.conv3.weight,577,layer3.3.conv3.weight_ch577,1.9236754179000854
layer4.1.conv1.weight,12,layer4.1.conv1.weight_ch12,1.9234607219696045
layer4.1.conv1.weight,488,layer4.1.conv1.weight_ch488,1.9233936071395874
layer3.3.conv3.weight,338,layer3.3.conv3.weight_ch338,1.9232913255691528
layer3.2.conv3.weight,133,layer3.2.conv3.weight_ch133,1.9227370023727417
layer4.1.conv1.weight,483,layer4.1.conv1.weight_ch483,1.922605037689209
layer2.3.conv3.weight,482,layer2.3.conv3.weight_ch482,1.9225852489471436
layer2.3.conv2.weight,31,layer2.3.conv2.weight_ch31,1.92220938205719
layer3.0.conv2.weight,155,layer3.0.conv2.weight_ch155,1.922200322151184
layer3.2.conv3.weight,698,layer3.2.conv3.weight_ch698,1.9218932390213013
layer3.4.conv3.weight,800,layer3.4.conv3.weight_ch800,1.9213932752609253
layer3.4.conv3.weight,869,layer3.4.conv3.weight_ch869,1.9206832647323608
layer3.2.conv1.weight,77,layer3.2.conv1.weight_ch77,1.920578956604004
layer4.0.conv3.weight,1644,layer4.0.conv3.weight_ch1644,1.9203156232833862
layer3.0.conv3.weight,933,layer3.0.conv3.weight_ch933,1.9197348356246948
layer4.0.conv3.weight,975,layer4.0.conv3.weight_ch975,1.919645071029663
layer3.1.conv2.weight,165,layer3.1.conv2.weight_ch165,1.919423222541809
layer4.0.conv3.weight,888,layer4.0.conv3.weight_ch888,1.9191093444824219
layer3.4.conv3.weight,10,layer3.4.conv3.weight_ch10,1.9190402030944824
layer3.3.conv3.weight,387,layer3.3.conv3.weight_ch387,1.9188859462738037
layer3.5.conv3.weight,216,layer3.5.conv3.weight_ch216,1.91796875
layer4.0.conv3.weight,1054,layer4.0.conv3.weight_ch1054,1.917771816253662
layer3.0.conv3.weight,208,layer3.0.conv3.weight_ch208,1.917394757270813
layer3.3.conv3.weight,498,layer3.3.conv3.weight_ch498,1.9170637130737305
layer4.0.conv3.weight,479,layer4.0.conv3.weight_ch479,1.91667902469635
layer3.4.conv3.weight,607,layer3.4.conv3.weight_ch607,1.9156317710876465
layer4.0.conv3.weight,476,layer4.0.conv3.weight_ch476,1.9155125617980957
layer3.5.conv3.weight,834,layer3.5.conv3.weight_ch834,1.9152023792266846
layer4.1.conv1.weight,34,layer4.1.conv1.weight_ch34,1.9149280786514282
layer3.3.conv3.weight,5,layer3.3.conv3.weight_ch5,1.9148268699645996
layer4.0.conv3.weight,1725,layer4.0.conv3.weight_ch1725,1.91399347782135
layer3.5.conv3.weight,294,layer3.5.conv3.weight_ch294,1.913912057876587
layer4.1.conv1.weight,275,layer4.1.conv1.weight_ch275,1.9136078357696533
layer3.5.conv3.weight,281,layer3.5.conv3.weight_ch281,1.913360595703125
layer3.4.conv1.weight,234,layer3.4.conv1.weight_ch234,1.9133559465408325
layer3.5.conv3.weight,586,layer3.5.conv3.weight_ch586,1.91316819190979
layer3.5.conv3.weight,840,layer3.5.conv3.weight_ch840,1.9129678010940552
layer3.1.conv2.weight,121,layer3.1.conv2.weight_ch121,1.9129600524902344
layer3.1.conv2.weight,233,layer3.1.conv2.weight_ch233,1.9126286506652832
layer3.2.conv3.weight,99,layer3.2.conv3.weight_ch99,1.9124647378921509
layer2.3.conv3.weight,234,layer2.3.conv3.weight_ch234,1.912097454071045
layer3.5.conv3.weight,677,layer3.5.conv3.weight_ch677,1.9119033813476562
layer4.0.conv3.weight,434,layer4.0.conv3.weight_ch434,1.9118574857711792
layer3.0.conv2.weight,113,layer3.0.conv2.weight_ch113,1.9114938974380493
layer4.0.conv3.weight,882,layer4.0.conv3.weight_ch882,1.9112552404403687
layer3.5.conv3.weight,213,layer3.5.conv3.weight_ch213,1.9111924171447754
layer3.0.conv2.weight,72,layer3.0.conv2.weight_ch72,1.9110349416732788
layer2.3.conv3.weight,368,layer2.3.conv3.weight_ch368,1.9102457761764526
layer3.4.conv3.weight,12,layer3.4.conv3.weight_ch12,1.9102184772491455
layer2.3.conv3.weight,329,layer2.3.conv3.weight_ch329,1.909706473350525
layer3.0.conv2.weight,216,layer3.0.conv2.weight_ch216,1.9094034433364868
layer3.0.conv3.weight,265,layer3.0.conv3.weight_ch265,1.9086661338806152
layer4.0.conv3.weight,1266,layer4.0.conv3.weight_ch1266,1.908019781112671
layer2.3.conv2.weight,11,layer2.3.conv2.weight_ch11,1.9079699516296387
layer3.4.conv3.weight,480,layer3.4.conv3.weight_ch480,1.907875895500183
layer3.0.conv3.weight,183,layer3.0.conv3.weight_ch183,1.9074244499206543
layer3.3.conv3.weight,904,layer3.3.conv3.weight_ch904,1.907366394996643
layer4.1.conv1.weight,334,layer4.1.conv1.weight_ch334,1.9069180488586426
layer3.4.conv3.weight,905,layer3.4.conv3.weight_ch905,1.906620979309082
layer4.0.conv3.weight,1628,layer4.0.conv3.weight_ch1628,1.9066061973571777
layer3.4.conv3.weight,638,layer3.4.conv3.weight_ch638,1.9065812826156616
layer3.5.conv3.weight,637,layer3.5.conv3.weight_ch637,1.906039834022522
layer4.0.conv3.weight,753,layer4.0.conv3.weight_ch753,1.9059481620788574
layer3.1.conv2.weight,180,layer3.1.conv2.weight_ch180,1.9058259725570679
layer4.1.conv1.weight,336,layer4.1.conv1.weight_ch336,1.905800461769104
layer3.4.conv3.weight,550,layer3.4.conv3.weight_ch550,1.9057459831237793
layer4.0.conv3.weight,1061,layer4.0.conv3.weight_ch1061,1.905712604522705
layer4.0.conv3.weight,1161,layer4.0.conv3.weight_ch1161,1.9055678844451904
layer4.0.conv3.weight,1070,layer4.0.conv3.weight_ch1070,1.9055448770523071
layer3.2.conv1.weight,149,layer3.2.conv1.weight_ch149,1.9054275751113892
layer4.0.conv3.weight,483,layer4.0.conv3.weight_ch483,1.9054042100906372
layer3.0.conv3.weight,779,layer3.0.conv3.weight_ch779,1.9050474166870117
layer4.0.conv3.weight,1356,layer4.0.conv3.weight_ch1356,1.9049309492111206
layer3.3.conv3.weight,630,layer3.3.conv3.weight_ch630,1.9045863151550293
layer3.3.conv3.weight,579,layer3.3.conv3.weight_ch579,1.9045815467834473
layer3.2.conv3.weight,815,layer3.2.conv3.weight_ch815,1.9042296409606934
layer3.0.conv3.weight,362,layer3.0.conv3.weight_ch362,1.9041215181350708
layer4.0.conv3.weight,1846,layer4.0.conv3.weight_ch1846,1.904029130935669
layer3.4.conv3.weight,965,layer3.4.conv3.weight_ch965,1.9039984941482544
layer3.3.conv3.weight,190,layer3.3.conv3.weight_ch190,1.9035320281982422
layer4.0.conv3.weight,1557,layer4.0.conv3.weight_ch1557,1.9035217761993408
layer3.3.conv3.weight,795,layer3.3.conv3.weight_ch795,1.9034528732299805
layer3.0.conv3.weight,951,layer3.0.conv3.weight_ch951,1.903354287147522
layer3.0.conv2.weight,254,layer3.0.conv2.weight_ch254,1.9033360481262207
layer4.0.conv3.weight,670,layer4.0.conv3.weight_ch670,1.9030358791351318
layer3.3.conv3.weight,497,layer3.3.conv3.weight_ch497,1.9025819301605225
layer4.1.conv1.weight,15,layer4.1.conv1.weight_ch15,1.9023144245147705
layer4.0.conv3.weight,6,layer4.0.conv3.weight_ch6,1.9020339250564575
layer3.4.conv3.weight,618,layer3.4.conv3.weight_ch618,1.9017107486724854
layer3.1.conv2.weight,207,layer3.1.conv2.weight_ch207,1.9007614850997925
layer3.4.conv3.weight,341,layer3.4.conv3.weight_ch341,1.9005770683288574
layer3.2.conv1.weight,158,layer3.2.conv1.weight_ch158,1.9005515575408936
layer2.3.conv3.weight,499,layer2.3.conv3.weight_ch499,1.8995170593261719
layer2.3.conv2.weight,104,layer2.3.conv2.weight_ch104,1.8992919921875
layer3.4.conv3.weight,414,layer3.4.conv3.weight_ch414,1.8991727828979492
layer3.0.conv3.weight,909,layer3.0.conv3.weight_ch909,1.898946762084961
layer4.0.conv3.weight,381,layer4.0.conv3.weight_ch381,1.8989229202270508
layer4.0.conv3.weight,1831,layer4.0.conv3.weight_ch1831,1.8987412452697754
layer2.3.conv2.weight,24,layer2.3.conv2.weight_ch24,1.89842689037323
layer3.4.conv3.weight,465,layer3.4.conv3.weight_ch465,1.8983697891235352
layer4.0.conv3.weight,1011,layer4.0.conv3.weight_ch1011,1.8983099460601807
layer3.3.conv3.weight,967,layer3.3.conv3.weight_ch967,1.8980880975723267
layer3.1.conv2.weight,67,layer3.1.conv2.weight_ch67,1.8980821371078491
layer3.0.conv3.weight,885,layer3.0.conv3.weight_ch885,1.8980451822280884
layer3.5.conv3.weight,1015,layer3.5.conv3.weight_ch1015,1.8979425430297852
layer3.4.conv3.weight,2,layer3.4.conv3.weight_ch2,1.8971052169799805
layer4.0.conv3.weight,1614,layer4.0.conv3.weight_ch1614,1.8970786333084106
layer3.2.conv3.weight,473,layer3.2.conv3.weight_ch473,1.8967515230178833
layer4.0.conv3.weight,464,layer4.0.conv3.weight_ch464,1.8963003158569336
layer4.0.conv3.weight,1331,layer4.0.conv3.weight_ch1331,1.8960051536560059
layer4.0.conv3.weight,1730,layer4.0.conv3.weight_ch1730,1.895887851715088
layer3.2.conv3.weight,267,layer3.2.conv3.weight_ch267,1.895658254623413
layer4.0.conv3.weight,809,layer4.0.conv3.weight_ch809,1.8955100774765015
layer3.2.conv3.weight,726,layer3.2.conv3.weight_ch726,1.8951741456985474
layer3.3.conv3.weight,516,layer3.3.conv3.weight_ch516,1.895143985748291
layer3.2.conv1.weight,27,layer3.2.conv1.weight_ch27,1.8949745893478394
layer3.5.conv3.weight,755,layer3.5.conv3.weight_ch755,1.894730806350708
layer3.2.conv3.weight,517,layer3.2.conv3.weight_ch517,1.8946442604064941
layer2.3.conv3.weight,392,layer2.3.conv3.weight_ch392,1.8942043781280518
layer3.2.conv3.weight,963,layer3.2.conv3.weight_ch963,1.8941972255706787
layer4.0.conv3.weight,679,layer4.0.conv3.weight_ch679,1.8941550254821777
layer2.3.conv3.weight,394,layer2.3.conv3.weight_ch394,1.8933041095733643
layer3.3.conv3.weight,378,layer3.3.conv3.weight_ch378,1.8931351900100708
layer3.4.conv3.weight,627,layer3.4.conv3.weight_ch627,1.8931268453598022
layer3.2.conv1.weight,61,layer3.2.conv1.weight_ch61,1.8931007385253906
layer3.1.conv2.weight,254,layer3.1.conv2.weight_ch254,1.8928552865982056
layer4.0.conv3.weight,1404,layer4.0.conv3.weight_ch1404,1.8928349018096924
layer4.0.conv3.weight,286,layer4.0.conv3.weight_ch286,1.8928046226501465
layer4.1.conv1.weight,228,layer4.1.conv1.weight_ch228,1.8926498889923096
layer4.0.conv3.weight,404,layer4.0.conv3.weight_ch404,1.8921122550964355
layer4.0.conv3.weight,1920,layer4.0.conv3.weight_ch1920,1.8917200565338135
layer3.2.conv3.weight,995,layer3.2.conv3.weight_ch995,1.8912811279296875
layer4.0.conv3.weight,1441,layer4.0.conv3.weight_ch1441,1.891173243522644
layer3.0.conv3.weight,115,layer3.0.conv3.weight_ch115,1.8910431861877441
layer2.3.conv3.weight,58,layer2.3.conv3.weight_ch58,1.8906081914901733
layer3.4.conv1.weight,57,layer3.4.conv1.weight_ch57,1.8905612230300903
layer3.4.conv1.weight,244,layer3.4.conv1.weight_ch244,1.8903661966323853
layer4.0.conv3.weight,1350,layer4.0.conv3.weight_ch1350,1.8903378248214722
layer2.0.conv1.weight,110,layer2.0.conv1.weight_ch110,1.8898708820343018
layer3.4.conv3.weight,692,layer3.4.conv3.weight_ch692,1.8896782398223877
layer3.0.conv2.weight,244,layer3.0.conv2.weight_ch244,1.8895632028579712
layer3.4.conv1.weight,250,layer3.4.conv1.weight_ch250,1.889150619506836
layer3.0.conv3.weight,772,layer3.0.conv3.weight_ch772,1.8890328407287598
layer3.2.conv3.weight,883,layer3.2.conv3.weight_ch883,1.8885219097137451
layer4.0.conv3.weight,1186,layer4.0.conv3.weight_ch1186,1.8877100944519043
layer3.0.conv2.weight,202,layer3.0.conv2.weight_ch202,1.8869585990905762
layer4.0.conv3.weight,1774,layer4.0.conv3.weight_ch1774,1.8867285251617432
layer2.3.conv2.weight,78,layer2.3.conv2.weight_ch78,1.886273741722107
layer4.0.conv3.weight,254,layer4.0.conv3.weight_ch254,1.8860864639282227
layer3.0.conv3.weight,218,layer3.0.conv3.weight_ch218,1.8857401609420776
layer3.3.conv3.weight,779,layer3.3.conv3.weight_ch779,1.8854608535766602
layer3.0.conv3.weight,394,layer3.0.conv3.weight_ch394,1.885387897491455
layer3.2.conv1.weight,120,layer3.2.conv1.weight_ch120,1.8847095966339111
layer3.5.conv3.weight,124,layer3.5.conv3.weight_ch124,1.8846832513809204
layer4.0.conv3.weight,1146,layer4.0.conv3.weight_ch1146,1.8838951587677002
layer2.3.conv3.weight,371,layer2.3.conv3.weight_ch371,1.8838114738464355
layer4.0.conv3.weight,1250,layer4.0.conv3.weight_ch1250,1.8836275339126587
layer4.1.conv1.weight,375,layer4.1.conv1.weight_ch375,1.8835220336914062
layer4.0.conv3.weight,68,layer4.0.conv3.weight_ch68,1.8828837871551514
layer3.3.conv3.weight,803,layer3.3.conv3.weight_ch803,1.8826252222061157
layer3.0.conv2.weight,25,layer3.0.conv2.weight_ch25,1.8826067447662354
layer4.0.conv3.weight,360,layer4.0.conv3.weight_ch360,1.8824416399002075
layer3.4.conv3.weight,304,layer3.4.conv3.weight_ch304,1.8818293809890747
layer4.0.conv3.weight,763,layer4.0.conv3.weight_ch763,1.8818268775939941
layer4.1.conv1.weight,421,layer4.1.conv1.weight_ch421,1.8818128108978271
layer4.0.conv3.weight,2020,layer4.0.conv3.weight_ch2020,1.881772518157959
layer2.3.conv3.weight,125,layer2.3.conv3.weight_ch125,1.8816509246826172
layer2.3.conv3.weight,489,layer2.3.conv3.weight_ch489,1.8815420866012573
layer4.0.conv3.weight,1042,layer4.0.conv3.weight_ch1042,1.881515383720398
layer3.0.conv2.weight,10,layer3.0.conv2.weight_ch10,1.8813951015472412
layer3.4.conv1.weight,181,layer3.4.conv1.weight_ch181,1.8810830116271973
layer3.3.conv3.weight,812,layer3.3.conv3.weight_ch812,1.8804936408996582
layer3.2.conv1.weight,119,layer3.2.conv1.weight_ch119,1.8802883625030518
layer4.1.conv1.weight,251,layer4.1.conv1.weight_ch251,1.8800150156021118
layer4.0.conv3.weight,1082,layer4.0.conv3.weight_ch1082,1.8799951076507568
layer4.1.conv1.weight,509,layer4.1.conv1.weight_ch509,1.879959225654602
layer4.0.conv3.weight,42,layer4.0.conv3.weight_ch42,1.8795192241668701
layer2.0.conv1.weight,36,layer2.0.conv1.weight_ch36,1.8795031309127808
layer4.0.conv3.weight,1385,layer4.0.conv3.weight_ch1385,1.8794910907745361
layer4.0.conv3.weight,849,layer4.0.conv3.weight_ch849,1.8794724941253662
layer4.0.conv3.weight,1753,layer4.0.conv3.weight_ch1753,1.8793007135391235
layer3.3.conv3.weight,353,layer3.3.conv3.weight_ch353,1.8788022994995117
layer3.2.conv3.weight,419,layer3.2.conv3.weight_ch419,1.8782981634140015
layer3.4.conv1.weight,121,layer3.4.conv1.weight_ch121,1.878130555152893
layer3.2.conv3.weight,902,layer3.2.conv3.weight_ch902,1.877659797668457
layer3.5.conv3.weight,754,layer3.5.conv3.weight_ch754,1.877549171447754
layer4.0.conv3.weight,123,layer4.0.conv3.weight_ch123,1.8770413398742676
layer3.0.conv2.weight,182,layer3.0.conv2.weight_ch182,1.8768105506896973
layer3.2.conv3.weight,58,layer3.2.conv3.weight_ch58,1.8767317533493042
layer4.0.conv3.weight,986,layer4.0.conv3.weight_ch986,1.8766767978668213
layer2.3.conv3.weight,391,layer2.3.conv3.weight_ch391,1.8765884637832642
layer4.0.conv3.weight,1931,layer4.0.conv3.weight_ch1931,1.8765347003936768
layer3.0.conv2.weight,241,layer3.0.conv2.weight_ch241,1.8762452602386475
layer4.0.conv3.weight,132,layer4.0.conv3.weight_ch132,1.8761610984802246
layer3.3.conv3.weight,899,layer3.3.conv3.weight_ch899,1.875495433807373
layer3.4.conv3.weight,526,layer3.4.conv3.weight_ch526,1.8751981258392334
layer3.0.conv3.weight,351,layer3.0.conv3.weight_ch351,1.8749220371246338
layer4.1.conv1.weight,387,layer4.1.conv1.weight_ch387,1.8745989799499512
layer4.0.conv3.weight,424,layer4.0.conv3.weight_ch424,1.874570369720459
layer3.0.conv3.weight,6,layer3.0.conv3.weight_ch6,1.874434471130371
layer4.0.conv3.weight,1089,layer4.0.conv3.weight_ch1089,1.8740156888961792
layer4.0.conv3.weight,1150,layer4.0.conv3.weight_ch1150,1.8738164901733398
layer4.0.conv3.weight,1749,layer4.0.conv3.weight_ch1749,1.873239517211914
layer3.3.conv3.weight,363,layer3.3.conv3.weight_ch363,1.8730148077011108
layer3.3.conv3.weight,320,layer3.3.conv3.weight_ch320,1.8722118139266968
layer4.0.conv3.weight,1782,layer4.0.conv3.weight_ch1782,1.872148871421814
layer4.0.conv3.weight,820,layer4.0.conv3.weight_ch820,1.871415138244629
layer4.1.conv1.weight,83,layer4.1.conv1.weight_ch83,1.8714134693145752
layer3.3.conv3.weight,821,layer3.3.conv3.weight_ch821,1.871285319328308
layer4.0.conv3.weight,154,layer4.0.conv3.weight_ch154,1.8710991144180298
layer4.1.conv1.weight,376,layer4.1.conv1.weight_ch376,1.8710193634033203
layer4.1.conv1.weight,64,layer4.1.conv1.weight_ch64,1.8708913326263428
layer3.0.conv3.weight,408,layer3.0.conv3.weight_ch408,1.8706060647964478
layer4.1.conv1.weight,40,layer4.1.conv1.weight_ch40,1.8705165386199951
layer3.2.conv3.weight,16,layer3.2.conv3.weight_ch16,1.8704137802124023
layer3.0.conv3.weight,631,layer3.0.conv3.weight_ch631,1.8701263666152954
layer4.0.conv3.weight,52,layer4.0.conv3.weight_ch52,1.8700472116470337
layer3.0.conv3.weight,620,layer3.0.conv3.weight_ch620,1.8699865341186523
layer4.0.conv3.weight,604,layer4.0.conv3.weight_ch604,1.8687020540237427
layer3.0.conv3.weight,757,layer3.0.conv3.weight_ch757,1.867843508720398
layer4.0.conv3.weight,1006,layer4.0.conv3.weight_ch1006,1.8678385019302368
layer3.1.conv2.weight,214,layer3.1.conv2.weight_ch214,1.8677724599838257
layer3.2.conv3.weight,550,layer3.2.conv3.weight_ch550,1.8676677942276
layer3.3.conv3.weight,638,layer3.3.conv3.weight_ch638,1.866776943206787
layer3.0.conv3.weight,840,layer3.0.conv3.weight_ch840,1.866608738899231
layer4.0.conv3.weight,1875,layer4.0.conv3.weight_ch1875,1.8656339645385742
layer3.4.conv3.weight,191,layer3.4.conv3.weight_ch191,1.865546464920044
layer3.4.conv3.weight,282,layer3.4.conv3.weight_ch282,1.865539312362671
layer3.2.conv3.weight,866,layer3.2.conv3.weight_ch866,1.8654491901397705
layer3.0.conv3.weight,759,layer3.0.conv3.weight_ch759,1.8654358386993408
layer3.2.conv1.weight,109,layer3.2.conv1.weight_ch109,1.8654170036315918
layer4.1.conv1.weight,440,layer4.1.conv1.weight_ch440,1.8650023937225342
layer4.0.conv3.weight,1086,layer4.0.conv3.weight_ch1086,1.8647184371948242
layer3.0.conv3.weight,395,layer3.0.conv3.weight_ch395,1.864569902420044
layer3.0.conv3.weight,841,layer3.0.conv3.weight_ch841,1.864508032798767
layer3.5.conv3.weight,1023,layer3.5.conv3.weight_ch1023,1.8644564151763916
layer3.4.conv1.weight,92,layer3.4.conv1.weight_ch92,1.8644520044326782
layer3.5.conv3.weight,765,layer3.5.conv3.weight_ch765,1.8638319969177246
layer3.2.conv3.weight,502,layer3.2.conv3.weight_ch502,1.863743543624878
layer2.3.conv3.weight,206,layer2.3.conv3.weight_ch206,1.8636914491653442
layer3.0.conv3.weight,92,layer3.0.conv3.weight_ch92,1.8627657890319824
layer3.4.conv3.weight,448,layer3.4.conv3.weight_ch448,1.8626811504364014
layer3.0.conv3.weight,145,layer3.0.conv3.weight_ch145,1.8623956441879272
layer4.1.conv1.weight,238,layer4.1.conv1.weight_ch238,1.8623435497283936
layer2.3.conv3.weight,158,layer2.3.conv3.weight_ch158,1.862074613571167
layer3.0.conv2.weight,110,layer3.0.conv2.weight_ch110,1.8619518280029297
layer3.2.conv3.weight,522,layer3.2.conv3.weight_ch522,1.8618112802505493
layer3.3.conv3.weight,62,layer3.3.conv3.weight_ch62,1.861784815788269
layer3.3.conv3.weight,101,layer3.3.conv3.weight_ch101,1.8613935708999634
layer4.0.conv3.weight,1238,layer4.0.conv3.weight_ch1238,1.8612585067749023
layer4.0.conv3.weight,1202,layer4.0.conv3.weight_ch1202,1.8606703281402588
layer4.0.conv3.weight,1591,layer4.0.conv3.weight_ch1591,1.8603602647781372
layer4.0.conv3.weight,870,layer4.0.conv3.weight_ch870,1.8600478172302246
layer3.1.conv2.weight,140,layer3.1.conv2.weight_ch140,1.8596524000167847
layer3.1.conv2.weight,85,layer3.1.conv2.weight_ch85,1.8596090078353882
layer3.1.conv2.weight,37,layer3.1.conv2.weight_ch37,1.859506368637085
layer2.3.conv2.weight,45,layer2.3.conv2.weight_ch45,1.859453797340393
layer3.2.conv3.weight,1005,layer3.2.conv3.weight_ch1005,1.859239101409912
layer3.4.conv1.weight,194,layer3.4.conv1.weight_ch194,1.8585940599441528
layer3.2.conv3.weight,645,layer3.2.conv3.weight_ch645,1.8582069873809814
layer3.0.conv2.weight,151,layer3.0.conv2.weight_ch151,1.8576717376708984
layer3.4.conv1.weight,191,layer3.4.conv1.weight_ch191,1.8575912714004517
layer3.1.conv2.weight,70,layer3.1.conv2.weight_ch70,1.8568350076675415
layer3.2.conv3.weight,977,layer3.2.conv3.weight_ch977,1.8561447858810425
layer4.0.conv3.weight,1329,layer4.0.conv3.weight_ch1329,1.8560242652893066
layer3.0.conv2.weight,168,layer3.0.conv2.weight_ch168,1.8557209968566895
layer3.3.conv3.weight,698,layer3.3.conv3.weight_ch698,1.8551623821258545
layer3.5.conv3.weight,996,layer3.5.conv3.weight_ch996,1.854986548423767
layer3.2.conv3.weight,453,layer3.2.conv3.weight_ch453,1.8546383380889893
layer3.0.conv2.weight,27,layer3.0.conv2.weight_ch27,1.8540515899658203
layer2.3.conv3.weight,131,layer2.3.conv3.weight_ch131,1.8539273738861084
layer3.4.conv3.weight,677,layer3.4.conv3.weight_ch677,1.8538178205490112
layer3.1.conv2.weight,194,layer3.1.conv2.weight_ch194,1.8537110090255737
layer3.2.conv1.weight,212,layer3.2.conv1.weight_ch212,1.8536388874053955
layer4.0.conv3.weight,1943,layer4.0.conv3.weight_ch1943,1.8528380393981934
layer3.4.conv3.weight,78,layer3.4.conv3.weight_ch78,1.8528202772140503
layer3.3.conv3.weight,24,layer3.3.conv3.weight_ch24,1.8526984453201294
layer4.0.conv3.weight,1901,layer4.0.conv3.weight_ch1901,1.852687120437622
layer4.0.conv3.weight,99,layer4.0.conv3.weight_ch99,1.8525571823120117
layer3.4.conv3.weight,994,layer3.4.conv3.weight_ch994,1.852413535118103
layer4.0.conv3.weight,952,layer4.0.conv3.weight_ch952,1.8523898124694824
layer4.0.conv3.weight,1411,layer4.0.conv3.weight_ch1411,1.851704716682434
layer3.4.conv3.weight,343,layer3.4.conv3.weight_ch343,1.8511180877685547
layer4.0.conv3.weight,393,layer4.0.conv3.weight_ch393,1.8508583307266235
layer4.0.conv3.weight,825,layer4.0.conv3.weight_ch825,1.8508458137512207
layer4.0.conv3.weight,1996,layer4.0.conv3.weight_ch1996,1.8505706787109375
layer3.4.conv3.weight,902,layer3.4.conv3.weight_ch902,1.8505146503448486
layer3.0.conv3.weight,195,layer3.0.conv3.weight_ch195,1.8496516942977905
layer3.0.conv3.weight,303,layer3.0.conv3.weight_ch303,1.8496472835540771
layer4.0.conv3.weight,724,layer4.0.conv3.weight_ch724,1.8493962287902832
layer3.3.conv3.weight,810,layer3.3.conv3.weight_ch810,1.849265217781067
layer4.0.conv3.weight,602,layer4.0.conv3.weight_ch602,1.848879337310791
layer4.0.conv3.weight,472,layer4.0.conv3.weight_ch472,1.8486196994781494
layer3.3.conv3.weight,169,layer3.3.conv3.weight_ch169,1.848399043083191
layer3.2.conv3.weight,660,layer3.2.conv3.weight_ch660,1.848307728767395
layer4.0.conv3.weight,1415,layer4.0.conv3.weight_ch1415,1.8480719327926636
layer2.3.conv3.weight,204,layer2.3.conv3.weight_ch204,1.848004937171936
layer3.4.conv3.weight,672,layer3.4.conv3.weight_ch672,1.8479652404785156
layer3.5.conv3.weight,528,layer3.5.conv3.weight_ch528,1.8479613065719604
layer3.4.conv3.weight,1019,layer3.4.conv3.weight_ch1019,1.8472297191619873
layer3.5.conv3.weight,574,layer3.5.conv3.weight_ch574,1.8468793630599976
layer3.1.conv2.weight,158,layer3.1.conv2.weight_ch158,1.8465275764465332
layer4.0.conv3.weight,215,layer4.0.conv3.weight_ch215,1.846237063407898
layer3.0.conv3.weight,850,layer3.0.conv3.weight_ch850,1.845961093902588
layer3.5.conv3.weight,909,layer3.5.conv3.weight_ch909,1.845524787902832
layer3.0.conv3.weight,79,layer3.0.conv3.weight_ch79,1.8450995683670044
layer2.3.conv2.weight,13,layer2.3.conv2.weight_ch13,1.8447461128234863
layer3.0.conv3.weight,730,layer3.0.conv3.weight_ch730,1.8446831703186035
layer3.0.conv3.weight,984,layer3.0.conv3.weight_ch984,1.8446054458618164
layer3.5.conv3.weight,1005,layer3.5.conv3.weight_ch1005,1.8443992137908936
layer3.4.conv3.weight,244,layer3.4.conv3.weight_ch244,1.8442703485488892
layer3.4.conv3.weight,974,layer3.4.conv3.weight_ch974,1.8441035747528076
layer3.4.conv3.weight,792,layer3.4.conv3.weight_ch792,1.8436498641967773
layer4.0.conv3.weight,224,layer4.0.conv3.weight_ch224,1.8432587385177612
layer3.4.conv1.weight,192,layer3.4.conv1.weight_ch192,1.8430660963058472
layer3.2.conv3.weight,299,layer3.2.conv3.weight_ch299,1.8429410457611084
layer4.0.conv3.weight,1229,layer4.0.conv3.weight_ch1229,1.8427597284317017
layer4.0.conv3.weight,1307,layer4.0.conv3.weight_ch1307,1.842758059501648
layer4.0.conv3.weight,162,layer4.0.conv3.weight_ch162,1.8422670364379883
layer3.3.conv3.weight,122,layer3.3.conv3.weight_ch122,1.8417829275131226
layer3.3.conv3.weight,407,layer3.3.conv3.weight_ch407,1.8417768478393555
layer3.0.conv2.weight,173,layer3.0.conv2.weight_ch173,1.8415241241455078
layer3.3.conv3.weight,799,layer3.3.conv3.weight_ch799,1.8413187265396118
layer4.0.conv3.weight,876,layer4.0.conv3.weight_ch876,1.8411489725112915
layer3.0.conv3.weight,156,layer3.0.conv3.weight_ch156,1.8411235809326172
layer3.4.conv3.weight,543,layer3.4.conv3.weight_ch543,1.84043550491333
layer4.0.conv3.weight,1650,layer4.0.conv3.weight_ch1650,1.8402284383773804
layer3.4.conv1.weight,16,layer3.4.conv1.weight_ch16,1.8398792743682861
layer3.3.conv3.weight,1011,layer3.3.conv3.weight_ch1011,1.8397610187530518
layer4.1.conv1.weight,290,layer4.1.conv1.weight_ch290,1.8389474153518677
layer2.3.conv3.weight,18,layer2.3.conv3.weight_ch18,1.8388644456863403
layer3.2.conv3.weight,928,layer3.2.conv3.weight_ch928,1.838768482208252
layer3.3.conv3.weight,720,layer3.3.conv3.weight_ch720,1.8382624387741089
layer3.0.conv3.weight,823,layer3.0.conv3.weight_ch823,1.837705373764038
layer3.4.conv1.weight,162,layer3.4.conv1.weight_ch162,1.8374297618865967
layer2.0.conv1.weight,86,layer2.0.conv1.weight_ch86,1.8366941213607788
layer3.2.conv3.weight,706,layer3.2.conv3.weight_ch706,1.836438775062561
layer3.0.conv3.weight,683,layer3.0.conv3.weight_ch683,1.8358213901519775
layer4.0.conv3.weight,1228,layer4.0.conv3.weight_ch1228,1.8352012634277344
layer3.3.conv3.weight,871,layer3.3.conv3.weight_ch871,1.834804892539978
layer3.4.conv3.weight,154,layer3.4.conv3.weight_ch154,1.8343183994293213
layer4.0.conv3.weight,1003,layer4.0.conv3.weight_ch1003,1.834298014640808
layer4.0.conv3.weight,116,layer4.0.conv3.weight_ch116,1.8342185020446777
layer2.3.conv3.weight,383,layer2.3.conv3.weight_ch383,1.8340058326721191
layer4.0.conv3.weight,245,layer4.0.conv3.weight_ch245,1.8333559036254883
layer4.0.conv3.weight,629,layer4.0.conv3.weight_ch629,1.8331832885742188
layer4.0.conv3.weight,218,layer4.0.conv3.weight_ch218,1.832411289215088
layer3.5.conv3.weight,896,layer3.5.conv3.weight_ch896,1.8320952653884888
layer3.0.conv3.weight,285,layer3.0.conv3.weight_ch285,1.8315742015838623
layer4.1.conv1.weight,10,layer4.1.conv1.weight_ch10,1.8311994075775146
layer3.3.conv3.weight,943,layer3.3.conv3.weight_ch943,1.8309829235076904
layer3.5.conv3.weight,104,layer3.5.conv3.weight_ch104,1.8308794498443604
layer3.3.conv3.weight,635,layer3.3.conv3.weight_ch635,1.8307479619979858
layer4.1.conv1.weight,347,layer4.1.conv1.weight_ch347,1.830742359161377
layer4.1.conv1.weight,465,layer4.1.conv1.weight_ch465,1.8302462100982666
layer3.4.conv3.weight,612,layer3.4.conv3.weight_ch612,1.8298135995864868
layer4.0.conv3.weight,984,layer4.0.conv3.weight_ch984,1.8295857906341553
layer3.0.conv3.weight,919,layer3.0.conv3.weight_ch919,1.8286175727844238
layer4.1.conv1.weight,433,layer4.1.conv1.weight_ch433,1.828380823135376
layer3.4.conv1.weight,13,layer3.4.conv1.weight_ch13,1.8282610177993774
layer4.0.conv3.weight,1239,layer4.0.conv3.weight_ch1239,1.8281933069229126
layer4.0.conv3.weight,982,layer4.0.conv3.weight_ch982,1.8281384706497192
layer3.5.conv3.weight,559,layer3.5.conv3.weight_ch559,1.8281338214874268
layer3.2.conv3.weight,654,layer3.2.conv3.weight_ch654,1.8275185823440552
layer4.0.conv3.weight,1756,layer4.0.conv3.weight_ch1756,1.8274922370910645
layer4.0.conv3.weight,1466,layer4.0.conv3.weight_ch1466,1.8273037672042847
layer3.3.conv3.weight,501,layer3.3.conv3.weight_ch501,1.8268496990203857
layer3.0.conv3.weight,877,layer3.0.conv3.weight_ch877,1.8267050981521606
layer3.2.conv3.weight,880,layer3.2.conv3.weight_ch880,1.8264787197113037
layer3.4.conv3.weight,730,layer3.4.conv3.weight_ch730,1.8261610269546509
layer3.0.conv3.weight,585,layer3.0.conv3.weight_ch585,1.8260115385055542
layer3.0.conv3.weight,743,layer3.0.conv3.weight_ch743,1.8258285522460938
layer3.0.conv2.weight,142,layer3.0.conv2.weight_ch142,1.8257166147232056
layer4.0.conv3.weight,1819,layer4.0.conv3.weight_ch1819,1.8256194591522217
layer3.0.conv3.weight,787,layer3.0.conv3.weight_ch787,1.8255388736724854
layer4.0.conv3.weight,278,layer4.0.conv3.weight_ch278,1.8251392841339111
layer3.0.conv3.weight,455,layer3.0.conv3.weight_ch455,1.8247947692871094
layer3.5.conv3.weight,37,layer3.5.conv3.weight_ch37,1.8246896266937256
layer3.0.conv3.weight,354,layer3.0.conv3.weight_ch354,1.8242093324661255
layer3.4.conv3.weight,857,layer3.4.conv3.weight_ch857,1.8238413333892822
layer2.3.conv3.weight,316,layer2.3.conv3.weight_ch316,1.8237768411636353
layer3.1.conv2.weight,103,layer3.1.conv2.weight_ch103,1.8236819505691528
layer3.3.conv3.weight,322,layer3.3.conv3.weight_ch322,1.8235350847244263
layer1.1.conv1.weight,48,layer1.1.conv1.weight_ch48,1.8233470916748047
layer3.4.conv3.weight,813,layer3.4.conv3.weight_ch813,1.8233063220977783
layer3.2.conv1.weight,46,layer3.2.conv1.weight_ch46,1.8226920366287231
layer4.1.conv1.weight,279,layer4.1.conv1.weight_ch279,1.822584629058838
layer4.0.conv3.weight,916,layer4.0.conv3.weight_ch916,1.822357416152954
layer3.0.conv3.weight,828,layer3.0.conv3.weight_ch828,1.822353720664978
layer4.0.conv3.weight,653,layer4.0.conv3.weight_ch653,1.8222275972366333
layer3.5.conv3.weight,84,layer3.5.conv3.weight_ch84,1.8221861124038696
layer3.2.conv3.weight,938,layer3.2.conv3.weight_ch938,1.8219683170318604
layer2.3.conv3.weight,273,layer2.3.conv3.weight_ch273,1.8219375610351562
layer3.5.conv3.weight,300,layer3.5.conv3.weight_ch300,1.8215010166168213
layer2.3.conv3.weight,326,layer2.3.conv3.weight_ch326,1.82144033908844
layer3.0.conv3.weight,495,layer3.0.conv3.weight_ch495,1.821366310119629
layer3.2.conv3.weight,388,layer3.2.conv3.weight_ch388,1.821049690246582
layer4.0.conv3.weight,1643,layer4.0.conv3.weight_ch1643,1.8209019899368286
layer3.5.conv3.weight,532,layer3.5.conv3.weight_ch532,1.820672631263733
layer4.0.conv3.weight,1181,layer4.0.conv3.weight_ch1181,1.8204041719436646
layer3.0.conv3.weight,869,layer3.0.conv3.weight_ch869,1.8201011419296265
layer3.2.conv3.weight,777,layer3.2.conv3.weight_ch777,1.8200364112854004
layer3.3.conv3.weight,247,layer3.3.conv3.weight_ch247,1.8196570873260498
layer3.4.conv3.weight,57,layer3.4.conv3.weight_ch57,1.8192514181137085
layer4.0.conv3.weight,12,layer4.0.conv3.weight_ch12,1.8191323280334473
layer3.0.conv2.weight,219,layer3.0.conv2.weight_ch219,1.8191187381744385
layer3.1.conv2.weight,144,layer3.1.conv2.weight_ch144,1.8187086582183838
layer3.2.conv3.weight,944,layer3.2.conv3.weight_ch944,1.8177334070205688
layer3.5.conv3.weight,620,layer3.5.conv3.weight_ch620,1.8175311088562012
layer3.3.conv3.weight,251,layer3.3.conv3.weight_ch251,1.8173269033432007
layer3.5.conv3.weight,939,layer3.5.conv3.weight_ch939,1.817201018333435
layer3.0.conv3.weight,292,layer3.0.conv3.weight_ch292,1.817190170288086
layer3.5.conv3.weight,411,layer3.5.conv3.weight_ch411,1.8160881996154785
layer3.2.conv3.weight,642,layer3.2.conv3.weight_ch642,1.815669298171997
layer3.4.conv3.weight,324,layer3.4.conv3.weight_ch324,1.8155995607376099
layer3.0.conv3.weight,681,layer3.0.conv3.weight_ch681,1.815586805343628
layer3.2.conv3.weight,459,layer3.2.conv3.weight_ch459,1.815561294555664
layer3.4.conv3.weight,64,layer3.4.conv3.weight_ch64,1.81547212600708
layer3.4.conv3.weight,536,layer3.4.conv3.weight_ch536,1.8139984607696533
layer3.0.conv2.weight,198,layer3.0.conv2.weight_ch198,1.8135689496994019
layer3.2.conv1.weight,174,layer3.2.conv1.weight_ch174,1.813555121421814
layer4.0.conv3.weight,311,layer4.0.conv3.weight_ch311,1.8134387731552124
layer3.5.conv3.weight,1021,layer3.5.conv3.weight_ch1021,1.8130252361297607
layer3.5.conv3.weight,305,layer3.5.conv3.weight_ch305,1.812732219696045
layer3.4.conv1.weight,61,layer3.4.conv1.weight_ch61,1.8125851154327393
layer2.3.conv3.weight,148,layer2.3.conv3.weight_ch148,1.812271237373352
layer4.0.conv3.weight,1672,layer4.0.conv3.weight_ch1672,1.811934232711792
layer3.0.conv3.weight,905,layer3.0.conv3.weight_ch905,1.8119045495986938
layer3.0.conv3.weight,799,layer3.0.conv3.weight_ch799,1.811845064163208
layer4.1.conv1.weight,278,layer4.1.conv1.weight_ch278,1.8105549812316895
layer3.2.conv1.weight,13,layer3.2.conv1.weight_ch13,1.8103010654449463
layer2.3.conv3.weight,458,layer2.3.conv3.weight_ch458,1.8096126317977905
layer3.4.conv1.weight,20,layer3.4.conv1.weight_ch20,1.8095653057098389
layer3.3.conv3.weight,460,layer3.3.conv3.weight_ch460,1.8094818592071533
layer3.3.conv3.weight,238,layer3.3.conv3.weight_ch238,1.8094401359558105
layer4.0.conv3.weight,339,layer4.0.conv3.weight_ch339,1.8094398975372314
layer3.0.conv2.weight,194,layer3.0.conv2.weight_ch194,1.809396743774414
layer3.1.conv2.weight,206,layer3.1.conv2.weight_ch206,1.8092877864837646
layer3.2.conv3.weight,22,layer3.2.conv3.weight_ch22,1.8090550899505615
layer4.0.conv3.weight,291,layer4.0.conv3.weight_ch291,1.8087263107299805
layer3.4.conv3.weight,803,layer3.4.conv3.weight_ch803,1.8084884881973267
layer2.3.conv3.weight,327,layer2.3.conv3.weight_ch327,1.8084100484848022
layer3.4.conv3.weight,819,layer3.4.conv3.weight_ch819,1.8083581924438477
layer3.2.conv3.weight,759,layer3.2.conv3.weight_ch759,1.8081985712051392
layer3.0.conv2.weight,180,layer3.0.conv2.weight_ch180,1.8080800771713257
layer3.0.conv3.weight,138,layer3.0.conv3.weight_ch138,1.8080344200134277
layer4.0.conv3.weight,1599,layer4.0.conv3.weight_ch1599,1.8078162670135498
layer4.0.conv3.weight,640,layer4.0.conv3.weight_ch640,1.8076800107955933
layer3.2.conv3.weight,382,layer3.2.conv3.weight_ch382,1.8071008920669556
layer3.3.conv3.weight,801,layer3.3.conv3.weight_ch801,1.8062069416046143
layer3.4.conv1.weight,51,layer3.4.conv1.weight_ch51,1.8060681819915771
layer3.5.conv3.weight,518,layer3.5.conv3.weight_ch518,1.806007742881775
layer3.4.conv3.weight,933,layer3.4.conv3.weight_ch933,1.8060071468353271
layer3.4.conv3.weight,658,layer3.4.conv3.weight_ch658,1.8055542707443237
layer3.5.conv3.weight,381,layer3.5.conv3.weight_ch381,1.8055461645126343
layer3.3.conv3.weight,725,layer3.3.conv3.weight_ch725,1.805537462234497
layer4.0.conv3.weight,1602,layer4.0.conv3.weight_ch1602,1.805344581604004
layer3.2.conv3.weight,771,layer3.2.conv3.weight_ch771,1.805008888244629
layer3.2.conv3.weight,983,layer3.2.conv3.weight_ch983,1.804024577140808
layer3.0.conv3.weight,959,layer3.0.conv3.weight_ch959,1.803843379020691
layer4.0.conv3.weight,1517,layer4.0.conv3.weight_ch1517,1.8033655881881714
layer3.1.conv2.weight,226,layer3.1.conv2.weight_ch226,1.8030333518981934
layer4.0.conv3.weight,1857,layer4.0.conv3.weight_ch1857,1.8028804063796997
layer3.5.conv3.weight,509,layer3.5.conv3.weight_ch509,1.8026766777038574
layer4.0.conv3.weight,1755,layer4.0.conv3.weight_ch1755,1.8024375438690186
layer3.5.conv3.weight,94,layer3.5.conv3.weight_ch94,1.8017988204956055
layer2.3.conv2.weight,77,layer2.3.conv2.weight_ch77,1.8016951084136963
layer4.0.conv3.weight,929,layer4.0.conv3.weight_ch929,1.80135977268219
layer3.0.conv2.weight,158,layer3.0.conv2.weight_ch158,1.8007960319519043
layer3.4.conv3.weight,250,layer3.4.conv3.weight_ch250,1.8007252216339111
layer3.5.conv3.weight,562,layer3.5.conv3.weight_ch562,1.800339937210083
layer3.0.conv3.weight,858,layer3.0.conv3.weight_ch858,1.8002736568450928
layer3.0.conv3.weight,127,layer3.0.conv3.weight_ch127,1.8002398014068604
layer4.0.conv3.weight,1876,layer4.0.conv3.weight_ch1876,1.8002355098724365
layer3.4.conv3.weight,640,layer3.4.conv3.weight_ch640,1.7996134757995605
layer2.0.conv1.weight,25,layer2.0.conv1.weight_ch25,1.798983097076416
layer3.4.conv3.weight,633,layer3.4.conv3.weight_ch633,1.7987898588180542
layer3.4.conv1.weight,220,layer3.4.conv1.weight_ch220,1.7985873222351074
layer3.2.conv3.weight,894,layer3.2.conv3.weight_ch894,1.7984544038772583
layer4.0.conv3.weight,197,layer4.0.conv3.weight_ch197,1.7980598211288452
layer3.2.conv3.weight,177,layer3.2.conv3.weight_ch177,1.7972549200057983
layer3.0.conv3.weight,974,layer3.0.conv3.weight_ch974,1.7968839406967163
layer3.1.conv2.weight,32,layer3.1.conv2.weight_ch32,1.7964859008789062
layer3.0.conv3.weight,810,layer3.0.conv3.weight_ch810,1.7964386940002441
layer4.1.conv1.weight,167,layer4.1.conv1.weight_ch167,1.7961660623550415
layer3.2.conv3.weight,61,layer3.2.conv3.weight_ch61,1.7961182594299316
layer4.1.conv1.weight,447,layer4.1.conv1.weight_ch447,1.7959113121032715
layer3.0.conv2.weight,106,layer3.0.conv2.weight_ch106,1.7957704067230225
layer3.5.conv3.weight,525,layer3.5.conv3.weight_ch525,1.7956100702285767
layer3.0.conv2.weight,82,layer3.0.conv2.weight_ch82,1.7950730323791504
layer3.2.conv3.weight,934,layer3.2.conv3.weight_ch934,1.7942675352096558
layer3.4.conv1.weight,180,layer3.4.conv1.weight_ch180,1.7936110496520996
layer4.0.conv3.weight,1474,layer4.0.conv3.weight_ch1474,1.7933540344238281
layer3.3.conv3.weight,56,layer3.3.conv3.weight_ch56,1.7926057577133179
layer2.3.conv3.weight,379,layer2.3.conv3.weight_ch379,1.7925125360488892
layer3.3.conv3.weight,380,layer3.3.conv3.weight_ch380,1.7922964096069336
layer3.0.conv2.weight,83,layer3.0.conv2.weight_ch83,1.7921712398529053
layer3.3.conv3.weight,877,layer3.3.conv3.weight_ch877,1.7921501398086548
layer3.5.conv3.weight,485,layer3.5.conv3.weight_ch485,1.791743516921997
layer3.3.conv3.weight,675,layer3.3.conv3.weight_ch675,1.791599988937378
layer3.2.conv3.weight,729,layer3.2.conv3.weight_ch729,1.791250228881836
layer4.0.conv3.weight,1712,layer4.0.conv3.weight_ch1712,1.791221261024475
layer4.0.conv3.weight,1458,layer4.0.conv3.weight_ch1458,1.7911146879196167
layer4.1.conv1.weight,390,layer4.1.conv1.weight_ch390,1.7908779382705688
layer4.0.conv3.weight,1148,layer4.0.conv3.weight_ch1148,1.7907021045684814
layer4.0.conv3.weight,1369,layer4.0.conv3.weight_ch1369,1.7906885147094727
layer4.0.conv3.weight,1560,layer4.0.conv3.weight_ch1560,1.7903897762298584
layer3.3.conv3.weight,528,layer3.3.conv3.weight_ch528,1.7902112007141113
layer3.4.conv3.weight,779,layer3.4.conv3.weight_ch779,1.7900304794311523
layer4.0.conv3.weight,161,layer4.0.conv3.weight_ch161,1.7900055646896362
layer3.2.conv1.weight,73,layer3.2.conv1.weight_ch73,1.7898833751678467
layer3.5.conv3.weight,6,layer3.5.conv3.weight_ch6,1.7898573875427246
layer3.5.conv3.weight,632,layer3.5.conv3.weight_ch632,1.789585828781128
layer3.1.conv2.weight,225,layer3.1.conv2.weight_ch225,1.7895796298980713
layer4.0.conv3.weight,1046,layer4.0.conv3.weight_ch1046,1.7890894412994385
layer3.3.conv3.weight,315,layer3.3.conv3.weight_ch315,1.7890698909759521
layer4.0.conv3.weight,1581,layer4.0.conv3.weight_ch1581,1.7888647317886353
layer3.4.conv3.weight,371,layer3.4.conv3.weight_ch371,1.7887811660766602
layer1.1.conv1.weight,3,layer1.1.conv1.weight_ch3,1.788717269897461
layer3.3.conv3.weight,534,layer3.3.conv3.weight_ch534,1.7886890172958374
layer4.0.conv3.weight,1176,layer4.0.conv3.weight_ch1176,1.7885231971740723
layer3.1.conv2.weight,83,layer3.1.conv2.weight_ch83,1.7885093688964844
layer4.0.conv3.weight,1048,layer4.0.conv3.weight_ch1048,1.787955403327942
layer3.2.conv3.weight,300,layer3.2.conv3.weight_ch300,1.787930965423584
layer3.4.conv3.weight,458,layer3.4.conv3.weight_ch458,1.7875674962997437
layer3.4.conv3.weight,624,layer3.4.conv3.weight_ch624,1.7875087261199951
layer3.0.conv3.weight,929,layer3.0.conv3.weight_ch929,1.7874075174331665
layer3.4.conv3.weight,518,layer3.4.conv3.weight_ch518,1.787222146987915
layer4.0.conv3.weight,1188,layer4.0.conv3.weight_ch1188,1.7868132591247559
layer3.0.conv3.weight,769,layer3.0.conv3.weight_ch769,1.7867908477783203
layer3.5.conv3.weight,17,layer3.5.conv3.weight_ch17,1.7863391637802124
layer3.2.conv1.weight,64,layer3.2.conv1.weight_ch64,1.7862343788146973
layer3.2.conv3.weight,408,layer3.2.conv3.weight_ch408,1.7859532833099365
layer3.5.conv3.weight,735,layer3.5.conv3.weight_ch735,1.785860538482666
layer4.0.conv3.weight,1997,layer4.0.conv3.weight_ch1997,1.7855359315872192
layer4.1.conv1.weight,508,layer4.1.conv1.weight_ch508,1.785235047340393
layer3.0.conv2.weight,46,layer3.0.conv2.weight_ch46,1.7852330207824707
layer4.0.conv3.weight,473,layer4.0.conv3.weight_ch473,1.784945011138916
layer4.0.conv3.weight,1872,layer4.0.conv3.weight_ch1872,1.784245491027832
layer3.3.conv3.weight,334,layer3.3.conv3.weight_ch334,1.7837377786636353
layer2.3.conv3.weight,382,layer2.3.conv3.weight_ch382,1.783682107925415
layer3.0.conv3.weight,643,layer3.0.conv3.weight_ch643,1.783515453338623
layer4.0.conv3.weight,2016,layer4.0.conv3.weight_ch2016,1.78241765499115
layer3.2.conv3.weight,458,layer3.2.conv3.weight_ch458,1.7824052572250366
layer2.3.conv3.weight,5,layer2.3.conv3.weight_ch5,1.7823569774627686
layer4.0.conv3.weight,1133,layer4.0.conv3.weight_ch1133,1.7816258668899536
layer4.1.conv1.weight,232,layer4.1.conv1.weight_ch232,1.7805811166763306
layer3.2.conv3.weight,240,layer3.2.conv3.weight_ch240,1.7801644802093506
layer3.5.conv3.weight,356,layer3.5.conv3.weight_ch356,1.779662013053894
layer3.3.conv3.weight,917,layer3.3.conv3.weight_ch917,1.7791686058044434
layer4.0.conv3.weight,1026,layer4.0.conv3.weight_ch1026,1.779158592224121
layer4.0.conv3.weight,374,layer4.0.conv3.weight_ch374,1.7783411741256714
layer3.1.conv2.weight,236,layer3.1.conv2.weight_ch236,1.7783162593841553
layer3.5.conv3.weight,707,layer3.5.conv3.weight_ch707,1.777242660522461
layer3.2.conv1.weight,128,layer3.2.conv1.weight_ch128,1.7772270441055298
layer3.4.conv3.weight,957,layer3.4.conv3.weight_ch957,1.7771612405776978
layer2.3.conv3.weight,275,layer2.3.conv3.weight_ch275,1.777129888534546
layer4.0.conv3.weight,446,layer4.0.conv3.weight_ch446,1.7770333290100098
layer3.5.conv3.weight,265,layer3.5.conv3.weight_ch265,1.7769081592559814
layer2.3.conv2.weight,30,layer2.3.conv2.weight_ch30,1.7763400077819824
layer3.3.conv3.weight,567,layer3.3.conv3.weight_ch567,1.7761081457138062
layer4.0.conv3.weight,315,layer4.0.conv3.weight_ch315,1.7759852409362793
layer4.0.conv3.weight,1275,layer4.0.conv3.weight_ch1275,1.7759648561477661
layer3.5.conv3.weight,40,layer3.5.conv3.weight_ch40,1.7759466171264648
layer4.0.conv3.weight,1928,layer4.0.conv3.weight_ch1928,1.7751158475875854
layer3.0.conv2.weight,94,layer3.0.conv2.weight_ch94,1.7749264240264893
layer4.0.conv3.weight,405,layer4.0.conv3.weight_ch405,1.7748488187789917
layer3.4.conv3.weight,217,layer3.4.conv3.weight_ch217,1.7745168209075928
layer3.3.conv3.weight,689,layer3.3.conv3.weight_ch689,1.7737488746643066
layer3.4.conv1.weight,153,layer3.4.conv1.weight_ch153,1.7737107276916504
layer3.2.conv3.weight,412,layer3.2.conv3.weight_ch412,1.7731248140335083
layer3.5.conv3.weight,582,layer3.5.conv3.weight_ch582,1.7730270624160767
layer3.0.conv3.weight,174,layer3.0.conv3.weight_ch174,1.77295982837677
layer3.2.conv3.weight,469,layer3.2.conv3.weight_ch469,1.7729520797729492
layer3.4.conv3.weight,515,layer3.4.conv3.weight_ch515,1.772658348083496
layer4.0.conv3.weight,2041,layer4.0.conv3.weight_ch2041,1.7718868255615234
layer3.2.conv1.weight,214,layer3.2.conv1.weight_ch214,1.7713669538497925
layer4.1.conv1.weight,100,layer4.1.conv1.weight_ch100,1.7711106538772583
layer3.4.conv3.weight,338,layer3.4.conv3.weight_ch338,1.7701596021652222
layer3.5.conv3.weight,639,layer3.5.conv3.weight_ch639,1.7701196670532227
layer3.4.conv3.weight,495,layer3.4.conv3.weight_ch495,1.7699612379074097
layer3.0.conv3.weight,319,layer3.0.conv3.weight_ch319,1.769728183746338
layer3.4.conv1.weight,68,layer3.4.conv1.weight_ch68,1.7695269584655762
layer3.4.conv3.weight,866,layer3.4.conv3.weight_ch866,1.769422173500061
layer2.3.conv3.weight,464,layer2.3.conv3.weight_ch464,1.7694134712219238
layer3.0.conv3.weight,645,layer3.0.conv3.weight_ch645,1.769362449645996
layer2.3.conv3.weight,284,layer2.3.conv3.weight_ch284,1.7693418264389038
layer3.2.conv3.weight,259,layer3.2.conv3.weight_ch259,1.7689383029937744
layer3.4.conv3.weight,24,layer3.4.conv3.weight_ch24,1.7688465118408203
layer4.0.conv3.weight,1609,layer4.0.conv3.weight_ch1609,1.7688047885894775
layer4.0.conv3.weight,478,layer4.0.conv3.weight_ch478,1.768445611000061
layer3.4.conv3.weight,45,layer3.4.conv3.weight_ch45,1.7683953046798706
layer3.4.conv3.weight,106,layer3.4.conv3.weight_ch106,1.7682745456695557
layer4.1.conv1.weight,459,layer4.1.conv1.weight_ch459,1.7682169675827026
layer4.0.conv3.weight,48,layer4.0.conv3.weight_ch48,1.7680193185806274
layer4.0.conv3.weight,2009,layer4.0.conv3.weight_ch2009,1.7679287195205688
layer3.4.conv1.weight,72,layer3.4.conv1.weight_ch72,1.767370581626892
layer3.0.conv3.weight,475,layer3.0.conv3.weight_ch475,1.767290711402893
layer3.3.conv3.weight,919,layer3.3.conv3.weight_ch919,1.7672550678253174
layer3.0.conv3.weight,510,layer3.0.conv3.weight_ch510,1.7672165632247925
layer3.4.conv3.weight,227,layer3.4.conv3.weight_ch227,1.7666404247283936
layer4.0.conv3.weight,584,layer4.0.conv3.weight_ch584,1.7664755582809448
layer3.3.conv3.weight,7,layer3.3.conv3.weight_ch7,1.76633620262146
layer4.0.conv3.weight,180,layer4.0.conv3.weight_ch180,1.7660495042800903
layer3.4.conv3.weight,292,layer3.4.conv3.weight_ch292,1.7659118175506592
layer2.0.conv1.weight,69,layer2.0.conv1.weight_ch69,1.7658895254135132
layer3.0.conv2.weight,152,layer3.0.conv2.weight_ch152,1.7657840251922607
layer3.4.conv3.weight,512,layer3.4.conv3.weight_ch512,1.7656471729278564
layer3.0.conv3.weight,1004,layer3.0.conv3.weight_ch1004,1.765156626701355
layer3.4.conv1.weight,179,layer3.4.conv1.weight_ch179,1.7649950981140137
layer3.5.conv3.weight,386,layer3.5.conv3.weight_ch386,1.7644765377044678
layer3.3.conv3.weight,915,layer3.3.conv3.weight_ch915,1.7644691467285156
layer2.3.conv3.weight,401,layer2.3.conv3.weight_ch401,1.7642579078674316
layer3.3.conv3.weight,241,layer3.3.conv3.weight_ch241,1.7642407417297363
layer3.3.conv3.weight,965,layer3.3.conv3.weight_ch965,1.7640739679336548
layer3.4.conv3.weight,291,layer3.4.conv3.weight_ch291,1.763643503189087
layer3.2.conv3.weight,100,layer3.2.conv3.weight_ch100,1.7634925842285156
layer3.0.conv3.weight,15,layer3.0.conv3.weight_ch15,1.7633427381515503
layer3.0.conv2.weight,3,layer3.0.conv2.weight_ch3,1.7632359266281128
layer3.0.conv2.weight,79,layer3.0.conv2.weight_ch79,1.7632043361663818
layer3.5.conv3.weight,449,layer3.5.conv3.weight_ch449,1.763138771057129
layer3.3.conv3.weight,204,layer3.3.conv3.weight_ch204,1.7627675533294678
layer3.4.conv3.weight,185,layer3.4.conv3.weight_ch185,1.7625341415405273
layer3.3.conv3.weight,333,layer3.3.conv3.weight_ch333,1.762488842010498
layer3.2.conv1.weight,19,layer3.2.conv1.weight_ch19,1.7624270915985107
layer3.2.conv3.weight,369,layer3.2.conv3.weight_ch369,1.7622520923614502
layer3.4.conv1.weight,254,layer3.4.conv1.weight_ch254,1.761926293373108
layer4.0.conv3.weight,1088,layer4.0.conv3.weight_ch1088,1.7618086338043213
layer3.5.conv3.weight,748,layer3.5.conv3.weight_ch748,1.7616026401519775
layer3.4.conv1.weight,169,layer3.4.conv1.weight_ch169,1.7615966796875
layer3.4.conv3.weight,941,layer3.4.conv3.weight_ch941,1.7611819505691528
layer2.3.conv2.weight,9,layer2.3.conv2.weight_ch9,1.761149525642395
layer3.0.conv3.weight,794,layer3.0.conv3.weight_ch794,1.7601430416107178
layer3.3.conv3.weight,863,layer3.3.conv3.weight_ch863,1.7596725225448608
layer4.0.conv3.weight,1642,layer4.0.conv3.weight_ch1642,1.7592682838439941
layer2.3.conv3.weight,72,layer2.3.conv3.weight_ch72,1.7591031789779663
layer3.0.conv3.weight,266,layer3.0.conv3.weight_ch266,1.758589744567871
layer3.4.conv3.weight,474,layer3.4.conv3.weight_ch474,1.7585549354553223
layer3.3.conv3.weight,690,layer3.3.conv3.weight_ch690,1.7578744888305664
layer3.3.conv3.weight,822,layer3.3.conv3.weight_ch822,1.7576353549957275
layer3.4.conv3.weight,678,layer3.4.conv3.weight_ch678,1.7574185132980347
layer4.0.conv3.weight,777,layer4.0.conv3.weight_ch777,1.7565821409225464
layer3.0.conv3.weight,579,layer3.0.conv3.weight_ch579,1.7561701536178589
layer3.5.conv3.weight,267,layer3.5.conv3.weight_ch267,1.755516529083252
layer3.5.conv3.weight,477,layer3.5.conv3.weight_ch477,1.7548385858535767
layer3.5.conv3.weight,451,layer3.5.conv3.weight_ch451,1.7546286582946777
layer3.3.conv3.weight,939,layer3.3.conv3.weight_ch939,1.754550576210022
layer3.2.conv1.weight,68,layer3.2.conv1.weight_ch68,1.7543277740478516
layer3.2.conv3.weight,200,layer3.2.conv3.weight_ch200,1.753545880317688
layer3.5.conv3.weight,318,layer3.5.conv3.weight_ch318,1.7535014152526855
layer3.3.conv3.weight,772,layer3.3.conv3.weight_ch772,1.753300666809082
layer3.0.conv2.weight,238,layer3.0.conv2.weight_ch238,1.7530380487442017
layer4.0.conv3.weight,408,layer4.0.conv3.weight_ch408,1.7529956102371216
layer3.2.conv1.weight,91,layer3.2.conv1.weight_ch91,1.7527021169662476
layer2.3.conv3.weight,74,layer2.3.conv3.weight_ch74,1.7526828050613403
layer3.4.conv3.weight,226,layer3.4.conv3.weight_ch226,1.7523506879806519
layer3.0.conv3.weight,606,layer3.0.conv3.weight_ch606,1.7522778511047363
layer4.0.conv3.weight,500,layer4.0.conv3.weight_ch500,1.7518013715744019
layer3.4.conv3.weight,261,layer3.4.conv3.weight_ch261,1.751757025718689
layer4.0.conv3.weight,2008,layer4.0.conv3.weight_ch2008,1.7514914274215698
layer3.0.conv3.weight,436,layer3.0.conv3.weight_ch436,1.7514270544052124
layer4.0.conv3.weight,1855,layer4.0.conv3.weight_ch1855,1.7512215375900269
layer3.0.conv2.weight,48,layer3.0.conv2.weight_ch48,1.7504916191101074
layer3.2.conv3.weight,126,layer3.2.conv3.weight_ch126,1.7495639324188232
layer3.0.conv3.weight,505,layer3.0.conv3.weight_ch505,1.7495118379592896
layer3.3.conv3.weight,288,layer3.3.conv3.weight_ch288,1.7494720220565796
layer3.0.conv3.weight,78,layer3.0.conv3.weight_ch78,1.7491668462753296
layer3.4.conv3.weight,76,layer3.4.conv3.weight_ch76,1.7487667798995972
layer3.2.conv3.weight,338,layer3.2.conv3.weight_ch338,1.7486807107925415
layer3.5.conv3.weight,913,layer3.5.conv3.weight_ch913,1.7485555410385132
layer3.0.conv3.weight,773,layer3.0.conv3.weight_ch773,1.748504638671875
layer3.0.conv3.weight,26,layer3.0.conv3.weight_ch26,1.7483794689178467
layer3.4.conv3.weight,112,layer3.4.conv3.weight_ch112,1.7480140924453735
layer3.4.conv3.weight,574,layer3.4.conv3.weight_ch574,1.747866153717041
layer3.3.conv3.weight,916,layer3.3.conv3.weight_ch916,1.7475987672805786
layer4.0.conv3.weight,176,layer4.0.conv3.weight_ch176,1.747158408164978
layer3.0.conv2.weight,26,layer3.0.conv2.weight_ch26,1.7471286058425903
layer3.0.conv3.weight,806,layer3.0.conv3.weight_ch806,1.7469278573989868
layer4.0.conv3.weight,200,layer4.0.conv3.weight_ch200,1.7468217611312866
layer3.0.conv3.weight,742,layer3.0.conv3.weight_ch742,1.7467825412750244
layer3.2.conv3.weight,673,layer3.2.conv3.weight_ch673,1.746711254119873
layer4.0.conv3.weight,1496,layer4.0.conv3.weight_ch1496,1.7464979887008667
layer4.1.conv1.weight,382,layer4.1.conv1.weight_ch382,1.7463499307632446
layer3.5.conv3.weight,1004,layer3.5.conv3.weight_ch1004,1.7461366653442383
layer3.2.conv3.weight,492,layer3.2.conv3.weight_ch492,1.7459295988082886
layer4.0.conv3.weight,391,layer4.0.conv3.weight_ch391,1.7457891702651978
layer3.4.conv1.weight,123,layer3.4.conv1.weight_ch123,1.7456886768341064
layer3.1.conv2.weight,119,layer3.1.conv2.weight_ch119,1.7453724145889282
layer4.0.conv3.weight,17,layer4.0.conv3.weight_ch17,1.7451552152633667
layer3.2.conv3.weight,368,layer3.2.conv3.weight_ch368,1.7451194524765015
layer2.0.conv1.weight,51,layer2.0.conv1.weight_ch51,1.744969129562378
layer3.3.conv3.weight,732,layer3.3.conv3.weight_ch732,1.7448790073394775
layer3.0.conv3.weight,380,layer3.0.conv3.weight_ch380,1.7443733215332031
layer3.0.conv3.weight,822,layer3.0.conv3.weight_ch822,1.7440282106399536
layer4.0.conv3.weight,1865,layer4.0.conv3.weight_ch1865,1.7440264225006104
layer2.3.conv3.weight,46,layer2.3.conv3.weight_ch46,1.7439146041870117
layer3.3.conv3.weight,79,layer3.3.conv3.weight_ch79,1.7438175678253174
layer3.0.conv2.weight,177,layer3.0.conv2.weight_ch177,1.7437775135040283
layer3.4.conv3.weight,130,layer3.4.conv3.weight_ch130,1.7437012195587158
layer3.5.conv3.weight,50,layer3.5.conv3.weight_ch50,1.7436773777008057
layer3.4.conv1.weight,103,layer3.4.conv1.weight_ch103,1.7435482740402222
layer3.4.conv3.weight,39,layer3.4.conv3.weight_ch39,1.7433974742889404
layer4.0.conv3.weight,678,layer4.0.conv3.weight_ch678,1.742893934249878
layer4.0.conv3.weight,528,layer4.0.conv3.weight_ch528,1.7428267002105713
layer3.3.conv3.weight,586,layer3.3.conv3.weight_ch586,1.74277663230896
layer3.2.conv3.weight,829,layer3.2.conv3.weight_ch829,1.7425751686096191
layer3.0.conv2.weight,148,layer3.0.conv2.weight_ch148,1.742557406425476
layer3.4.conv3.weight,62,layer3.4.conv3.weight_ch62,1.742438793182373
layer3.0.conv2.weight,226,layer3.0.conv2.weight_ch226,1.742395281791687
layer3.0.conv3.weight,410,layer3.0.conv3.weight_ch410,1.7423748970031738
layer4.0.conv3.weight,901,layer4.0.conv3.weight_ch901,1.7421555519104004
layer3.1.conv2.weight,197,layer3.1.conv2.weight_ch197,1.742116093635559
layer3.4.conv3.weight,596,layer3.4.conv3.weight_ch596,1.741876244544983
layer3.2.conv3.weight,192,layer3.2.conv3.weight_ch192,1.7415871620178223
layer3.4.conv3.weight,457,layer3.4.conv3.weight_ch457,1.7407159805297852
layer3.4.conv3.weight,4,layer3.4.conv3.weight_ch4,1.7407045364379883
layer3.2.conv1.weight,10,layer3.2.conv1.weight_ch10,1.7405179738998413
layer4.0.conv3.weight,666,layer4.0.conv3.weight_ch666,1.740185260772705
layer3.3.conv3.weight,907,layer3.3.conv3.weight_ch907,1.7399165630340576
layer3.2.conv3.weight,335,layer3.2.conv3.weight_ch335,1.7397500276565552
layer3.5.conv3.weight,162,layer3.5.conv3.weight_ch162,1.7397165298461914
layer3.3.conv3.weight,131,layer3.3.conv3.weight_ch131,1.7396609783172607
layer3.2.conv3.weight,951,layer3.2.conv3.weight_ch951,1.7394626140594482
layer3.0.conv2.weight,251,layer3.0.conv2.weight_ch251,1.7393341064453125
layer3.4.conv3.weight,525,layer3.4.conv3.weight_ch525,1.7392034530639648
layer3.0.conv3.weight,276,layer3.0.conv3.weight_ch276,1.7391672134399414
layer4.0.conv3.weight,193,layer4.0.conv3.weight_ch193,1.738778829574585
layer3.4.conv3.weight,450,layer3.4.conv3.weight_ch450,1.73875892162323
layer3.0.conv3.weight,90,layer3.0.conv3.weight_ch90,1.738632321357727
layer4.0.conv3.weight,181,layer4.0.conv3.weight_ch181,1.7386293411254883
layer4.0.conv3.weight,1361,layer4.0.conv3.weight_ch1361,1.7385787963867188
layer3.2.conv1.weight,54,layer3.2.conv1.weight_ch54,1.738539695739746
layer4.0.conv3.weight,1140,layer4.0.conv3.weight_ch1140,1.7383794784545898
layer4.0.conv3.weight,1502,layer4.0.conv3.weight_ch1502,1.7380703687667847
layer4.0.conv3.weight,702,layer4.0.conv3.weight_ch702,1.7380198240280151
layer3.2.conv3.weight,568,layer3.2.conv3.weight_ch568,1.7378922700881958
layer3.4.conv1.weight,177,layer3.4.conv1.weight_ch177,1.7376614809036255
layer3.5.conv3.weight,757,layer3.5.conv3.weight_ch757,1.7376575469970703
layer3.3.conv3.weight,388,layer3.3.conv3.weight_ch388,1.7373288869857788
layer4.0.conv3.weight,1153,layer4.0.conv3.weight_ch1153,1.7372499704360962
layer3.2.conv1.weight,183,layer3.2.conv1.weight_ch183,1.7365517616271973
layer3.0.conv3.weight,419,layer3.0.conv3.weight_ch419,1.7361122369766235
layer3.3.conv3.weight,127,layer3.3.conv3.weight_ch127,1.7357100248336792
layer4.0.conv3.weight,1317,layer4.0.conv3.weight_ch1317,1.735558032989502
layer2.0.conv1.weight,116,layer2.0.conv1.weight_ch116,1.735154390335083
layer3.4.conv1.weight,40,layer3.4.conv1.weight_ch40,1.7348973751068115
layer3.5.conv3.weight,709,layer3.5.conv3.weight_ch709,1.7348684072494507
layer3.0.conv2.weight,232,layer3.0.conv2.weight_ch232,1.7347885370254517
layer3.4.conv3.weight,833,layer3.4.conv3.weight_ch833,1.7341864109039307
layer3.2.conv1.weight,50,layer3.2.conv1.weight_ch50,1.7339723110198975
layer3.4.conv3.weight,549,layer3.4.conv3.weight_ch549,1.7335602045059204
layer3.4.conv1.weight,65,layer3.4.conv1.weight_ch65,1.733373761177063
layer3.0.conv3.weight,309,layer3.0.conv3.weight_ch309,1.7331953048706055
layer3.4.conv3.weight,207,layer3.4.conv3.weight_ch207,1.7327622175216675
layer3.0.conv3.weight,513,layer3.0.conv3.weight_ch513,1.7323499917984009
layer4.0.conv3.weight,794,layer4.0.conv3.weight_ch794,1.7323318719863892
layer4.0.conv3.weight,331,layer4.0.conv3.weight_ch331,1.7322136163711548
layer4.0.conv3.weight,1095,layer4.0.conv3.weight_ch1095,1.7316393852233887
layer4.0.conv3.weight,1538,layer4.0.conv3.weight_ch1538,1.7315309047698975
layer2.3.conv2.weight,114,layer2.3.conv2.weight_ch114,1.731479525566101
layer4.1.conv1.weight,217,layer4.1.conv1.weight_ch217,1.7312839031219482
layer3.0.conv3.weight,988,layer3.0.conv3.weight_ch988,1.7309017181396484
layer3.0.conv2.weight,209,layer3.0.conv2.weight_ch209,1.7307729721069336
layer3.2.conv3.weight,158,layer3.2.conv3.weight_ch158,1.7303833961486816
layer3.3.conv3.weight,206,layer3.3.conv3.weight_ch206,1.7302711009979248
layer4.0.conv3.weight,1004,layer4.0.conv3.weight_ch1004,1.7301725149154663
layer4.1.conv1.weight,54,layer4.1.conv1.weight_ch54,1.7300790548324585
layer3.2.conv3.weight,248,layer3.2.conv3.weight_ch248,1.7298310995101929
layer3.2.conv3.weight,745,layer3.2.conv3.weight_ch745,1.7284338474273682
layer3.2.conv3.weight,136,layer3.2.conv3.weight_ch136,1.7281763553619385
layer4.1.conv1.weight,258,layer4.1.conv1.weight_ch258,1.72810697555542
layer3.5.conv3.weight,4,layer3.5.conv3.weight_ch4,1.7276123762130737
layer3.5.conv3.weight,847,layer3.5.conv3.weight_ch847,1.727291226387024
layer3.4.conv3.weight,267,layer3.4.conv3.weight_ch267,1.7271637916564941
layer2.3.conv3.weight,197,layer2.3.conv3.weight_ch197,1.7265886068344116
layer3.2.conv3.weight,904,layer3.2.conv3.weight_ch904,1.7263882160186768
layer4.0.conv3.weight,73,layer4.0.conv3.weight_ch73,1.7261263132095337
layer4.0.conv3.weight,86,layer4.0.conv3.weight_ch86,1.7258063554763794
layer4.0.conv3.weight,619,layer4.0.conv3.weight_ch619,1.7256277799606323
layer3.0.conv3.weight,346,layer3.0.conv3.weight_ch346,1.7251060009002686
layer3.4.conv3.weight,969,layer3.4.conv3.weight_ch969,1.724841833114624
layer3.2.conv3.weight,31,layer3.2.conv3.weight_ch31,1.7245585918426514
layer3.0.conv3.weight,820,layer3.0.conv3.weight_ch820,1.7241990566253662
layer3.4.conv3.weight,23,layer3.4.conv3.weight_ch23,1.724000096321106
layer4.0.conv3.weight,1848,layer4.0.conv3.weight_ch1848,1.7239015102386475
layer3.2.conv1.weight,126,layer3.2.conv1.weight_ch126,1.7234903573989868
layer4.0.conv3.weight,1823,layer4.0.conv3.weight_ch1823,1.7232778072357178
layer3.3.conv3.weight,368,layer3.3.conv3.weight_ch368,1.7232693433761597
layer3.2.conv3.weight,982,layer3.2.conv3.weight_ch982,1.723244547843933
layer4.0.conv3.weight,530,layer4.0.conv3.weight_ch530,1.7228835821151733
layer3.4.conv3.weight,42,layer3.4.conv3.weight_ch42,1.7224643230438232
layer4.0.conv3.weight,1498,layer4.0.conv3.weight_ch1498,1.7219855785369873
layer3.4.conv3.weight,386,layer3.4.conv3.weight_ch386,1.7219688892364502
layer3.0.conv2.weight,90,layer3.0.conv2.weight_ch90,1.7218221426010132
layer3.5.conv3.weight,315,layer3.5.conv3.weight_ch315,1.7216527462005615
layer4.0.conv3.weight,216,layer4.0.conv3.weight_ch216,1.7214902639389038
layer2.3.conv3.weight,24,layer2.3.conv3.weight_ch24,1.7205359935760498
layer3.0.conv3.weight,879,layer3.0.conv3.weight_ch879,1.7200857400894165
layer3.3.conv3.weight,327,layer3.3.conv3.weight_ch327,1.719846487045288
layer3.1.conv2.weight,34,layer3.1.conv2.weight_ch34,1.7196813821792603
layer3.2.conv1.weight,45,layer3.2.conv1.weight_ch45,1.7196024656295776
layer4.0.conv3.weight,1002,layer4.0.conv3.weight_ch1002,1.7195675373077393
layer3.3.conv3.weight,432,layer3.3.conv3.weight_ch432,1.7191286087036133
layer3.3.conv3.weight,43,layer3.3.conv3.weight_ch43,1.719109296798706
layer3.3.conv3.weight,496,layer3.3.conv3.weight_ch496,1.7185630798339844
layer3.1.conv2.weight,49,layer3.1.conv2.weight_ch49,1.7185250520706177
layer3.0.conv3.weight,75,layer3.0.conv3.weight_ch75,1.7180655002593994
layer3.0.conv3.weight,855,layer3.0.conv3.weight_ch855,1.717703938484192
layer4.0.conv3.weight,1220,layer4.0.conv3.weight_ch1220,1.7176203727722168
layer4.0.conv3.weight,1151,layer4.0.conv3.weight_ch1151,1.717522144317627
layer3.2.conv3.weight,909,layer3.2.conv3.weight_ch909,1.7169462442398071
layer2.3.conv2.weight,65,layer2.3.conv2.weight_ch65,1.7168080806732178
layer3.0.conv2.weight,250,layer3.0.conv2.weight_ch250,1.7167038917541504
layer2.3.conv3.weight,416,layer2.3.conv3.weight_ch416,1.7165615558624268
layer2.3.conv3.weight,323,layer2.3.conv3.weight_ch323,1.7164016962051392
layer4.1.conv1.weight,367,layer4.1.conv1.weight_ch367,1.716134786605835
layer3.4.conv3.weight,943,layer3.4.conv3.weight_ch943,1.7161309719085693
layer3.2.conv3.weight,784,layer3.2.conv3.weight_ch784,1.7158894538879395
layer3.5.conv3.weight,970,layer3.5.conv3.weight_ch970,1.7157219648361206
layer3.2.conv1.weight,67,layer3.2.conv1.weight_ch67,1.7154736518859863
layer4.1.conv1.weight,363,layer4.1.conv1.weight_ch363,1.7150474786758423
layer3.2.conv3.weight,373,layer3.2.conv3.weight_ch373,1.7149615287780762
layer4.0.conv3.weight,1142,layer4.0.conv3.weight_ch1142,1.7149569988250732
layer4.0.conv3.weight,1101,layer4.0.conv3.weight_ch1101,1.7149311304092407
layer3.2.conv1.weight,219,layer3.2.conv1.weight_ch219,1.7140334844589233
layer3.0.conv2.weight,240,layer3.0.conv2.weight_ch240,1.713990330696106
layer3.4.conv3.weight,298,layer3.4.conv3.weight_ch298,1.7139781713485718
layer3.1.conv2.weight,136,layer3.1.conv2.weight_ch136,1.7139582633972168
layer2.3.conv3.weight,13,layer2.3.conv3.weight_ch13,1.713911533355713
layer4.0.conv3.weight,1775,layer4.0.conv3.weight_ch1775,1.7138549089431763
layer3.0.conv2.weight,22,layer3.0.conv2.weight_ch22,1.713722825050354
layer4.0.conv3.weight,562,layer4.0.conv3.weight_ch562,1.713625192642212
layer3.0.conv3.weight,504,layer3.0.conv3.weight_ch504,1.7134602069854736
layer3.5.conv3.weight,370,layer3.5.conv3.weight_ch370,1.7130589485168457
layer3.1.conv2.weight,152,layer3.1.conv2.weight_ch152,1.7130284309387207
layer3.3.conv3.weight,67,layer3.3.conv3.weight_ch67,1.7128231525421143
layer3.5.conv3.weight,951,layer3.5.conv3.weight_ch951,1.7125647068023682
layer3.4.conv3.weight,219,layer3.4.conv3.weight_ch219,1.7124300003051758
layer3.5.conv3.weight,431,layer3.5.conv3.weight_ch431,1.7123051881790161
layer3.4.conv3.weight,242,layer3.4.conv3.weight_ch242,1.7118873596191406
layer3.0.conv3.weight,146,layer3.0.conv3.weight_ch146,1.7118275165557861
layer4.0.conv3.weight,1717,layer4.0.conv3.weight_ch1717,1.7115473747253418
layer4.0.conv3.weight,613,layer4.0.conv3.weight_ch613,1.711531162261963
layer3.3.conv3.weight,991,layer3.3.conv3.weight_ch991,1.7113621234893799
layer3.0.conv3.weight,939,layer3.0.conv3.weight_ch939,1.7110636234283447
layer4.0.conv3.weight,1294,layer4.0.conv3.weight_ch1294,1.7110589742660522
layer3.2.conv3.weight,884,layer3.2.conv3.weight_ch884,1.7108347415924072
layer3.0.conv3.weight,832,layer3.0.conv3.weight_ch832,1.710785150527954
layer3.0.conv3.weight,705,layer3.0.conv3.weight_ch705,1.7092347145080566
layer3.1.conv2.weight,174,layer3.1.conv2.weight_ch174,1.7092128992080688
layer3.2.conv3.weight,235,layer3.2.conv3.weight_ch235,1.7090505361557007
layer3.4.conv3.weight,634,layer3.4.conv3.weight_ch634,1.708974838256836
layer4.1.conv1.weight,378,layer4.1.conv1.weight_ch378,1.708896279335022
layer3.0.conv3.weight,615,layer3.0.conv3.weight_ch615,1.7082916498184204
layer2.3.conv3.weight,274,layer2.3.conv3.weight_ch274,1.7082698345184326
layer4.0.conv3.weight,1726,layer4.0.conv3.weight_ch1726,1.708181381225586
layer3.5.conv3.weight,488,layer3.5.conv3.weight_ch488,1.7075778245925903
layer2.3.conv3.weight,268,layer2.3.conv3.weight_ch268,1.7075365781784058
layer3.0.conv3.weight,261,layer3.0.conv3.weight_ch261,1.7074590921401978
layer3.2.conv3.weight,160,layer3.2.conv3.weight_ch160,1.7069768905639648
layer4.0.conv3.weight,2,layer4.0.conv3.weight_ch2,1.7067941427230835
layer3.4.conv3.weight,1004,layer3.4.conv3.weight_ch1004,1.7067625522613525
layer3.5.conv3.weight,700,layer3.5.conv3.weight_ch700,1.706730604171753
layer3.0.conv3.weight,971,layer3.0.conv3.weight_ch971,1.7066154479980469
layer3.4.conv3.weight,370,layer3.4.conv3.weight_ch370,1.7065978050231934
layer3.2.conv3.weight,309,layer3.2.conv3.weight_ch309,1.7065080404281616
layer3.0.conv3.weight,948,layer3.0.conv3.weight_ch948,1.7062878608703613
layer4.0.conv3.weight,1198,layer4.0.conv3.weight_ch1198,1.7062395811080933
layer4.0.conv3.weight,737,layer4.0.conv3.weight_ch737,1.7061686515808105
layer3.2.conv3.weight,955,layer3.2.conv3.weight_ch955,1.705985426902771
layer3.3.conv3.weight,616,layer3.3.conv3.weight_ch616,1.705957055091858
layer3.4.conv3.weight,493,layer3.4.conv3.weight_ch493,1.705804705619812
layer4.0.conv3.weight,1705,layer4.0.conv3.weight_ch1705,1.7057831287384033
layer3.5.conv3.weight,794,layer3.5.conv3.weight_ch794,1.7054909467697144
layer3.0.conv2.weight,5,layer3.0.conv2.weight_ch5,1.7052655220031738
layer4.0.conv3.weight,60,layer4.0.conv3.weight_ch60,1.7049157619476318
layer3.2.conv3.weight,670,layer3.2.conv3.weight_ch670,1.704897165298462
layer3.3.conv3.weight,445,layer3.3.conv3.weight_ch445,1.7048170566558838
layer3.1.conv2.weight,109,layer3.1.conv2.weight_ch109,1.704796314239502
layer4.0.conv3.weight,105,layer4.0.conv3.weight_ch105,1.7047696113586426
layer4.0.conv3.weight,1571,layer4.0.conv3.weight_ch1571,1.704448938369751
layer4.0.conv3.weight,410,layer4.0.conv3.weight_ch410,1.7043256759643555
layer4.0.conv3.weight,1975,layer4.0.conv3.weight_ch1975,1.7039122581481934
layer3.1.conv2.weight,118,layer3.1.conv2.weight_ch118,1.7034008502960205
layer2.0.conv1.weight,9,layer2.0.conv1.weight_ch9,1.7033814191818237
layer3.4.conv3.weight,35,layer3.4.conv3.weight_ch35,1.7031981945037842
layer3.3.conv3.weight,494,layer3.3.conv3.weight_ch494,1.703028678894043
layer3.2.conv3.weight,823,layer3.2.conv3.weight_ch823,1.702972412109375
layer4.0.conv3.weight,1457,layer4.0.conv3.weight_ch1457,1.7028989791870117
layer4.0.conv3.weight,2030,layer4.0.conv3.weight_ch2030,1.7024644613265991
layer4.0.conv3.weight,321,layer4.0.conv3.weight_ch321,1.7022093534469604
layer4.1.conv1.weight,183,layer4.1.conv1.weight_ch183,1.7019020318984985
layer3.3.conv3.weight,167,layer3.3.conv3.weight_ch167,1.7018476724624634
layer3.4.conv3.weight,769,layer3.4.conv3.weight_ch769,1.701830506324768
layer4.0.conv3.weight,708,layer4.0.conv3.weight_ch708,1.70172119140625
layer3.3.conv3.weight,300,layer3.3.conv3.weight_ch300,1.7016222476959229
layer3.0.conv3.weight,872,layer3.0.conv3.weight_ch872,1.701472520828247
layer3.3.conv3.weight,514,layer3.3.conv3.weight_ch514,1.701409101486206
layer3.5.conv3.weight,952,layer3.5.conv3.weight_ch952,1.7011305093765259
layer4.0.conv3.weight,511,layer4.0.conv3.weight_ch511,1.701087236404419
layer3.0.conv3.weight,514,layer3.0.conv3.weight_ch514,1.7009167671203613
layer3.2.conv3.weight,30,layer3.2.conv3.weight_ch30,1.7006698846817017
layer3.0.conv3.weight,651,layer3.0.conv3.weight_ch651,1.7006566524505615
layer3.0.conv3.weight,575,layer3.0.conv3.weight_ch575,1.7004623413085938
layer3.5.conv3.weight,733,layer3.5.conv3.weight_ch733,1.7004289627075195
layer3.3.conv3.weight,561,layer3.3.conv3.weight_ch561,1.7003859281539917
layer4.0.conv3.weight,289,layer4.0.conv3.weight_ch289,1.7001335620880127
layer4.0.conv3.weight,1747,layer4.0.conv3.weight_ch1747,1.7000012397766113
layer3.3.conv3.weight,683,layer3.3.conv3.weight_ch683,1.6997137069702148
layer3.4.conv1.weight,94,layer3.4.conv1.weight_ch94,1.6996557712554932
layer3.2.conv1.weight,37,layer3.2.conv1.weight_ch37,1.6995041370391846
layer4.0.conv3.weight,796,layer4.0.conv3.weight_ch796,1.6994085311889648
layer3.4.conv3.weight,446,layer3.4.conv3.weight_ch446,1.6991277933120728
layer4.1.conv1.weight,288,layer4.1.conv1.weight_ch288,1.6990946531295776
layer3.1.conv2.weight,117,layer3.1.conv2.weight_ch117,1.698954463005066
layer3.3.conv3.weight,785,layer3.3.conv3.weight_ch785,1.6987969875335693
layer3.2.conv3.weight,122,layer3.2.conv3.weight_ch122,1.69855797290802
layer4.0.conv3.weight,214,layer4.0.conv3.weight_ch214,1.698149561882019
layer2.3.conv3.weight,123,layer2.3.conv3.weight_ch123,1.6980364322662354
layer3.3.conv3.weight,703,layer3.3.conv3.weight_ch703,1.6976946592330933
layer4.0.conv3.weight,1664,layer4.0.conv3.weight_ch1664,1.6973588466644287
layer2.3.conv2.weight,16,layer2.3.conv2.weight_ch16,1.6972365379333496
layer3.0.conv3.weight,979,layer3.0.conv3.weight_ch979,1.6970914602279663
layer3.3.conv3.weight,715,layer3.3.conv3.weight_ch715,1.6969833374023438
layer3.4.conv1.weight,115,layer3.4.conv1.weight_ch115,1.6968804597854614
layer3.4.conv1.weight,117,layer3.4.conv1.weight_ch117,1.6967641115188599
layer3.2.conv3.weight,298,layer3.2.conv3.weight_ch298,1.6963039636611938
layer4.0.conv3.weight,1488,layer4.0.conv3.weight_ch1488,1.6958073377609253
layer2.3.conv3.weight,455,layer2.3.conv3.weight_ch455,1.695725440979004
layer3.2.conv3.weight,251,layer3.2.conv3.weight_ch251,1.6947498321533203
layer3.0.conv3.weight,401,layer3.0.conv3.weight_ch401,1.694209337234497
layer3.2.conv3.weight,535,layer3.2.conv3.weight_ch535,1.6937741041183472
layer3.0.conv3.weight,614,layer3.0.conv3.weight_ch614,1.6936393976211548
layer3.3.conv3.weight,233,layer3.3.conv3.weight_ch233,1.6933298110961914
layer3.1.conv2.weight,101,layer3.1.conv2.weight_ch101,1.693182349205017
layer3.4.conv3.weight,208,layer3.4.conv3.weight_ch208,1.693118691444397
layer3.3.conv3.weight,597,layer3.3.conv3.weight_ch597,1.6930749416351318
layer3.2.conv3.weight,713,layer3.2.conv3.weight_ch713,1.6929781436920166
layer3.0.conv3.weight,119,layer3.0.conv3.weight_ch119,1.6925621032714844
layer4.0.conv3.weight,1954,layer4.0.conv3.weight_ch1954,1.69206702709198
layer4.0.conv3.weight,2046,layer4.0.conv3.weight_ch2046,1.6919186115264893
layer4.0.conv3.weight,235,layer4.0.conv3.weight_ch235,1.6918597221374512
layer4.1.conv1.weight,467,layer4.1.conv1.weight_ch467,1.6917500495910645
layer3.3.conv3.weight,38,layer3.3.conv3.weight_ch38,1.691711187362671
layer3.5.conv3.weight,552,layer3.5.conv3.weight_ch552,1.6916035413742065
layer3.2.conv3.weight,424,layer3.2.conv3.weight_ch424,1.6910789012908936
layer3.2.conv3.weight,545,layer3.2.conv3.weight_ch545,1.6909292936325073
layer3.4.conv1.weight,208,layer3.4.conv1.weight_ch208,1.6905808448791504
layer3.4.conv3.weight,145,layer3.4.conv3.weight_ch145,1.690332293510437
layer3.0.conv2.weight,164,layer3.0.conv2.weight_ch164,1.6903223991394043
layer3.2.conv3.weight,976,layer3.2.conv3.weight_ch976,1.6902072429656982
layer4.0.conv3.weight,2043,layer4.0.conv3.weight_ch2043,1.6899163722991943
layer3.5.conv3.weight,24,layer3.5.conv3.weight_ch24,1.6898887157440186
layer3.5.conv3.weight,954,layer3.5.conv3.weight_ch954,1.689848780632019
layer3.2.conv1.weight,117,layer3.2.conv1.weight_ch117,1.6898143291473389
layer3.0.conv2.weight,212,layer3.0.conv2.weight_ch212,1.6894164085388184
layer3.2.conv3.weight,969,layer3.2.conv3.weight_ch969,1.6893595457077026
layer2.3.conv3.weight,384,layer2.3.conv3.weight_ch384,1.6891460418701172
layer3.3.conv3.weight,330,layer3.3.conv3.weight_ch330,1.689094066619873
layer3.4.conv3.weight,463,layer3.4.conv3.weight_ch463,1.6888505220413208
layer3.3.conv3.weight,532,layer3.3.conv3.weight_ch532,1.6882296800613403
layer4.0.conv3.weight,1879,layer4.0.conv3.weight_ch1879,1.6882050037384033
layer4.0.conv3.weight,639,layer4.0.conv3.weight_ch639,1.6880983114242554
layer3.4.conv3.weight,871,layer3.4.conv3.weight_ch871,1.688049554824829
layer3.3.conv3.weight,512,layer3.3.conv3.weight_ch512,1.6871212720870972
layer3.3.conv3.weight,257,layer3.3.conv3.weight_ch257,1.6870030164718628
layer3.4.conv3.weight,393,layer3.4.conv3.weight_ch393,1.6869938373565674
layer3.4.conv3.weight,524,layer3.4.conv3.weight_ch524,1.6869512796401978
layer3.5.conv3.weight,127,layer3.5.conv3.weight_ch127,1.6863294839859009
layer4.0.conv3.weight,303,layer4.0.conv3.weight_ch303,1.6861774921417236
layer3.5.conv3.weight,434,layer3.5.conv3.weight_ch434,1.6857037544250488
layer3.5.conv3.weight,90,layer3.5.conv3.weight_ch90,1.6854255199432373
layer3.2.conv3.weight,303,layer3.2.conv3.weight_ch303,1.684713363647461
layer4.0.conv3.weight,1796,layer4.0.conv3.weight_ch1796,1.684548258781433
layer3.5.conv3.weight,791,layer3.5.conv3.weight_ch791,1.6843726634979248
layer4.0.conv3.weight,177,layer4.0.conv3.weight_ch177,1.6843124628067017
layer3.0.conv3.weight,801,layer3.0.conv3.weight_ch801,1.6838757991790771
layer3.3.conv3.weight,415,layer3.3.conv3.weight_ch415,1.6837509870529175
layer3.2.conv3.weight,438,layer3.2.conv3.weight_ch438,1.6836563348770142
layer3.0.conv3.weight,846,layer3.0.conv3.weight_ch846,1.6830651760101318
layer4.0.conv3.weight,378,layer4.0.conv3.weight_ch378,1.6828376054763794
layer3.2.conv3.weight,189,layer3.2.conv3.weight_ch189,1.6827595233917236
layer4.0.conv3.weight,1509,layer4.0.conv3.weight_ch1509,1.682735800743103
layer4.0.conv3.weight,541,layer4.0.conv3.weight_ch541,1.6823797225952148
layer2.3.conv3.weight,414,layer2.3.conv3.weight_ch414,1.6822633743286133
layer3.4.conv3.weight,569,layer3.4.conv3.weight_ch569,1.6821844577789307
layer4.1.conv1.weight,22,layer4.1.conv1.weight_ch22,1.681887149810791
layer3.5.conv3.weight,177,layer3.5.conv3.weight_ch177,1.681774377822876
layer3.2.conv1.weight,159,layer3.2.conv1.weight_ch159,1.6816821098327637
layer3.5.conv3.weight,145,layer3.5.conv3.weight_ch145,1.6812376976013184
layer3.0.conv3.weight,153,layer3.0.conv3.weight_ch153,1.6811832189559937
layer3.0.conv3.weight,989,layer3.0.conv3.weight_ch989,1.6810239553451538
layer3.2.conv3.weight,454,layer3.2.conv3.weight_ch454,1.6806203126907349
layer3.0.conv2.weight,235,layer3.0.conv2.weight_ch235,1.680389404296875
layer3.5.conv3.weight,785,layer3.5.conv3.weight_ch785,1.680271863937378
layer3.5.conv3.weight,977,layer3.5.conv3.weight_ch977,1.6801921129226685
layer3.3.conv3.weight,22,layer3.3.conv3.weight_ch22,1.680023193359375
layer3.0.conv3.weight,31,layer3.0.conv3.weight_ch31,1.6799856424331665
layer4.0.conv3.weight,516,layer4.0.conv3.weight_ch516,1.6798059940338135
layer2.3.conv2.weight,33,layer2.3.conv2.weight_ch33,1.6795754432678223
layer4.0.conv3.weight,1007,layer4.0.conv3.weight_ch1007,1.6795209646224976
layer3.4.conv3.weight,233,layer3.4.conv3.weight_ch233,1.6793557405471802
layer4.0.conv3.weight,540,layer4.0.conv3.weight_ch540,1.6789226531982422
layer4.0.conv3.weight,269,layer4.0.conv3.weight_ch269,1.678821086883545
layer4.0.conv3.weight,1261,layer4.0.conv3.weight_ch1261,1.6787515878677368
layer2.3.conv3.weight,272,layer2.3.conv3.weight_ch272,1.6785894632339478
layer4.0.conv3.weight,1277,layer4.0.conv3.weight_ch1277,1.678452968597412
layer3.2.conv3.weight,208,layer3.2.conv3.weight_ch208,1.678279995918274
layer3.1.conv2.weight,110,layer3.1.conv2.weight_ch110,1.6776008605957031
layer2.3.conv2.weight,10,layer2.3.conv2.weight_ch10,1.6775975227355957
layer3.0.conv3.weight,954,layer3.0.conv3.weight_ch954,1.6775672435760498
layer3.2.conv3.weight,817,layer3.2.conv3.weight_ch817,1.6775609254837036
layer3.5.conv3.weight,292,layer3.5.conv3.weight_ch292,1.6769413948059082
layer3.0.conv2.weight,217,layer3.0.conv2.weight_ch217,1.6769306659698486
layer3.2.conv3.weight,399,layer3.2.conv3.weight_ch399,1.6769287586212158
layer3.0.conv3.weight,694,layer3.0.conv3.weight_ch694,1.676895022392273
layer4.0.conv3.weight,1194,layer4.0.conv3.weight_ch1194,1.6766235828399658
layer3.1.conv2.weight,187,layer3.1.conv2.weight_ch187,1.6764553785324097
layer3.2.conv3.weight,282,layer3.2.conv3.weight_ch282,1.67633855342865
layer3.2.conv3.weight,82,layer3.2.conv3.weight_ch82,1.6763060092926025
layer3.2.conv3.weight,441,layer3.2.conv3.weight_ch441,1.676301121711731
layer3.2.conv3.weight,959,layer3.2.conv3.weight_ch959,1.676020622253418
layer3.2.conv3.weight,665,layer3.2.conv3.weight_ch665,1.6759757995605469
layer4.0.conv3.weight,1075,layer4.0.conv3.weight_ch1075,1.6758617162704468
layer4.0.conv3.weight,665,layer4.0.conv3.weight_ch665,1.6757724285125732
layer3.4.conv3.weight,546,layer3.4.conv3.weight_ch546,1.6748268604278564
layer3.2.conv3.weight,446,layer3.2.conv3.weight_ch446,1.6744272708892822
layer3.4.conv1.weight,246,layer3.4.conv1.weight_ch246,1.6743111610412598
layer4.0.conv3.weight,1668,layer4.0.conv3.weight_ch1668,1.6739368438720703
layer4.1.conv1.weight,187,layer4.1.conv1.weight_ch187,1.673797845840454
layer3.0.conv3.weight,59,layer3.0.conv3.weight_ch59,1.673782229423523
layer3.4.conv3.weight,901,layer3.4.conv3.weight_ch901,1.6735868453979492
layer2.3.conv3.weight,170,layer2.3.conv3.weight_ch170,1.672978162765503
layer3.3.conv3.weight,740,layer3.3.conv3.weight_ch740,1.672423005104065
layer4.0.conv3.weight,1952,layer4.0.conv3.weight_ch1952,1.671795129776001
layer4.0.conv3.weight,252,layer4.0.conv3.weight_ch252,1.6717641353607178
layer2.3.conv3.weight,503,layer2.3.conv3.weight_ch503,1.6717555522918701
layer4.0.conv3.weight,896,layer4.0.conv3.weight_ch896,1.6715120077133179
layer2.3.conv2.weight,119,layer2.3.conv2.weight_ch119,1.6713873147964478
layer3.1.conv2.weight,240,layer3.1.conv2.weight_ch240,1.6710591316223145
layer3.5.conv3.weight,912,layer3.5.conv3.weight_ch912,1.6709600687026978
layer4.1.conv1.weight,472,layer4.1.conv1.weight_ch472,1.6708126068115234
layer4.0.conv3.weight,127,layer4.0.conv3.weight_ch127,1.6706479787826538
layer3.1.conv2.weight,245,layer3.1.conv2.weight_ch245,1.6705222129821777
layer3.4.conv3.weight,684,layer3.4.conv3.weight_ch684,1.6705002784729004
layer4.0.conv3.weight,1986,layer4.0.conv3.weight_ch1986,1.669960618019104
layer3.0.conv3.weight,520,layer3.0.conv3.weight_ch520,1.66971755027771
layer3.4.conv3.weight,368,layer3.4.conv3.weight_ch368,1.6696889400482178
layer4.0.conv3.weight,70,layer4.0.conv3.weight_ch70,1.6695194244384766
layer3.0.conv3.weight,89,layer3.0.conv3.weight_ch89,1.6690839529037476
layer4.0.conv3.weight,788,layer4.0.conv3.weight_ch788,1.6686387062072754
layer3.1.conv2.weight,251,layer3.1.conv2.weight_ch251,1.6685644388198853
layer3.0.conv3.weight,676,layer3.0.conv3.weight_ch676,1.6682744026184082
layer3.0.conv3.weight,952,layer3.0.conv3.weight_ch952,1.668226718902588
layer3.1.conv2.weight,213,layer3.1.conv2.weight_ch213,1.6671596765518188
layer3.3.conv3.weight,446,layer3.3.conv3.weight_ch446,1.667128562927246
layer3.5.conv3.weight,202,layer3.5.conv3.weight_ch202,1.667060375213623
layer3.2.conv3.weight,193,layer3.2.conv3.weight_ch193,1.6668542623519897
layer3.0.conv3.weight,164,layer3.0.conv3.weight_ch164,1.6667934656143188
layer3.2.conv1.weight,194,layer3.2.conv1.weight_ch194,1.6667183637619019
layer2.3.conv3.weight,439,layer2.3.conv3.weight_ch439,1.6666653156280518
layer2.3.conv3.weight,90,layer2.3.conv3.weight_ch90,1.6665623188018799
layer3.3.conv3.weight,622,layer3.3.conv3.weight_ch622,1.6664990186691284
layer3.0.conv3.weight,381,layer3.0.conv3.weight_ch381,1.666412591934204
layer2.3.conv3.weight,214,layer2.3.conv3.weight_ch214,1.6659824848175049
layer3.3.conv3.weight,540,layer3.3.conv3.weight_ch540,1.6659812927246094
layer4.0.conv3.weight,597,layer4.0.conv3.weight_ch597,1.6657967567443848
layer4.0.conv3.weight,1013,layer4.0.conv3.weight_ch1013,1.665715217590332
layer3.2.conv3.weight,802,layer3.2.conv3.weight_ch802,1.6655625104904175
layer3.0.conv3.weight,554,layer3.0.conv3.weight_ch554,1.665328860282898
layer4.0.conv3.weight,43,layer4.0.conv3.weight_ch43,1.6652677059173584
layer3.5.conv3.weight,48,layer3.5.conv3.weight_ch48,1.6648954153060913
layer3.3.conv3.weight,216,layer3.3.conv3.weight_ch216,1.6643474102020264
layer4.0.conv3.weight,1174,layer4.0.conv3.weight_ch1174,1.663722276687622
layer3.3.conv3.weight,924,layer3.3.conv3.weight_ch924,1.6632789373397827
layer3.0.conv3.weight,66,layer3.0.conv3.weight_ch66,1.6632769107818604
layer4.0.conv3.weight,1622,layer4.0.conv3.weight_ch1622,1.6630908250808716
layer3.2.conv3.weight,811,layer3.2.conv3.weight_ch811,1.6629046201705933
layer3.0.conv3.weight,982,layer3.0.conv3.weight_ch982,1.6628730297088623
layer2.3.conv2.weight,115,layer2.3.conv2.weight_ch115,1.6625727415084839
layer4.0.conv3.weight,1299,layer4.0.conv3.weight_ch1299,1.6625562906265259
layer3.2.conv3.weight,232,layer3.2.conv3.weight_ch232,1.6624538898468018
layer4.0.conv3.weight,236,layer4.0.conv3.weight_ch236,1.662340760231018
layer3.2.conv3.weight,1003,layer3.2.conv3.weight_ch1003,1.6623142957687378
layer3.0.conv3.weight,459,layer3.0.conv3.weight_ch459,1.6620674133300781
layer3.5.conv3.weight,230,layer3.5.conv3.weight_ch230,1.6619478464126587
layer3.4.conv3.weight,344,layer3.4.conv3.weight_ch344,1.6618956327438354
layer4.0.conv3.weight,673,layer4.0.conv3.weight_ch673,1.661836862564087
layer3.3.conv3.weight,861,layer3.3.conv3.weight_ch861,1.6617860794067383
layer3.5.conv3.weight,319,layer3.5.conv3.weight_ch319,1.6614247560501099
layer3.3.conv3.weight,215,layer3.3.conv3.weight_ch215,1.6605708599090576
layer2.3.conv3.weight,475,layer2.3.conv3.weight_ch475,1.6603610515594482
layer3.4.conv3.weight,461,layer3.4.conv3.weight_ch461,1.6600271463394165
layer3.5.conv3.weight,106,layer3.5.conv3.weight_ch106,1.6595008373260498
layer4.1.conv1.weight,166,layer4.1.conv1.weight_ch166,1.6593683958053589
layer3.5.conv3.weight,702,layer3.5.conv3.weight_ch702,1.6593035459518433
layer3.2.conv3.weight,715,layer3.2.conv3.weight_ch715,1.6589020490646362
layer3.3.conv3.weight,525,layer3.3.conv3.weight_ch525,1.6587809324264526
layer3.0.conv3.weight,945,layer3.0.conv3.weight_ch945,1.658657431602478
layer3.4.conv1.weight,21,layer3.4.conv1.weight_ch21,1.6582406759262085
layer4.1.conv1.weight,469,layer4.1.conv1.weight_ch469,1.6581230163574219
layer4.1.conv1.weight,86,layer4.1.conv1.weight_ch86,1.658027172088623
layer4.0.conv3.weight,23,layer4.0.conv3.weight_ch23,1.657883882522583
layer3.0.conv3.weight,994,layer3.0.conv3.weight_ch994,1.6572810411453247
layer3.2.conv3.weight,283,layer3.2.conv3.weight_ch283,1.6570965051651
layer4.0.conv3.weight,280,layer4.0.conv3.weight_ch280,1.6566390991210938
layer4.0.conv3.weight,2011,layer4.0.conv3.weight_ch2011,1.656088948249817
layer3.0.conv3.weight,435,layer3.0.conv3.weight_ch435,1.6558780670166016
layer4.0.conv3.weight,1495,layer4.0.conv3.weight_ch1495,1.6555697917938232
layer4.0.conv3.weight,709,layer4.0.conv3.weight_ch709,1.6552355289459229
layer3.4.conv3.weight,710,layer3.4.conv3.weight_ch710,1.6548038721084595
layer4.0.conv3.weight,852,layer4.0.conv3.weight_ch852,1.6544833183288574
layer3.0.conv2.weight,32,layer3.0.conv2.weight_ch32,1.6544488668441772
layer3.2.conv3.weight,783,layer3.2.conv3.weight_ch783,1.6539192199707031
layer4.0.conv3.weight,1932,layer4.0.conv3.weight_ch1932,1.653732419013977
layer3.2.conv1.weight,18,layer3.2.conv1.weight_ch18,1.653576135635376
layer3.2.conv1.weight,100,layer3.2.conv1.weight_ch100,1.6535720825195312
layer3.0.conv3.weight,9,layer3.0.conv3.weight_ch9,1.6532143354415894
layer3.3.conv3.weight,523,layer3.3.conv3.weight_ch523,1.6532009840011597
layer3.3.conv3.weight,918,layer3.3.conv3.weight_ch918,1.653085470199585
layer3.0.conv3.weight,511,layer3.0.conv3.weight_ch511,1.6530795097351074
layer3.5.conv3.weight,70,layer3.5.conv3.weight_ch70,1.6530427932739258
layer3.5.conv3.weight,327,layer3.5.conv3.weight_ch327,1.6529314517974854
layer2.3.conv3.weight,127,layer2.3.conv3.weight_ch127,1.6525799036026
layer3.5.conv3.weight,172,layer3.5.conv3.weight_ch172,1.6524900197982788
layer3.2.conv3.weight,762,layer3.2.conv3.weight_ch762,1.652462124824524
layer3.0.conv3.weight,777,layer3.0.conv3.weight_ch777,1.6520583629608154
layer4.0.conv3.weight,455,layer4.0.conv3.weight_ch455,1.6518279314041138
layer3.2.conv3.weight,2,layer3.2.conv3.weight_ch2,1.6517879962921143
layer3.0.conv2.weight,195,layer3.0.conv2.weight_ch195,1.6517685651779175
layer3.5.conv3.weight,665,layer3.5.conv3.weight_ch665,1.6515777111053467
layer3.5.conv3.weight,352,layer3.5.conv3.weight_ch352,1.651447057723999
layer3.2.conv3.weight,379,layer3.2.conv3.weight_ch379,1.651234745979309
layer3.0.conv3.weight,340,layer3.0.conv3.weight_ch340,1.6508718729019165
layer3.0.conv3.weight,320,layer3.0.conv3.weight_ch320,1.650757074356079
layer4.0.conv3.weight,1,layer4.0.conv3.weight_ch1,1.6505048274993896
layer3.2.conv3.weight,381,layer3.2.conv3.weight_ch381,1.6504381895065308
layer4.0.conv3.weight,1893,layer4.0.conv3.weight_ch1893,1.6500496864318848
layer3.2.conv1.weight,39,layer3.2.conv1.weight_ch39,1.6498451232910156
layer3.5.conv3.weight,949,layer3.5.conv3.weight_ch949,1.6497458219528198
layer3.3.conv3.weight,505,layer3.3.conv3.weight_ch505,1.6494723558425903
layer2.3.conv3.weight,257,layer2.3.conv3.weight_ch257,1.6493570804595947
layer3.5.conv3.weight,907,layer3.5.conv3.weight_ch907,1.648582935333252
layer3.5.conv3.weight,369,layer3.5.conv3.weight_ch369,1.6483843326568604
layer3.2.conv3.weight,336,layer3.2.conv3.weight_ch336,1.6482212543487549
layer3.0.conv3.weight,658,layer3.0.conv3.weight_ch658,1.6479755640029907
layer3.3.conv3.weight,823,layer3.3.conv3.weight_ch823,1.6478557586669922
layer3.4.conv1.weight,247,layer3.4.conv1.weight_ch247,1.6476935148239136
layer3.3.conv3.weight,798,layer3.3.conv3.weight_ch798,1.647649884223938
layer3.3.conv3.weight,696,layer3.3.conv3.weight_ch696,1.6476221084594727
layer3.5.conv3.weight,764,layer3.5.conv3.weight_ch764,1.647593379020691
layer2.3.conv2.weight,32,layer2.3.conv2.weight_ch32,1.6475443840026855
layer3.0.conv2.weight,78,layer3.0.conv2.weight_ch78,1.64752197265625
layer4.0.conv3.weight,622,layer4.0.conv3.weight_ch622,1.6471127271652222
layer3.2.conv3.weight,637,layer3.2.conv3.weight_ch637,1.646958351135254
layer4.0.conv3.weight,47,layer4.0.conv3.weight_ch47,1.6469403505325317
layer3.3.conv3.weight,708,layer3.3.conv3.weight_ch708,1.6461858749389648
layer2.3.conv3.weight,230,layer2.3.conv3.weight_ch230,1.6456396579742432
layer3.5.conv3.weight,244,layer3.5.conv3.weight_ch244,1.6452986001968384
layer4.0.conv3.weight,63,layer4.0.conv3.weight_ch63,1.64490807056427
layer3.3.conv3.weight,842,layer3.3.conv3.weight_ch842,1.6448947191238403
layer3.4.conv3.weight,867,layer3.4.conv3.weight_ch867,1.6448217630386353
layer3.2.conv3.weight,77,layer3.2.conv3.weight_ch77,1.6446226835250854
layer4.0.conv3.weight,2019,layer4.0.conv3.weight_ch2019,1.6445691585540771
layer2.3.conv3.weight,188,layer2.3.conv3.weight_ch188,1.644248127937317
layer3.2.conv3.weight,684,layer3.2.conv3.weight_ch684,1.6440364122390747
layer3.0.conv3.weight,122,layer3.0.conv3.weight_ch122,1.6436254978179932
layer3.3.conv3.weight,771,layer3.3.conv3.weight_ch771,1.6433600187301636
layer4.0.conv3.weight,1339,layer4.0.conv3.weight_ch1339,1.6432355642318726
layer4.0.conv3.weight,1757,layer4.0.conv3.weight_ch1757,1.6431434154510498
layer3.5.conv3.weight,961,layer3.5.conv3.weight_ch961,1.642944574356079
layer3.4.conv1.weight,59,layer3.4.conv1.weight_ch59,1.6429119110107422
layer4.0.conv3.weight,1311,layer4.0.conv3.weight_ch1311,1.6428529024124146
layer3.4.conv3.weight,253,layer3.4.conv3.weight_ch253,1.6427260637283325
layer3.2.conv3.weight,250,layer3.2.conv3.weight_ch250,1.6426787376403809
layer3.1.conv2.weight,58,layer3.1.conv2.weight_ch58,1.6421122550964355
layer3.2.conv3.weight,988,layer3.2.conv3.weight_ch988,1.6419247388839722
layer3.4.conv3.weight,432,layer3.4.conv3.weight_ch432,1.6419129371643066
layer3.2.conv3.weight,102,layer3.2.conv3.weight_ch102,1.6418776512145996
layer3.5.conv3.weight,279,layer3.5.conv3.weight_ch279,1.6418565511703491
layer3.5.conv3.weight,945,layer3.5.conv3.weight_ch945,1.6416175365447998
layer3.2.conv3.weight,789,layer3.2.conv3.weight_ch789,1.641570806503296
layer3.2.conv3.weight,583,layer3.2.conv3.weight_ch583,1.641175389289856
layer3.0.conv3.weight,260,layer3.0.conv3.weight_ch260,1.6410987377166748
layer3.1.conv2.weight,166,layer3.1.conv2.weight_ch166,1.640879511833191
layer4.0.conv3.weight,599,layer4.0.conv3.weight_ch599,1.6403825283050537
layer4.0.conv3.weight,1116,layer4.0.conv3.weight_ch1116,1.6398581266403198
layer4.0.conv3.weight,1173,layer4.0.conv3.weight_ch1173,1.6396474838256836
layer4.0.conv3.weight,1547,layer4.0.conv3.weight_ch1547,1.6396021842956543
layer3.2.conv3.weight,339,layer3.2.conv3.weight_ch339,1.6393840312957764
layer3.2.conv3.weight,861,layer3.2.conv3.weight_ch861,1.639353632926941
layer3.2.conv3.weight,700,layer3.2.conv3.weight_ch700,1.639011263847351
layer3.4.conv3.weight,390,layer3.4.conv3.weight_ch390,1.6389048099517822
layer3.4.conv3.weight,237,layer3.4.conv3.weight_ch237,1.638368844985962
layer3.3.conv3.weight,433,layer3.3.conv3.weight_ch433,1.6383094787597656
layer2.3.conv3.weight,443,layer2.3.conv3.weight_ch443,1.6379443407058716
layer3.3.conv3.weight,789,layer3.3.conv3.weight_ch789,1.6377211809158325
layer3.4.conv1.weight,63,layer3.4.conv1.weight_ch63,1.637386679649353
layer4.0.conv3.weight,1812,layer4.0.conv3.weight_ch1812,1.637033462524414
layer2.3.conv3.weight,339,layer2.3.conv3.weight_ch339,1.6369388103485107
layer3.4.conv1.weight,231,layer3.4.conv1.weight_ch231,1.6369322538375854
layer3.3.conv3.weight,811,layer3.3.conv3.weight_ch811,1.6368685960769653
layer4.0.conv3.weight,481,layer4.0.conv3.weight_ch481,1.6367270946502686
layer3.4.conv3.weight,489,layer3.4.conv3.weight_ch489,1.6367039680480957
layer3.3.conv3.weight,152,layer3.3.conv3.weight_ch152,1.636597990989685
layer4.0.conv3.weight,1864,layer4.0.conv3.weight_ch1864,1.636528491973877
layer4.0.conv3.weight,1710,layer4.0.conv3.weight_ch1710,1.6364394426345825
layer3.5.conv3.weight,146,layer3.5.conv3.weight_ch146,1.6359400749206543
layer3.2.conv3.weight,204,layer3.2.conv3.weight_ch204,1.6357098817825317
layer3.5.conv3.weight,534,layer3.5.conv3.weight_ch534,1.6356632709503174
layer3.4.conv3.weight,108,layer3.4.conv3.weight_ch108,1.6349693536758423
layer2.3.conv3.weight,491,layer2.3.conv3.weight_ch491,1.6348928213119507
layer3.4.conv3.weight,664,layer3.4.conv3.weight_ch664,1.6347692012786865
layer3.5.conv3.weight,203,layer3.5.conv3.weight_ch203,1.6347063779830933
layer3.0.conv3.weight,253,layer3.0.conv3.weight_ch253,1.634696364402771
layer3.4.conv1.weight,64,layer3.4.conv1.weight_ch64,1.6346468925476074
layer4.0.conv3.weight,518,layer4.0.conv3.weight_ch518,1.6336420774459839
layer3.0.conv3.weight,833,layer3.0.conv3.weight_ch833,1.6331391334533691
layer3.3.conv3.weight,298,layer3.3.conv3.weight_ch298,1.6330478191375732
layer4.0.conv3.weight,775,layer4.0.conv3.weight_ch775,1.6324337720870972
layer4.0.conv3.weight,1711,layer4.0.conv3.weight_ch1711,1.6317384243011475
layer3.4.conv3.weight,753,layer3.4.conv3.weight_ch753,1.6317132711410522
layer3.3.conv3.weight,788,layer3.3.conv3.weight_ch788,1.6316914558410645
layer3.5.conv3.weight,154,layer3.5.conv3.weight_ch154,1.6311966180801392
layer3.0.conv3.weight,551,layer3.0.conv3.weight_ch551,1.6309373378753662
layer3.4.conv3.weight,817,layer3.4.conv3.weight_ch817,1.6300489902496338
layer3.5.conv3.weight,694,layer3.5.conv3.weight_ch694,1.6292160749435425
layer3.2.conv3.weight,595,layer3.2.conv3.weight_ch595,1.6290687322616577
layer3.4.conv1.weight,46,layer3.4.conv1.weight_ch46,1.6285223960876465
layer3.3.conv3.weight,201,layer3.3.conv3.weight_ch201,1.6284044981002808
layer3.0.conv3.weight,113,layer3.0.conv3.weight_ch113,1.6283749341964722
layer4.0.conv3.weight,1355,layer4.0.conv3.weight_ch1355,1.6283133029937744
layer3.3.conv3.weight,968,layer3.3.conv3.weight_ch968,1.6281812191009521
layer2.0.conv1.weight,15,layer2.0.conv1.weight_ch15,1.6280654668807983
layer3.5.conv3.weight,158,layer3.5.conv3.weight_ch158,1.6279003620147705
layer3.0.conv3.weight,771,layer3.0.conv3.weight_ch771,1.6278822422027588
layer4.0.conv3.weight,172,layer4.0.conv3.weight_ch172,1.6275217533111572
layer3.0.conv3.weight,27,layer3.0.conv3.weight_ch27,1.627448320388794
layer3.5.conv3.weight,726,layer3.5.conv3.weight_ch726,1.6274118423461914
layer3.2.conv3.weight,515,layer3.2.conv3.weight_ch515,1.6269503831863403
layer2.3.conv2.weight,82,layer2.3.conv2.weight_ch82,1.6268725395202637
layer4.0.conv3.weight,1862,layer4.0.conv3.weight_ch1862,1.6268060207366943
layer3.5.conv3.weight,85,layer3.5.conv3.weight_ch85,1.6265884637832642
layer3.2.conv3.weight,679,layer3.2.conv3.weight_ch679,1.6264135837554932
layer3.1.conv2.weight,241,layer3.1.conv2.weight_ch241,1.6263686418533325
layer3.4.conv3.weight,402,layer3.4.conv3.weight_ch402,1.6262654066085815
layer2.3.conv2.weight,8,layer2.3.conv2.weight_ch8,1.6259201765060425
layer4.0.conv3.weight,996,layer4.0.conv3.weight_ch996,1.6252119541168213
layer3.4.conv3.weight,383,layer3.4.conv3.weight_ch383,1.6248630285263062
layer3.3.conv3.weight,217,layer3.3.conv3.weight_ch217,1.6245521306991577
layer4.0.conv3.weight,1107,layer4.0.conv3.weight_ch1107,1.6244441270828247
layer3.0.conv3.weight,665,layer3.0.conv3.weight_ch665,1.6243395805358887
layer3.2.conv3.weight,664,layer3.2.conv3.weight_ch664,1.6241730451583862
layer3.2.conv3.weight,816,layer3.2.conv3.weight_ch816,1.6241461038589478
layer3.0.conv3.weight,995,layer3.0.conv3.weight_ch995,1.6238443851470947
layer3.0.conv3.weight,962,layer3.0.conv3.weight_ch962,1.6236169338226318
layer3.4.conv3.weight,568,layer3.4.conv3.weight_ch568,1.623355507850647
layer3.4.conv3.weight,615,layer3.4.conv3.weight_ch615,1.6231977939605713
layer3.1.conv2.weight,57,layer3.1.conv2.weight_ch57,1.6230629682540894
layer2.3.conv3.weight,315,layer2.3.conv3.weight_ch315,1.6230618953704834
layer3.4.conv3.weight,1005,layer3.4.conv3.weight_ch1005,1.6230511665344238
layer3.0.conv2.weight,140,layer3.0.conv2.weight_ch140,1.623018503189087
layer3.2.conv1.weight,188,layer3.2.conv1.weight_ch188,1.622888445854187
layer4.0.conv3.weight,1349,layer4.0.conv3.weight_ch1349,1.6226575374603271
layer3.4.conv3.weight,487,layer3.4.conv3.weight_ch487,1.622646450996399
layer4.0.conv3.weight,1439,layer4.0.conv3.weight_ch1439,1.6224987506866455
layer3.1.conv2.weight,134,layer3.1.conv2.weight_ch134,1.6224169731140137
layer4.0.conv3.weight,25,layer4.0.conv3.weight_ch25,1.6223561763763428
layer3.3.conv3.weight,806,layer3.3.conv3.weight_ch806,1.6221024990081787
layer3.0.conv3.weight,980,layer3.0.conv3.weight_ch980,1.6220818758010864
layer3.4.conv3.weight,22,layer3.4.conv3.weight_ch22,1.6219265460968018
layer3.5.conv3.weight,298,layer3.5.conv3.weight_ch298,1.621852993965149
layer3.2.conv1.weight,228,layer3.2.conv1.weight_ch228,1.621439814567566
layer3.3.conv3.weight,108,layer3.3.conv3.weight_ch108,1.621427059173584
layer3.3.conv3.weight,258,layer3.3.conv3.weight_ch258,1.6208950281143188
layer3.0.conv3.weight,529,layer3.0.conv3.weight_ch529,1.619796633720398
layer3.0.conv3.weight,210,layer3.0.conv3.weight_ch210,1.619380235671997
layer3.4.conv3.weight,756,layer3.4.conv3.weight_ch756,1.619096279144287
layer4.0.conv3.weight,409,layer4.0.conv3.weight_ch409,1.6186991930007935
layer3.2.conv3.weight,362,layer3.2.conv3.weight_ch362,1.6185245513916016
layer4.0.conv3.weight,1626,layer4.0.conv3.weight_ch1626,1.6184934377670288
layer4.0.conv3.weight,1069,layer4.0.conv3.weight_ch1069,1.6182293891906738
layer4.0.conv3.weight,1490,layer4.0.conv3.weight_ch1490,1.618051528930664
layer4.0.conv3.weight,106,layer4.0.conv3.weight_ch106,1.6174768209457397
layer3.5.conv3.weight,881,layer3.5.conv3.weight_ch881,1.6174277067184448
layer4.0.conv3.weight,736,layer4.0.conv3.weight_ch736,1.6172350645065308
layer3.3.conv3.weight,607,layer3.3.conv3.weight_ch607,1.6169441938400269
layer3.5.conv3.weight,71,layer3.5.conv3.weight_ch71,1.616493821144104
layer4.1.conv1.weight,273,layer4.1.conv1.weight_ch273,1.6162161827087402
layer3.4.conv3.weight,87,layer3.4.conv3.weight_ch87,1.6161348819732666
layer3.0.conv3.weight,600,layer3.0.conv3.weight_ch600,1.6160614490509033
layer4.0.conv3.weight,971,layer4.0.conv3.weight_ch971,1.6154038906097412
layer3.0.conv3.weight,500,layer3.0.conv3.weight_ch500,1.6151628494262695
layer3.3.conv3.weight,575,layer3.3.conv3.weight_ch575,1.614945650100708
layer2.3.conv3.weight,222,layer2.3.conv3.weight_ch222,1.6144269704818726
layer3.0.conv3.weight,295,layer3.0.conv3.weight_ch295,1.614202857017517
layer4.0.conv3.weight,2027,layer4.0.conv3.weight_ch2027,1.613744854927063
layer3.5.conv3.weight,780,layer3.5.conv3.weight_ch780,1.6136443614959717
layer3.5.conv3.weight,117,layer3.5.conv3.weight_ch117,1.613594889640808
layer3.5.conv3.weight,392,layer3.5.conv3.weight_ch392,1.6132489442825317
layer4.0.conv3.weight,112,layer4.0.conv3.weight_ch112,1.613210916519165
layer4.0.conv3.weight,323,layer4.0.conv3.weight_ch323,1.6131285429000854
layer3.3.conv3.weight,691,layer3.3.conv3.weight_ch691,1.6130619049072266
layer3.4.conv1.weight,138,layer3.4.conv1.weight_ch138,1.6129571199417114
layer3.2.conv3.weight,950,layer3.2.conv3.weight_ch950,1.6122057437896729
layer3.2.conv1.weight,102,layer3.2.conv1.weight_ch102,1.6118383407592773
layer3.4.conv3.weight,397,layer3.4.conv3.weight_ch397,1.611438274383545
layer3.5.conv3.weight,681,layer3.5.conv3.weight_ch681,1.6112507581710815
layer3.2.conv3.weight,948,layer3.2.conv3.weight_ch948,1.6111454963684082
layer2.3.conv3.weight,485,layer2.3.conv3.weight_ch485,1.6110873222351074
layer3.2.conv3.weight,168,layer3.2.conv3.weight_ch168,1.6110849380493164
layer3.3.conv3.weight,339,layer3.3.conv3.weight_ch339,1.611039400100708
layer4.0.conv3.weight,574,layer4.0.conv3.weight_ch574,1.6110308170318604
layer3.4.conv3.weight,235,layer3.4.conv3.weight_ch235,1.6110109090805054
layer3.3.conv3.weight,768,layer3.3.conv3.weight_ch768,1.6109092235565186
layer3.2.conv3.weight,181,layer3.2.conv3.weight_ch181,1.610884428024292
layer4.0.conv3.weight,240,layer4.0.conv3.weight_ch240,1.610856533050537
layer3.0.conv3.weight,473,layer3.0.conv3.weight_ch473,1.6104494333267212
layer3.3.conv3.weight,133,layer3.3.conv3.weight_ch133,1.6104023456573486
layer3.2.conv3.weight,685,layer3.2.conv3.weight_ch685,1.6103441715240479
layer3.2.conv3.weight,397,layer3.2.conv3.weight_ch397,1.6100252866744995
layer3.3.conv3.weight,351,layer3.3.conv3.weight_ch351,1.6100029945373535
layer4.0.conv3.weight,1797,layer4.0.conv3.weight_ch1797,1.6099286079406738
layer3.4.conv3.weight,427,layer3.4.conv3.weight_ch427,1.6096735000610352
layer3.2.conv1.weight,65,layer3.2.conv1.weight_ch65,1.6095350980758667
layer3.0.conv3.weight,993,layer3.0.conv3.weight_ch993,1.6094918251037598
layer3.0.conv3.weight,633,layer3.0.conv3.weight_ch633,1.6094175577163696
layer2.3.conv3.weight,377,layer2.3.conv3.weight_ch377,1.609362006187439
layer3.2.conv3.weight,683,layer3.2.conv3.weight_ch683,1.6092941761016846
layer4.1.conv1.weight,446,layer4.1.conv1.weight_ch446,1.6090162992477417
layer3.4.conv1.weight,11,layer3.4.conv1.weight_ch11,1.6088966131210327
layer3.2.conv3.weight,717,layer3.2.conv3.weight_ch717,1.608756422996521
layer3.3.conv3.weight,414,layer3.3.conv3.weight_ch414,1.6083967685699463
layer2.3.conv2.weight,44,layer2.3.conv2.weight_ch44,1.6081948280334473
layer3.3.conv3.weight,208,layer3.3.conv3.weight_ch208,1.6076561212539673
layer2.0.conv1.weight,12,layer2.0.conv1.weight_ch12,1.6074002981185913
layer3.4.conv3.weight,410,layer3.4.conv3.weight_ch410,1.607216715812683
layer3.2.conv3.weight,877,layer3.2.conv3.weight_ch877,1.607022762298584
layer2.3.conv2.weight,59,layer2.3.conv2.weight_ch59,1.60679030418396
layer3.5.conv3.weight,18,layer3.5.conv3.weight_ch18,1.6067662239074707
layer3.4.conv3.weight,507,layer3.4.conv3.weight_ch507,1.606532335281372
layer3.2.conv3.weight,898,layer3.2.conv3.weight_ch898,1.6060539484024048
layer2.3.conv3.weight,95,layer2.3.conv3.weight_ch95,1.60588800907135
layer4.0.conv3.weight,1537,layer4.0.conv3.weight_ch1537,1.6054385900497437
layer3.5.conv3.weight,808,layer3.5.conv3.weight_ch808,1.6054191589355469
layer4.0.conv3.weight,2035,layer4.0.conv3.weight_ch2035,1.6051229238510132
layer3.3.conv3.weight,582,layer3.3.conv3.weight_ch582,1.6047077178955078
layer3.2.conv3.weight,15,layer3.2.conv3.weight_ch15,1.6046640872955322
layer3.3.conv3.weight,693,layer3.3.conv3.weight_ch693,1.604647159576416
layer3.2.conv3.weight,196,layer3.2.conv3.weight_ch196,1.6045994758605957
layer4.0.conv3.weight,1936,layer4.0.conv3.weight_ch1936,1.6045353412628174
layer3.4.conv3.weight,287,layer3.4.conv3.weight_ch287,1.604096531867981
layer3.0.conv3.weight,639,layer3.0.conv3.weight_ch639,1.6040338277816772
layer3.0.conv2.weight,153,layer3.0.conv2.weight_ch153,1.6034605503082275
layer2.3.conv2.weight,39,layer2.3.conv2.weight_ch39,1.6033612489700317
layer2.3.conv3.weight,70,layer2.3.conv3.weight_ch70,1.6028268337249756
layer4.1.conv1.weight,212,layer4.1.conv1.weight_ch212,1.6021841764450073
layer4.0.conv3.weight,228,layer4.0.conv3.weight_ch228,1.6014888286590576
layer1.1.conv1.weight,57,layer1.1.conv1.weight_ch57,1.6012741327285767
layer3.0.conv3.weight,189,layer3.0.conv3.weight_ch189,1.6009441614151
layer3.3.conv3.weight,648,layer3.3.conv3.weight_ch648,1.6006262302398682
layer3.3.conv3.weight,458,layer3.3.conv3.weight_ch458,1.6005319356918335
layer3.3.conv3.weight,80,layer3.3.conv3.weight_ch80,1.600515604019165
layer4.0.conv3.weight,633,layer4.0.conv3.weight_ch633,1.6001468896865845
layer3.5.conv3.weight,192,layer3.5.conv3.weight_ch192,1.6000585556030273
layer3.5.conv3.weight,763,layer3.5.conv3.weight_ch763,1.5999029874801636
layer4.0.conv3.weight,274,layer4.0.conv3.weight_ch274,1.5998048782348633
layer3.3.conv3.weight,34,layer3.3.conv3.weight_ch34,1.599029779434204
layer4.0.conv3.weight,57,layer4.0.conv3.weight_ch57,1.5989633798599243
layer3.1.conv2.weight,115,layer3.1.conv2.weight_ch115,1.5986205339431763
layer3.2.conv3.weight,629,layer3.2.conv3.weight_ch629,1.5979876518249512
layer3.4.conv3.weight,420,layer3.4.conv3.weight_ch420,1.5977990627288818
layer3.4.conv3.weight,11,layer3.4.conv3.weight_ch11,1.5975143909454346
layer3.2.conv3.weight,349,layer3.2.conv3.weight_ch349,1.597206711769104
layer3.2.conv3.weight,827,layer3.2.conv3.weight_ch827,1.5971369743347168
layer3.0.conv3.weight,216,layer3.0.conv3.weight_ch216,1.5970568656921387
layer3.1.conv2.weight,78,layer3.1.conv2.weight_ch78,1.5966936349868774
layer3.4.conv3.weight,104,layer3.4.conv3.weight_ch104,1.596590280532837
layer4.0.conv3.weight,1701,layer4.0.conv3.weight_ch1701,1.596279501914978
layer3.3.conv3.weight,2,layer3.3.conv3.weight_ch2,1.596068024635315
layer4.0.conv3.weight,418,layer4.0.conv3.weight_ch418,1.5955798625946045
layer4.0.conv3.weight,1096,layer4.0.conv3.weight_ch1096,1.5954325199127197
layer3.0.conv2.weight,246,layer3.0.conv2.weight_ch246,1.5950331687927246
layer2.3.conv2.weight,35,layer2.3.conv2.weight_ch35,1.5948903560638428
layer3.3.conv3.weight,309,layer3.3.conv3.weight_ch309,1.5947133302688599
layer3.2.conv3.weight,1008,layer3.2.conv3.weight_ch1008,1.594447374343872
layer3.5.conv3.weight,739,layer3.5.conv3.weight_ch739,1.5943610668182373
layer2.3.conv3.weight,244,layer2.3.conv3.weight_ch244,1.5941739082336426
layer3.5.conv3.weight,397,layer3.5.conv3.weight_ch397,1.5936977863311768
layer4.1.conv1.weight,243,layer4.1.conv1.weight_ch243,1.5931657552719116
layer3.0.conv3.weight,821,layer3.0.conv3.weight_ch821,1.5930836200714111
layer3.1.conv2.weight,161,layer3.1.conv2.weight_ch161,1.5930663347244263
layer3.5.conv3.weight,148,layer3.5.conv3.weight_ch148,1.592768669128418
layer2.3.conv2.weight,26,layer2.3.conv2.weight_ch26,1.592765212059021
layer3.0.conv3.weight,913,layer3.0.conv3.weight_ch913,1.592751145362854
layer3.4.conv3.weight,148,layer3.4.conv3.weight_ch148,1.5923807621002197
layer4.0.conv3.weight,372,layer4.0.conv3.weight_ch372,1.5920758247375488
layer3.0.conv3.weight,598,layer3.0.conv3.weight_ch598,1.5919981002807617
layer3.5.conv3.weight,891,layer3.5.conv3.weight_ch891,1.5919673442840576
layer2.3.conv3.weight,417,layer2.3.conv3.weight_ch417,1.5919189453125
layer4.0.conv3.weight,546,layer4.0.conv3.weight_ch546,1.5917185544967651
layer3.2.conv1.weight,104,layer3.2.conv1.weight_ch104,1.5913747549057007
layer3.0.conv3.weight,756,layer3.0.conv3.weight_ch756,1.5910401344299316
layer3.4.conv3.weight,223,layer3.4.conv3.weight_ch223,1.5908610820770264
layer3.3.conv3.weight,96,layer3.3.conv3.weight_ch96,1.5907496213912964
layer3.0.conv2.weight,192,layer3.0.conv2.weight_ch192,1.5900650024414062
layer4.0.conv3.weight,675,layer4.0.conv3.weight_ch675,1.590030312538147
layer3.2.conv3.weight,750,layer3.2.conv3.weight_ch750,1.5899653434753418
layer4.0.conv3.weight,616,layer4.0.conv3.weight_ch616,1.5899239778518677
layer3.0.conv3.weight,666,layer3.0.conv3.weight_ch666,1.5898312330245972
layer3.5.conv3.weight,925,layer3.5.conv3.weight_ch925,1.589796543121338
layer3.3.conv3.weight,830,layer3.3.conv3.weight_ch830,1.5896838903427124
layer3.4.conv3.weight,34,layer3.4.conv3.weight_ch34,1.5896565914154053
layer4.1.conv1.weight,307,layer4.1.conv1.weight_ch307,1.5890586376190186
layer3.3.conv3.weight,757,layer3.3.conv3.weight_ch757,1.5890566110610962
layer3.0.conv3.weight,926,layer3.0.conv3.weight_ch926,1.5888450145721436
layer3.4.conv3.weight,137,layer3.4.conv3.weight_ch137,1.588721513748169
layer3.1.conv2.weight,7,layer3.1.conv2.weight_ch7,1.588590145111084
layer3.0.conv3.weight,339,layer3.0.conv3.weight_ch339,1.5885539054870605
layer3.4.conv3.weight,434,layer3.4.conv3.weight_ch434,1.5884993076324463
layer2.3.conv3.weight,312,layer2.3.conv3.weight_ch312,1.588322401046753
layer3.3.conv3.weight,920,layer3.3.conv3.weight_ch920,1.5882034301757812
layer3.2.conv3.weight,933,layer3.2.conv3.weight_ch933,1.5880650281906128
layer3.3.conv3.weight,849,layer3.3.conv3.weight_ch849,1.5878543853759766
layer3.3.conv3.weight,726,layer3.3.conv3.weight_ch726,1.5878148078918457
layer3.2.conv1.weight,12,layer3.2.conv1.weight_ch12,1.5877776145935059
layer2.3.conv3.weight,334,layer2.3.conv3.weight_ch334,1.5876966714859009
layer3.4.conv3.weight,950,layer3.4.conv3.weight_ch950,1.5876691341400146
layer3.4.conv1.weight,38,layer3.4.conv1.weight_ch38,1.587378740310669
layer3.2.conv3.weight,157,layer3.2.conv3.weight_ch157,1.5871877670288086
layer2.3.conv3.weight,235,layer2.3.conv3.weight_ch235,1.5869377851486206
layer3.1.conv2.weight,18,layer3.1.conv2.weight_ch18,1.5863897800445557
layer3.4.conv3.weight,52,layer3.4.conv3.weight_ch52,1.586035966873169
layer3.0.conv3.weight,704,layer3.0.conv3.weight_ch704,1.585787296295166
layer3.5.conv3.weight,98,layer3.5.conv3.weight_ch98,1.5854445695877075
layer3.0.conv3.weight,668,layer3.0.conv3.weight_ch668,1.5853915214538574
layer3.0.conv3.weight,88,layer3.0.conv3.weight_ch88,1.5853643417358398
layer4.0.conv3.weight,1573,layer4.0.conv3.weight_ch1573,1.5852233171463013
layer3.0.conv3.weight,2,layer3.0.conv3.weight_ch2,1.5852019786834717
layer3.2.conv3.weight,571,layer3.2.conv3.weight_ch571,1.5850143432617188
layer2.3.conv3.weight,239,layer2.3.conv3.weight_ch239,1.5846832990646362
layer3.3.conv3.weight,922,layer3.3.conv3.weight_ch922,1.58449387550354
layer3.2.conv3.weight,463,layer3.2.conv3.weight_ch463,1.5844385623931885
layer3.0.conv3.weight,758,layer3.0.conv3.weight_ch758,1.5844366550445557
layer3.5.conv3.weight,284,layer3.5.conv3.weight_ch284,1.5838674306869507
layer3.4.conv3.weight,135,layer3.4.conv3.weight_ch135,1.5838475227355957
layer3.4.conv3.weight,1008,layer3.4.conv3.weight_ch1008,1.5838212966918945
layer3.2.conv3.weight,89,layer3.2.conv3.weight_ch89,1.5834637880325317
layer4.0.conv3.weight,922,layer4.0.conv3.weight_ch922,1.5832016468048096
layer3.1.conv2.weight,120,layer3.1.conv2.weight_ch120,1.583067536354065
layer2.0.conv1.weight,82,layer2.0.conv1.weight_ch82,1.5828213691711426
layer3.2.conv3.weight,214,layer3.2.conv3.weight_ch214,1.582706332206726
layer3.5.conv3.weight,661,layer3.5.conv3.weight_ch661,1.5823897123336792
layer3.0.conv2.weight,87,layer3.0.conv2.weight_ch87,1.581827163696289
layer3.1.conv2.weight,105,layer3.1.conv2.weight_ch105,1.581632137298584
layer3.0.conv3.weight,35,layer3.0.conv3.weight_ch35,1.5811365842819214
layer3.2.conv1.weight,166,layer3.2.conv1.weight_ch166,1.581107497215271
layer3.2.conv1.weight,235,layer3.2.conv1.weight_ch235,1.580759882926941
layer3.0.conv3.weight,40,layer3.0.conv3.weight_ch40,1.5806773900985718
layer3.4.conv3.weight,314,layer3.4.conv3.weight_ch314,1.5801482200622559
layer3.2.conv1.weight,62,layer3.2.conv1.weight_ch62,1.5801291465759277
layer3.3.conv3.weight,551,layer3.3.conv3.weight_ch551,1.5799505710601807
layer4.0.conv3.weight,860,layer4.0.conv3.weight_ch860,1.5795046091079712
layer2.3.conv2.weight,55,layer2.3.conv2.weight_ch55,1.5793452262878418
layer4.0.conv3.weight,1685,layer4.0.conv3.weight_ch1685,1.5793377161026
layer3.5.conv3.weight,306,layer3.5.conv3.weight_ch306,1.5788238048553467
layer3.4.conv3.weight,878,layer3.4.conv3.weight_ch878,1.578510046005249
layer3.0.conv3.weight,200,layer3.0.conv3.weight_ch200,1.5783452987670898
layer3.0.conv2.weight,183,layer3.0.conv2.weight_ch183,1.5781654119491577
layer3.5.conv3.weight,873,layer3.5.conv3.weight_ch873,1.5772780179977417
layer4.0.conv3.weight,1459,layer4.0.conv3.weight_ch1459,1.5761325359344482
layer3.0.conv2.weight,200,layer3.0.conv2.weight_ch200,1.576098918914795
layer3.5.conv3.weight,731,layer3.5.conv3.weight_ch731,1.5760445594787598
layer3.4.conv1.weight,33,layer3.4.conv1.weight_ch33,1.5757551193237305
layer3.5.conv3.weight,316,layer3.5.conv3.weight_ch316,1.5753817558288574
layer3.0.conv3.weight,935,layer3.0.conv3.weight_ch935,1.575076699256897
layer3.3.conv3.weight,455,layer3.3.conv3.weight_ch455,1.574908971786499
layer3.3.conv3.weight,589,layer3.3.conv3.weight_ch589,1.574792742729187
layer2.3.conv3.weight,481,layer2.3.conv3.weight_ch481,1.574324131011963
layer3.3.conv3.weight,506,layer3.3.conv3.weight_ch506,1.5742616653442383
layer3.2.conv3.weight,989,layer3.2.conv3.weight_ch989,1.5738201141357422
layer3.2.conv3.weight,559,layer3.2.conv3.weight_ch559,1.5737935304641724
layer2.3.conv3.weight,66,layer2.3.conv3.weight_ch66,1.5736771821975708
layer3.3.conv3.weight,763,layer3.3.conv3.weight_ch763,1.573676586151123
layer4.0.conv3.weight,413,layer4.0.conv3.weight_ch413,1.5722577571868896
layer3.0.conv3.weight,181,layer3.0.conv3.weight_ch181,1.5717049837112427
layer3.2.conv3.weight,587,layer3.2.conv3.weight_ch587,1.571608066558838
layer3.1.conv2.weight,11,layer3.1.conv2.weight_ch11,1.5708365440368652
layer3.0.conv3.weight,329,layer3.0.conv3.weight_ch329,1.5702208280563354
layer4.0.conv3.weight,969,layer4.0.conv3.weight_ch969,1.5700663328170776
layer3.0.conv3.weight,597,layer3.0.conv3.weight_ch597,1.5698392391204834
layer4.0.conv3.weight,2003,layer4.0.conv3.weight_ch2003,1.5693262815475464
layer4.0.conv3.weight,1993,layer4.0.conv3.weight_ch1993,1.569223165512085
layer4.0.conv3.weight,1438,layer4.0.conv3.weight_ch1438,1.5689011812210083
layer3.3.conv3.weight,275,layer3.3.conv3.weight_ch275,1.5687164068222046
layer2.3.conv3.weight,453,layer2.3.conv3.weight_ch453,1.5685874223709106
layer3.5.conv3.weight,47,layer3.5.conv3.weight_ch47,1.5677944421768188
layer3.5.conv3.weight,604,layer3.5.conv3.weight_ch604,1.567529559135437
layer3.5.conv3.weight,1010,layer3.5.conv3.weight_ch1010,1.5671952962875366
layer4.0.conv3.weight,1763,layer4.0.conv3.weight_ch1763,1.5670043230056763
layer4.0.conv3.weight,1892,layer4.0.conv3.weight_ch1892,1.5666582584381104
layer3.3.conv3.weight,546,layer3.3.conv3.weight_ch546,1.566538691520691
layer3.1.conv2.weight,20,layer3.1.conv2.weight_ch20,1.5661721229553223
layer3.2.conv3.weight,651,layer3.2.conv3.weight_ch651,1.5658419132232666
layer3.4.conv3.weight,257,layer3.4.conv3.weight_ch257,1.565722107887268
layer3.0.conv3.weight,775,layer3.0.conv3.weight_ch775,1.5656898021697998
layer4.0.conv3.weight,539,layer4.0.conv3.weight_ch539,1.565608024597168
layer3.5.conv3.weight,254,layer3.5.conv3.weight_ch254,1.5653899908065796
layer3.0.conv3.weight,371,layer3.0.conv3.weight_ch371,1.5647902488708496
layer3.0.conv3.weight,72,layer3.0.conv3.weight_ch72,1.5647159814834595
layer2.3.conv3.weight,83,layer2.3.conv3.weight_ch83,1.5642666816711426
layer4.0.conv3.weight,598,layer4.0.conv3.weight_ch598,1.564026951789856
layer3.2.conv3.weight,575,layer3.2.conv3.weight_ch575,1.5638995170593262
layer3.3.conv3.weight,207,layer3.3.conv3.weight_ch207,1.5638235807418823
layer3.1.conv2.weight,63,layer3.1.conv2.weight_ch63,1.563817024230957
layer3.2.conv3.weight,912,layer3.2.conv3.weight_ch912,1.5637695789337158
layer3.0.conv3.weight,992,layer3.0.conv3.weight_ch992,1.5633946657180786
layer4.0.conv3.weight,601,layer4.0.conv3.weight_ch601,1.5633714199066162
layer4.0.conv3.weight,266,layer4.0.conv3.weight_ch266,1.5632295608520508
layer3.0.conv3.weight,155,layer3.0.conv3.weight_ch155,1.5626739263534546
layer3.2.conv3.weight,201,layer3.2.conv3.weight_ch201,1.561901330947876
layer4.0.conv3.weight,1750,layer4.0.conv3.weight_ch1750,1.5617494583129883
layer4.0.conv3.weight,1057,layer4.0.conv3.weight_ch1057,1.5617095232009888
layer3.3.conv3.weight,356,layer3.3.conv3.weight_ch356,1.5616143941879272
layer2.3.conv2.weight,36,layer2.3.conv2.weight_ch36,1.5611122846603394
layer3.0.conv3.weight,355,layer3.0.conv3.weight_ch355,1.5611011981964111
layer2.3.conv3.weight,196,layer2.3.conv3.weight_ch196,1.560457468032837
layer2.0.conv1.weight,55,layer2.0.conv1.weight_ch55,1.5602670907974243
layer3.4.conv3.weight,437,layer3.4.conv3.weight_ch437,1.5601950883865356
layer3.5.conv3.weight,853,layer3.5.conv3.weight_ch853,1.559975504875183
layer4.0.conv3.weight,1295,layer4.0.conv3.weight_ch1295,1.5598223209381104
layer3.0.conv2.weight,224,layer3.0.conv2.weight_ch224,1.5598070621490479
layer3.4.conv3.weight,50,layer3.4.conv3.weight_ch50,1.5593253374099731
layer3.2.conv3.weight,809,layer3.2.conv3.weight_ch809,1.5591135025024414
layer3.3.conv3.weight,121,layer3.3.conv3.weight_ch121,1.558098554611206
layer2.0.conv1.weight,108,layer2.0.conv1.weight_ch108,1.5580717325210571
layer3.4.conv3.weight,628,layer3.4.conv3.weight_ch628,1.5579025745391846
layer4.0.conv3.weight,900,layer4.0.conv3.weight_ch900,1.557837963104248
layer3.4.conv1.weight,232,layer3.4.conv1.weight_ch232,1.5573036670684814
layer4.0.conv3.weight,436,layer4.0.conv3.weight_ch436,1.5570772886276245
layer3.4.conv1.weight,229,layer3.4.conv1.weight_ch229,1.5567151308059692
layer3.2.conv1.weight,31,layer3.2.conv1.weight_ch31,1.5562572479248047
layer3.0.conv2.weight,118,layer3.0.conv2.weight_ch118,1.556053638458252
layer4.0.conv3.weight,352,layer4.0.conv3.weight_ch352,1.5556594133377075
layer4.0.conv3.weight,505,layer4.0.conv3.weight_ch505,1.5556331872940063
layer4.1.conv1.weight,104,layer4.1.conv1.weight_ch104,1.5555691719055176
layer3.0.conv3.weight,808,layer3.0.conv3.weight_ch808,1.555410623550415
layer3.2.conv3.weight,548,layer3.2.conv3.weight_ch548,1.5553361177444458
layer3.0.conv3.weight,128,layer3.0.conv3.weight_ch128,1.555332064628601
layer2.3.conv2.weight,109,layer2.3.conv2.weight_ch109,1.5552786588668823
layer3.2.conv3.weight,103,layer3.2.conv3.weight_ch103,1.5548382997512817
layer3.2.conv3.weight,34,layer3.2.conv3.weight_ch34,1.554789423942566
layer3.5.conv3.weight,742,layer3.5.conv3.weight_ch742,1.554748296737671
layer4.1.conv1.weight,475,layer4.1.conv1.weight_ch475,1.5547358989715576
layer3.0.conv3.weight,589,layer3.0.conv3.weight_ch589,1.5546982288360596
layer2.3.conv2.weight,127,layer2.3.conv2.weight_ch127,1.5545676946640015
layer4.0.conv3.weight,1598,layer4.0.conv3.weight_ch1598,1.5544836521148682
layer4.0.conv3.weight,1501,layer4.0.conv3.weight_ch1501,1.5544720888137817
layer3.3.conv3.weight,440,layer3.3.conv3.weight_ch440,1.5542526245117188
layer3.2.conv3.weight,742,layer3.2.conv3.weight_ch742,1.5536541938781738
layer3.3.conv3.weight,66,layer3.3.conv3.weight_ch66,1.5536091327667236
layer3.4.conv3.weight,988,layer3.4.conv3.weight_ch988,1.553475260734558
layer3.4.conv1.weight,14,layer3.4.conv1.weight_ch14,1.5530362129211426
layer2.0.conv1.weight,41,layer2.0.conv1.weight_ch41,1.5529077053070068
layer2.3.conv3.weight,452,layer2.3.conv3.weight_ch452,1.5524767637252808
layer3.3.conv3.weight,657,layer3.3.conv3.weight_ch657,1.552446961402893
layer2.3.conv2.weight,5,layer2.3.conv2.weight_ch5,1.5521681308746338
layer3.3.conv3.weight,649,layer3.3.conv3.weight_ch649,1.5520122051239014
layer3.2.conv3.weight,901,layer3.2.conv3.weight_ch901,1.5520033836364746
layer3.3.conv3.weight,678,layer3.3.conv3.weight_ch678,1.5512924194335938
layer4.0.conv3.weight,1964,layer4.0.conv3.weight_ch1964,1.5512142181396484
layer3.5.conv3.weight,96,layer3.5.conv3.weight_ch96,1.550924301147461
layer4.0.conv3.weight,76,layer4.0.conv3.weight_ch76,1.550874948501587
layer4.0.conv3.weight,837,layer4.0.conv3.weight_ch837,1.5503655672073364
layer3.5.conv3.weight,235,layer3.5.conv3.weight_ch235,1.5503590106964111
layer2.3.conv3.weight,480,layer2.3.conv3.weight_ch480,1.5502454042434692
layer3.4.conv3.weight,806,layer3.4.conv3.weight_ch806,1.5502179861068726
layer3.4.conv3.weight,490,layer3.4.conv3.weight_ch490,1.5500127077102661
layer3.3.conv3.weight,813,layer3.3.conv3.weight_ch813,1.5499786138534546
layer2.3.conv3.weight,445,layer2.3.conv3.weight_ch445,1.5497348308563232
layer3.5.conv3.weight,848,layer3.5.conv3.weight_ch848,1.5495702028274536
layer4.0.conv3.weight,1298,layer4.0.conv3.weight_ch1298,1.5495468378067017
layer4.0.conv3.weight,1081,layer4.0.conv3.weight_ch1081,1.5493489503860474
layer3.5.conv3.weight,931,layer3.5.conv3.weight_ch931,1.5493464469909668
layer3.2.conv3.weight,985,layer3.2.conv3.weight_ch985,1.5492377281188965
layer3.2.conv3.weight,184,layer3.2.conv3.weight_ch184,1.5491867065429688
layer4.0.conv3.weight,1578,layer4.0.conv3.weight_ch1578,1.5489100217819214
layer3.3.conv3.weight,213,layer3.3.conv3.weight_ch213,1.5488884449005127
layer3.0.conv2.weight,229,layer3.0.conv2.weight_ch229,1.547736406326294
layer2.3.conv3.weight,256,layer2.3.conv3.weight_ch256,1.5476969480514526
layer3.2.conv3.weight,105,layer3.2.conv3.weight_ch105,1.547690987586975
layer3.4.conv1.weight,248,layer3.4.conv1.weight_ch248,1.5475833415985107
layer4.0.conv3.weight,1190,layer4.0.conv3.weight_ch1190,1.5474956035614014
layer3.2.conv3.weight,483,layer3.2.conv3.weight_ch483,1.5474798679351807
layer4.0.conv3.weight,144,layer4.0.conv3.weight_ch144,1.547393560409546
layer3.0.conv3.weight,302,layer3.0.conv3.weight_ch302,1.5470103025436401
layer3.0.conv3.weight,675,layer3.0.conv3.weight_ch675,1.5469331741333008
layer3.5.conv3.weight,214,layer3.5.conv3.weight_ch214,1.5468955039978027
layer3.4.conv1.weight,206,layer3.4.conv1.weight_ch206,1.5468671321868896
layer3.4.conv1.weight,202,layer3.4.conv1.weight_ch202,1.5468626022338867
layer3.3.conv3.weight,423,layer3.3.conv3.weight_ch423,1.5467761754989624
layer3.5.conv3.weight,944,layer3.5.conv3.weight_ch944,1.546682357788086
layer3.3.conv3.weight,673,layer3.3.conv3.weight_ch673,1.5464986562728882
layer4.0.conv3.weight,403,layer4.0.conv3.weight_ch403,1.5463038682937622
layer4.0.conv3.weight,387,layer4.0.conv3.weight_ch387,1.546281337738037
layer4.0.conv3.weight,1486,layer4.0.conv3.weight_ch1486,1.5457669496536255
layer3.2.conv1.weight,142,layer3.2.conv1.weight_ch142,1.5456693172454834
layer3.2.conv1.weight,125,layer3.2.conv1.weight_ch125,1.545456051826477
layer3.3.conv3.weight,621,layer3.3.conv3.weight_ch621,1.5453585386276245
layer3.2.conv3.weight,806,layer3.2.conv3.weight_ch806,1.5451565980911255
layer3.4.conv3.weight,844,layer3.4.conv3.weight_ch844,1.5450886487960815
layer3.5.conv3.weight,844,layer3.5.conv3.weight_ch844,1.544935703277588
layer3.2.conv3.weight,600,layer3.2.conv3.weight_ch600,1.5443066358566284
layer2.0.conv1.weight,121,layer2.0.conv1.weight_ch121,1.5438817739486694
layer3.0.conv3.weight,293,layer3.0.conv3.weight_ch293,1.5436122417449951
layer3.2.conv1.weight,38,layer3.2.conv1.weight_ch38,1.5433417558670044
layer4.0.conv3.weight,517,layer4.0.conv3.weight_ch517,1.5433056354522705
layer3.3.conv3.weight,268,layer3.3.conv3.weight_ch268,1.5432820320129395
layer3.2.conv3.weight,275,layer3.2.conv3.weight_ch275,1.5431452989578247
layer3.2.conv3.weight,551,layer3.2.conv3.weight_ch551,1.543026328086853
layer3.2.conv3.weight,161,layer3.2.conv3.weight_ch161,1.5427536964416504
layer3.5.conv3.weight,476,layer3.5.conv3.weight_ch476,1.5419985055923462
layer2.0.conv1.weight,79,layer2.0.conv1.weight_ch79,1.5418580770492554
layer3.0.conv3.weight,25,layer3.0.conv3.weight_ch25,1.5417001247406006
layer4.0.conv3.weight,469,layer4.0.conv3.weight_ch469,1.5415525436401367
layer4.0.conv3.weight,985,layer4.0.conv3.weight_ch985,1.5413861274719238
layer3.2.conv1.weight,205,layer3.2.conv1.weight_ch205,1.5412957668304443
layer4.0.conv3.weight,838,layer4.0.conv3.weight_ch838,1.541285514831543
layer3.3.conv3.weight,878,layer3.3.conv3.weight_ch878,1.541090965270996
layer3.0.conv3.weight,39,layer3.0.conv3.weight_ch39,1.5408875942230225
layer3.3.conv3.weight,192,layer3.3.conv3.weight_ch192,1.5406228303909302
layer4.0.conv3.weight,811,layer4.0.conv3.weight_ch811,1.5405783653259277
layer4.0.conv3.weight,966,layer4.0.conv3.weight_ch966,1.5403826236724854
layer3.5.conv3.weight,409,layer3.5.conv3.weight_ch409,1.540217638015747
layer3.2.conv3.weight,626,layer3.2.conv3.weight_ch626,1.5401949882507324
layer3.2.conv3.weight,51,layer3.2.conv3.weight_ch51,1.5401713848114014
layer4.0.conv3.weight,892,layer4.0.conv3.weight_ch892,1.539353370666504
layer3.3.conv3.weight,400,layer3.3.conv3.weight_ch400,1.5389435291290283
layer3.0.conv2.weight,59,layer3.0.conv2.weight_ch59,1.5388537645339966
layer3.5.conv3.weight,915,layer3.5.conv3.weight_ch915,1.5385686159133911
layer3.1.conv2.weight,74,layer3.1.conv2.weight_ch74,1.5384217500686646
layer3.5.conv3.weight,729,layer3.5.conv3.weight_ch729,1.537981629371643
layer3.3.conv3.weight,958,layer3.3.conv3.weight_ch958,1.537854790687561
layer3.2.conv3.weight,746,layer3.2.conv3.weight_ch746,1.5378265380859375
layer3.0.conv3.weight,434,layer3.0.conv3.weight_ch434,1.5378082990646362
layer3.2.conv3.weight,202,layer3.2.conv3.weight_ch202,1.5377163887023926
layer3.4.conv1.weight,151,layer3.4.conv1.weight_ch151,1.537554383277893
layer3.1.conv2.weight,4,layer3.1.conv2.weight_ch4,1.5375540256500244
layer3.2.conv3.weight,239,layer3.2.conv3.weight_ch239,1.5374428033828735
layer3.4.conv3.weight,921,layer3.4.conv3.weight_ch921,1.5374040603637695
layer2.3.conv3.weight,408,layer2.3.conv3.weight_ch408,1.537115216255188
layer3.4.conv3.weight,714,layer3.4.conv3.weight_ch714,1.5367233753204346
layer3.1.conv2.weight,145,layer3.1.conv2.weight_ch145,1.536648154258728
layer4.0.conv3.weight,1881,layer4.0.conv3.weight_ch1881,1.5366159677505493
layer3.2.conv1.weight,8,layer3.2.conv1.weight_ch8,1.536347508430481
layer3.3.conv3.weight,1013,layer3.3.conv3.weight_ch1013,1.5360288619995117
layer3.5.conv3.weight,210,layer3.5.conv3.weight_ch210,1.535995364189148
layer3.4.conv3.weight,517,layer3.4.conv3.weight_ch517,1.5359879732131958
layer3.5.conv3.weight,248,layer3.5.conv3.weight_ch248,1.5358620882034302
layer4.0.conv3.weight,1647,layer4.0.conv3.weight_ch1647,1.5358234643936157
layer3.2.conv3.weight,218,layer3.2.conv3.weight_ch218,1.5357308387756348
layer3.4.conv1.weight,124,layer3.4.conv1.weight_ch124,1.5354772806167603
layer3.4.conv3.weight,294,layer3.4.conv3.weight_ch294,1.5352146625518799
layer3.0.conv3.weight,137,layer3.0.conv3.weight_ch137,1.5351314544677734
layer3.2.conv3.weight,906,layer3.2.conv3.weight_ch906,1.535044550895691
layer3.2.conv3.weight,604,layer3.2.conv3.weight_ch604,1.5350040197372437
layer3.3.conv3.weight,129,layer3.3.conv3.weight_ch129,1.5347368717193604
layer3.2.conv3.weight,130,layer3.2.conv3.weight_ch130,1.5347082614898682
layer3.1.conv2.weight,146,layer3.1.conv2.weight_ch146,1.5345035791397095
layer3.4.conv1.weight,47,layer3.4.conv1.weight_ch47,1.5337321758270264
layer3.4.conv3.weight,758,layer3.4.conv3.weight_ch758,1.5333105325698853
layer3.4.conv1.weight,172,layer3.4.conv1.weight_ch172,1.5331900119781494
layer3.3.conv3.weight,743,layer3.3.conv3.weight_ch743,1.5330841541290283
layer2.3.conv3.weight,164,layer2.3.conv3.weight_ch164,1.5329084396362305
layer3.3.conv3.weight,672,layer3.3.conv3.weight_ch672,1.53248929977417
layer4.0.conv3.weight,121,layer4.0.conv3.weight_ch121,1.5324859619140625
layer3.2.conv3.weight,488,layer3.2.conv3.weight_ch488,1.5324599742889404
layer4.1.conv1.weight,188,layer4.1.conv1.weight_ch188,1.5321550369262695
layer2.3.conv3.weight,19,layer2.3.conv3.weight_ch19,1.5321401357650757
layer4.0.conv3.weight,703,layer4.0.conv3.weight_ch703,1.5320810079574585
layer4.0.conv3.weight,460,layer4.0.conv3.weight_ch460,1.5320063829421997
layer3.4.conv3.weight,384,layer3.4.conv3.weight_ch384,1.5318552255630493
layer3.0.conv3.weight,697,layer3.0.conv3.weight_ch697,1.5317986011505127
layer3.2.conv3.weight,954,layer3.2.conv3.weight_ch954,1.5313845872879028
layer3.5.conv3.weight,241,layer3.5.conv3.weight_ch241,1.5313631296157837
layer3.4.conv3.weight,937,layer3.4.conv3.weight_ch937,1.5311532020568848
layer3.5.conv3.weight,368,layer3.5.conv3.weight_ch368,1.5310161113739014
layer3.5.conv3.weight,628,layer3.5.conv3.weight_ch628,1.5302643775939941
layer4.1.conv1.weight,322,layer4.1.conv1.weight_ch322,1.5297962427139282
layer3.0.conv3.weight,701,layer3.0.conv3.weight_ch701,1.5293288230895996
layer3.0.conv3.weight,693,layer3.0.conv3.weight_ch693,1.5290656089782715
layer3.5.conv3.weight,813,layer3.5.conv3.weight_ch813,1.528993844985962
layer2.3.conv3.weight,115,layer2.3.conv3.weight_ch115,1.528552770614624
layer3.4.conv3.weight,597,layer3.4.conv3.weight_ch597,1.5283087491989136
layer3.3.conv3.weight,639,layer3.3.conv3.weight_ch639,1.528181791305542
layer3.5.conv3.weight,719,layer3.5.conv3.weight_ch719,1.5280781984329224
layer4.1.conv1.weight,142,layer4.1.conv1.weight_ch142,1.5280582904815674
layer3.0.conv3.weight,731,layer3.0.conv3.weight_ch731,1.527423620223999
layer4.1.conv1.weight,310,layer4.1.conv1.weight_ch310,1.5272403955459595
layer3.5.conv3.weight,427,layer3.5.conv3.weight_ch427,1.5265806913375854
layer3.5.conv3.weight,277,layer3.5.conv3.weight_ch277,1.5257446765899658
layer3.5.conv3.weight,1013,layer3.5.conv3.weight_ch1013,1.5253584384918213
layer3.4.conv3.weight,301,layer3.4.conv3.weight_ch301,1.525024652481079
layer3.3.conv3.weight,463,layer3.3.conv3.weight_ch463,1.524643063545227
layer4.0.conv3.weight,943,layer4.0.conv3.weight_ch943,1.5244038105010986
layer4.0.conv3.weight,771,layer4.0.conv3.weight_ch771,1.5242431163787842
layer3.0.conv3.weight,315,layer3.0.conv3.weight_ch315,1.5240960121154785
layer3.3.conv3.weight,938,layer3.3.conv3.weight_ch938,1.5236248970031738
layer3.1.conv2.weight,36,layer3.1.conv2.weight_ch36,1.5235493183135986
layer3.1.conv2.weight,177,layer3.1.conv2.weight_ch177,1.5230836868286133
layer3.0.conv3.weight,485,layer3.0.conv3.weight_ch485,1.5228310823440552
layer2.3.conv2.weight,23,layer2.3.conv2.weight_ch23,1.522579550743103
layer4.0.conv3.weight,995,layer4.0.conv3.weight_ch995,1.522335410118103
layer4.0.conv3.weight,308,layer4.0.conv3.weight_ch308,1.5222605466842651
layer4.0.conv3.weight,1805,layer4.0.conv3.weight_ch1805,1.5220391750335693
layer4.0.conv3.weight,1832,layer4.0.conv3.weight_ch1832,1.5220295190811157
layer4.0.conv3.weight,1477,layer4.0.conv3.weight_ch1477,1.5220009088516235
layer3.2.conv3.weight,112,layer3.2.conv3.weight_ch112,1.5218464136123657
layer3.5.conv3.weight,567,layer3.5.conv3.weight_ch567,1.5217750072479248
layer3.2.conv1.weight,74,layer3.2.conv1.weight_ch74,1.5215177536010742
layer3.2.conv3.weight,953,layer3.2.conv3.weight_ch953,1.5212384462356567
layer4.0.conv3.weight,448,layer4.0.conv3.weight_ch448,1.5209083557128906
layer3.3.conv3.weight,124,layer3.3.conv3.weight_ch124,1.5205438137054443
layer3.1.conv2.weight,94,layer3.1.conv2.weight_ch94,1.5202335119247437
layer3.0.conv3.weight,313,layer3.0.conv3.weight_ch313,1.5200824737548828
layer4.0.conv3.weight,661,layer4.0.conv3.weight_ch661,1.5197516679763794
layer3.0.conv3.weight,337,layer3.0.conv3.weight_ch337,1.51953125
layer3.4.conv3.weight,953,layer3.4.conv3.weight_ch953,1.5190421342849731
layer4.0.conv3.weight,1544,layer4.0.conv3.weight_ch1544,1.519014835357666
layer3.4.conv3.weight,289,layer3.4.conv3.weight_ch289,1.5190105438232422
layer3.4.conv1.weight,88,layer3.4.conv1.weight_ch88,1.5188558101654053
layer4.0.conv3.weight,1113,layer4.0.conv3.weight_ch1113,1.518807053565979
layer3.2.conv3.weight,353,layer3.2.conv3.weight_ch353,1.5186785459518433
layer2.3.conv3.weight,498,layer2.3.conv3.weight_ch498,1.5183981657028198
layer4.0.conv3.weight,553,layer4.0.conv3.weight_ch553,1.518241047859192
layer3.1.conv2.weight,102,layer3.1.conv2.weight_ch102,1.5182247161865234
layer4.0.conv3.weight,514,layer4.0.conv3.weight_ch514,1.5175431966781616
layer3.2.conv3.weight,485,layer3.2.conv3.weight_ch485,1.5174014568328857
layer3.4.conv1.weight,93,layer3.4.conv1.weight_ch93,1.51734459400177
layer4.0.conv3.weight,684,layer4.0.conv3.weight_ch684,1.516814112663269
layer3.2.conv1.weight,220,layer3.2.conv1.weight_ch220,1.5167547464370728
layer3.0.conv3.weight,152,layer3.0.conv3.weight_ch152,1.5166640281677246
layer3.4.conv3.weight,141,layer3.4.conv3.weight_ch141,1.5165969133377075
layer4.1.conv1.weight,87,layer4.1.conv1.weight_ch87,1.5161253213882446
layer4.1.conv1.weight,43,layer4.1.conv1.weight_ch43,1.5158841609954834
layer3.5.conv3.weight,635,layer3.5.conv3.weight_ch635,1.515395164489746
layer3.4.conv3.weight,452,layer3.4.conv3.weight_ch452,1.514939546585083
layer3.5.conv3.weight,343,layer3.5.conv3.weight_ch343,1.514614462852478
layer4.0.conv3.weight,1043,layer4.0.conv3.weight_ch1043,1.5141868591308594
layer3.4.conv1.weight,36,layer3.4.conv1.weight_ch36,1.5140255689620972
layer3.4.conv3.weight,89,layer3.4.conv3.weight_ch89,1.5137827396392822
layer3.0.conv3.weight,644,layer3.0.conv3.weight_ch644,1.5137603282928467
layer3.5.conv3.weight,78,layer3.5.conv3.weight_ch78,1.5130493640899658
layer3.2.conv3.weight,794,layer3.2.conv3.weight_ch794,1.5129871368408203
layer4.1.conv1.weight,124,layer4.1.conv1.weight_ch124,1.5128414630889893
layer3.4.conv1.weight,238,layer3.4.conv1.weight_ch238,1.5128344297409058
layer3.2.conv3.weight,830,layer3.2.conv3.weight_ch830,1.5127897262573242
layer3.3.conv3.weight,738,layer3.3.conv3.weight_ch738,1.5126519203186035
layer3.4.conv3.weight,44,layer3.4.conv3.weight_ch44,1.512618064880371
layer3.3.conv3.weight,286,layer3.3.conv3.weight_ch286,1.5121114253997803
layer3.2.conv1.weight,1,layer3.2.conv1.weight_ch1,1.5116442441940308
layer3.0.conv3.weight,456,layer3.0.conv3.weight_ch456,1.5112767219543457
layer3.0.conv3.weight,931,layer3.0.conv3.weight_ch931,1.5107462406158447
layer4.1.conv1.weight,48,layer4.1.conv1.weight_ch48,1.5107388496398926
layer4.0.conv3.weight,1873,layer4.0.conv3.weight_ch1873,1.5104494094848633
layer4.0.conv3.weight,38,layer4.0.conv3.weight_ch38,1.510439157485962
layer3.4.conv3.weight,86,layer3.4.conv3.weight_ch86,1.510396957397461
layer3.2.conv3.weight,936,layer3.2.conv3.weight_ch936,1.5102462768554688
layer3.2.conv1.weight,242,layer3.2.conv1.weight_ch242,1.5096876621246338
layer2.3.conv3.weight,487,layer2.3.conv3.weight_ch487,1.5095100402832031
layer4.0.conv3.weight,284,layer4.0.conv3.weight_ch284,1.509329080581665
layer3.5.conv3.weight,933,layer3.5.conv3.weight_ch933,1.5092718601226807
layer3.0.conv3.weight,535,layer3.0.conv3.weight_ch535,1.5092414617538452
layer3.0.conv3.weight,519,layer3.0.conv3.weight_ch519,1.5092350244522095
layer3.0.conv3.weight,521,layer3.0.conv3.weight_ch521,1.5091983079910278
layer3.4.conv3.weight,340,layer3.4.conv3.weight_ch340,1.5091750621795654
layer4.0.conv3.weight,871,layer4.0.conv3.weight_ch871,1.5091311931610107
layer3.5.conv3.weight,498,layer3.5.conv3.weight_ch498,1.5085628032684326
layer4.0.conv3.weight,1781,layer4.0.conv3.weight_ch1781,1.5083022117614746
layer2.3.conv3.weight,11,layer2.3.conv3.weight_ch11,1.5081608295440674
layer4.0.conv3.weight,1465,layer4.0.conv3.weight_ch1465,1.5080796480178833
layer3.2.conv3.weight,724,layer3.2.conv3.weight_ch724,1.5080400705337524
layer2.0.conv1.weight,8,layer2.0.conv1.weight_ch8,1.507885456085205
layer4.1.conv1.weight,418,layer4.1.conv1.weight_ch418,1.507857084274292
layer3.4.conv3.weight,787,layer3.4.conv3.weight_ch787,1.5075078010559082
layer3.4.conv3.weight,58,layer3.4.conv3.weight_ch58,1.5071539878845215
layer3.0.conv2.weight,107,layer3.0.conv2.weight_ch107,1.5070500373840332
layer3.4.conv3.weight,940,layer3.4.conv3.weight_ch940,1.506880760192871
layer4.0.conv3.weight,329,layer4.0.conv3.weight_ch329,1.5067214965820312
layer4.0.conv3.weight,2042,layer4.0.conv3.weight_ch2042,1.5066688060760498
layer2.3.conv3.weight,97,layer2.3.conv3.weight_ch97,1.5065749883651733
layer3.5.conv3.weight,309,layer3.5.conv3.weight_ch309,1.5065354108810425
layer4.0.conv3.weight,506,layer4.0.conv3.weight_ch506,1.5063791275024414
layer4.0.conv3.weight,983,layer4.0.conv3.weight_ch983,1.5058562755584717
layer3.4.conv3.weight,308,layer3.4.conv3.weight_ch308,1.5055924654006958
layer3.5.conv3.weight,990,layer3.5.conv3.weight_ch990,1.505510926246643
layer3.0.conv3.weight,484,layer3.0.conv3.weight_ch484,1.5054376125335693
layer3.0.conv3.weight,409,layer3.0.conv3.weight_ch409,1.5054329633712769
layer3.5.conv3.weight,770,layer3.5.conv3.weight_ch770,1.5049457550048828
layer3.1.conv2.weight,250,layer3.1.conv2.weight_ch250,1.5035585165023804
layer4.1.conv1.weight,195,layer4.1.conv1.weight_ch195,1.503475308418274
layer3.4.conv3.weight,705,layer3.4.conv3.weight_ch705,1.5033483505249023
layer4.0.conv3.weight,1192,layer4.0.conv3.weight_ch1192,1.5031707286834717
layer3.5.conv3.weight,220,layer3.5.conv3.weight_ch220,1.5029460191726685
layer4.0.conv3.weight,823,layer4.0.conv3.weight_ch823,1.5029356479644775
layer4.0.conv3.weight,758,layer4.0.conv3.weight_ch758,1.5021685361862183
layer3.4.conv3.weight,733,layer3.4.conv3.weight_ch733,1.5020169019699097
layer3.5.conv3.weight,655,layer3.5.conv3.weight_ch655,1.501950979232788
layer3.2.conv1.weight,81,layer3.2.conv1.weight_ch81,1.5015060901641846
layer4.0.conv3.weight,692,layer4.0.conv3.weight_ch692,1.5012667179107666
layer3.0.conv3.weight,721,layer3.0.conv3.weight_ch721,1.5010648965835571
layer3.5.conv3.weight,910,layer3.5.conv3.weight_ch910,1.5010613203048706
layer3.3.conv3.weight,563,layer3.3.conv3.weight_ch563,1.5006978511810303
layer3.0.conv3.weight,786,layer3.0.conv3.weight_ch786,1.5006687641143799
layer3.2.conv3.weight,490,layer3.2.conv3.weight_ch490,1.5003235340118408
layer2.3.conv3.weight,54,layer2.3.conv3.weight_ch54,1.499916911125183
layer4.0.conv3.weight,179,layer4.0.conv3.weight_ch179,1.4997470378875732
layer4.0.conv3.weight,501,layer4.0.conv3.weight_ch501,1.4997326135635376
layer4.1.conv1.weight,302,layer4.1.conv1.weight_ch302,1.499586820602417
layer3.5.conv3.weight,789,layer3.5.conv3.weight_ch789,1.4993531703948975
layer3.0.conv3.weight,150,layer3.0.conv3.weight_ch150,1.4992979764938354
layer3.2.conv3.weight,981,layer3.2.conv3.weight_ch981,1.4991737604141235
layer3.0.conv3.weight,63,layer3.0.conv3.weight_ch63,1.4991689920425415
layer3.4.conv3.weight,717,layer3.4.conv3.weight_ch717,1.499046802520752
layer3.5.conv3.weight,659,layer3.5.conv3.weight_ch659,1.4990333318710327
layer4.0.conv3.weight,1001,layer4.0.conv3.weight_ch1001,1.498877763748169
layer3.3.conv3.weight,674,layer3.3.conv3.weight_ch674,1.4988667964935303
layer3.4.conv3.weight,1011,layer3.4.conv3.weight_ch1011,1.4985804557800293
layer3.5.conv3.weight,1011,layer3.5.conv3.weight_ch1011,1.4977809190750122
layer3.4.conv3.weight,948,layer3.4.conv3.weight_ch948,1.4977535009384155
layer3.0.conv2.weight,31,layer3.0.conv2.weight_ch31,1.497530460357666
layer3.4.conv3.weight,319,layer3.4.conv3.weight_ch319,1.4974334239959717
layer4.0.conv3.weight,1927,layer4.0.conv3.weight_ch1927,1.4970272779464722
layer3.2.conv3.weight,808,layer3.2.conv3.weight_ch808,1.4969148635864258
layer3.2.conv3.weight,505,layer3.2.conv3.weight_ch505,1.496570110321045
layer3.2.conv3.weight,252,layer3.2.conv3.weight_ch252,1.496463418006897
layer3.3.conv3.weight,15,layer3.3.conv3.weight_ch15,1.496081829071045
layer3.4.conv3.weight,721,layer3.4.conv3.weight_ch721,1.495743989944458
layer4.0.conv3.weight,229,layer4.0.conv3.weight_ch229,1.4956380128860474
layer3.2.conv3.weight,306,layer3.2.conv3.weight_ch306,1.4952629804611206
layer3.3.conv3.weight,264,layer3.3.conv3.weight_ch264,1.495198369026184
layer3.4.conv3.weight,193,layer3.4.conv3.weight_ch193,1.4951963424682617
layer4.0.conv3.weight,1111,layer4.0.conv3.weight_ch1111,1.4950675964355469
layer4.0.conv3.weight,963,layer4.0.conv3.weight_ch963,1.49476957321167
layer3.5.conv3.weight,843,layer3.5.conv3.weight_ch843,1.4945645332336426
layer3.0.conv2.weight,64,layer3.0.conv2.weight_ch64,1.4939662218093872
layer3.5.conv3.weight,3,layer3.5.conv3.weight_ch3,1.4937410354614258
layer4.0.conv3.weight,110,layer4.0.conv3.weight_ch110,1.4936299324035645
layer4.0.conv3.weight,1629,layer4.0.conv3.weight_ch1629,1.493301272392273
layer3.5.conv3.weight,243,layer3.5.conv3.weight_ch243,1.493099570274353
layer4.1.conv1.weight,146,layer4.1.conv1.weight_ch146,1.4918107986450195
layer3.3.conv3.weight,833,layer3.3.conv3.weight_ch833,1.4915273189544678
layer2.3.conv3.weight,322,layer2.3.conv3.weight_ch322,1.4915035963058472
layer3.0.conv3.weight,920,layer3.0.conv3.weight_ch920,1.491483211517334
layer3.5.conv3.weight,554,layer3.5.conv3.weight_ch554,1.4911091327667236
layer3.3.conv3.weight,155,layer3.3.conv3.weight_ch155,1.4908092021942139
layer3.0.conv2.weight,166,layer3.0.conv2.weight_ch166,1.4907684326171875
layer3.4.conv3.weight,263,layer3.4.conv3.weight_ch263,1.4907543659210205
layer3.5.conv3.weight,515,layer3.5.conv3.weight_ch515,1.4905390739440918
layer3.2.conv3.weight,778,layer3.2.conv3.weight_ch778,1.490370512008667
layer4.0.conv3.weight,1529,layer4.0.conv3.weight_ch1529,1.4902985095977783
layer3.4.conv3.weight,841,layer3.4.conv3.weight_ch841,1.4902867078781128
layer3.0.conv3.weight,612,layer3.0.conv3.weight_ch612,1.490143060684204
layer4.0.conv3.weight,611,layer4.0.conv3.weight_ch611,1.4901182651519775
layer3.5.conv3.weight,878,layer3.5.conv3.weight_ch878,1.489120602607727
layer4.1.conv1.weight,350,layer4.1.conv1.weight_ch350,1.489112377166748
layer4.0.conv3.weight,463,layer4.0.conv3.weight_ch463,1.4887454509735107
layer3.4.conv3.weight,820,layer3.4.conv3.weight_ch820,1.4886901378631592
layer3.5.conv3.weight,711,layer3.5.conv3.weight_ch711,1.4876811504364014
layer3.0.conv3.weight,778,layer3.0.conv3.weight_ch778,1.4875115156173706
layer3.0.conv3.weight,93,layer3.0.conv3.weight_ch93,1.4874907732009888
layer3.0.conv3.weight,782,layer3.0.conv3.weight_ch782,1.4874091148376465
layer3.2.conv3.weight,890,layer3.2.conv3.weight_ch890,1.4871140718460083
layer3.4.conv3.weight,299,layer3.4.conv3.weight_ch299,1.4868067502975464
layer3.3.conv3.weight,610,layer3.3.conv3.weight_ch610,1.4857549667358398
layer3.4.conv3.weight,986,layer3.4.conv3.weight_ch986,1.4853723049163818
layer3.0.conv3.weight,755,layer3.0.conv3.weight_ch755,1.4851866960525513
layer4.0.conv3.weight,1590,layer4.0.conv3.weight_ch1590,1.4851651191711426
layer4.0.conv3.weight,954,layer4.0.conv3.weight_ch954,1.4849350452423096
layer3.5.conv3.weight,126,layer3.5.conv3.weight_ch126,1.4847913980484009
layer3.2.conv3.weight,170,layer3.2.conv3.weight_ch170,1.4841489791870117
layer3.4.conv3.weight,586,layer3.4.conv3.weight_ch586,1.4841057062149048
layer4.0.conv3.weight,1728,layer4.0.conv3.weight_ch1728,1.484040379524231
layer3.0.conv3.weight,927,layer3.0.conv3.weight_ch927,1.483923077583313
layer3.5.conv3.weight,721,layer3.5.conv3.weight_ch721,1.4835776090621948
layer3.2.conv3.weight,225,layer3.2.conv3.weight_ch225,1.483519434928894
layer3.3.conv3.weight,996,layer3.3.conv3.weight_ch996,1.4830448627471924
layer2.3.conv3.weight,389,layer2.3.conv3.weight_ch389,1.4830056428909302
layer3.0.conv3.weight,428,layer3.0.conv3.weight_ch428,1.482956051826477
layer2.3.conv2.weight,120,layer2.3.conv2.weight_ch120,1.4829049110412598
layer3.5.conv3.weight,658,layer3.5.conv3.weight_ch658,1.482739806175232
layer3.0.conv3.weight,499,layer3.0.conv3.weight_ch499,1.4821733236312866
layer3.0.conv3.weight,325,layer3.0.conv3.weight_ch325,1.4819626808166504
layer3.0.conv3.weight,867,layer3.0.conv3.weight_ch867,1.4818047285079956
layer3.0.conv3.weight,702,layer3.0.conv3.weight_ch702,1.4815080165863037
layer2.3.conv3.weight,159,layer2.3.conv3.weight_ch159,1.4814131259918213
layer3.1.conv2.weight,138,layer3.1.conv2.weight_ch138,1.4813199043273926
layer3.4.conv3.weight,475,layer3.4.conv3.weight_ch475,1.48060941696167
layer3.5.conv3.weight,646,layer3.5.conv3.weight_ch646,1.4802789688110352
layer3.4.conv3.weight,645,layer3.4.conv3.weight_ch645,1.480218768119812
layer3.5.conv3.weight,83,layer3.5.conv3.weight_ch83,1.4800386428833008
layer3.1.conv2.weight,77,layer3.1.conv2.weight_ch77,1.4799282550811768
layer3.0.conv3.weight,880,layer3.0.conv3.weight_ch880,1.479573369026184
layer3.2.conv3.weight,176,layer3.2.conv3.weight_ch176,1.4793318510055542
layer4.0.conv3.weight,1619,layer4.0.conv3.weight_ch1619,1.4789979457855225
layer3.3.conv3.weight,202,layer3.3.conv3.weight_ch202,1.478806495666504
layer2.0.conv1.weight,99,layer2.0.conv1.weight_ch99,1.4780243635177612
layer3.3.conv3.weight,887,layer3.3.conv3.weight_ch887,1.4774640798568726
layer3.0.conv3.weight,99,layer3.0.conv3.weight_ch99,1.4772870540618896
layer3.2.conv3.weight,116,layer3.2.conv3.weight_ch116,1.4772322177886963
layer3.4.conv3.weight,623,layer3.4.conv3.weight_ch623,1.4771673679351807
layer3.5.conv3.weight,20,layer3.5.conv3.weight_ch20,1.476957082748413
layer3.2.conv3.weight,613,layer3.2.conv3.weight_ch613,1.4766663312911987
layer2.3.conv3.weight,386,layer2.3.conv3.weight_ch386,1.4766243696212769
layer3.3.conv3.weight,63,layer3.3.conv3.weight_ch63,1.476274847984314
layer3.2.conv3.weight,748,layer3.2.conv3.weight_ch748,1.476138949394226
layer3.5.conv3.weight,999,layer3.5.conv3.weight_ch999,1.4761178493499756
layer3.5.conv3.weight,784,layer3.5.conv3.weight_ch784,1.4760710000991821
layer4.0.conv3.weight,928,layer4.0.conv3.weight_ch928,1.4758381843566895
layer3.4.conv3.weight,605,layer3.4.conv3.weight_ch605,1.475743055343628
layer3.0.conv2.weight,97,layer3.0.conv2.weight_ch97,1.4756453037261963
layer4.0.conv3.weight,1801,layer4.0.conv3.weight_ch1801,1.4755713939666748
layer3.4.conv3.weight,331,layer3.4.conv3.weight_ch331,1.4751478433609009
layer3.2.conv3.weight,401,layer3.2.conv3.weight_ch401,1.475048303604126
layer4.0.conv3.weight,699,layer4.0.conv3.weight_ch699,1.474709391593933
layer3.3.conv3.weight,702,layer3.3.conv3.weight_ch702,1.4746320247650146
layer3.0.conv3.weight,241,layer3.0.conv3.weight_ch241,1.474035620689392
layer3.0.conv3.weight,248,layer3.0.conv3.weight_ch248,1.4739176034927368
layer2.3.conv2.weight,112,layer2.3.conv2.weight_ch112,1.473823070526123
layer4.0.conv3.weight,1264,layer4.0.conv3.weight_ch1264,1.4738004207611084
layer3.1.conv2.weight,76,layer3.1.conv2.weight_ch76,1.473763108253479
layer3.0.conv3.weight,802,layer3.0.conv3.weight_ch802,1.473258137702942
layer4.0.conv3.weight,663,layer4.0.conv3.weight_ch663,1.4731751680374146
layer3.3.conv3.weight,745,layer3.3.conv3.weight_ch745,1.4731547832489014
layer3.2.conv3.weight,531,layer3.2.conv3.weight_ch531,1.4730994701385498
layer2.3.conv2.weight,38,layer2.3.conv2.weight_ch38,1.4728739261627197
layer3.4.conv3.weight,641,layer3.4.conv3.weight_ch641,1.4728178977966309
layer3.5.conv3.weight,786,layer3.5.conv3.weight_ch786,1.472580909729004
layer3.3.conv3.weight,417,layer3.3.conv3.weight_ch417,1.4719663858413696
layer3.4.conv3.weight,742,layer3.4.conv3.weight_ch742,1.4717035293579102
layer3.5.conv3.weight,491,layer3.5.conv3.weight_ch491,1.4715068340301514
layer3.2.conv3.weight,822,layer3.2.conv3.weight_ch822,1.4712486267089844
layer2.3.conv3.weight,407,layer2.3.conv3.weight_ch407,1.4709415435791016
layer2.3.conv3.weight,6,layer2.3.conv3.weight_ch6,1.4709230661392212
layer4.0.conv3.weight,1507,layer4.0.conv3.weight_ch1507,1.4699794054031372
layer3.3.conv3.weight,94,layer3.3.conv3.weight_ch94,1.4697265625
layer3.3.conv3.weight,912,layer3.3.conv3.weight_ch912,1.4695897102355957
layer3.0.conv3.weight,835,layer3.0.conv3.weight_ch835,1.4695770740509033
layer3.5.conv3.weight,553,layer3.5.conv3.weight_ch553,1.469525694847107
layer3.2.conv3.weight,710,layer3.2.conv3.weight_ch710,1.4694558382034302
layer4.0.conv3.weight,887,layer4.0.conv3.weight_ch887,1.469152808189392
layer3.1.conv2.weight,107,layer3.1.conv2.weight_ch107,1.4690675735473633
layer3.5.conv3.weight,432,layer3.5.conv3.weight_ch432,1.4690626859664917
layer3.5.conv3.weight,495,layer3.5.conv3.weight_ch495,1.4688565731048584
layer3.5.conv3.weight,968,layer3.5.conv3.weight_ch968,1.4688178300857544
layer3.4.conv3.weight,932,layer3.4.conv3.weight_ch932,1.4687875509262085
layer3.5.conv3.weight,652,layer3.5.conv3.weight_ch652,1.4684712886810303
layer3.1.conv2.weight,6,layer3.1.conv2.weight_ch6,1.468092679977417
layer4.0.conv3.weight,1949,layer4.0.conv3.weight_ch1949,1.467639684677124
layer3.0.conv3.weight,132,layer3.0.conv3.weight_ch132,1.4676350355148315
layer3.4.conv3.weight,332,layer3.4.conv3.weight_ch332,1.4670792818069458
layer3.5.conv3.weight,642,layer3.5.conv3.weight_ch642,1.4670329093933105
layer2.3.conv3.weight,336,layer2.3.conv3.weight_ch336,1.4662361145019531
layer3.5.conv3.weight,494,layer3.5.conv3.weight_ch494,1.4657431840896606
layer3.2.conv3.weight,529,layer3.2.conv3.weight_ch529,1.4654775857925415
layer4.1.conv1.weight,77,layer4.1.conv1.weight_ch77,1.4654150009155273
layer2.3.conv3.weight,174,layer2.3.conv3.weight_ch174,1.4653854370117188
layer4.0.conv3.weight,1861,layer4.0.conv3.weight_ch1861,1.465104103088379
layer3.2.conv3.weight,247,layer3.2.conv3.weight_ch247,1.4650940895080566
layer3.3.conv3.weight,336,layer3.3.conv3.weight_ch336,1.4650243520736694
layer2.3.conv2.weight,79,layer2.3.conv2.weight_ch79,1.4649688005447388
layer3.1.conv2.weight,211,layer3.1.conv2.weight_ch211,1.4645441770553589
layer3.3.conv3.weight,888,layer3.3.conv3.weight_ch888,1.4644421339035034
layer3.2.conv3.weight,569,layer3.2.conv3.weight_ch569,1.4644196033477783
layer2.3.conv3.weight,310,layer2.3.conv3.weight_ch310,1.4642703533172607
layer2.3.conv3.weight,400,layer2.3.conv3.weight_ch400,1.4638574123382568
layer4.0.conv3.weight,1494,layer4.0.conv3.weight_ch1494,1.4632329940795898
layer3.2.conv3.weight,25,layer3.2.conv3.weight_ch25,1.4628911018371582
layer3.0.conv3.weight,584,layer3.0.conv3.weight_ch584,1.462756633758545
layer2.3.conv3.weight,181,layer2.3.conv3.weight_ch181,1.4623637199401855
layer2.3.conv3.weight,344,layer2.3.conv3.weight_ch344,1.4622820615768433
layer3.2.conv3.weight,289,layer3.2.conv3.weight_ch289,1.4621696472167969
layer3.0.conv3.weight,741,layer3.0.conv3.weight_ch741,1.4618576765060425
layer4.0.conv3.weight,258,layer4.0.conv3.weight_ch258,1.4617748260498047
layer3.2.conv1.weight,63,layer3.2.conv1.weight_ch63,1.4616031646728516
layer4.0.conv3.weight,1475,layer4.0.conv3.weight_ch1475,1.4613791704177856
layer4.0.conv3.weight,1323,layer4.0.conv3.weight_ch1323,1.4611337184906006
layer3.3.conv3.weight,819,layer3.3.conv3.weight_ch819,1.4610767364501953
layer4.1.conv1.weight,117,layer4.1.conv1.weight_ch117,1.4609280824661255
layer3.4.conv3.weight,594,layer3.4.conv3.weight_ch594,1.4608532190322876
layer3.0.conv3.weight,812,layer3.0.conv3.weight_ch812,1.4604778289794922
layer1.1.conv1.weight,52,layer1.1.conv1.weight_ch52,1.460417628288269
layer4.0.conv3.weight,923,layer4.0.conv3.weight_ch923,1.46035897731781
layer3.4.conv3.weight,897,layer3.4.conv3.weight_ch897,1.4601716995239258
layer3.4.conv1.weight,174,layer3.4.conv1.weight_ch174,1.4597628116607666
layer3.0.conv3.weight,370,layer3.0.conv3.weight_ch370,1.4595625400543213
layer3.4.conv3.weight,659,layer3.4.conv3.weight_ch659,1.4593584537506104
layer3.4.conv3.weight,379,layer3.4.conv3.weight_ch379,1.459283709526062
layer3.0.conv3.weight,678,layer3.0.conv3.weight_ch678,1.4590314626693726
layer4.0.conv3.weight,1409,layer4.0.conv3.weight_ch1409,1.4589295387268066
layer3.2.conv3.weight,305,layer3.2.conv3.weight_ch305,1.4581489562988281
layer3.4.conv3.weight,538,layer3.4.conv3.weight_ch538,1.4578006267547607
layer3.5.conv3.weight,545,layer3.5.conv3.weight_ch545,1.4577780961990356
layer3.2.conv3.weight,837,layer3.2.conv3.weight_ch837,1.4575313329696655
layer3.3.conv3.weight,448,layer3.3.conv3.weight_ch448,1.4573802947998047
layer3.0.conv3.weight,16,layer3.0.conv3.weight_ch16,1.4572350978851318
layer3.4.conv3.weight,738,layer3.4.conv3.weight_ch738,1.456873893737793
layer3.2.conv3.weight,542,layer3.2.conv3.weight_ch542,1.4565834999084473
layer3.3.conv3.weight,308,layer3.3.conv3.weight_ch308,1.456486701965332
layer3.5.conv3.weight,238,layer3.5.conv3.weight_ch238,1.4563502073287964
layer3.0.conv3.weight,968,layer3.0.conv3.weight_ch968,1.4562129974365234
layer3.2.conv1.weight,53,layer3.2.conv1.weight_ch53,1.456116795539856
layer3.5.conv3.weight,500,layer3.5.conv3.weight_ch500,1.4557902812957764
layer3.4.conv3.weight,621,layer3.4.conv3.weight_ch621,1.4552524089813232
layer3.3.conv3.weight,527,layer3.3.conv3.weight_ch527,1.4552099704742432
layer3.2.conv3.weight,389,layer3.2.conv3.weight_ch389,1.4551782608032227
layer4.1.conv1.weight,356,layer4.1.conv1.weight_ch356,1.4548759460449219
layer3.3.conv3.weight,184,layer3.3.conv3.weight_ch184,1.4537501335144043
layer4.0.conv3.weight,69,layer4.0.conv3.weight_ch69,1.4528053998947144
layer4.0.conv3.weight,654,layer4.0.conv3.weight_ch654,1.4525713920593262
layer3.0.conv3.weight,829,layer3.0.conv3.weight_ch829,1.4523203372955322
layer3.2.conv3.weight,180,layer3.2.conv3.weight_ch180,1.4522541761398315
layer3.0.conv3.weight,363,layer3.0.conv3.weight_ch363,1.4522258043289185
layer3.5.conv3.weight,993,layer3.5.conv3.weight_ch993,1.4519174098968506
layer3.2.conv3.weight,533,layer3.2.conv3.weight_ch533,1.451608419418335
layer2.3.conv3.weight,477,layer2.3.conv3.weight_ch477,1.4513487815856934
layer3.3.conv3.weight,161,layer3.3.conv3.weight_ch161,1.4512189626693726
layer3.3.conv3.weight,383,layer3.3.conv3.weight_ch383,1.4511631727218628
layer2.3.conv3.weight,364,layer2.3.conv3.weight_ch364,1.4510632753372192
layer3.4.conv3.weight,748,layer3.4.conv3.weight_ch748,1.4503288269042969
layer2.3.conv3.weight,361,layer2.3.conv3.weight_ch361,1.4503235816955566
layer3.4.conv3.weight,531,layer3.4.conv3.weight_ch531,1.4500893354415894
layer3.3.conv3.weight,956,layer3.3.conv3.weight_ch956,1.4496488571166992
layer3.3.conv3.weight,558,layer3.3.conv3.weight_ch558,1.4492689371109009
layer3.0.conv3.weight,162,layer3.0.conv3.weight_ch162,1.4486671686172485
layer3.4.conv3.weight,20,layer3.4.conv3.weight_ch20,1.448630928993225
layer3.0.conv2.weight,171,layer3.0.conv2.weight_ch171,1.4481940269470215
layer3.0.conv3.weight,783,layer3.0.conv3.weight_ch783,1.4480836391448975
layer3.0.conv3.weight,817,layer3.0.conv3.weight_ch817,1.4473695755004883
layer1.1.conv1.weight,59,layer1.1.conv1.weight_ch59,1.4473639726638794
layer3.4.conv3.weight,406,layer3.4.conv3.weight_ch406,1.4468961954116821
layer3.2.conv3.weight,209,layer3.2.conv3.weight_ch209,1.4468039274215698
layer3.0.conv3.weight,685,layer3.0.conv3.weight_ch685,1.4466893672943115
layer3.4.conv1.weight,85,layer3.4.conv1.weight_ch85,1.4464147090911865
layer4.0.conv3.weight,283,layer4.0.conv3.weight_ch283,1.4461818933486938
layer4.0.conv3.weight,1336,layer4.0.conv3.weight_ch1336,1.446069359779358
layer3.2.conv3.weight,67,layer3.2.conv3.weight_ch67,1.4460476636886597
layer3.0.conv2.weight,245,layer3.0.conv2.weight_ch245,1.4460417032241821
layer3.2.conv3.weight,118,layer3.2.conv3.weight_ch118,1.4459729194641113
layer3.1.conv2.weight,175,layer3.1.conv2.weight_ch175,1.4459567070007324
layer4.0.conv3.weight,1431,layer4.0.conv3.weight_ch1431,1.4458447694778442
layer3.3.conv3.weight,752,layer3.3.conv3.weight_ch752,1.4457662105560303
layer2.3.conv3.weight,494,layer2.3.conv3.weight_ch494,1.44574773311615
layer2.3.conv3.weight,152,layer2.3.conv3.weight_ch152,1.4455164670944214
layer4.0.conv3.weight,256,layer4.0.conv3.weight_ch256,1.445061445236206
layer4.0.conv3.weight,1789,layer4.0.conv3.weight_ch1789,1.4450421333312988
layer3.2.conv1.weight,197,layer3.2.conv1.weight_ch197,1.4443951845169067
layer3.3.conv3.weight,171,layer3.3.conv3.weight_ch171,1.4443907737731934
layer3.3.conv3.weight,110,layer3.3.conv3.weight_ch110,1.444155216217041
layer4.0.conv3.weight,1473,layer4.0.conv3.weight_ch1473,1.4439400434494019
layer4.0.conv3.weight,452,layer4.0.conv3.weight_ch452,1.4438596963882446
layer3.2.conv3.weight,975,layer3.2.conv3.weight_ch975,1.4437384605407715
layer3.2.conv3.weight,939,layer3.2.conv3.weight_ch939,1.4431302547454834
layer4.0.conv3.weight,430,layer4.0.conv3.weight_ch430,1.4430642127990723
layer3.4.conv3.weight,396,layer3.4.conv3.weight_ch396,1.4426153898239136
layer3.3.conv3.weight,896,layer3.3.conv3.weight_ch896,1.4426031112670898
layer3.0.conv3.weight,573,layer3.0.conv3.weight_ch573,1.442328929901123
layer3.0.conv3.weight,14,layer3.0.conv3.weight_ch14,1.441229224205017
layer3.5.conv3.weight,745,layer3.5.conv3.weight_ch745,1.4404830932617188
layer3.3.conv3.weight,794,layer3.3.conv3.weight_ch794,1.4404096603393555
layer4.0.conv3.weight,1638,layer4.0.conv3.weight_ch1638,1.4400694370269775
layer3.5.conv3.weight,412,layer3.5.conv3.weight_ch412,1.440060019493103
layer4.0.conv3.weight,44,layer4.0.conv3.weight_ch44,1.4395623207092285
layer3.4.conv3.weight,511,layer3.4.conv3.weight_ch511,1.4392051696777344
layer3.0.conv3.weight,884,layer3.0.conv3.weight_ch884,1.4390673637390137
layer3.4.conv3.weight,144,layer3.4.conv3.weight_ch144,1.4390244483947754
layer3.2.conv3.weight,121,layer3.2.conv3.weight_ch121,1.4389677047729492
layer3.4.conv3.weight,808,layer3.4.conv3.weight_ch808,1.4388463497161865
layer3.4.conv3.weight,411,layer3.4.conv3.weight_ch411,1.4387116432189941
layer3.0.conv3.weight,568,layer3.0.conv3.weight_ch568,1.438673496246338
layer3.4.conv3.weight,266,layer3.4.conv3.weight_ch266,1.4378834962844849
layer3.0.conv3.weight,896,layer3.0.conv3.weight_ch896,1.4376755952835083
layer4.0.conv3.weight,1839,layer4.0.conv3.weight_ch1839,1.4376484155654907
layer3.4.conv1.weight,10,layer3.4.conv1.weight_ch10,1.4373574256896973
layer3.4.conv1.weight,149,layer3.4.conv1.weight_ch149,1.4369070529937744
layer3.0.conv3.weight,369,layer3.0.conv3.weight_ch369,1.4368958473205566
layer3.4.conv3.weight,635,layer3.4.conv3.weight_ch635,1.4367552995681763
layer3.2.conv3.weight,722,layer3.2.conv3.weight_ch722,1.4366300106048584
layer2.3.conv3.weight,157,layer2.3.conv3.weight_ch157,1.4364711046218872
layer3.2.conv3.weight,501,layer3.2.conv3.weight_ch501,1.436071753501892
layer4.0.conv3.weight,299,layer4.0.conv3.weight_ch299,1.436043381690979
layer4.0.conv3.weight,1960,layer4.0.conv3.weight_ch1960,1.4358749389648438
layer3.0.conv3.weight,493,layer3.0.conv3.weight_ch493,1.4358363151550293
layer3.4.conv3.weight,1021,layer3.4.conv3.weight_ch1021,1.4357995986938477
layer3.2.conv3.weight,433,layer3.2.conv3.weight_ch433,1.4357069730758667
layer2.0.conv1.weight,16,layer2.0.conv1.weight_ch16,1.4354803562164307
layer3.3.conv3.weight,459,layer3.3.conv3.weight_ch459,1.43534517288208
layer3.2.conv3.weight,101,layer3.2.conv3.weight_ch101,1.4352846145629883
layer3.3.conv3.weight,701,layer3.3.conv3.weight_ch701,1.4351601600646973
layer3.3.conv3.weight,9,layer3.3.conv3.weight_ch9,1.4348589181900024
layer3.3.conv3.weight,971,layer3.3.conv3.weight_ch971,1.434201717376709
layer3.4.conv1.weight,77,layer3.4.conv1.weight_ch77,1.4338209629058838
layer3.4.conv3.weight,38,layer3.4.conv3.weight_ch38,1.4337533712387085
layer2.3.conv2.weight,98,layer2.3.conv2.weight_ch98,1.4331743717193604
layer3.2.conv3.weight,146,layer3.2.conv3.weight_ch146,1.4331315755844116
layer3.1.conv2.weight,80,layer3.1.conv2.weight_ch80,1.4330607652664185
layer3.2.conv3.weight,91,layer3.2.conv3.weight_ch91,1.4328747987747192
layer2.0.conv1.weight,118,layer2.0.conv1.weight_ch118,1.432828664779663
layer3.3.conv3.weight,541,layer3.3.conv3.weight_ch541,1.4323283433914185
layer3.5.conv3.weight,444,layer3.5.conv3.weight_ch444,1.4316277503967285
layer3.5.conv3.weight,211,layer3.5.conv3.weight_ch211,1.4314968585968018
layer3.4.conv3.weight,254,layer3.4.conv3.weight_ch254,1.4311412572860718
layer3.3.conv3.weight,250,layer3.3.conv3.weight_ch250,1.430739402770996
layer2.3.conv2.weight,61,layer2.3.conv2.weight_ch61,1.4305968284606934
layer3.4.conv3.weight,328,layer3.4.conv3.weight_ch328,1.430383563041687
layer3.4.conv1.weight,108,layer3.4.conv1.weight_ch108,1.429229497909546
layer3.0.conv3.weight,124,layer3.0.conv3.weight_ch124,1.4292083978652954
layer3.2.conv3.weight,86,layer3.2.conv3.weight_ch86,1.4289911985397339
layer3.2.conv3.weight,804,layer3.2.conv3.weight_ch804,1.42892587184906
layer4.0.conv3.weight,913,layer4.0.conv3.weight_ch913,1.4287137985229492
layer3.2.conv3.weight,911,layer3.2.conv3.weight_ch911,1.428496241569519
layer3.2.conv3.weight,1013,layer3.2.conv3.weight_ch1013,1.4279565811157227
layer2.3.conv3.weight,107,layer2.3.conv3.weight_ch107,1.4267737865447998
layer4.0.conv3.weight,2005,layer4.0.conv3.weight_ch2005,1.425872564315796
layer3.4.conv3.weight,919,layer3.4.conv3.weight_ch919,1.4257961511611938
layer3.5.conv3.weight,183,layer3.5.conv3.weight_ch183,1.4256608486175537
layer3.5.conv3.weight,882,layer3.5.conv3.weight_ch882,1.4253021478652954
layer3.3.conv3.weight,379,layer3.3.conv3.weight_ch379,1.425193190574646
layer2.3.conv2.weight,107,layer2.3.conv2.weight_ch107,1.4249610900878906
layer3.3.conv3.weight,342,layer3.3.conv3.weight_ch342,1.424908995628357
layer3.5.conv3.weight,985,layer3.5.conv3.weight_ch985,1.4248135089874268
layer3.3.conv3.weight,676,layer3.3.conv3.weight_ch676,1.424709439277649
layer4.0.conv3.weight,1611,layer4.0.conv3.weight_ch1611,1.4246398210525513
layer3.5.conv3.weight,109,layer3.5.conv3.weight_ch109,1.4245867729187012
layer3.5.conv3.weight,663,layer3.5.conv3.weight_ch663,1.4243634939193726
layer3.0.conv3.weight,1015,layer3.0.conv3.weight_ch1015,1.4235881567001343
layer2.3.conv2.weight,96,layer2.3.conv2.weight_ch96,1.42357337474823
layer4.0.conv3.weight,37,layer4.0.conv3.weight_ch37,1.4234923124313354
layer4.0.conv3.weight,877,layer4.0.conv3.weight_ch877,1.4233136177062988
layer3.0.conv3.weight,196,layer3.0.conv3.weight_ch196,1.423208236694336
layer2.3.conv3.weight,277,layer2.3.conv3.weight_ch277,1.4225313663482666
layer4.0.conv3.weight,907,layer4.0.conv3.weight_ch907,1.421628475189209
layer3.2.conv3.weight,88,layer3.2.conv3.weight_ch88,1.421442985534668
layer2.3.conv3.weight,84,layer2.3.conv3.weight_ch84,1.4213793277740479
layer3.3.conv3.weight,503,layer3.3.conv3.weight_ch503,1.4213764667510986
layer3.2.conv3.weight,174,layer3.2.conv3.weight_ch174,1.4210495948791504
layer3.5.conv3.weight,256,layer3.5.conv3.weight_ch256,1.4209461212158203
layer3.3.conv3.weight,557,layer3.3.conv3.weight_ch557,1.420812726020813
layer3.3.conv3.weight,113,layer3.3.conv3.weight_ch113,1.4207123517990112
layer3.3.conv3.weight,778,layer3.3.conv3.weight_ch778,1.4205975532531738
layer3.2.conv1.weight,106,layer3.2.conv1.weight_ch106,1.4195857048034668
layer4.0.conv3.weight,1636,layer4.0.conv3.weight_ch1636,1.4194939136505127
layer3.0.conv3.weight,687,layer3.0.conv3.weight_ch687,1.4194647073745728
layer3.3.conv3.weight,846,layer3.3.conv3.weight_ch846,1.4190670251846313
layer3.2.conv1.weight,231,layer3.2.conv1.weight_ch231,1.4190199375152588
layer3.4.conv1.weight,213,layer3.4.conv1.weight_ch213,1.4188923835754395
layer3.3.conv3.weight,949,layer3.3.conv3.weight_ch949,1.418843150138855
layer3.2.conv3.weight,318,layer3.2.conv3.weight_ch318,1.418623447418213
layer4.0.conv3.weight,588,layer4.0.conv3.weight_ch588,1.418474555015564
layer3.0.conv3.weight,107,layer3.0.conv3.weight_ch107,1.4170422554016113
layer3.2.conv1.weight,97,layer3.2.conv1.weight_ch97,1.4169234037399292
layer3.5.conv3.weight,902,layer3.5.conv3.weight_ch902,1.4166595935821533
layer3.5.conv3.weight,897,layer3.5.conv3.weight_ch897,1.4165657758712769
layer3.0.conv3.weight,958,layer3.0.conv3.weight_ch958,1.4165562391281128
layer3.4.conv3.weight,505,layer3.4.conv3.weight_ch505,1.4163119792938232
layer3.5.conv3.weight,779,layer3.5.conv3.weight_ch779,1.4157910346984863
layer3.2.conv1.weight,237,layer3.2.conv1.weight_ch237,1.4157027006149292
layer4.1.conv1.weight,105,layer4.1.conv1.weight_ch105,1.4153250455856323
layer3.3.conv3.weight,491,layer3.3.conv3.weight_ch491,1.4151489734649658
layer3.4.conv1.weight,245,layer3.4.conv1.weight_ch245,1.4150477647781372
layer2.0.conv1.weight,45,layer2.0.conv1.weight_ch45,1.4150068759918213
layer3.3.conv3.weight,669,layer3.3.conv3.weight_ch669,1.4148293733596802
layer3.4.conv3.weight,286,layer3.4.conv3.weight_ch286,1.4146437644958496
layer3.0.conv3.weight,185,layer3.0.conv3.weight_ch185,1.4145877361297607
layer3.2.conv3.weight,476,layer3.2.conv3.weight_ch476,1.4144519567489624
layer3.0.conv3.weight,739,layer3.0.conv3.weight_ch739,1.4143739938735962
layer4.0.conv3.weight,1825,layer4.0.conv3.weight_ch1825,1.41436767578125
layer3.5.conv3.weight,38,layer3.5.conv3.weight_ch38,1.4136096239089966
layer2.3.conv2.weight,100,layer2.3.conv2.weight_ch100,1.4133511781692505
layer4.0.conv3.weight,1504,layer4.0.conv3.weight_ch1504,1.413088321685791
layer3.2.conv3.weight,516,layer3.2.conv3.weight_ch516,1.4129688739776611
layer2.3.conv3.weight,442,layer2.3.conv3.weight_ch442,1.412941575050354
layer3.5.conv3.weight,456,layer3.5.conv3.weight_ch456,1.4129215478897095
layer4.0.conv3.weight,5,layer4.0.conv3.weight_ch5,1.412858486175537
layer3.5.conv3.weight,599,layer3.5.conv3.weight_ch599,1.412550687789917
layer3.5.conv3.weight,517,layer3.5.conv3.weight_ch517,1.412522315979004
layer3.5.conv3.weight,1009,layer3.5.conv3.weight_ch1009,1.4122488498687744
layer3.2.conv1.weight,180,layer3.2.conv1.weight_ch180,1.4121923446655273
layer3.2.conv3.weight,930,layer3.2.conv3.weight_ch930,1.4121884107589722
layer3.2.conv3.weight,965,layer3.2.conv3.weight_ch965,1.4121346473693848
layer3.2.conv3.weight,720,layer3.2.conv3.weight_ch720,1.4119105339050293
layer3.2.conv3.weight,341,layer3.2.conv3.weight_ch341,1.4118818044662476
layer3.2.conv1.weight,251,layer3.2.conv1.weight_ch251,1.4118114709854126
layer3.1.conv2.weight,253,layer3.1.conv2.weight_ch253,1.4117765426635742
layer4.0.conv3.weight,1886,layer4.0.conv3.weight_ch1886,1.4116613864898682
layer3.4.conv3.weight,334,layer3.4.conv3.weight_ch334,1.4104734659194946
layer4.0.conv3.weight,1450,layer4.0.conv3.weight_ch1450,1.4101558923721313
layer3.4.conv1.weight,105,layer3.4.conv1.weight_ch105,1.4100959300994873
layer3.4.conv3.weight,609,layer3.4.conv3.weight_ch609,1.4099465608596802
layer3.0.conv3.weight,753,layer3.0.conv3.weight_ch753,1.409920573234558
layer3.3.conv3.weight,100,layer3.3.conv3.weight_ch100,1.4096046686172485
layer3.5.conv3.weight,519,layer3.5.conv3.weight_ch519,1.4095407724380493
layer4.0.conv3.weight,3,layer4.0.conv3.weight_ch3,1.4090900421142578
layer2.3.conv3.weight,144,layer2.3.conv3.weight_ch144,1.4089730978012085
layer4.0.conv3.weight,1408,layer4.0.conv3.weight_ch1408,1.408609390258789
layer3.0.conv3.weight,365,layer3.0.conv3.weight_ch365,1.40855872631073
layer4.1.conv1.weight,361,layer4.1.conv1.weight_ch361,1.4085144996643066
layer3.5.conv3.weight,407,layer3.5.conv3.weight_ch407,1.4081623554229736
layer3.0.conv3.weight,509,layer3.0.conv3.weight_ch509,1.4081348180770874
layer3.0.conv3.weight,118,layer3.0.conv3.weight_ch118,1.408124327659607
layer3.4.conv3.weight,192,layer3.4.conv3.weight_ch192,1.4079560041427612
layer3.0.conv2.weight,146,layer3.0.conv2.weight_ch146,1.4079382419586182
layer3.3.conv3.weight,429,layer3.3.conv3.weight_ch429,1.4075591564178467
layer3.2.conv3.weight,12,layer3.2.conv3.weight_ch12,1.407536506652832
layer4.1.conv1.weight,131,layer4.1.conv1.weight_ch131,1.4070653915405273
layer4.0.conv3.weight,1673,layer4.0.conv3.weight_ch1673,1.4067325592041016
layer2.3.conv2.weight,41,layer2.3.conv2.weight_ch41,1.406535029411316
layer3.0.conv3.weight,236,layer3.0.conv3.weight_ch236,1.4064629077911377
layer3.2.conv3.weight,261,layer3.2.conv3.weight_ch261,1.4063879251480103
layer4.1.conv1.weight,76,layer4.1.conv1.weight_ch76,1.406259536743164
layer3.5.conv3.weight,11,layer3.5.conv3.weight_ch11,1.4062509536743164
layer3.0.conv3.weight,868,layer3.0.conv3.weight_ch868,1.406143307685852
layer3.0.conv2.weight,13,layer3.0.conv2.weight_ch13,1.405988097190857
layer3.3.conv3.weight,6,layer3.3.conv3.weight_ch6,1.4059725999832153
layer3.2.conv3.weight,455,layer3.2.conv3.weight_ch455,1.4059123992919922
layer3.4.conv3.weight,667,layer3.4.conv3.weight_ch667,1.4056243896484375
layer3.3.conv3.weight,357,layer3.3.conv3.weight_ch357,1.4055631160736084
layer2.0.conv1.weight,46,layer2.0.conv1.weight_ch46,1.4054412841796875
layer3.2.conv3.weight,653,layer3.2.conv3.weight_ch653,1.4053535461425781
layer2.3.conv3.weight,213,layer2.3.conv3.weight_ch213,1.4051145315170288
layer4.0.conv3.weight,550,layer4.0.conv3.weight_ch550,1.4050195217132568
layer3.4.conv1.weight,171,layer3.4.conv1.weight_ch171,1.4045324325561523
layer3.3.conv3.weight,519,layer3.3.conv3.weight_ch519,1.4045209884643555
layer3.4.conv3.weight,296,layer3.4.conv3.weight_ch296,1.404459834098816
layer3.4.conv3.weight,620,layer3.4.conv3.weight_ch620,1.4039463996887207
layer2.3.conv3.weight,420,layer2.3.conv3.weight_ch420,1.403306007385254
layer3.2.conv1.weight,113,layer3.2.conv1.weight_ch113,1.4032578468322754
layer3.4.conv3.weight,736,layer3.4.conv3.weight_ch736,1.4031760692596436
layer3.0.conv3.weight,390,layer3.0.conv3.weight_ch390,1.4028761386871338
layer3.2.conv3.weight,224,layer3.2.conv3.weight_ch224,1.4022247791290283
layer3.2.conv3.weight,493,layer3.2.conv3.weight_ch493,1.4019719362258911
layer2.3.conv2.weight,2,layer2.3.conv2.weight_ch2,1.4019038677215576
layer3.0.conv3.weight,848,layer3.0.conv3.weight_ch848,1.401899814605713
layer3.5.conv3.weight,459,layer3.5.conv3.weight_ch459,1.4018796682357788
layer3.4.conv3.weight,548,layer3.4.conv3.weight_ch548,1.4017722606658936
layer3.0.conv3.weight,831,layer3.0.conv3.weight_ch831,1.4016512632369995
layer3.0.conv3.weight,1000,layer3.0.conv3.weight_ch1000,1.4010496139526367
layer3.3.conv3.weight,537,layer3.3.conv3.weight_ch537,1.401036262512207
layer2.3.conv3.weight,71,layer2.3.conv3.weight_ch71,1.4008339643478394
layer3.3.conv3.weight,85,layer3.3.conv3.weight_ch85,1.4003891944885254
layer3.2.conv3.weight,410,layer3.2.conv3.weight_ch410,1.4003877639770508
layer2.3.conv2.weight,108,layer2.3.conv2.weight_ch108,1.4000147581100464
layer3.3.conv3.weight,517,layer3.3.conv3.weight_ch517,1.3997759819030762
layer3.2.conv3.weight,334,layer3.2.conv3.weight_ch334,1.3997284173965454
layer3.2.conv3.weight,509,layer3.2.conv3.weight_ch509,1.3996164798736572
layer4.0.conv3.weight,1367,layer4.0.conv3.weight_ch1367,1.3995342254638672
layer4.0.conv3.weight,1683,layer4.0.conv3.weight_ch1683,1.3994288444519043
layer3.2.conv1.weight,22,layer3.2.conv1.weight_ch22,1.3993092775344849
layer4.0.conv3.weight,1635,layer4.0.conv3.weight_ch1635,1.3993021249771118
layer3.2.conv3.weight,416,layer3.2.conv3.weight_ch416,1.3989368677139282
layer4.0.conv3.weight,457,layer4.0.conv3.weight_ch457,1.3976843357086182
layer3.0.conv3.weight,842,layer3.0.conv3.weight_ch842,1.3973127603530884
layer3.5.conv3.weight,326,layer3.5.conv3.weight_ch326,1.3972588777542114
layer4.0.conv3.weight,1684,layer4.0.conv3.weight_ch1684,1.3970452547073364
layer3.2.conv3.weight,223,layer3.2.conv3.weight_ch223,1.3968197107315063
layer3.4.conv1.weight,71,layer3.4.conv1.weight_ch71,1.3958839178085327
layer3.4.conv3.weight,904,layer3.4.conv3.weight_ch904,1.3954360485076904
layer3.0.conv3.weight,648,layer3.0.conv3.weight_ch648,1.395261526107788
layer3.2.conv3.weight,924,layer3.2.conv3.weight_ch924,1.3949769735336304
layer3.5.conv3.weight,131,layer3.5.conv3.weight_ch131,1.3946152925491333
layer3.4.conv1.weight,7,layer3.4.conv1.weight_ch7,1.39405357837677
layer3.4.conv3.weight,346,layer3.4.conv3.weight_ch346,1.393660545349121
layer3.5.conv3.weight,942,layer3.5.conv3.weight_ch942,1.3930813074111938
layer3.0.conv3.weight,141,layer3.0.conv3.weight_ch141,1.3928896188735962
layer3.5.conv3.weight,722,layer3.5.conv3.weight_ch722,1.3928029537200928
layer2.3.conv3.weight,57,layer2.3.conv3.weight_ch57,1.3926118612289429
layer3.2.conv3.weight,799,layer3.2.conv3.weight_ch799,1.3925244808197021
layer3.4.conv1.weight,135,layer3.4.conv1.weight_ch135,1.3924193382263184
layer3.5.conv3.weight,296,layer3.5.conv3.weight_ch296,1.391783356666565
layer3.0.conv3.weight,199,layer3.0.conv3.weight_ch199,1.3917361497879028
layer3.2.conv3.weight,470,layer3.2.conv3.weight_ch470,1.3914179801940918
layer2.0.conv1.weight,58,layer2.0.conv1.weight_ch58,1.3912973403930664
layer3.4.conv3.weight,877,layer3.4.conv3.weight_ch877,1.391250491142273
layer3.4.conv3.weight,21,layer3.4.conv3.weight_ch21,1.3908374309539795
layer2.3.conv3.weight,62,layer2.3.conv3.weight_ch62,1.3903237581253052
layer3.0.conv3.weight,849,layer3.0.conv3.weight_ch849,1.3902812004089355
layer3.5.conv3.weight,110,layer3.5.conv3.weight_ch110,1.389658808708191
layer4.1.conv1.weight,384,layer4.1.conv1.weight_ch384,1.3896503448486328
layer2.3.conv2.weight,126,layer2.3.conv2.weight_ch126,1.3890092372894287
layer3.3.conv3.weight,33,layer3.3.conv3.weight_ch33,1.3888314962387085
layer3.4.conv3.weight,665,layer3.4.conv3.weight_ch665,1.3885817527770996
layer3.2.conv1.weight,42,layer3.2.conv1.weight_ch42,1.3885680437088013
layer4.0.conv3.weight,1183,layer4.0.conv3.weight_ch1183,1.388525366783142
layer3.4.conv3.weight,816,layer3.4.conv3.weight_ch816,1.38851797580719
layer3.2.conv3.weight,908,layer3.2.conv3.weight_ch908,1.388356328010559
layer3.3.conv3.weight,625,layer3.3.conv3.weight_ch625,1.3877480030059814
layer3.0.conv3.weight,1006,layer3.0.conv3.weight_ch1006,1.3872164487838745
layer4.1.conv1.weight,501,layer4.1.conv1.weight_ch501,1.3869115114212036
layer4.0.conv3.weight,163,layer4.0.conv3.weight_ch163,1.3867274522781372
layer3.5.conv3.weight,234,layer3.5.conv3.weight_ch234,1.3865464925765991
layer3.2.conv3.weight,386,layer3.2.conv3.weight_ch386,1.3861989974975586
layer3.2.conv3.weight,852,layer3.2.conv3.weight_ch852,1.3859657049179077
layer3.2.conv3.weight,957,layer3.2.conv3.weight_ch957,1.3858692646026611
layer3.3.conv3.weight,406,layer3.3.conv3.weight_ch406,1.3855082988739014
layer3.2.conv3.weight,740,layer3.2.conv3.weight_ch740,1.3853859901428223
layer3.3.conv3.weight,84,layer3.3.conv3.weight_ch84,1.3849663734436035
layer3.0.conv3.weight,427,layer3.0.conv3.weight_ch427,1.384751558303833
layer3.4.conv3.weight,258,layer3.4.conv3.weight_ch258,1.3844212293624878
layer3.5.conv3.weight,58,layer3.5.conv3.weight_ch58,1.3840322494506836
layer3.4.conv1.weight,143,layer3.4.conv1.weight_ch143,1.3837767839431763
layer3.3.conv3.weight,761,layer3.3.conv3.weight_ch761,1.383463740348816
layer3.0.conv3.weight,98,layer3.0.conv3.weight_ch98,1.383130669593811
layer3.5.conv3.weight,672,layer3.5.conv3.weight_ch672,1.383053183555603
layer3.0.conv2.weight,222,layer3.0.conv2.weight_ch222,1.3827054500579834
layer3.2.conv3.weight,271,layer3.2.conv3.weight_ch271,1.382612943649292
layer3.4.conv3.weight,521,layer3.4.conv3.weight_ch521,1.3824684619903564
layer4.0.conv3.weight,1958,layer4.0.conv3.weight_ch1958,1.3823935985565186
layer3.3.conv3.weight,50,layer3.3.conv3.weight_ch50,1.3820847272872925
layer2.3.conv2.weight,29,layer2.3.conv2.weight_ch29,1.3806694746017456
layer3.2.conv3.weight,666,layer3.2.conv3.weight_ch666,1.3806418180465698
layer2.3.conv3.weight,76,layer2.3.conv3.weight_ch76,1.380608320236206
layer3.2.conv1.weight,133,layer3.2.conv1.weight_ch133,1.3802764415740967
layer4.0.conv3.weight,226,layer4.0.conv3.weight_ch226,1.3802558183670044
layer3.3.conv3.weight,36,layer3.3.conv3.weight_ch36,1.380245327949524
layer3.0.conv2.weight,52,layer3.0.conv2.weight_ch52,1.3800103664398193
layer3.2.conv3.weight,858,layer3.2.conv3.weight_ch858,1.3799241781234741
layer3.2.conv3.weight,457,layer3.2.conv3.weight_ch457,1.3796590566635132
layer2.3.conv3.weight,224,layer2.3.conv3.weight_ch224,1.3795297145843506
layer2.3.conv3.weight,465,layer2.3.conv3.weight_ch465,1.3794983625411987
layer3.5.conv3.weight,556,layer3.5.conv3.weight_ch556,1.379394292831421
layer3.3.conv3.weight,983,layer3.3.conv3.weight_ch983,1.3792235851287842
layer3.1.conv2.weight,131,layer3.1.conv2.weight_ch131,1.3792083263397217
layer4.0.conv3.weight,1970,layer4.0.conv3.weight_ch1970,1.3787931203842163
layer3.0.conv3.weight,552,layer3.0.conv3.weight_ch552,1.3783674240112305
layer2.3.conv2.weight,92,layer2.3.conv2.weight_ch92,1.3778636455535889
layer3.5.conv3.weight,695,layer3.5.conv3.weight_ch695,1.3778525590896606
layer3.2.conv3.weight,889,layer3.2.conv3.weight_ch889,1.3774830102920532
layer3.5.conv3.weight,450,layer3.5.conv3.weight_ch450,1.3770654201507568
layer3.0.conv3.weight,239,layer3.0.conv3.weight_ch239,1.3769837617874146
layer3.5.conv3.weight,108,layer3.5.conv3.weight_ch108,1.3767679929733276
layer4.0.conv3.weight,1639,layer4.0.conv3.weight_ch1639,1.3765168190002441
layer3.2.conv1.weight,69,layer3.2.conv1.weight_ch69,1.3764294385910034
layer3.1.conv2.weight,127,layer3.1.conv2.weight_ch127,1.3761934041976929
layer4.0.conv3.weight,7,layer4.0.conv3.weight_ch7,1.3761016130447388
layer4.0.conv3.weight,1207,layer4.0.conv3.weight_ch1207,1.3757061958312988
layer3.2.conv3.weight,340,layer3.2.conv3.weight_ch340,1.375408411026001
layer3.0.conv3.weight,482,layer3.0.conv3.weight_ch482,1.375275731086731
layer3.0.conv3.weight,545,layer3.0.conv3.weight_ch545,1.375077247619629
layer3.0.conv3.weight,903,layer3.0.conv3.weight_ch903,1.37457275390625
layer3.0.conv3.weight,57,layer3.0.conv3.weight_ch57,1.3744304180145264
layer3.5.conv3.weight,505,layer3.5.conv3.weight_ch505,1.3743516206741333
layer3.4.conv3.weight,255,layer3.4.conv3.weight_ch255,1.3743021488189697
layer3.1.conv2.weight,137,layer3.1.conv2.weight_ch137,1.374093770980835
layer3.0.conv3.weight,375,layer3.0.conv3.weight_ch375,1.3739418983459473
layer2.3.conv3.weight,171,layer2.3.conv3.weight_ch171,1.37391996383667
layer4.0.conv3.weight,1410,layer4.0.conv3.weight_ch1410,1.3739027976989746
layer3.5.conv3.weight,1014,layer3.5.conv3.weight_ch1014,1.3733547925949097
layer3.0.conv3.weight,275,layer3.0.conv3.weight_ch275,1.373108148574829
layer3.3.conv3.weight,59,layer3.3.conv3.weight_ch59,1.373098373413086
layer3.4.conv3.weight,348,layer3.4.conv3.weight_ch348,1.3730558156967163
layer2.3.conv3.weight,138,layer2.3.conv3.weight_ch138,1.3727566003799438
layer3.4.conv3.weight,872,layer3.4.conv3.weight_ch872,1.3724353313446045
layer4.0.conv3.weight,1175,layer4.0.conv3.weight_ch1175,1.3721743822097778
layer3.2.conv3.weight,757,layer3.2.conv3.weight_ch757,1.371314525604248
layer3.0.conv3.weight,764,layer3.0.conv3.weight_ch764,1.3710815906524658
layer3.2.conv3.weight,367,layer3.2.conv3.weight_ch367,1.3710730075836182
layer3.4.conv1.weight,34,layer3.4.conv1.weight_ch34,1.3709218502044678
layer3.5.conv3.weight,180,layer3.5.conv3.weight_ch180,1.3709136247634888
layer3.3.conv3.weight,651,layer3.3.conv3.weight_ch651,1.3706393241882324
layer4.0.conv3.weight,1124,layer4.0.conv3.weight_ch1124,1.3705408573150635
layer3.4.conv3.weight,655,layer3.4.conv3.weight_ch655,1.3700871467590332
layer4.0.conv3.weight,1897,layer4.0.conv3.weight_ch1897,1.370033621788025
layer3.0.conv3.weight,171,layer3.0.conv3.weight_ch171,1.3692667484283447
layer4.0.conv3.weight,14,layer4.0.conv3.weight_ch14,1.3686131238937378
layer4.0.conv3.weight,1451,layer4.0.conv3.weight_ch1451,1.3684444427490234
layer4.0.conv3.weight,75,layer4.0.conv3.weight_ch75,1.3679448366165161
layer3.3.conv3.weight,530,layer3.3.conv3.weight_ch530,1.3678947687149048
layer2.3.conv3.weight,221,layer2.3.conv3.weight_ch221,1.3673032522201538
layer3.3.conv3.weight,618,layer3.3.conv3.weight_ch618,1.367287039756775
layer3.0.conv3.weight,570,layer3.0.conv3.weight_ch570,1.3670276403427124
layer3.5.conv3.weight,186,layer3.5.conv3.weight_ch186,1.3668158054351807
layer3.2.conv1.weight,3,layer3.2.conv1.weight_ch3,1.3666342496871948
layer2.3.conv3.weight,473,layer2.3.conv3.weight_ch473,1.3664774894714355
layer4.0.conv3.weight,1889,layer4.0.conv3.weight_ch1889,1.3656299114227295
layer2.3.conv3.weight,233,layer2.3.conv3.weight_ch233,1.365297555923462
layer3.3.conv3.weight,81,layer3.3.conv3.weight_ch81,1.3651208877563477
layer3.5.conv3.weight,546,layer3.5.conv3.weight_ch546,1.3636963367462158
layer2.0.conv1.weight,84,layer2.0.conv1.weight_ch84,1.3634533882141113
layer3.5.conv3.weight,304,layer3.5.conv3.weight_ch304,1.3634499311447144
layer3.2.conv3.weight,796,layer3.2.conv3.weight_ch796,1.3634048700332642
layer3.5.conv3.weight,560,layer3.5.conv3.weight_ch560,1.3633110523223877
layer3.4.conv1.weight,204,layer3.4.conv1.weight_ch204,1.3629164695739746
layer3.4.conv3.weight,522,layer3.4.conv3.weight_ch522,1.362762689590454
layer3.4.conv3.weight,801,layer3.4.conv3.weight_ch801,1.36275053024292
layer3.5.conv3.weight,15,layer3.5.conv3.weight_ch15,1.3622760772705078
layer2.3.conv3.weight,300,layer2.3.conv3.weight_ch300,1.3622057437896729
layer3.5.conv3.weight,640,layer3.5.conv3.weight_ch640,1.362188696861267
layer2.3.conv3.weight,261,layer2.3.conv3.weight_ch261,1.3621150255203247
layer3.4.conv3.weight,107,layer3.4.conv3.weight_ch107,1.361936092376709
layer2.0.conv1.weight,57,layer2.0.conv1.weight_ch57,1.361086368560791
layer3.4.conv1.weight,24,layer3.4.conv1.weight_ch24,1.360959529876709
layer3.3.conv3.weight,489,layer3.3.conv3.weight_ch489,1.3607667684555054
layer3.5.conv3.weight,441,layer3.5.conv3.weight_ch441,1.3604727983474731
layer3.1.conv2.weight,13,layer3.1.conv2.weight_ch13,1.3604415655136108
layer3.0.conv3.weight,422,layer3.0.conv3.weight_ch422,1.3603672981262207
layer3.4.conv3.weight,25,layer3.4.conv3.weight_ch25,1.3601728677749634
layer4.0.conv3.weight,356,layer4.0.conv3.weight_ch356,1.3600801229476929
layer3.4.conv1.weight,130,layer3.4.conv1.weight_ch130,1.3600462675094604
layer3.4.conv3.weight,949,layer3.4.conv3.weight_ch949,1.3595939874649048
layer3.5.conv3.weight,472,layer3.5.conv3.weight_ch472,1.3590285778045654
layer4.0.conv3.weight,343,layer4.0.conv3.weight_ch343,1.3586961030960083
layer3.2.conv3.weight,400,layer3.2.conv3.weight_ch400,1.358667254447937
layer3.5.conv3.weight,997,layer3.5.conv3.weight_ch997,1.3586618900299072
layer2.3.conv3.weight,291,layer2.3.conv3.weight_ch291,1.3578526973724365
layer3.2.conv1.weight,0,layer3.2.conv1.weight_ch0,1.3575712442398071
layer3.5.conv3.weight,160,layer3.5.conv3.weight_ch160,1.3574694395065308
layer3.0.conv3.weight,497,layer3.0.conv3.weight_ch497,1.3574321269989014
layer2.3.conv2.weight,14,layer2.3.conv2.weight_ch14,1.3571596145629883
layer3.2.conv1.weight,66,layer3.2.conv1.weight_ch66,1.3559188842773438
layer3.0.conv3.weight,563,layer3.0.conv3.weight_ch563,1.3556722402572632
layer4.0.conv3.weight,739,layer4.0.conv3.weight_ch739,1.355566382408142
layer3.0.conv3.weight,588,layer3.0.conv3.weight_ch588,1.3550987243652344
layer3.2.conv1.weight,55,layer3.2.conv1.weight_ch55,1.3549904823303223
layer4.0.conv3.weight,1866,layer4.0.conv3.weight_ch1866,1.3549224138259888
layer3.4.conv3.weight,936,layer3.4.conv3.weight_ch936,1.3546702861785889
layer3.4.conv3.weight,387,layer3.4.conv3.weight_ch387,1.3538575172424316
layer3.3.conv3.weight,1015,layer3.3.conv3.weight_ch1015,1.3536899089813232
layer3.0.conv3.weight,717,layer3.0.conv3.weight_ch717,1.3533563613891602
layer4.0.conv3.weight,1443,layer4.0.conv3.weight_ch1443,1.3527382612228394
layer3.5.conv3.weight,86,layer3.5.conv3.weight_ch86,1.3522474765777588
layer3.4.conv3.weight,117,layer3.4.conv3.weight_ch117,1.3521335124969482
layer3.0.conv3.weight,488,layer3.0.conv3.weight_ch488,1.3520344495773315
layer2.3.conv3.weight,501,layer2.3.conv3.weight_ch501,1.3518284559249878
layer3.0.conv3.weight,250,layer3.0.conv3.weight_ch250,1.3516608476638794
layer3.3.conv3.weight,1003,layer3.3.conv3.weight_ch1003,1.3513319492340088
layer3.2.conv1.weight,210,layer3.2.conv1.weight_ch210,1.35071861743927
layer3.3.conv3.weight,845,layer3.3.conv3.weight_ch845,1.3504869937896729
layer2.3.conv2.weight,123,layer2.3.conv2.weight_ch123,1.350334644317627
layer3.5.conv3.weight,798,layer3.5.conv3.weight_ch798,1.3496663570404053
layer4.0.conv3.weight,480,layer4.0.conv3.weight_ch480,1.3491079807281494
layer3.2.conv1.weight,129,layer3.2.conv1.weight_ch129,1.3488807678222656
layer3.2.conv3.weight,549,layer3.2.conv3.weight_ch549,1.348871111869812
layer2.3.conv2.weight,34,layer2.3.conv2.weight_ch34,1.3484859466552734
layer3.1.conv2.weight,50,layer3.1.conv2.weight_ch50,1.348288655281067
layer3.3.conv3.weight,601,layer3.3.conv3.weight_ch601,1.3477199077606201
layer3.2.conv3.weight,781,layer3.2.conv3.weight_ch781,1.3476001024246216
layer3.0.conv3.weight,324,layer3.0.conv3.weight_ch324,1.3473007678985596
layer3.0.conv3.weight,732,layer3.0.conv3.weight_ch732,1.3472250699996948
layer3.3.conv3.weight,714,layer3.3.conv3.weight_ch714,1.3466393947601318
layer3.3.conv3.weight,500,layer3.3.conv3.weight_ch500,1.346611738204956
layer3.5.conv3.weight,937,layer3.5.conv3.weight_ch937,1.346395492553711
layer3.0.conv3.weight,392,layer3.0.conv3.weight_ch392,1.3461871147155762
layer3.0.conv2.weight,41,layer3.0.conv2.weight_ch41,1.3456482887268066
layer2.3.conv3.weight,301,layer2.3.conv3.weight_ch301,1.3455249071121216
layer3.3.conv3.weight,816,layer3.3.conv3.weight_ch816,1.345405101776123
layer4.0.conv3.weight,2025,layer4.0.conv3.weight_ch2025,1.3450137376785278
layer3.5.conv3.weight,981,layer3.5.conv3.weight_ch981,1.344619631767273
layer3.5.conv3.weight,314,layer3.5.conv3.weight_ch314,1.344510793685913
layer4.0.conv3.weight,1519,layer4.0.conv3.weight_ch1519,1.3442941904067993
layer3.5.conv3.weight,121,layer3.5.conv3.weight_ch121,1.3442537784576416
layer3.4.conv3.weight,477,layer3.4.conv3.weight_ch477,1.3438594341278076
layer3.5.conv3.weight,894,layer3.5.conv3.weight_ch894,1.3434901237487793
layer3.5.conv3.weight,958,layer3.5.conv3.weight_ch958,1.3434317111968994
layer3.0.conv2.weight,100,layer3.0.conv2.weight_ch100,1.3433691263198853
layer3.3.conv3.weight,935,layer3.3.conv3.weight_ch935,1.342725396156311
layer3.0.conv3.weight,494,layer3.0.conv3.weight_ch494,1.3426676988601685
layer3.2.conv3.weight,758,layer3.2.conv3.weight_ch758,1.3425618410110474
layer3.0.conv3.weight,537,layer3.0.conv3.weight_ch537,1.3421657085418701
layer3.4.conv3.weight,588,layer3.4.conv3.weight_ch588,1.3420027494430542
layer3.5.conv3.weight,514,layer3.5.conv3.weight_ch514,1.3413125276565552
layer3.2.conv3.weight,163,layer3.2.conv3.weight_ch163,1.341103434562683
layer3.5.conv3.weight,285,layer3.5.conv3.weight_ch285,1.3410651683807373
layer3.2.conv3.weight,345,layer3.2.conv3.weight_ch345,1.3410544395446777
layer3.2.conv3.weight,430,layer3.2.conv3.weight_ch430,1.3404057025909424
layer3.4.conv3.weight,377,layer3.4.conv3.weight_ch377,1.3403410911560059
layer3.5.conv3.weight,10,layer3.5.conv3.weight_ch10,1.3402929306030273
layer4.0.conv3.weight,1058,layer4.0.conv3.weight_ch1058,1.3402290344238281
layer3.4.conv3.weight,728,layer3.4.conv3.weight_ch728,1.3402187824249268
layer3.1.conv2.weight,3,layer3.1.conv2.weight_ch3,1.3399139642715454
layer3.0.conv3.weight,336,layer3.0.conv3.weight_ch336,1.339807152748108
layer2.0.conv1.weight,52,layer2.0.conv1.weight_ch52,1.3393858671188354
layer4.0.conv3.weight,776,layer4.0.conv3.weight_ch776,1.339037537574768
layer3.3.conv3.weight,1018,layer3.3.conv3.weight_ch1018,1.338801622390747
layer3.4.conv3.weight,176,layer3.4.conv3.weight_ch176,1.3386101722717285
layer3.1.conv2.weight,35,layer3.1.conv2.weight_ch35,1.3379119634628296
layer3.1.conv2.weight,188,layer3.1.conv2.weight_ch188,1.3377271890640259
layer3.5.conv3.weight,175,layer3.5.conv3.weight_ch175,1.3376998901367188
layer3.2.conv3.weight,628,layer3.2.conv3.weight_ch628,1.3366048336029053
layer3.2.conv1.weight,116,layer3.2.conv1.weight_ch116,1.3363361358642578
layer4.0.conv3.weight,1919,layer4.0.conv3.weight_ch1919,1.3361130952835083
layer2.0.conv1.weight,28,layer2.0.conv1.weight_ch28,1.3358958959579468
layer3.0.conv3.weight,918,layer3.0.conv3.weight_ch918,1.335674524307251
layer3.3.conv3.weight,513,layer3.3.conv3.weight_ch513,1.33519446849823
layer3.0.conv3.weight,698,layer3.0.conv3.weight_ch698,1.3350557088851929
layer3.5.conv3.weight,715,layer3.5.conv3.weight_ch715,1.3347737789154053
layer3.2.conv3.weight,421,layer3.2.conv3.weight_ch421,1.334678053855896
layer3.3.conv3.weight,705,layer3.3.conv3.weight_ch705,1.3345062732696533
layer3.3.conv3.weight,974,layer3.3.conv3.weight_ch974,1.3344892263412476
layer3.2.conv3.weight,987,layer3.2.conv3.weight_ch987,1.3344593048095703
layer3.4.conv3.weight,510,layer3.4.conv3.weight_ch510,1.334342360496521
layer3.4.conv3.weight,856,layer3.4.conv3.weight_ch856,1.3342928886413574
layer3.1.conv2.weight,16,layer3.1.conv2.weight_ch16,1.33418607711792
layer4.0.conv3.weight,1399,layer4.0.conv3.weight_ch1399,1.3341782093048096
layer4.0.conv3.weight,1885,layer4.0.conv3.weight_ch1885,1.3337056636810303
layer4.0.conv3.weight,795,layer4.0.conv3.weight_ch795,1.3336286544799805
layer3.0.conv3.weight,496,layer3.0.conv3.weight_ch496,1.333505392074585
layer3.2.conv1.weight,40,layer3.2.conv1.weight_ch40,1.3332856893539429
layer3.1.conv2.weight,220,layer3.1.conv2.weight_ch220,1.3328683376312256
layer2.3.conv3.weight,208,layer2.3.conv3.weight_ch208,1.3327603340148926
layer3.4.conv3.weight,991,layer3.4.conv3.weight_ch991,1.3326034545898438
layer3.5.conv3.weight,564,layer3.5.conv3.weight_ch564,1.3324692249298096
layer3.0.conv3.weight,69,layer3.0.conv3.weight_ch69,1.3323220014572144
layer3.1.conv2.weight,23,layer3.1.conv2.weight_ch23,1.3322182893753052
layer3.0.conv3.weight,326,layer3.0.conv3.weight_ch326,1.3315247297286987
layer3.3.conv3.weight,791,layer3.3.conv3.weight_ch791,1.3314969539642334
layer2.0.conv1.weight,90,layer2.0.conv1.weight_ch90,1.3314160108566284
layer3.2.conv1.weight,118,layer3.2.conv1.weight_ch118,1.3311196565628052
layer3.2.conv3.weight,526,layer3.2.conv3.weight_ch526,1.331033706665039
layer3.0.conv3.weight,641,layer3.0.conv3.weight_ch641,1.3305526971817017
layer3.5.conv3.weight,938,layer3.5.conv3.weight_ch938,1.3304868936538696
layer2.3.conv3.weight,29,layer2.3.conv3.weight_ch29,1.3302907943725586
layer4.0.conv3.weight,937,layer4.0.conv3.weight_ch937,1.3301695585250854
layer3.2.conv3.weight,190,layer3.2.conv3.weight_ch190,1.3298304080963135
layer2.3.conv3.weight,15,layer2.3.conv3.weight_ch15,1.3288824558258057
layer3.1.conv2.weight,66,layer3.1.conv2.weight_ch66,1.3286423683166504
layer3.5.conv3.weight,819,layer3.5.conv3.weight_ch819,1.3284224271774292
layer2.3.conv3.weight,263,layer2.3.conv3.weight_ch263,1.3281000852584839
layer3.2.conv1.weight,196,layer3.2.conv1.weight_ch196,1.3280856609344482
layer2.3.conv3.weight,259,layer2.3.conv3.weight_ch259,1.3276827335357666
layer3.3.conv3.weight,185,layer3.3.conv3.weight_ch185,1.3274494409561157
layer3.3.conv3.weight,375,layer3.3.conv3.weight_ch375,1.32732093334198
layer3.0.conv3.weight,444,layer3.0.conv3.weight_ch444,1.3270256519317627
layer3.0.conv3.weight,251,layer3.0.conv3.weight_ch251,1.3270149230957031
layer2.3.conv3.weight,423,layer2.3.conv3.weight_ch423,1.3259730339050293
layer3.0.conv3.weight,917,layer3.0.conv3.weight_ch917,1.3257495164871216
layer3.5.conv3.weight,979,layer3.5.conv3.weight_ch979,1.3255444765090942
layer3.0.conv3.weight,793,layer3.0.conv3.weight_ch793,1.3252151012420654
layer2.3.conv3.weight,418,layer2.3.conv3.weight_ch418,1.3252103328704834
layer3.4.conv3.weight,537,layer3.4.conv3.weight_ch537,1.3251760005950928
layer3.4.conv3.weight,703,layer3.4.conv3.weight_ch703,1.325150728225708
layer3.4.conv3.weight,545,layer3.4.conv3.weight_ch545,1.324012041091919
layer3.2.conv1.weight,227,layer3.2.conv1.weight_ch227,1.3238853216171265
layer3.4.conv3.weight,190,layer3.4.conv3.weight_ch190,1.3238497972488403
layer3.4.conv3.weight,693,layer3.4.conv3.weight_ch693,1.3230291604995728
layer4.0.conv3.weight,447,layer4.0.conv3.weight_ch447,1.321405053138733
layer3.4.conv3.weight,962,layer3.4.conv3.weight_ch962,1.3213295936584473
layer4.1.conv1.weight,236,layer4.1.conv1.weight_ch236,1.320933222770691
layer1.1.conv1.weight,24,layer1.1.conv1.weight_ch24,1.3204677104949951
layer3.4.conv3.weight,862,layer3.4.conv3.weight_ch862,1.3199950456619263
layer3.0.conv3.weight,709,layer3.0.conv3.weight_ch709,1.3194847106933594
layer3.4.conv3.weight,232,layer3.4.conv3.weight_ch232,1.319143295288086
layer2.3.conv3.weight,133,layer2.3.conv3.weight_ch133,1.318854570388794
layer3.3.conv3.weight,664,layer3.3.conv3.weight_ch664,1.3187596797943115
layer4.0.conv3.weight,1429,layer4.0.conv3.weight_ch1429,1.3186742067337036
layer3.0.conv2.weight,23,layer3.0.conv2.weight_ch23,1.3185967206954956
layer3.0.conv3.weight,533,layer3.0.conv3.weight_ch533,1.3178757429122925
layer2.0.conv1.weight,67,layer2.0.conv1.weight_ch67,1.3175063133239746
layer3.0.conv3.weight,562,layer3.0.conv3.weight_ch562,1.317132830619812
layer3.0.conv3.weight,892,layer3.0.conv3.weight_ch892,1.3168312311172485
layer4.0.conv3.weight,1962,layer4.0.conv3.weight_ch1962,1.316812515258789
layer3.0.conv3.weight,135,layer3.0.conv3.weight_ch135,1.3166546821594238
layer3.5.conv3.weight,394,layer3.5.conv3.weight_ch394,1.3164504766464233
layer4.0.conv3.weight,1000,layer4.0.conv3.weight_ch1000,1.3164139986038208
layer3.3.conv3.weight,384,layer3.3.conv3.weight_ch384,1.3163498640060425
layer4.0.conv3.weight,1678,layer4.0.conv3.weight_ch1678,1.3159853219985962
layer3.4.conv3.weight,578,layer3.4.conv3.weight_ch578,1.3157497644424438
layer3.5.conv3.weight,969,layer3.5.conv3.weight_ch969,1.3148934841156006
layer2.3.conv2.weight,21,layer2.3.conv2.weight_ch21,1.3147282600402832
layer3.2.conv3.weight,308,layer3.2.conv3.weight_ch308,1.3145970106124878
layer3.4.conv3.weight,740,layer3.4.conv3.weight_ch740,1.3144711256027222
layer3.4.conv3.weight,354,layer3.4.conv3.weight_ch354,1.3139474391937256
layer2.3.conv2.weight,88,layer2.3.conv2.weight_ch88,1.3137938976287842
layer3.3.conv3.weight,641,layer3.3.conv3.weight_ch641,1.3137692213058472
layer3.3.conv3.weight,354,layer3.3.conv3.weight_ch354,1.3134782314300537
layer3.0.conv3.weight,843,layer3.0.conv3.weight_ch843,1.3133305311203003
layer4.0.conv3.weight,1703,layer4.0.conv3.weight_ch1703,1.3132774829864502
layer4.0.conv3.weight,184,layer4.0.conv3.weight_ch184,1.3132740259170532
layer3.2.conv3.weight,743,layer3.2.conv3.weight_ch743,1.3126956224441528
layer3.5.conv3.weight,384,layer3.5.conv3.weight_ch384,1.3124806880950928
layer3.4.conv3.weight,81,layer3.4.conv3.weight_ch81,1.3122607469558716
layer4.0.conv3.weight,1708,layer4.0.conv3.weight_ch1708,1.3120298385620117
layer2.3.conv3.weight,189,layer2.3.conv3.weight_ch189,1.3118155002593994
layer4.0.conv3.weight,1663,layer4.0.conv3.weight_ch1663,1.3115193843841553
layer3.3.conv3.weight,420,layer3.3.conv3.weight_ch420,1.3114374876022339
layer3.0.conv3.weight,404,layer3.0.conv3.weight_ch404,1.3113068342208862
layer3.4.conv3.weight,172,layer3.4.conv3.weight_ch172,1.311248540878296
layer3.4.conv3.weight,927,layer3.4.conv3.weight_ch927,1.3112452030181885
layer4.0.conv3.weight,1939,layer4.0.conv3.weight_ch1939,1.3112190961837769
layer3.0.conv3.weight,188,layer3.0.conv3.weight_ch188,1.3109848499298096
layer2.3.conv2.weight,85,layer2.3.conv2.weight_ch85,1.3102939128875732
layer3.2.conv3.weight,246,layer3.2.conv3.weight_ch246,1.3100963830947876
layer2.0.conv1.weight,109,layer2.0.conv1.weight_ch109,1.310019850730896
layer3.4.conv3.weight,739,layer3.4.conv3.weight_ch739,1.309618592262268
layer3.3.conv3.weight,574,layer3.3.conv3.weight_ch574,1.309551477432251
layer3.3.conv3.weight,419,layer3.3.conv3.weight_ch419,1.3095260858535767
layer3.4.conv3.weight,418,layer3.4.conv3.weight_ch418,1.3090344667434692
layer3.4.conv3.weight,206,layer3.4.conv3.weight_ch206,1.309025764465332
layer2.3.conv2.weight,125,layer2.3.conv2.weight_ch125,1.3089942932128906
layer3.4.conv1.weight,37,layer3.4.conv1.weight_ch37,1.308720588684082
layer4.0.conv3.weight,727,layer4.0.conv3.weight_ch727,1.3084542751312256
layer3.0.conv3.weight,580,layer3.0.conv3.weight_ch580,1.3081754446029663
layer3.4.conv3.weight,513,layer3.4.conv3.weight_ch513,1.3078409433364868
layer3.2.conv1.weight,124,layer3.2.conv1.weight_ch124,1.3075145483016968
layer3.4.conv3.weight,743,layer3.4.conv3.weight_ch743,1.3073606491088867
layer3.3.conv3.weight,985,layer3.3.conv3.weight_ch985,1.3072621822357178
layer3.4.conv1.weight,173,layer3.4.conv1.weight_ch173,1.3071755170822144
layer3.1.conv2.weight,249,layer3.1.conv2.weight_ch249,1.3071528673171997
layer2.3.conv3.weight,421,layer2.3.conv3.weight_ch421,1.3071064949035645
layer3.4.conv3.weight,353,layer3.4.conv3.weight_ch353,1.3067561388015747
layer3.5.conv3.weight,111,layer3.5.conv3.weight_ch111,1.3065654039382935
layer3.2.conv1.weight,200,layer3.2.conv1.weight_ch200,1.3064311742782593
layer4.0.conv3.weight,1100,layer4.0.conv3.weight_ch1100,1.3060939311981201
layer3.2.conv3.weight,610,layer3.2.conv3.weight_ch610,1.3060353994369507
layer3.0.conv3.weight,800,layer3.0.conv3.weight_ch800,1.306015968322754
layer3.0.conv3.weight,891,layer3.0.conv3.weight_ch891,1.3059624433517456
layer3.2.conv3.weight,792,layer3.2.conv3.weight_ch792,1.3057931661605835
layer4.0.conv3.weight,817,layer4.0.conv3.weight_ch817,1.3056790828704834
layer3.0.conv3.weight,294,layer3.0.conv3.weight_ch294,1.3052377700805664
layer3.4.conv3.weight,715,layer3.4.conv3.weight_ch715,1.3052254915237427
layer2.3.conv2.weight,53,layer2.3.conv2.weight_ch53,1.3049460649490356
layer3.0.conv3.weight,202,layer3.0.conv3.weight_ch202,1.3047271966934204
layer3.3.conv3.weight,409,layer3.3.conv3.weight_ch409,1.3033915758132935
layer3.1.conv2.weight,171,layer3.1.conv2.weight_ch171,1.3032633066177368
layer3.2.conv3.weight,655,layer3.2.conv3.weight_ch655,1.3031724691390991
layer3.4.conv3.weight,815,layer3.4.conv3.weight_ch815,1.3028497695922852
layer3.3.conv3.weight,978,layer3.3.conv3.weight_ch978,1.302810549736023
layer3.2.conv1.weight,132,layer3.2.conv1.weight_ch132,1.302470326423645
layer4.0.conv3.weight,2038,layer4.0.conv3.weight_ch2038,1.3024401664733887
layer3.0.conv3.weight,673,layer3.0.conv3.weight_ch673,1.3023605346679688
layer3.2.conv3.weight,354,layer3.2.conv3.weight_ch354,1.3018499612808228
layer3.0.conv3.weight,845,layer3.0.conv3.weight_ch845,1.3016427755355835
layer3.0.conv3.weight,550,layer3.0.conv3.weight_ch550,1.3015528917312622
layer3.5.conv3.weight,887,layer3.5.conv3.weight_ch887,1.3014898300170898
layer3.0.conv3.weight,682,layer3.0.conv3.weight_ch682,1.301476001739502
layer3.1.conv2.weight,15,layer3.1.conv2.weight_ch15,1.300848364830017
layer4.0.conv3.weight,1168,layer4.0.conv3.weight_ch1168,1.3007986545562744
layer3.2.conv3.weight,59,layer3.2.conv3.weight_ch59,1.3001441955566406
layer3.4.conv3.weight,472,layer3.4.conv3.weight_ch472,1.3001099824905396
layer3.4.conv3.weight,65,layer3.4.conv3.weight_ch65,1.299974799156189
layer3.5.conv3.weight,530,layer3.5.conv3.weight_ch530,1.2998902797698975
layer3.2.conv3.weight,54,layer3.2.conv3.weight_ch54,1.2997920513153076
layer4.0.conv3.weight,931,layer4.0.conv3.weight_ch931,1.2988696098327637
layer3.0.conv3.weight,12,layer3.0.conv3.weight_ch12,1.2988355159759521
layer3.0.conv3.weight,84,layer3.0.conv3.weight_ch84,1.2985944747924805
layer3.5.conv3.weight,288,layer3.5.conv3.weight_ch288,1.2983993291854858
layer3.0.conv3.weight,32,layer3.0.conv3.weight_ch32,1.2983441352844238
layer3.2.conv3.weight,537,layer3.2.conv3.weight_ch537,1.29828941822052
layer3.0.conv3.weight,91,layer3.0.conv3.weight_ch91,1.2981517314910889
layer3.4.conv3.weight,613,layer3.4.conv3.weight_ch613,1.2979742288589478
layer3.2.conv3.weight,968,layer3.2.conv3.weight_ch968,1.2975947856903076
layer1.1.conv1.weight,33,layer1.1.conv1.weight_ch33,1.2973014116287231
layer3.2.conv1.weight,111,layer3.2.conv1.weight_ch111,1.2971630096435547
layer3.1.conv2.weight,61,layer3.1.conv2.weight_ch61,1.297125220298767
layer3.2.conv3.weight,1016,layer3.2.conv3.weight_ch1016,1.2966586351394653
layer3.4.conv3.weight,19,layer3.4.conv3.weight_ch19,1.2964950799942017
layer3.5.conv3.weight,508,layer3.5.conv3.weight_ch508,1.2962555885314941
layer2.3.conv3.weight,220,layer2.3.conv3.weight_ch220,1.2962335348129272
layer3.4.conv3.weight,895,layer3.4.conv3.weight_ch895,1.2960443496704102
layer2.0.conv1.weight,56,layer2.0.conv1.weight_ch56,1.295718789100647
layer3.4.conv3.weight,603,layer3.4.conv3.weight_ch603,1.295668601989746
layer3.0.conv3.weight,221,layer3.0.conv3.weight_ch221,1.2955396175384521
layer3.4.conv1.weight,155,layer3.4.conv1.weight_ch155,1.295320987701416
layer3.2.conv3.weight,603,layer3.2.conv3.weight_ch603,1.2948319911956787
layer3.0.conv2.weight,141,layer3.0.conv2.weight_ch141,1.2947276830673218
layer3.0.conv3.weight,447,layer3.0.conv3.weight_ch447,1.2945822477340698
layer4.0.conv3.weight,866,layer4.0.conv3.weight_ch866,1.2943274974822998
layer3.3.conv3.weight,394,layer3.3.conv3.weight_ch394,1.2942384481430054
layer3.5.conv3.weight,133,layer3.5.conv3.weight_ch133,1.2939608097076416
layer3.0.conv3.weight,297,layer3.0.conv3.weight_ch297,1.2932392358779907
layer2.3.conv3.weight,436,layer2.3.conv3.weight_ch436,1.2929449081420898
layer2.3.conv3.weight,109,layer2.3.conv3.weight_ch109,1.2928780317306519
layer3.3.conv3.weight,670,layer3.3.conv3.weight_ch670,1.2927480936050415
layer2.3.conv2.weight,6,layer2.3.conv2.weight_ch6,1.2925387620925903
layer2.3.conv3.weight,280,layer2.3.conv3.weight_ch280,1.29225754737854
layer3.5.conv3.weight,529,layer3.5.conv3.weight_ch529,1.29189932346344
layer3.0.conv3.weight,273,layer3.0.conv3.weight_ch273,1.2917683124542236
layer2.3.conv3.weight,395,layer2.3.conv3.weight_ch395,1.2916643619537354
layer4.0.conv3.weight,957,layer4.0.conv3.weight_ch957,1.2915884256362915
layer3.5.conv3.weight,274,layer3.5.conv3.weight_ch274,1.291316032409668
layer3.0.conv3.weight,81,layer3.0.conv3.weight_ch81,1.2902464866638184
layer3.2.conv1.weight,11,layer3.2.conv1.weight_ch11,1.289887547492981
layer3.2.conv1.weight,32,layer3.2.conv1.weight_ch32,1.2897944450378418
layer3.3.conv3.weight,1006,layer3.3.conv3.weight_ch1006,1.2894642353057861
layer4.0.conv3.weight,10,layer4.0.conv3.weight_ch10,1.2893978357315063
layer3.5.conv3.weight,576,layer3.5.conv3.weight_ch576,1.2892098426818848
layer3.0.conv3.weight,268,layer3.0.conv3.weight_ch268,1.2884327173233032
layer4.0.conv3.weight,1374,layer4.0.conv3.weight_ch1374,1.2884259223937988
layer3.4.conv1.weight,156,layer3.4.conv1.weight_ch156,1.2881660461425781
layer2.0.conv1.weight,48,layer2.0.conv1.weight_ch48,1.2879648208618164
layer2.0.conv1.weight,4,layer2.0.conv1.weight_ch4,1.2877414226531982
layer3.5.conv3.weight,382,layer3.5.conv3.weight_ch382,1.287657380104065
layer4.0.conv3.weight,140,layer4.0.conv3.weight_ch140,1.287518858909607
layer3.3.conv3.weight,358,layer3.3.conv3.weight_ch358,1.2874646186828613
layer2.3.conv3.weight,490,layer2.3.conv3.weight_ch490,1.2872799634933472
layer4.0.conv3.weight,1136,layer4.0.conv3.weight_ch1136,1.2865700721740723
layer3.1.conv2.weight,73,layer3.1.conv2.weight_ch73,1.2862439155578613
layer3.4.conv3.weight,500,layer3.4.conv3.weight_ch500,1.2852833271026611
layer3.0.conv3.weight,411,layer3.0.conv3.weight_ch411,1.285241961479187
layer4.1.conv1.weight,441,layer4.1.conv1.weight_ch441,1.2844305038452148
layer3.0.conv3.weight,242,layer3.0.conv3.weight_ch242,1.284264087677002
layer2.3.conv3.weight,466,layer2.3.conv3.weight_ch466,1.283927321434021
layer4.0.conv3.weight,1286,layer4.0.conv3.weight_ch1286,1.2835700511932373
layer3.2.conv3.weight,385,layer3.2.conv3.weight_ch385,1.2833770513534546
layer4.0.conv3.weight,731,layer4.0.conv3.weight_ch731,1.2830404043197632
layer4.0.conv3.weight,396,layer4.0.conv3.weight_ch396,1.2828459739685059
layer4.0.conv3.weight,738,layer4.0.conv3.weight_ch738,1.2825387716293335
layer3.5.conv3.weight,72,layer3.5.conv3.weight_ch72,1.2825151681900024
layer2.3.conv3.weight,100,layer2.3.conv3.weight_ch100,1.2823277711868286
layer3.4.conv3.weight,796,layer3.4.conv3.weight_ch796,1.2821197509765625
layer2.3.conv2.weight,75,layer2.3.conv2.weight_ch75,1.2820110321044922
layer3.5.conv3.weight,100,layer3.5.conv3.weight_ch100,1.2816991806030273
layer3.1.conv2.weight,79,layer3.1.conv2.weight_ch79,1.2815656661987305
layer3.5.conv3.weight,489,layer3.5.conv3.weight_ch489,1.2812978029251099
layer4.0.conv3.weight,1010,layer4.0.conv3.weight_ch1010,1.2810497283935547
layer3.3.conv3.weight,850,layer3.3.conv3.weight_ch850,1.2809619903564453
layer3.5.conv3.weight,458,layer3.5.conv3.weight_ch458,1.2807080745697021
layer3.4.conv3.weight,924,layer3.4.conv3.weight_ch924,1.2796473503112793
layer3.5.conv3.weight,32,layer3.5.conv3.weight_ch32,1.2795071601867676
layer3.2.conv3.weight,579,layer3.2.conv3.weight_ch579,1.2794800996780396
layer2.3.conv3.weight,249,layer2.3.conv3.weight_ch249,1.2789801359176636
layer3.0.conv2.weight,167,layer3.0.conv2.weight_ch167,1.278855800628662
layer3.0.conv3.weight,97,layer3.0.conv3.weight_ch97,1.2788169384002686
layer2.3.conv2.weight,117,layer2.3.conv2.weight_ch117,1.2785768508911133
layer3.2.conv3.weight,1011,layer3.2.conv3.weight_ch1011,1.2784329652786255
layer4.0.conv3.weight,740,layer4.0.conv3.weight_ch740,1.2784159183502197
layer3.3.conv3.weight,362,layer3.3.conv3.weight_ch362,1.2780475616455078
layer3.2.conv1.weight,184,layer3.2.conv1.weight_ch184,1.2779873609542847
layer3.2.conv1.weight,7,layer3.2.conv1.weight_ch7,1.2779719829559326
layer3.5.conv3.weight,29,layer3.5.conv3.weight_ch29,1.2775076627731323
layer3.4.conv3.weight,723,layer3.4.conv3.weight_ch723,1.2771703004837036
layer4.0.conv3.weight,159,layer4.0.conv3.weight_ch159,1.2767452001571655
layer3.4.conv3.weight,460,layer3.4.conv3.weight_ch460,1.2766923904418945
layer3.0.conv3.weight,486,layer3.0.conv3.weight_ch486,1.2765775918960571
layer3.5.conv3.weight,301,layer3.5.conv3.weight_ch301,1.2759207487106323
layer3.4.conv3.weight,60,layer3.4.conv3.weight_ch60,1.2755471467971802
layer3.2.conv1.weight,6,layer3.2.conv1.weight_ch6,1.2752940654754639
layer3.5.conv3.weight,975,layer3.5.conv3.weight_ch975,1.2751580476760864
layer3.2.conv3.weight,891,layer3.2.conv3.weight_ch891,1.275085687637329
layer2.3.conv3.weight,356,layer2.3.conv3.weight_ch356,1.274966835975647
layer3.3.conv3.weight,508,layer3.3.conv3.weight_ch508,1.2746015787124634
layer2.3.conv3.weight,328,layer2.3.conv3.weight_ch328,1.2744609117507935
layer3.5.conv3.weight,338,layer3.5.conv3.weight_ch338,1.2744587659835815
layer3.2.conv3.weight,0,layer3.2.conv3.weight_ch0,1.2743704319000244
layer3.2.conv3.weight,618,layer3.2.conv3.weight_ch618,1.2743127346038818
layer3.2.conv1.weight,221,layer3.2.conv1.weight_ch221,1.2742750644683838
layer3.4.conv3.weight,648,layer3.4.conv3.weight_ch648,1.2732411623001099
layer3.2.conv1.weight,224,layer3.2.conv1.weight_ch224,1.2732120752334595
layer3.2.conv3.weight,798,layer3.2.conv3.weight_ch798,1.2727575302124023
layer4.1.conv1.weight,439,layer4.1.conv1.weight_ch439,1.2727223634719849
layer3.5.conv3.weight,807,layer3.5.conv3.weight_ch807,1.2725032567977905
layer3.2.conv1.weight,253,layer3.2.conv1.weight_ch253,1.2724190950393677
layer3.5.conv3.weight,801,layer3.5.conv3.weight_ch801,1.2724027633666992
layer3.2.conv3.weight,807,layer3.2.conv3.weight_ch807,1.2720884084701538
layer3.3.conv3.weight,555,layer3.3.conv3.weight_ch555,1.271943211555481
layer3.2.conv3.weight,585,layer3.2.conv3.weight_ch585,1.2718816995620728
layer3.4.conv3.weight,770,layer3.4.conv3.weight_ch770,1.2713345289230347
layer2.3.conv3.weight,187,layer2.3.conv3.weight_ch187,1.2712632417678833
layer3.0.conv2.weight,95,layer3.0.conv2.weight_ch95,1.271115779876709
layer3.2.conv3.weight,351,layer3.2.conv3.weight_ch351,1.2711138725280762
layer3.0.conv3.weight,986,layer3.0.conv3.weight_ch986,1.2708649635314941
layer3.0.conv3.weight,224,layer3.0.conv3.weight_ch224,1.2706987857818604
layer3.0.conv3.weight,646,layer3.0.conv3.weight_ch646,1.2706540822982788
layer3.5.conv3.weight,101,layer3.5.conv3.weight_ch101,1.2704591751098633
layer3.3.conv3.weight,304,layer3.3.conv3.weight_ch304,1.2703464031219482
layer2.0.conv1.weight,14,layer2.0.conv1.weight_ch14,1.2702252864837646
layer3.2.conv3.weight,467,layer3.2.conv3.weight_ch467,1.2701506614685059
layer3.5.conv3.weight,261,layer3.5.conv3.weight_ch261,1.2695348262786865
layer4.0.conv3.weight,1693,layer4.0.conv3.weight_ch1693,1.2692874670028687
layer3.5.conv3.weight,544,layer3.5.conv3.weight_ch544,1.268894910812378
layer3.2.conv1.weight,87,layer3.2.conv1.weight_ch87,1.2686858177185059
layer3.4.conv3.weight,831,layer3.4.conv3.weight_ch831,1.268578052520752
layer4.0.conv3.weight,246,layer4.0.conv3.weight_ch246,1.268569827079773
layer3.2.conv3.weight,714,layer3.2.conv3.weight_ch714,1.2683900594711304
layer3.5.conv3.weight,612,layer3.5.conv3.weight_ch612,1.2680001258850098
layer3.5.conv3.weight,135,layer3.5.conv3.weight_ch135,1.2679009437561035
layer4.1.conv1.weight,200,layer4.1.conv1.weight_ch200,1.2677377462387085
layer2.0.conv1.weight,33,layer2.0.conv1.weight_ch33,1.2668919563293457
layer3.5.conv3.weight,251,layer3.5.conv3.weight_ch251,1.2668558359146118
layer3.4.conv1.weight,118,layer3.4.conv1.weight_ch118,1.2666252851486206
layer3.3.conv3.weight,465,layer3.3.conv3.weight_ch465,1.2661211490631104
layer3.5.conv3.weight,406,layer3.5.conv3.weight_ch406,1.2661199569702148
layer2.3.conv3.weight,200,layer2.3.conv3.weight_ch200,1.2660508155822754
layer2.0.conv1.weight,88,layer2.0.conv1.weight_ch88,1.265805721282959
layer3.2.conv3.weight,498,layer3.2.conv3.weight_ch498,1.2652692794799805
layer2.0.conv1.weight,2,layer2.0.conv1.weight_ch2,1.2649645805358887
layer3.2.conv1.weight,186,layer3.2.conv1.weight_ch186,1.2649537324905396
layer3.2.conv3.weight,393,layer3.2.conv3.weight_ch393,1.2644903659820557
layer3.2.conv3.weight,377,layer3.2.conv3.weight_ch377,1.264180064201355
layer3.4.conv1.weight,242,layer3.4.conv1.weight_ch242,1.2641639709472656
layer3.0.conv3.weight,788,layer3.0.conv3.weight_ch788,1.263948678970337
layer2.3.conv3.weight,202,layer2.3.conv3.weight_ch202,1.2636958360671997
layer3.5.conv3.weight,398,layer3.5.conv3.weight_ch398,1.2634541988372803
layer3.4.conv3.weight,886,layer3.4.conv3.weight_ch886,1.263395071029663
layer3.0.conv3.weight,937,layer3.0.conv3.weight_ch937,1.2633540630340576
layer3.4.conv3.weight,391,layer3.4.conv3.weight_ch391,1.2633471488952637
layer3.0.conv3.weight,414,layer3.0.conv3.weight_ch414,1.2629116773605347
layer3.0.conv3.weight,593,layer3.0.conv3.weight_ch593,1.2627078294754028
layer2.3.conv3.weight,203,layer2.3.conv3.weight_ch203,1.2626614570617676
layer3.2.conv3.weight,631,layer3.2.conv3.weight_ch631,1.2620186805725098
layer3.5.conv3.weight,561,layer3.5.conv3.weight_ch561,1.2619857788085938
layer3.3.conv3.weight,20,layer3.3.conv3.weight_ch20,1.2613004446029663
layer3.0.conv2.weight,133,layer3.0.conv2.weight_ch133,1.2611947059631348
layer3.5.conv3.weight,734,layer3.5.conv3.weight_ch734,1.261000394821167
layer4.0.conv3.weight,1973,layer4.0.conv3.weight_ch1973,1.2606565952301025
layer3.3.conv3.weight,581,layer3.3.conv3.weight_ch581,1.2605775594711304
layer4.0.conv3.weight,1023,layer4.0.conv3.weight_ch1023,1.2602514028549194
layer3.4.conv3.weight,18,layer3.4.conv3.weight_ch18,1.2599310874938965
layer3.0.conv3.weight,413,layer3.0.conv3.weight_ch413,1.2595984935760498
layer3.4.conv3.weight,146,layer3.4.conv3.weight_ch146,1.2592962980270386
layer3.4.conv3.weight,355,layer3.4.conv3.weight_ch355,1.2588688135147095
layer3.5.conv3.weight,703,layer3.5.conv3.weight_ch703,1.2587144374847412
layer2.3.conv3.weight,81,layer2.3.conv3.weight_ch81,1.258713722229004
layer3.5.conv3.weight,860,layer3.5.conv3.weight_ch860,1.2583521604537964
layer3.4.conv3.weight,964,layer3.4.conv3.weight_ch964,1.2582452297210693
layer3.0.conv2.weight,188,layer3.0.conv2.weight_ch188,1.2581696510314941
layer4.1.conv1.weight,425,layer4.1.conv1.weight_ch425,1.2578692436218262
layer3.4.conv1.weight,101,layer3.4.conv1.weight_ch101,1.2577944993972778
layer3.5.conv3.weight,23,layer3.5.conv3.weight_ch23,1.2576208114624023
layer3.3.conv3.weight,876,layer3.3.conv3.weight_ch876,1.2574653625488281
layer3.4.conv3.weight,483,layer3.4.conv3.weight_ch483,1.2571250200271606
layer3.0.conv3.weight,566,layer3.0.conv3.weight_ch566,1.2569226026535034
layer3.3.conv3.weight,370,layer3.3.conv3.weight_ch370,1.2562819719314575
layer3.2.conv3.weight,524,layer3.2.conv3.weight_ch524,1.256242036819458
layer2.0.conv1.weight,6,layer2.0.conv1.weight_ch6,1.2556973695755005
layer3.0.conv3.weight,815,layer3.0.conv3.weight_ch815,1.255220890045166
layer2.3.conv3.weight,444,layer2.3.conv3.weight_ch444,1.2551980018615723
layer3.4.conv3.weight,333,layer3.4.conv3.weight_ch333,1.255141019821167
layer3.5.conv3.weight,499,layer3.5.conv3.weight_ch499,1.2547791004180908
layer2.3.conv3.weight,153,layer2.3.conv3.weight_ch153,1.2547767162322998
layer3.5.conv3.weight,413,layer3.5.conv3.weight_ch413,1.2547507286071777
layer2.3.conv2.weight,121,layer2.3.conv2.weight_ch121,1.2547330856323242
layer3.2.conv1.weight,240,layer3.2.conv1.weight_ch240,1.2546699047088623
layer3.5.conv3.weight,59,layer3.5.conv3.weight_ch59,1.2543294429779053
layer3.4.conv3.weight,272,layer3.4.conv3.weight_ch272,1.2543284893035889
layer2.3.conv3.weight,207,layer2.3.conv3.weight_ch207,1.254179835319519
layer3.4.conv3.weight,917,layer3.4.conv3.weight_ch917,1.2540022134780884
layer3.3.conv3.weight,999,layer3.3.conv3.weight_ch999,1.2535032033920288
layer3.3.conv3.weight,544,layer3.3.conv3.weight_ch544,1.2530097961425781
layer3.2.conv1.weight,151,layer3.2.conv1.weight_ch151,1.2529836893081665
layer3.2.conv1.weight,89,layer3.2.conv1.weight_ch89,1.2529829740524292
layer3.0.conv3.weight,754,layer3.0.conv3.weight_ch754,1.2529373168945312
layer3.0.conv3.weight,796,layer3.0.conv3.weight_ch796,1.2524998188018799
layer3.4.conv3.weight,718,layer3.4.conv3.weight_ch718,1.2523019313812256
layer3.2.conv3.weight,215,layer3.2.conv3.weight_ch215,1.2518922090530396
layer3.4.conv3.weight,433,layer3.4.conv3.weight_ch433,1.251560926437378
layer3.2.conv1.weight,141,layer3.2.conv1.weight_ch141,1.2515310049057007
layer3.3.conv3.weight,1008,layer3.3.conv3.weight_ch1008,1.2514548301696777
layer3.4.conv3.weight,906,layer3.4.conv3.weight_ch906,1.2513633966445923
layer3.5.conv3.weight,750,layer3.5.conv3.weight_ch750,1.2513617277145386
layer3.3.conv3.weight,735,layer3.3.conv3.weight_ch735,1.2512685060501099
layer1.1.conv1.weight,6,layer1.1.conv1.weight_ch6,1.2510970830917358
layer4.0.conv3.weight,792,layer4.0.conv3.weight_ch792,1.25044846534729
layer4.0.conv3.weight,175,layer4.0.conv3.weight_ch175,1.250432014465332
layer3.2.conv3.weight,581,layer3.2.conv3.weight_ch581,1.2503615617752075
layer3.2.conv3.weight,868,layer3.2.conv3.weight_ch868,1.2502647638320923
layer3.2.conv3.weight,487,layer3.2.conv3.weight_ch487,1.250229835510254
layer3.5.conv3.weight,923,layer3.5.conv3.weight_ch923,1.2501662969589233
layer3.2.conv3.weight,1015,layer3.2.conv3.weight_ch1015,1.2497804164886475
layer3.4.conv1.weight,210,layer3.4.conv1.weight_ch210,1.2496639490127563
layer3.4.conv3.weight,496,layer3.4.conv3.weight_ch496,1.249453067779541
layer3.3.conv3.weight,227,layer3.3.conv3.weight_ch227,1.2493916749954224
layer4.1.conv1.weight,129,layer4.1.conv1.weight_ch129,1.2493646144866943
layer3.3.conv3.weight,119,layer3.3.conv3.weight_ch119,1.2491806745529175
layer3.3.conv3.weight,87,layer3.3.conv3.weight_ch87,1.2485604286193848
layer3.3.conv3.weight,456,layer3.3.conv3.weight_ch456,1.248485803604126
layer3.2.conv3.weight,447,layer3.2.conv3.weight_ch447,1.2483726739883423
layer2.3.conv3.weight,146,layer2.3.conv3.weight_ch146,1.2483680248260498
layer3.5.conv3.weight,151,layer3.5.conv3.weight_ch151,1.2483055591583252
layer4.1.conv1.weight,84,layer4.1.conv1.weight_ch84,1.248090147972107
layer3.4.conv3.weight,993,layer3.4.conv3.weight_ch993,1.2477173805236816
layer3.2.conv3.weight,358,layer3.2.conv3.weight_ch358,1.247470736503601
layer3.2.conv1.weight,245,layer3.2.conv1.weight_ch245,1.2474291324615479
layer3.4.conv3.weight,735,layer3.4.conv3.weight_ch735,1.2469077110290527
layer2.3.conv3.weight,347,layer2.3.conv3.weight_ch347,1.246774435043335
layer3.4.conv3.weight,124,layer3.4.conv3.weight_ch124,1.2465195655822754
layer3.4.conv3.weight,491,layer3.4.conv3.weight_ch491,1.2463667392730713
layer2.3.conv2.weight,12,layer2.3.conv2.weight_ch12,1.2455850839614868
layer3.4.conv1.weight,120,layer3.4.conv1.weight_ch120,1.2452998161315918
layer3.3.conv3.weight,326,layer3.3.conv3.weight_ch326,1.244835376739502
layer3.5.conv3.weight,792,layer3.5.conv3.weight_ch792,1.2447457313537598
layer3.4.conv3.weight,809,layer3.4.conv3.weight_ch809,1.2447309494018555
layer2.3.conv3.weight,141,layer2.3.conv3.weight_ch141,1.2446019649505615
layer3.3.conv3.weight,588,layer3.3.conv3.weight_ch588,1.2441660165786743
layer3.4.conv3.weight,649,layer3.4.conv3.weight_ch649,1.2438836097717285
layer2.0.conv1.weight,77,layer2.0.conv1.weight_ch77,1.2437336444854736
layer3.0.conv3.weight,474,layer3.0.conv3.weight_ch474,1.243528127670288
layer3.5.conv3.weight,462,layer3.5.conv3.weight_ch462,1.2434624433517456
layer2.3.conv3.weight,398,layer2.3.conv3.weight_ch398,1.2434065341949463
layer3.2.conv3.weight,491,layer3.2.conv3.weight_ch491,1.243168830871582
layer3.2.conv1.weight,170,layer3.2.conv1.weight_ch170,1.2430503368377686
layer3.2.conv1.weight,167,layer3.2.conv1.weight_ch167,1.2423040866851807
layer3.4.conv3.weight,589,layer3.4.conv3.weight_ch589,1.2417882680892944
layer4.0.conv3.weight,865,layer4.0.conv3.weight_ch865,1.2410446405410767
layer3.3.conv3.weight,293,layer3.3.conv3.weight_ch293,1.2400370836257935
layer3.5.conv3.weight,523,layer3.5.conv3.weight_ch523,1.2393155097961426
layer3.2.conv1.weight,4,layer3.2.conv1.weight_ch4,1.2390207052230835
layer3.4.conv1.weight,164,layer3.4.conv1.weight_ch164,1.2388321161270142
layer3.5.conv3.weight,551,layer3.5.conv3.weight_ch551,1.2385435104370117
layer3.0.conv3.weight,930,layer3.0.conv3.weight_ch930,1.2384169101715088
layer3.4.conv3.weight,139,layer3.4.conv3.weight_ch139,1.238173007965088
layer3.3.conv3.weight,467,layer3.3.conv3.weight_ch467,1.2380132675170898
layer3.2.conv3.weight,591,layer3.2.conv3.weight_ch591,1.2375555038452148
layer3.0.conv3.weight,534,layer3.0.conv3.weight_ch534,1.2373124361038208
layer3.4.conv3.weight,966,layer3.4.conv3.weight_ch966,1.2372214794158936
layer3.2.conv3.weight,932,layer3.2.conv3.weight_ch932,1.2367615699768066
layer2.3.conv3.weight,51,layer2.3.conv3.weight_ch51,1.2361897230148315
layer3.5.conv3.weight,34,layer3.5.conv3.weight_ch34,1.2355433702468872
layer4.0.conv3.weight,1734,layer4.0.conv3.weight_ch1734,1.2352591753005981
layer3.5.conv3.weight,89,layer3.5.conv3.weight_ch89,1.2345935106277466
layer3.3.conv3.weight,931,layer3.3.conv3.weight_ch931,1.2339540719985962
layer3.3.conv3.weight,267,layer3.3.conv3.weight_ch267,1.2332324981689453
layer3.2.conv3.weight,307,layer3.2.conv3.weight_ch307,1.2331409454345703
layer3.0.conv3.weight,956,layer3.0.conv3.weight_ch956,1.2331037521362305
layer1.1.conv1.weight,14,layer1.1.conv1.weight_ch14,1.2328455448150635
layer3.4.conv3.weight,264,layer3.4.conv3.weight_ch264,1.2328224182128906
layer3.2.conv3.weight,216,layer3.2.conv3.weight_ch216,1.2324764728546143
layer3.5.conv3.weight,870,layer3.5.conv3.weight_ch870,1.2322864532470703
layer3.0.conv3.weight,264,layer3.0.conv3.weight_ch264,1.232227087020874
layer3.4.conv3.weight,551,layer3.4.conv3.weight_ch551,1.2319146394729614
layer3.0.conv3.weight,52,layer3.0.conv3.weight_ch52,1.2315269708633423
layer3.5.conv3.weight,136,layer3.5.conv3.weight_ch136,1.2309389114379883
layer3.0.conv3.weight,559,layer3.0.conv3.weight_ch559,1.2308779954910278
layer3.5.conv3.weight,753,layer3.5.conv3.weight_ch753,1.2305593490600586
layer3.4.conv3.weight,400,layer3.4.conv3.weight_ch400,1.2304751873016357
layer3.3.conv3.weight,490,layer3.3.conv3.weight_ch490,1.2301125526428223
layer4.0.conv3.weight,190,layer4.0.conv3.weight_ch190,1.2290985584259033
layer4.0.conv3.weight,655,layer4.0.conv3.weight_ch655,1.2287015914916992
layer3.3.conv3.weight,25,layer3.3.conv3.weight_ch25,1.2283868789672852
layer3.5.conv3.weight,720,layer3.5.conv3.weight_ch720,1.2281975746154785
layer3.0.conv2.weight,181,layer3.0.conv2.weight_ch181,1.227445363998413
layer3.0.conv2.weight,85,layer3.0.conv2.weight_ch85,1.2273600101470947
layer3.0.conv3.weight,722,layer3.0.conv3.weight_ch722,1.22725248336792
layer2.3.conv3.weight,321,layer2.3.conv3.weight_ch321,1.2265585660934448
layer3.0.conv3.weight,255,layer3.0.conv3.weight_ch255,1.2263363599777222
layer3.4.conv3.weight,580,layer3.4.conv3.weight_ch580,1.226205587387085
layer4.1.conv1.weight,366,layer4.1.conv1.weight_ch366,1.2261264324188232
layer3.5.conv3.weight,239,layer3.5.conv3.weight_ch239,1.2259695529937744
layer3.0.conv3.weight,96,layer3.0.conv3.weight_ch96,1.2257832288742065
layer3.5.conv3.weight,272,layer3.5.conv3.weight_ch272,1.2256075143814087
layer3.2.conv3.weight,525,layer3.2.conv3.weight_ch525,1.225534439086914
layer4.0.conv3.weight,1594,layer4.0.conv3.weight_ch1594,1.2251919507980347
layer4.0.conv3.weight,288,layer4.0.conv3.weight_ch288,1.2248616218566895
layer3.5.conv3.weight,538,layer3.5.conv3.weight_ch538,1.224714994430542
layer3.0.conv2.weight,49,layer3.0.conv2.weight_ch49,1.2246960401535034
layer3.5.conv3.weight,282,layer3.5.conv3.weight_ch282,1.2245802879333496
layer3.0.conv3.weight,483,layer3.0.conv3.weight_ch483,1.2245426177978516
layer3.4.conv3.weight,8,layer3.4.conv3.weight_ch8,1.2244694232940674
layer3.3.conv3.weight,759,layer3.3.conv3.weight_ch759,1.2244590520858765
layer3.5.conv3.weight,280,layer3.5.conv3.weight_ch280,1.224192500114441
layer3.5.conv3.weight,232,layer3.5.conv3.weight_ch232,1.2240238189697266
layer2.0.conv1.weight,119,layer2.0.conv1.weight_ch119,1.2238211631774902
layer3.4.conv3.weight,970,layer3.4.conv3.weight_ch970,1.2234644889831543
layer3.2.conv3.weight,9,layer3.2.conv3.weight_ch9,1.223388671875
layer3.5.conv3.weight,633,layer3.5.conv3.weight_ch633,1.2232820987701416
layer3.5.conv3.weight,535,layer3.5.conv3.weight_ch535,1.2231460809707642
layer3.4.conv3.weight,709,layer3.4.conv3.weight_ch709,1.2231254577636719
layer3.3.conv3.weight,310,layer3.3.conv3.weight_ch310,1.2229394912719727
layer2.3.conv3.weight,393,layer2.3.conv3.weight_ch393,1.2225664854049683
layer3.5.conv3.weight,240,layer3.5.conv3.weight_ch240,1.2225311994552612
layer3.2.conv3.weight,674,layer3.2.conv3.weight_ch674,1.2224360704421997
layer4.1.conv1.weight,67,layer4.1.conv1.weight_ch67,1.2216651439666748
layer4.0.conv3.weight,1481,layer4.0.conv3.weight_ch1481,1.221543788909912
layer3.3.conv3.weight,150,layer3.3.conv3.weight_ch150,1.2214106321334839
layer3.3.conv3.weight,398,layer3.3.conv3.weight_ch398,1.2213866710662842
layer3.2.conv3.weight,652,layer3.2.conv3.weight_ch652,1.2211700677871704
layer3.5.conv3.weight,470,layer3.5.conv3.weight_ch470,1.2210501432418823
layer3.0.conv3.weight,809,layer3.0.conv3.weight_ch809,1.2209399938583374
layer2.0.conv1.weight,70,layer2.0.conv1.weight_ch70,1.2203998565673828
layer3.0.conv3.weight,963,layer3.0.conv3.weight_ch963,1.22029709815979
layer3.2.conv3.weight,143,layer3.2.conv3.weight_ch143,1.220210313796997
layer3.3.conv3.weight,897,layer3.3.conv3.weight_ch897,1.2199132442474365
layer2.3.conv3.weight,374,layer2.3.conv3.weight_ch374,1.2197707891464233
layer3.0.conv3.weight,451,layer3.0.conv3.weight_ch451,1.2196228504180908
layer4.0.conv3.weight,1658,layer4.0.conv3.weight_ch1658,1.219470500946045
layer2.3.conv3.weight,352,layer2.3.conv3.weight_ch352,1.219374656677246
layer4.0.conv3.weight,1195,layer4.0.conv3.weight_ch1195,1.2192187309265137
layer3.5.conv3.weight,645,layer3.5.conv3.weight_ch645,1.2191195487976074
layer3.3.conv3.weight,291,layer3.3.conv3.weight_ch291,1.2191005945205688
layer3.2.conv1.weight,177,layer3.2.conv1.weight_ch177,1.2189830541610718
layer2.3.conv3.weight,150,layer2.3.conv3.weight_ch150,1.2187728881835938
layer3.0.conv3.weight,407,layer3.0.conv3.weight_ch407,1.2184059619903564
layer3.0.conv3.weight,111,layer3.0.conv3.weight_ch111,1.2182586193084717
layer3.2.conv3.weight,519,layer3.2.conv3.weight_ch519,1.2180759906768799
layer2.3.conv3.weight,252,layer2.3.conv3.weight_ch252,1.2175028324127197
layer3.3.conv3.weight,51,layer3.3.conv3.weight_ch51,1.217483639717102
layer3.2.conv3.weight,942,layer3.2.conv3.weight_ch942,1.2167675495147705
layer3.3.conv3.weight,470,layer3.3.conv3.weight_ch470,1.216606855392456
layer3.5.conv3.weight,99,layer3.5.conv3.weight_ch99,1.2164266109466553
layer4.1.conv1.weight,98,layer4.1.conv1.weight_ch98,1.216331958770752
layer2.0.conv1.weight,65,layer2.0.conv1.weight_ch65,1.2161204814910889
layer3.5.conv3.weight,689,layer3.5.conv3.weight_ch689,1.2159208059310913
layer3.3.conv3.weight,212,layer3.3.conv3.weight_ch212,1.2158925533294678
layer2.3.conv3.weight,450,layer2.3.conv3.weight_ch450,1.215610384941101
layer3.1.conv2.weight,164,layer3.1.conv2.weight_ch164,1.2150630950927734
layer3.3.conv3.weight,8,layer3.3.conv3.weight_ch8,1.2150545120239258
layer3.0.conv3.weight,168,layer3.0.conv3.weight_ch168,1.2150068283081055
layer3.0.conv3.weight,350,layer3.0.conv3.weight_ch350,1.2146793603897095
layer3.3.conv3.weight,602,layer3.3.conv3.weight_ch602,1.2144334316253662
layer3.3.conv3.weight,98,layer3.3.conv3.weight_ch98,1.2142870426177979
layer4.1.conv1.weight,267,layer4.1.conv1.weight_ch267,1.2142491340637207
layer3.5.conv3.weight,705,layer3.5.conv3.weight_ch705,1.2142176628112793
layer3.3.conv3.weight,10,layer3.3.conv3.weight_ch10,1.2140089273452759
layer3.2.conv3.weight,69,layer3.2.conv3.weight_ch69,1.2138980627059937
layer4.0.conv3.weight,2007,layer4.0.conv3.weight_ch2007,1.2138206958770752
layer3.0.conv3.weight,101,layer3.0.conv3.weight_ch101,1.2138108015060425
layer3.4.conv1.weight,9,layer3.4.conv1.weight_ch9,1.213747501373291
layer3.4.conv1.weight,141,layer3.4.conv1.weight_ch141,1.213746190071106
layer2.3.conv2.weight,66,layer2.3.conv2.weight_ch66,1.2135822772979736
layer3.4.conv3.weight,996,layer3.4.conv3.weight_ch996,1.2134830951690674
layer3.5.conv3.weight,746,layer3.5.conv3.weight_ch746,1.2133665084838867
layer3.0.conv3.weight,522,layer3.0.conv3.weight_ch522,1.2133259773254395
layer3.4.conv3.weight,523,layer3.4.conv3.weight_ch523,1.2132898569107056
layer3.0.conv3.weight,305,layer3.0.conv3.weight_ch305,1.2131637334823608
layer3.2.conv3.weight,530,layer3.2.conv3.weight_ch530,1.2128866910934448
layer3.4.conv3.weight,979,layer3.4.conv3.weight_ch979,1.2126169204711914
layer3.5.conv3.weight,855,layer3.5.conv3.weight_ch855,1.2122256755828857
layer3.4.conv1.weight,125,layer3.4.conv1.weight_ch125,1.2121305465698242
layer3.3.conv3.weight,692,layer3.3.conv3.weight_ch692,1.2112345695495605
layer3.2.conv3.weight,220,layer3.2.conv3.weight_ch220,1.2111074924468994
layer3.3.conv3.weight,176,layer3.3.conv3.weight_ch176,1.2109096050262451
layer3.4.conv1.weight,31,layer3.4.conv1.weight_ch31,1.2106106281280518
layer3.5.conv3.weight,984,layer3.5.conv3.weight_ch984,1.2105246782302856
layer3.3.conv3.weight,254,layer3.3.conv3.weight_ch254,1.2104778289794922
layer3.3.conv3.weight,717,layer3.3.conv3.weight_ch717,1.2099038362503052
layer3.5.conv3.weight,947,layer3.5.conv3.weight_ch947,1.2096545696258545
layer3.2.conv3.weight,152,layer3.2.conv3.weight_ch152,1.2094749212265015
layer3.2.conv3.weight,897,layer3.2.conv3.weight_ch897,1.209246039390564
layer3.5.conv3.weight,334,layer3.5.conv3.weight_ch334,1.2092397212982178
layer2.0.conv1.weight,103,layer2.0.conv1.weight_ch103,1.2090986967086792
layer3.5.conv3.weight,167,layer3.5.conv3.weight_ch167,1.2086896896362305
layer3.4.conv3.weight,218,layer3.4.conv3.weight_ch218,1.2081853151321411
layer4.1.conv1.weight,505,layer4.1.conv1.weight_ch505,1.2081743478775024
layer3.3.conv3.weight,654,layer3.3.conv3.weight_ch654,1.2080944776535034
layer3.4.conv1.weight,139,layer3.4.conv1.weight_ch139,1.2080512046813965
layer2.0.conv1.weight,104,layer2.0.conv1.weight_ch104,1.2077248096466064
layer3.0.conv3.weight,544,layer3.0.conv3.weight_ch544,1.2076008319854736
layer3.2.conv1.weight,127,layer3.2.conv1.weight_ch127,1.2072055339813232
layer3.4.conv3.weight,689,layer3.4.conv3.weight_ch689,1.2071747779846191
layer3.2.conv3.weight,835,layer3.2.conv3.weight_ch835,1.2070097923278809
layer3.3.conv3.weight,126,layer3.3.conv3.weight_ch126,1.2069379091262817
layer3.5.conv3.weight,170,layer3.5.conv3.weight_ch170,1.2068055868148804
layer2.3.conv3.weight,190,layer2.3.conv3.weight_ch190,1.2067787647247314
layer3.3.conv3.weight,285,layer3.3.conv3.weight_ch285,1.2060436010360718
layer4.0.conv3.weight,108,layer4.0.conv3.weight_ch108,1.2058825492858887
layer3.4.conv3.weight,362,layer3.4.conv3.weight_ch362,1.2055600881576538
layer3.2.conv3.weight,793,layer3.2.conv3.weight_ch793,1.2052252292633057
layer3.0.conv3.weight,558,layer3.0.conv3.weight_ch558,1.2052034139633179
layer3.2.conv3.weight,785,layer3.2.conv3.weight_ch785,1.2051091194152832
layer3.2.conv3.weight,788,layer3.2.conv3.weight_ch788,1.2050020694732666
layer2.3.conv3.weight,114,layer2.3.conv3.weight_ch114,1.204707145690918
layer3.2.conv3.weight,643,layer3.2.conv3.weight_ch643,1.2044943571090698
layer3.5.conv3.weight,698,layer3.5.conv3.weight_ch698,1.2036933898925781
layer3.4.conv3.weight,504,layer3.4.conv3.weight_ch504,1.2036041021347046
layer3.2.conv3.weight,155,layer3.2.conv3.weight_ch155,1.2026031017303467
layer3.1.conv2.weight,170,layer3.1.conv2.weight_ch170,1.2024587392807007
layer3.0.conv3.weight,763,layer3.0.conv3.weight_ch763,1.2020899057388306
layer3.4.conv3.weight,534,layer3.4.conv3.weight_ch534,1.2016466856002808
layer3.0.conv3.weight,95,layer3.0.conv3.weight_ch95,1.2012839317321777
layer3.2.conv1.weight,88,layer3.2.conv1.weight_ch88,1.2011387348175049
layer3.3.conv3.weight,438,layer3.3.conv3.weight_ch438,1.2005057334899902
layer3.2.conv1.weight,137,layer3.2.conv1.weight_ch137,1.2000410556793213
layer3.0.conv3.weight,595,layer3.0.conv3.weight_ch595,1.199925184249878
layer3.0.conv3.weight,1023,layer3.0.conv3.weight_ch1023,1.199866533279419
layer4.0.conv3.weight,1321,layer4.0.conv3.weight_ch1321,1.199825406074524
layer2.0.conv1.weight,30,layer2.0.conv1.weight_ch30,1.1995043754577637
layer4.0.conv3.weight,316,layer4.0.conv3.weight_ch316,1.1991431713104248
layer3.0.conv3.weight,987,layer3.0.conv3.weight_ch987,1.1977550983428955
layer3.5.conv3.weight,849,layer3.5.conv3.weight_ch849,1.1969876289367676
layer3.2.conv3.weight,414,layer3.2.conv3.weight_ch414,1.196893334388733
layer4.0.conv3.weight,781,layer4.0.conv3.weight_ch781,1.196885347366333
layer2.0.conv1.weight,87,layer2.0.conv1.weight_ch87,1.1964969635009766
layer3.3.conv3.weight,937,layer3.3.conv3.weight_ch937,1.1963080167770386
layer3.0.conv3.weight,49,layer3.0.conv3.weight_ch49,1.1958942413330078
layer3.5.conv3.weight,297,layer3.5.conv3.weight_ch297,1.1955375671386719
layer3.2.conv3.weight,294,layer3.2.conv3.weight_ch294,1.195481538772583
layer3.2.conv3.weight,634,layer3.2.conv3.weight_ch634,1.1951452493667603
layer3.2.conv3.weight,434,layer3.2.conv3.weight_ch434,1.1948412656784058
layer3.5.conv3.weight,803,layer3.5.conv3.weight_ch803,1.1944775581359863
layer4.0.conv3.weight,1106,layer4.0.conv3.weight_ch1106,1.1944677829742432
layer3.5.conv3.weight,758,layer3.5.conv3.weight_ch758,1.1942899227142334
layer3.5.conv3.weight,164,layer3.5.conv3.weight_ch164,1.1941337585449219
layer3.2.conv3.weight,119,layer3.2.conv3.weight_ch119,1.193332314491272
layer4.0.conv3.weight,126,layer4.0.conv3.weight_ch126,1.1926004886627197
layer4.0.conv3.weight,1692,layer4.0.conv3.weight_ch1692,1.191776156425476
layer3.4.conv3.weight,445,layer3.4.conv3.weight_ch445,1.1917115449905396
layer4.0.conv3.weight,782,layer4.0.conv3.weight_ch782,1.1916873455047607
layer2.0.conv1.weight,125,layer2.0.conv1.weight_ch125,1.19167959690094
layer3.4.conv3.weight,894,layer3.4.conv3.weight_ch894,1.1915555000305176
layer3.0.conv3.weight,48,layer3.0.conv3.weight_ch48,1.1913261413574219
layer3.3.conv3.weight,777,layer3.3.conv3.weight_ch777,1.190945029258728
layer3.3.conv3.weight,284,layer3.3.conv3.weight_ch284,1.1907520294189453
layer3.4.conv3.weight,563,layer3.4.conv3.weight_ch563,1.1903961896896362
layer3.3.conv3.weight,299,layer3.3.conv3.weight_ch299,1.1903694868087769
layer3.0.conv3.weight,279,layer3.0.conv3.weight_ch279,1.19001305103302
layer3.3.conv3.weight,681,layer3.3.conv3.weight_ch681,1.1899590492248535
layer3.0.conv3.weight,1017,layer3.0.conv3.weight_ch1017,1.189850091934204
layer2.3.conv3.weight,38,layer2.3.conv3.weight_ch38,1.189258098602295
layer3.4.conv3.weight,40,layer3.4.conv3.weight_ch40,1.1891331672668457
layer3.5.conv3.weight,793,layer3.5.conv3.weight_ch793,1.1891134977340698
layer3.0.conv3.weight,30,layer3.0.conv3.weight_ch30,1.1888768672943115
layer4.0.conv3.weight,1534,layer4.0.conv3.weight_ch1534,1.1884101629257202
layer3.5.conv3.weight,341,layer3.5.conv3.weight_ch341,1.1882972717285156
layer1.1.conv1.weight,1,layer1.1.conv1.weight_ch1,1.188167691230774
layer2.3.conv2.weight,81,layer2.3.conv2.weight_ch81,1.1878772974014282
layer3.1.conv2.weight,232,layer3.1.conv2.weight_ch232,1.1876450777053833
layer3.3.conv3.weight,135,layer3.3.conv3.weight_ch135,1.1871272325515747
layer3.4.conv1.weight,126,layer3.4.conv1.weight_ch126,1.1870156526565552
layer3.4.conv3.weight,380,layer3.4.conv3.weight_ch380,1.1861109733581543
layer4.0.conv3.weight,1102,layer4.0.conv3.weight_ch1102,1.1856803894042969
layer4.0.conv3.weight,658,layer4.0.conv3.weight_ch658,1.185603380203247
layer3.3.conv3.weight,609,layer3.3.conv3.weight_ch609,1.1853212118148804
layer4.1.conv1.weight,463,layer4.1.conv1.weight_ch463,1.1851069927215576
layer2.3.conv3.weight,293,layer2.3.conv3.weight_ch293,1.1845124959945679
layer4.0.conv3.weight,1546,layer4.0.conv3.weight_ch1546,1.1844465732574463
layer3.0.conv3.weight,530,layer3.0.conv3.weight_ch530,1.1839900016784668
layer3.3.conv3.weight,239,layer3.3.conv3.weight_ch239,1.1835877895355225
layer4.0.conv3.weight,1587,layer4.0.conv3.weight_ch1587,1.1833090782165527
layer3.2.conv3.weight,264,layer3.2.conv3.weight_ch264,1.1830495595932007
layer3.5.conv3.weight,778,layer3.5.conv3.weight_ch778,1.1825172901153564
layer3.3.conv3.weight,765,layer3.3.conv3.weight_ch765,1.182300329208374
layer3.4.conv1.weight,128,layer3.4.conv1.weight_ch128,1.1819428205490112
layer3.2.conv3.weight,244,layer3.2.conv3.weight_ch244,1.1817904710769653
layer3.5.conv3.weight,671,layer3.5.conv3.weight_ch671,1.1817752122879028
layer3.4.conv3.weight,71,layer3.4.conv3.weight_ch71,1.1815729141235352
layer3.2.conv3.weight,921,layer3.2.conv3.weight_ch921,1.1814463138580322
layer3.4.conv3.weight,295,layer3.4.conv3.weight_ch295,1.1813700199127197
layer3.5.conv3.weight,115,layer3.5.conv3.weight_ch115,1.1810173988342285
layer3.0.conv2.weight,56,layer3.0.conv2.weight_ch56,1.1803944110870361
layer2.3.conv3.weight,30,layer2.3.conv3.weight_ch30,1.1800813674926758
layer3.0.conv3.weight,270,layer3.0.conv3.weight_ch270,1.1798734664916992
layer3.5.conv3.weight,531,layer3.5.conv3.weight_ch531,1.1794450283050537
layer3.5.conv3.weight,454,layer3.5.conv3.weight_ch454,1.1794432401657104
layer4.0.conv3.weight,508,layer4.0.conv3.weight_ch508,1.1794421672821045
layer3.5.conv3.weight,189,layer3.5.conv3.weight_ch189,1.178999662399292
layer3.2.conv1.weight,248,layer3.2.conv1.weight_ch248,1.178995966911316
layer3.3.conv3.weight,349,layer3.3.conv3.weight_ch349,1.1789724826812744
layer3.0.conv3.weight,330,layer3.0.conv3.weight_ch330,1.178654432296753
layer3.4.conv3.weight,372,layer3.4.conv3.weight_ch372,1.1785855293273926
layer2.3.conv3.weight,333,layer2.3.conv3.weight_ch333,1.178379774093628
layer3.5.conv3.weight,877,layer3.5.conv3.weight_ch877,1.1783740520477295
layer3.5.conv3.weight,540,layer3.5.conv3.weight_ch540,1.1783204078674316
layer3.4.conv3.weight,577,layer3.4.conv3.weight_ch577,1.178299069404602
layer3.2.conv3.weight,945,layer3.2.conv3.weight_ch945,1.1775847673416138
layer3.3.conv3.weight,671,layer3.3.conv3.weight_ch671,1.1771079301834106
layer3.5.conv3.weight,469,layer3.5.conv3.weight_ch469,1.1764543056488037
layer3.5.conv3.weight,420,layer3.5.conv3.weight_ch420,1.1762871742248535
layer4.0.conv3.weight,635,layer4.0.conv3.weight_ch635,1.1760708093643188
layer3.0.conv3.weight,396,layer3.0.conv3.weight_ch396,1.1760190725326538
layer3.3.conv3.weight,397,layer3.3.conv3.weight_ch397,1.175873875617981
layer2.0.conv1.weight,3,layer2.0.conv1.weight_ch3,1.17581045627594
layer3.4.conv3.weight,133,layer3.4.conv3.weight_ch133,1.1757794618606567
layer3.0.conv3.weight,412,layer3.0.conv3.weight_ch412,1.1754446029663086
layer2.0.conv1.weight,112,layer2.0.conv1.weight_ch112,1.1753408908843994
layer3.5.conv3.weight,994,layer3.5.conv3.weight_ch994,1.1751813888549805
layer3.5.conv3.weight,317,layer3.5.conv3.weight_ch317,1.174668550491333
layer3.4.conv3.weight,116,layer3.4.conv3.weight_ch116,1.1745972633361816
layer3.2.conv3.weight,998,layer3.2.conv3.weight_ch998,1.1744056940078735
layer3.2.conv3.weight,640,layer3.2.conv3.weight_ch640,1.173852562904358
layer3.5.conv3.weight,673,layer3.5.conv3.weight_ch673,1.17372727394104
layer3.2.conv3.weight,468,layer3.2.conv3.weight_ch468,1.1735047101974487
layer3.0.conv3.weight,914,layer3.0.conv3.weight_ch914,1.1734380722045898
layer3.4.conv3.weight,614,layer3.4.conv3.weight_ch614,1.172796368598938
layer3.2.conv3.weight,36,layer3.2.conv3.weight_ch36,1.172783613204956
layer4.1.conv1.weight,55,layer4.1.conv1.weight_ch55,1.1727114915847778
layer3.0.conv3.weight,423,layer3.0.conv3.weight_ch423,1.1726399660110474
layer3.5.conv3.weight,323,layer3.5.conv3.weight_ch323,1.1725982427597046
layer3.3.conv3.weight,903,layer3.3.conv3.weight_ch903,1.1725845336914062
layer3.0.conv3.weight,121,layer3.0.conv3.weight_ch121,1.172500729560852
layer4.0.conv3.weight,275,layer4.0.conv3.weight_ch275,1.1724544763565063
layer3.2.conv3.weight,432,layer3.2.conv3.weight_ch432,1.172410488128662
layer3.0.conv3.weight,904,layer3.0.conv3.weight_ch904,1.1723092794418335
layer1.1.conv1.weight,53,layer1.1.conv1.weight_ch53,1.172159194946289
layer3.5.conv3.weight,712,layer3.5.conv3.weight_ch712,1.1720616817474365
layer3.3.conv3.weight,389,layer3.3.conv3.weight_ch389,1.1717039346694946
layer2.3.conv2.weight,106,layer2.3.conv2.weight_ch106,1.1709609031677246
layer3.4.conv3.weight,440,layer3.4.conv3.weight_ch440,1.1708412170410156
layer4.0.conv3.weight,332,layer4.0.conv3.weight_ch332,1.1708225011825562
layer3.5.conv3.weight,31,layer3.5.conv3.weight_ch31,1.1708160638809204
layer3.3.conv3.weight,728,layer3.3.conv3.weight_ch728,1.1708014011383057
layer4.0.conv3.weight,659,layer4.0.conv3.weight_ch659,1.1707005500793457
layer3.5.conv3.weight,830,layer3.5.conv3.weight_ch830,1.1706973314285278
layer3.3.conv3.weight,769,layer3.3.conv3.weight_ch769,1.17057466506958
layer3.1.conv2.weight,25,layer3.1.conv2.weight_ch25,1.1705646514892578
layer3.3.conv3.weight,44,layer3.3.conv3.weight_ch44,1.1705589294433594
layer3.5.conv3.weight,781,layer3.5.conv3.weight_ch781,1.1703712940216064
layer3.2.conv3.weight,702,layer3.2.conv3.weight_ch702,1.1703588962554932
layer3.3.conv3.weight,179,layer3.3.conv3.weight_ch179,1.1701217889785767
layer3.5.conv3.weight,56,layer3.5.conv3.weight_ch56,1.1698580980300903
layer3.3.conv3.weight,737,layer3.3.conv3.weight_ch737,1.1698498725891113
layer2.3.conv2.weight,122,layer2.3.conv2.weight_ch122,1.169802188873291
layer3.0.conv3.weight,957,layer3.0.conv3.weight_ch957,1.1691821813583374
layer3.5.conv3.weight,62,layer3.5.conv3.weight_ch62,1.1689609289169312
layer3.0.conv3.weight,333,layer3.0.conv3.weight_ch333,1.1688659191131592
layer4.0.conv3.weight,1178,layer4.0.conv3.weight_ch1178,1.1683045625686646
layer3.0.conv3.weight,61,layer3.0.conv3.weight_ch61,1.168203353881836
layer3.1.conv2.weight,190,layer3.1.conv2.weight_ch190,1.1680201292037964
layer2.3.conv3.weight,34,layer2.3.conv3.weight_ch34,1.1679202318191528
layer2.0.conv1.weight,72,layer2.0.conv1.weight_ch72,1.1677517890930176
layer2.3.conv3.weight,67,layer2.3.conv3.weight_ch67,1.1673734188079834
layer3.2.conv1.weight,36,layer3.2.conv1.weight_ch36,1.1671319007873535
layer2.3.conv3.weight,478,layer2.3.conv3.weight_ch478,1.167001724243164
layer3.0.conv3.weight,728,layer3.0.conv3.weight_ch728,1.1660995483398438
layer3.4.conv3.weight,378,layer3.4.conv3.weight_ch378,1.1655000448226929
layer3.0.conv3.weight,677,layer3.0.conv3.weight_ch677,1.1651558876037598
layer3.0.conv3.weight,524,layer3.0.conv3.weight_ch524,1.1649432182312012
layer3.0.conv3.weight,928,layer3.0.conv3.weight_ch928,1.1647398471832275
layer4.0.conv3.weight,1783,layer4.0.conv3.weight_ch1783,1.164701223373413
layer3.2.conv3.weight,313,layer3.2.conv3.weight_ch313,1.164097785949707
layer2.3.conv3.weight,105,layer2.3.conv3.weight_ch105,1.1640334129333496
layer3.0.conv3.weight,667,layer3.0.conv3.weight_ch667,1.164026141166687
layer4.0.conv3.weight,1955,layer4.0.conv3.weight_ch1955,1.163974642753601
layer3.0.conv3.weight,415,layer3.0.conv3.weight_ch415,1.1638649702072144
layer3.5.conv3.weight,964,layer3.5.conv3.weight_ch964,1.1638498306274414
layer2.0.conv1.weight,126,layer2.0.conv1.weight_ch126,1.1638431549072266
layer1.1.conv1.weight,12,layer1.1.conv1.weight_ch12,1.1632599830627441
layer3.5.conv3.weight,193,layer3.5.conv3.weight_ch193,1.1626858711242676
layer3.3.conv3.weight,611,layer3.3.conv3.weight_ch611,1.1622653007507324
layer3.3.conv3.weight,951,layer3.3.conv3.weight_ch951,1.161970853805542
layer4.0.conv3.weight,1290,layer4.0.conv3.weight_ch1290,1.1619257926940918
layer3.3.conv3.weight,727,layer3.3.conv3.weight_ch727,1.1614503860473633
layer3.3.conv3.weight,560,layer3.3.conv3.weight_ch560,1.1610645055770874
layer4.0.conv3.weight,1579,layer4.0.conv3.weight_ch1579,1.160964012145996
layer3.4.conv3.weight,560,layer3.4.conv3.weight_ch560,1.1608600616455078
layer3.0.conv3.weight,344,layer3.0.conv3.weight_ch344,1.1605387926101685
layer3.0.conv3.weight,604,layer3.0.conv3.weight_ch604,1.1603316068649292
layer3.4.conv3.weight,781,layer3.4.conv3.weight_ch781,1.160292387008667
layer3.5.conv3.weight,166,layer3.5.conv3.weight_ch166,1.159606695175171
layer3.4.conv3.weight,747,layer3.4.conv3.weight_ch747,1.1595641374588013
layer3.4.conv3.weight,181,layer3.4.conv3.weight_ch181,1.159440040588379
layer4.0.conv3.weight,734,layer4.0.conv3.weight_ch734,1.1587185859680176
layer3.1.conv2.weight,238,layer3.1.conv2.weight_ch238,1.158380389213562
layer3.2.conv1.weight,226,layer3.2.conv1.weight_ch226,1.1582881212234497
layer3.4.conv3.weight,240,layer3.4.conv3.weight_ch240,1.1576852798461914
layer3.5.conv3.weight,638,layer3.5.conv3.weight_ch638,1.1576077938079834
layer3.4.conv3.weight,85,layer3.4.conv3.weight_ch85,1.1572258472442627
layer2.3.conv3.weight,397,layer2.3.conv3.weight_ch397,1.1572033166885376
layer2.0.conv1.weight,43,layer2.0.conv1.weight_ch43,1.1568971872329712
layer3.2.conv3.weight,656,layer3.2.conv3.weight_ch656,1.156576156616211
layer2.3.conv3.weight,92,layer2.3.conv3.weight_ch92,1.1564180850982666
layer3.4.conv3.weight,101,layer3.4.conv3.weight_ch101,1.1563210487365723
layer3.5.conv3.weight,212,layer3.5.conv3.weight_ch212,1.1561639308929443
layer3.5.conv3.weight,768,layer3.5.conv3.weight_ch768,1.1561274528503418
layer3.4.conv3.weight,428,layer3.4.conv3.weight_ch428,1.1561248302459717
layer3.3.conv3.weight,372,layer3.3.conv3.weight_ch372,1.1558738946914673
layer3.5.conv3.weight,806,layer3.5.conv3.weight_ch806,1.1557997465133667
layer3.5.conv3.weight,57,layer3.5.conv3.weight_ch57,1.1556763648986816
layer3.0.conv3.weight,961,layer3.0.conv3.weight_ch961,1.1555936336517334
layer3.4.conv3.weight,69,layer3.4.conv3.weight_ch69,1.155218482017517
layer2.3.conv2.weight,71,layer2.3.conv2.weight_ch71,1.1551241874694824
layer3.5.conv3.weight,191,layer3.5.conv3.weight_ch191,1.15480375289917
layer3.5.conv3.weight,88,layer3.5.conv3.weight_ch88,1.1547151803970337
layer4.0.conv3.weight,1721,layer4.0.conv3.weight_ch1721,1.1546646356582642
layer3.5.conv3.weight,811,layer3.5.conv3.weight_ch811,1.1533604860305786
layer3.4.conv3.weight,519,layer3.4.conv3.weight_ch519,1.1533201932907104
layer3.2.conv3.weight,1010,layer3.2.conv3.weight_ch1010,1.1531797647476196
layer2.3.conv3.weight,147,layer2.3.conv3.weight_ch147,1.1530574560165405
layer3.1.conv2.weight,219,layer3.1.conv2.weight_ch219,1.152500033378601
layer3.0.conv3.weight,1022,layer3.0.conv3.weight_ch1022,1.1518065929412842
layer4.0.conv3.weight,808,layer4.0.conv3.weight_ch808,1.151564359664917
layer3.5.conv3.weight,704,layer3.5.conv3.weight_ch704,1.1514432430267334
layer3.2.conv3.weight,609,layer3.2.conv3.weight_ch609,1.1511528491973877
layer3.0.conv2.weight,191,layer3.0.conv2.weight_ch191,1.1507627964019775
layer2.3.conv3.weight,149,layer2.3.conv3.weight_ch149,1.15061616897583
layer2.3.conv3.weight,41,layer2.3.conv3.weight_ch41,1.149756669998169
layer3.3.conv3.weight,858,layer3.3.conv3.weight_ch858,1.1496860980987549
layer4.0.conv3.weight,1205,layer4.0.conv3.weight_ch1205,1.1495565176010132
layer3.3.conv3.weight,926,layer3.3.conv3.weight_ch926,1.1495064496994019
layer3.5.conv3.weight,634,layer3.5.conv3.weight_ch634,1.1494807004928589
layer2.3.conv3.weight,80,layer2.3.conv3.weight_ch80,1.1494003534317017
layer3.0.conv3.weight,432,layer3.0.conv3.weight_ch432,1.1490910053253174
layer3.5.conv3.weight,603,layer3.5.conv3.weight_ch603,1.148525595664978
layer3.5.conv3.weight,976,layer3.5.conv3.weight_ch976,1.148519515991211
layer4.0.conv3.weight,1497,layer4.0.conv3.weight_ch1497,1.1483529806137085
layer3.4.conv3.weight,430,layer3.4.conv3.weight_ch430,1.147919774055481
layer3.0.conv3.weight,571,layer3.0.conv3.weight_ch571,1.14771568775177
layer4.0.conv3.weight,227,layer4.0.conv3.weight_ch227,1.1475377082824707
layer3.2.conv1.weight,189,layer3.2.conv1.weight_ch189,1.1473968029022217
layer3.5.conv3.weight,610,layer3.5.conv3.weight_ch610,1.1473920345306396
layer3.0.conv3.weight,117,layer3.0.conv3.weight_ch117,1.1467370986938477
layer3.4.conv3.weight,335,layer3.4.conv3.weight_ch335,1.1466706991195679
layer3.3.conv3.weight,229,layer3.3.conv3.weight_ch229,1.1462693214416504
layer2.3.conv3.weight,362,layer2.3.conv3.weight_ch362,1.1460425853729248
layer2.3.conv2.weight,89,layer2.3.conv2.weight_ch89,1.1456671953201294
layer3.0.conv3.weight,696,layer3.0.conv3.weight_ch696,1.1447722911834717
layer3.4.conv1.weight,144,layer3.4.conv1.weight_ch144,1.1446800231933594
layer3.5.conv3.weight,565,layer3.5.conv3.weight_ch565,1.1446775197982788
layer3.3.conv3.weight,1020,layer3.3.conv3.weight_ch1020,1.1443431377410889
layer3.4.conv3.weight,892,layer3.4.conv3.weight_ch892,1.1443184614181519
layer3.5.conv3.weight,718,layer3.5.conv3.weight_ch718,1.1438932418823242
layer3.0.conv2.weight,172,layer3.0.conv2.weight_ch172,1.1437695026397705
layer3.4.conv3.weight,158,layer3.4.conv3.weight_ch158,1.1435519456863403
layer2.3.conv3.weight,175,layer2.3.conv3.weight_ch175,1.1434924602508545
layer3.3.conv3.weight,237,layer3.3.conv3.weight_ch237,1.1433662176132202
layer3.5.conv3.weight,237,layer3.5.conv3.weight_ch237,1.1433581113815308
layer3.5.conv3.weight,439,layer3.5.conv3.weight_ch439,1.1431454420089722
layer2.3.conv2.weight,124,layer2.3.conv2.weight_ch124,1.1429144144058228
layer3.3.conv3.weight,659,layer3.3.conv3.weight_ch659,1.1427643299102783
layer2.0.conv1.weight,62,layer2.0.conv1.weight_ch62,1.1426265239715576
layer4.0.conv3.weight,461,layer4.0.conv3.weight_ch461,1.1425126791000366
layer4.0.conv3.weight,71,layer4.0.conv3.weight_ch71,1.142142653465271
layer4.0.conv3.weight,1976,layer4.0.conv3.weight_ch1976,1.1419095993041992
layer3.4.conv3.weight,119,layer3.4.conv3.weight_ch119,1.1416940689086914
layer2.3.conv3.weight,12,layer2.3.conv3.weight_ch12,1.141613245010376
layer3.3.conv3.weight,23,layer3.3.conv3.weight_ch23,1.141534686088562
layer3.0.conv3.weight,898,layer3.0.conv3.weight_ch898,1.1406646966934204
layer3.0.conv3.weight,970,layer3.0.conv3.weight_ch970,1.140352725982666
layer3.2.conv1.weight,241,layer3.2.conv1.weight_ch241,1.140254020690918
layer2.3.conv3.weight,269,layer2.3.conv3.weight_ch269,1.1396414041519165
layer3.3.conv3.weight,617,layer3.3.conv3.weight_ch617,1.139603853225708
layer3.4.conv3.weight,201,layer3.4.conv3.weight_ch201,1.1392977237701416
layer3.4.conv3.weight,896,layer3.4.conv3.weight_ch896,1.1391841173171997
layer2.3.conv3.weight,340,layer2.3.conv3.weight_ch340,1.1389774084091187
layer4.0.conv3.weight,1946,layer4.0.conv3.weight_ch1946,1.1381126642227173
layer2.3.conv3.weight,223,layer2.3.conv3.weight_ch223,1.1380960941314697
layer3.0.conv3.weight,377,layer3.0.conv3.weight_ch377,1.137801170349121
layer3.5.conv3.weight,129,layer3.5.conv3.weight_ch129,1.137071967124939
layer3.0.conv3.weight,123,layer3.0.conv3.weight_ch123,1.1366475820541382
layer3.4.conv3.weight,15,layer3.4.conv3.weight_ch15,1.1365859508514404
layer2.3.conv2.weight,50,layer2.3.conv2.weight_ch50,1.1364790201187134
layer3.3.conv3.weight,944,layer3.3.conv3.weight_ch944,1.1357078552246094
layer3.5.conv3.weight,342,layer3.5.conv3.weight_ch342,1.1356596946716309
layer3.3.conv3.weight,332,layer3.3.conv3.weight_ch332,1.1353132724761963
layer3.5.conv3.weight,863,layer3.5.conv3.weight_ch863,1.1349852085113525
layer4.0.conv3.weight,912,layer4.0.conv3.weight_ch912,1.13461172580719
layer3.0.conv3.weight,269,layer3.0.conv3.weight_ch269,1.1344330310821533
layer3.0.conv3.weight,609,layer3.0.conv3.weight_ch609,1.1343777179718018
layer3.2.conv1.weight,215,layer3.2.conv1.weight_ch215,1.1340645551681519
layer2.3.conv3.weight,365,layer2.3.conv3.weight_ch365,1.1339070796966553
layer2.3.conv3.weight,248,layer2.3.conv3.weight_ch248,1.1338905096054077
layer3.0.conv3.weight,318,layer3.0.conv3.weight_ch318,1.133679986000061
layer3.5.conv3.weight,197,layer3.5.conv3.weight_ch197,1.1333823204040527
layer3.1.conv2.weight,205,layer3.1.conv2.weight_ch205,1.133225917816162
layer2.3.conv3.weight,367,layer2.3.conv3.weight_ch367,1.1326215267181396
layer2.3.conv3.weight,511,layer2.3.conv3.weight_ch511,1.1322108507156372
layer3.3.conv3.weight,868,layer3.3.conv3.weight_ch868,1.1322101354599
layer3.0.conv3.weight,231,layer3.0.conv3.weight_ch231,1.1320230960845947
layer2.3.conv3.weight,370,layer2.3.conv3.weight_ch370,1.131699562072754
layer4.0.conv3.weight,1326,layer4.0.conv3.weight_ch1326,1.1312127113342285
layer2.3.conv3.weight,358,layer2.3.conv3.weight_ch358,1.130812406539917
layer3.5.conv3.weight,252,layer3.5.conv3.weight_ch252,1.1306648254394531
layer3.2.conv3.weight,527,layer3.2.conv3.weight_ch527,1.1293573379516602
layer3.4.conv3.weight,127,layer3.4.conv3.weight_ch127,1.1291435956954956
layer3.4.conv1.weight,251,layer3.4.conv1.weight_ch251,1.128969430923462
layer4.0.conv3.weight,1433,layer4.0.conv3.weight_ch1433,1.1285933256149292
layer3.4.conv3.weight,439,layer3.4.conv3.weight_ch439,1.128423810005188
layer3.5.conv3.weight,609,layer3.5.conv3.weight_ch609,1.1278938055038452
layer3.4.conv3.weight,26,layer3.4.conv3.weight_ch26,1.127185583114624
layer3.0.conv3.weight,692,layer3.0.conv3.weight_ch692,1.1268953084945679
layer3.0.conv3.weight,349,layer3.0.conv3.weight_ch349,1.126732587814331
layer2.0.conv1.weight,78,layer2.0.conv1.weight_ch78,1.126702070236206
layer3.0.conv3.weight,457,layer3.0.conv3.weight_ch457,1.126527190208435
layer4.0.conv3.weight,695,layer4.0.conv3.weight_ch695,1.1264753341674805
layer4.0.conv3.weight,1742,layer4.0.conv3.weight_ch1742,1.1262264251708984
layer4.1.conv1.weight,308,layer4.1.conv1.weight_ch308,1.1261402368545532
layer3.4.conv3.weight,159,layer3.4.conv3.weight_ch159,1.1258090734481812
layer3.5.conv3.weight,573,layer3.5.conv3.weight_ch573,1.125762701034546
layer3.4.conv3.weight,542,layer3.4.conv3.weight_ch542,1.1257551908493042
layer4.0.conv3.weight,1056,layer4.0.conv3.weight_ch1056,1.12564218044281
layer3.5.conv3.weight,880,layer3.5.conv3.weight_ch880,1.1255428791046143
layer1.1.conv1.weight,9,layer1.1.conv1.weight_ch9,1.1254619359970093
layer3.4.conv3.weight,978,layer3.4.conv3.weight_ch978,1.1251416206359863
layer4.0.conv3.weight,547,layer4.0.conv3.weight_ch547,1.1251142024993896
layer3.4.conv3.weight,859,layer3.4.conv3.weight_ch859,1.124986171722412
layer2.3.conv3.weight,412,layer2.3.conv3.weight_ch412,1.12481689453125
layer4.0.conv3.weight,911,layer4.0.conv3.weight_ch911,1.1245299577713013
layer3.0.conv3.weight,997,layer3.0.conv3.weight_ch997,1.1242010593414307
layer3.3.conv3.weight,479,layer3.3.conv3.weight_ch479,1.1239863634109497
layer3.5.conv3.weight,989,layer3.5.conv3.weight_ch989,1.1238491535186768
layer3.3.conv3.weight,538,layer3.3.conv3.weight_ch538,1.1237363815307617
layer3.0.conv3.weight,583,layer3.0.conv3.weight_ch583,1.1234434843063354
layer3.5.conv3.weight,965,layer3.5.conv3.weight_ch965,1.1233428716659546
layer3.4.conv3.weight,236,layer3.4.conv3.weight_ch236,1.1232188940048218
layer3.5.conv3.weight,36,layer3.5.conv3.weight_ch36,1.1223900318145752
layer3.3.conv3.weight,892,layer3.3.conv3.weight_ch892,1.1221282482147217
layer3.0.conv3.weight,103,layer3.0.conv3.weight_ch103,1.1218798160552979
layer3.3.conv3.weight,296,layer3.3.conv3.weight_ch296,1.1218329668045044
layer3.1.conv2.weight,154,layer3.1.conv2.weight_ch154,1.121529221534729
layer3.2.conv3.weight,273,layer3.2.conv3.weight_ch273,1.1215052604675293
layer3.4.conv3.weight,760,layer3.4.conv3.weight_ch760,1.1212764978408813
layer3.3.conv3.weight,643,layer3.3.conv3.weight_ch643,1.120650291442871
layer3.0.conv3.weight,312,layer3.0.conv3.weight_ch312,1.1198736429214478
layer3.0.conv2.weight,211,layer3.0.conv2.weight_ch211,1.118685245513916
layer3.0.conv3.weight,193,layer3.0.conv3.weight_ch193,1.1183363199234009
layer4.0.conv3.weight,1843,layer4.0.conv3.weight_ch1843,1.1180309057235718
layer2.3.conv3.weight,510,layer2.3.conv3.weight_ch510,1.1180132627487183
layer3.2.conv1.weight,9,layer3.2.conv1.weight_ch9,1.1178306341171265
layer2.3.conv3.weight,130,layer2.3.conv3.weight_ch130,1.1173057556152344
layer3.5.conv3.weight,1001,layer3.5.conv3.weight_ch1001,1.1172466278076172
layer2.3.conv3.weight,0,layer2.3.conv3.weight_ch0,1.1170045137405396
layer2.3.conv3.weight,195,layer2.3.conv3.weight_ch195,1.1164207458496094
layer3.0.conv3.weight,752,layer3.0.conv3.weight_ch752,1.1164028644561768
layer3.0.conv3.weight,476,layer3.0.conv3.weight_ch476,1.1158570051193237
layer3.2.conv3.weight,212,layer3.2.conv3.weight_ch212,1.1154769659042358
layer3.4.conv3.weight,668,layer3.4.conv3.weight_ch668,1.1153626441955566
layer2.3.conv3.weight,264,layer2.3.conv3.weight_ch264,1.1148484945297241
layer4.0.conv3.weight,1803,layer4.0.conv3.weight_ch1803,1.1148028373718262
layer3.2.conv3.weight,577,layer3.2.conv3.weight_ch577,1.1147254705429077
layer3.1.conv2.weight,142,layer3.1.conv2.weight_ch142,1.1141425371170044
layer2.0.conv1.weight,71,layer2.0.conv1.weight_ch71,1.1141353845596313
layer2.3.conv3.weight,27,layer2.3.conv3.weight_ch27,1.114088535308838
layer3.5.conv3.weight,387,layer3.5.conv3.weight_ch387,1.1140862703323364
layer3.0.conv3.weight,62,layer3.0.conv3.weight_ch62,1.1139342784881592
layer4.0.conv3.weight,444,layer4.0.conv3.weight_ch444,1.113792896270752
layer4.0.conv3.weight,1469,layer4.0.conv3.weight_ch1469,1.1124972105026245
layer3.4.conv3.weight,228,layer3.4.conv3.weight_ch228,1.1123079061508179
layer3.2.conv3.weight,923,layer3.2.conv3.weight_ch923,1.111130714416504
layer3.4.conv3.weight,149,layer3.4.conv3.weight_ch149,1.1109007596969604
layer3.2.conv3.weight,915,layer3.2.conv3.weight_ch915,1.11062753200531
layer3.4.conv3.weight,570,layer3.4.conv3.weight_ch570,1.1106033325195312
layer3.0.conv3.weight,650,layer3.0.conv3.weight_ch650,1.1105599403381348
layer3.5.conv3.weight,249,layer3.5.conv3.weight_ch249,1.1105072498321533
layer3.0.conv3.weight,229,layer3.0.conv3.weight_ch229,1.1104744672775269
layer3.2.conv3.weight,584,layer3.2.conv3.weight_ch584,1.1103899478912354
layer3.3.conv3.weight,499,layer3.3.conv3.weight_ch499,1.1097171306610107
layer3.3.conv3.weight,518,layer3.3.conv3.weight_ch518,1.1090439558029175
layer3.4.conv3.weight,364,layer3.4.conv3.weight_ch364,1.1088550090789795
layer3.4.conv3.weight,754,layer3.4.conv3.weight_ch754,1.1087315082550049
layer3.5.conv3.weight,668,layer3.5.conv3.weight_ch668,1.1080337762832642
layer4.0.conv3.weight,1306,layer4.0.conv3.weight_ch1306,1.1078370809555054
layer3.2.conv3.weight,801,layer3.2.conv3.weight_ch801,1.107493281364441
layer3.2.conv3.weight,621,layer3.2.conv3.weight_ch621,1.107373595237732
layer3.0.conv3.weight,1018,layer3.0.conv3.weight_ch1018,1.1073403358459473
layer3.3.conv3.weight,95,layer3.3.conv3.weight_ch95,1.1072955131530762
layer1.1.conv1.weight,60,layer1.1.conv1.weight_ch60,1.1068074703216553
layer3.0.conv3.weight,142,layer3.0.conv3.weight_ch142,1.1067458391189575
layer2.0.conv1.weight,11,layer2.0.conv1.weight_ch11,1.1064574718475342
layer3.5.conv3.weight,377,layer3.5.conv3.weight_ch377,1.1061681509017944
layer3.4.conv3.weight,583,layer3.4.conv3.weight_ch583,1.105973243713379
layer3.2.conv3.weight,187,layer3.2.conv3.weight_ch187,1.1053526401519775
layer3.2.conv3.weight,790,layer3.2.conv3.weight_ch790,1.1052179336547852
layer3.3.conv3.weight,854,layer3.3.conv3.weight_ch854,1.1047956943511963
layer3.4.conv3.weight,121,layer3.4.conv3.weight_ch121,1.1047930717468262
layer3.3.conv3.weight,910,layer3.3.conv3.weight_ch910,1.1045278310775757
layer3.5.conv3.weight,1020,layer3.5.conv3.weight_ch1020,1.1042969226837158
layer3.3.conv3.weight,172,layer3.3.conv3.weight_ch172,1.1041783094406128
layer3.4.conv3.weight,1002,layer3.4.conv3.weight_ch1002,1.1039541959762573
layer3.3.conv3.weight,1012,layer3.3.conv3.weight_ch1012,1.1038416624069214
layer3.0.conv3.weight,766,layer3.0.conv3.weight_ch766,1.10366690158844
layer3.3.conv3.weight,37,layer3.3.conv3.weight_ch37,1.103531837463379
layer3.5.conv3.weight,1008,layer3.5.conv3.weight_ch1008,1.1032408475875854
layer3.1.conv2.weight,147,layer3.1.conv2.weight_ch147,1.1027491092681885
layer3.0.conv3.weight,1014,layer3.0.conv3.weight_ch1014,1.1016936302185059
layer2.3.conv3.weight,96,layer2.3.conv3.weight_ch96,1.1015652418136597
layer3.0.conv3.weight,469,layer3.0.conv3.weight_ch469,1.101072907447815
layer3.2.conv3.weight,958,layer3.2.conv3.weight_ch958,1.1009474992752075
layer3.2.conv3.weight,482,layer3.2.conv3.weight_ch482,1.1007496118545532
layer2.3.conv3.weight,209,layer2.3.conv3.weight_ch209,1.1005539894104004
layer2.0.conv1.weight,38,layer2.0.conv1.weight_ch38,1.1001471281051636
layer3.4.conv1.weight,212,layer3.4.conv1.weight_ch212,1.0997493267059326
layer3.3.conv3.weight,780,layer3.3.conv3.weight_ch780,1.0996363162994385
layer3.0.conv3.weight,446,layer3.0.conv3.weight_ch446,1.0996041297912598
layer3.2.conv3.weight,768,layer3.2.conv3.weight_ch768,1.0994852781295776
layer3.4.conv3.weight,722,layer3.4.conv3.weight_ch722,1.0981320142745972
layer2.3.conv3.weight,354,layer2.3.conv3.weight_ch354,1.0981040000915527
layer3.0.conv3.weight,165,layer3.0.conv3.weight_ch165,1.0980805158615112
layer3.5.conv3.weight,585,layer3.5.conv3.weight_ch585,1.0975619554519653
layer3.5.conv3.weight,927,layer3.5.conv3.weight_ch927,1.09749174118042
layer3.4.conv3.weight,1016,layer3.4.conv3.weight_ch1016,1.097288727760315
layer3.0.conv3.weight,774,layer3.0.conv3.weight_ch774,1.0971579551696777
layer4.0.conv3.weight,1074,layer4.0.conv3.weight_ch1074,1.0967427492141724
layer2.0.conv1.weight,44,layer2.0.conv1.weight_ch44,1.0965250730514526
layer3.2.conv3.weight,62,layer3.2.conv3.weight_ch62,1.0962049961090088
layer3.5.conv3.weight,200,layer3.5.conv3.weight_ch200,1.096192479133606
layer2.3.conv3.weight,299,layer2.3.conv3.weight_ch299,1.0960930585861206
layer3.0.conv3.weight,256,layer3.0.conv3.weight_ch256,1.0960482358932495
layer3.4.conv3.weight,685,layer3.4.conv3.weight_ch685,1.0959326028823853
layer2.3.conv3.weight,355,layer2.3.conv3.weight_ch355,1.095921516418457
layer3.2.conv1.weight,225,layer3.2.conv1.weight_ch225,1.0957231521606445
layer3.3.conv3.weight,430,layer3.3.conv3.weight_ch430,1.095418930053711
layer4.0.conv3.weight,2022,layer4.0.conv3.weight_ch2022,1.0951974391937256
layer3.3.conv3.weight,587,layer3.3.conv3.weight_ch587,1.0950981378555298
layer3.2.conv1.weight,211,layer3.2.conv1.weight_ch211,1.0942654609680176
layer4.1.conv1.weight,493,layer4.1.conv1.weight_ch493,1.0939582586288452
layer2.3.conv3.weight,32,layer2.3.conv3.weight_ch32,1.0938103199005127
layer3.5.conv3.weight,607,layer3.5.conv3.weight_ch607,1.0934021472930908
layer3.5.conv3.weight,787,layer3.5.conv3.weight_ch787,1.0933845043182373
layer3.2.conv3.weight,639,layer3.2.conv3.weight_ch639,1.0932681560516357
layer3.4.conv3.weight,647,layer3.4.conv3.weight_ch647,1.0932483673095703
layer2.0.conv1.weight,13,layer2.0.conv1.weight_ch13,1.0932427644729614
layer3.3.conv3.weight,906,layer3.3.conv3.weight_ch906,1.093210220336914
layer3.5.conv3.weight,743,layer3.5.conv3.weight_ch743,1.0931721925735474
layer3.3.conv3.weight,814,layer3.3.conv3.weight_ch814,1.0926824808120728
layer4.0.conv3.weight,390,layer4.0.conv3.weight_ch390,1.0924557447433472
layer3.0.conv3.weight,966,layer3.0.conv3.weight_ch966,1.0923312902450562
layer2.3.conv3.weight,178,layer2.3.conv3.weight_ch178,1.0921406745910645
layer2.3.conv3.weight,357,layer2.3.conv3.weight_ch357,1.0916036367416382
layer3.5.conv3.weight,829,layer3.5.conv3.weight_ch829,1.0913480520248413
layer3.2.conv3.weight,134,layer3.2.conv3.weight_ch134,1.0910230875015259
layer3.2.conv3.weight,605,layer3.2.conv3.weight_ch605,1.0910199880599976
layer4.0.conv3.weight,238,layer4.0.conv3.weight_ch238,1.0909367799758911
layer3.0.conv3.weight,863,layer3.0.conv3.weight_ch863,1.0908762216567993
layer3.5.conv3.weight,788,layer3.5.conv3.weight_ch788,1.0905838012695312
layer2.3.conv2.weight,103,layer2.3.conv2.weight_ch103,1.0893089771270752
layer3.4.conv3.weight,251,layer3.4.conv3.weight_ch251,1.0892059803009033
layer3.0.conv3.weight,454,layer3.0.conv3.weight_ch454,1.0888477563858032
layer3.2.conv3.weight,508,layer3.2.conv3.weight_ch508,1.0887092351913452
layer3.5.conv3.weight,501,layer3.5.conv3.weight_ch501,1.0886434316635132
layer4.0.conv3.weight,138,layer4.0.conv3.weight_ch138,1.088567852973938
layer4.0.conv3.weight,760,layer4.0.conv3.weight_ch760,1.088087797164917
layer2.3.conv3.weight,260,layer2.3.conv3.weight_ch260,1.0870378017425537
layer3.5.conv3.weight,890,layer3.5.conv3.weight_ch890,1.08673095703125
layer2.3.conv3.weight,424,layer2.3.conv3.weight_ch424,1.0862370729446411
layer3.0.conv3.weight,567,layer3.0.conv3.weight_ch567,1.0855039358139038
layer3.0.conv3.weight,186,layer3.0.conv3.weight_ch186,1.0848749876022339
layer3.5.conv3.weight,924,layer3.5.conv3.weight_ch924,1.0848126411437988
layer3.3.conv3.weight,559,layer3.3.conv3.weight_ch559,1.0847941637039185
layer2.0.conv1.weight,96,layer2.0.conv1.weight_ch96,1.0847266912460327
layer3.4.conv3.weight,186,layer3.4.conv3.weight_ch186,1.0844377279281616
layer3.4.conv3.weight,438,layer3.4.conv3.weight_ch438,1.0840784311294556
layer3.2.conv3.weight,893,layer3.2.conv3.weight_ch893,1.083884596824646
layer3.4.conv3.weight,111,layer3.4.conv3.weight_ch111,1.0833125114440918
layer3.4.conv3.weight,187,layer3.4.conv3.weight_ch187,1.0826747417449951
layer3.3.conv3.weight,699,layer3.3.conv3.weight_ch699,1.082638144493103
layer3.2.conv3.weight,503,layer3.2.conv3.weight_ch503,1.0825729370117188
layer3.4.conv3.weight,213,layer3.4.conv3.weight_ch213,1.0824933052062988
layer3.5.conv3.weight,800,layer3.5.conv3.weight_ch800,1.0823317766189575
layer4.0.conv3.weight,610,layer4.0.conv3.weight_ch610,1.0822938680648804
layer3.0.conv3.weight,654,layer3.0.conv3.weight_ch654,1.0821638107299805
layer3.3.conv3.weight,747,layer3.3.conv3.weight_ch747,1.0821034908294678
layer3.5.conv3.weight,128,layer3.5.conv3.weight_ch128,1.0820869207382202
layer3.5.conv3.weight,493,layer3.5.conv3.weight_ch493,1.081685185432434
layer1.1.conv1.weight,11,layer1.1.conv1.weight_ch11,1.080977439880371
layer3.4.conv3.weight,561,layer3.4.conv3.weight_ch561,1.0808613300323486
layer3.2.conv3.weight,394,layer3.2.conv3.weight_ch394,1.0806128978729248
layer4.0.conv3.weight,439,layer4.0.conv3.weight_ch439,1.080481767654419
layer2.3.conv3.weight,142,layer2.3.conv3.weight_ch142,1.0799777507781982
layer3.5.conv3.weight,675,layer3.5.conv3.weight_ch675,1.0796196460723877
layer2.3.conv3.weight,446,layer2.3.conv3.weight_ch446,1.079612135887146
layer2.3.conv3.weight,411,layer2.3.conv3.weight_ch411,1.0791785717010498
layer3.5.conv3.weight,329,layer3.5.conv3.weight_ch329,1.0783828496932983
layer3.0.conv3.weight,790,layer3.0.conv3.weight_ch790,1.0782496929168701
layer3.2.conv1.weight,85,layer3.2.conv1.weight_ch85,1.0775409936904907
layer3.0.conv3.weight,418,layer3.0.conv3.weight_ch418,1.0773074626922607
layer4.0.conv3.weight,889,layer4.0.conv3.weight_ch889,1.0772439241409302
layer3.5.conv3.weight,295,layer3.5.conv3.weight_ch295,1.0766816139221191
layer2.3.conv3.weight,266,layer2.3.conv3.weight_ch266,1.0764858722686768
layer4.0.conv3.weight,456,layer4.0.conv3.weight_ch456,1.0760750770568848
layer3.0.conv3.weight,804,layer3.0.conv3.weight_ch804,1.0756546258926392
layer3.0.conv3.weight,139,layer3.0.conv3.weight_ch139,1.0756092071533203
layer3.5.conv3.weight,457,layer3.5.conv3.weight_ch457,1.0754566192626953
layer4.0.conv3.weight,222,layer4.0.conv3.weight_ch222,1.0753849744796753
layer3.2.conv3.weight,851,layer3.2.conv3.weight_ch851,1.0752079486846924
layer4.0.conv3.weight,1258,layer4.0.conv3.weight_ch1258,1.07514488697052
layer3.3.conv3.weight,160,layer3.3.conv3.weight_ch160,1.0750325918197632
layer3.5.conv3.weight,589,layer3.5.conv3.weight_ch589,1.0747182369232178
layer3.4.conv3.weight,306,layer3.4.conv3.weight_ch306,1.0743517875671387
layer3.2.conv3.weight,219,layer3.2.conv3.weight_ch219,1.0739187002182007
layer3.4.conv3.weight,462,layer3.4.conv3.weight_ch462,1.0738227367401123
layer3.5.conv3.weight,723,layer3.5.conv3.weight_ch723,1.073742389678955
layer4.0.conv3.weight,556,layer4.0.conv3.weight_ch556,1.073372721672058
layer3.0.conv3.weight,1,layer3.0.conv3.weight_ch1,1.0730019807815552
layer3.3.conv3.weight,583,layer3.3.conv3.weight_ch583,1.0726597309112549
layer3.5.conv3.weight,893,layer3.5.conv3.weight_ch893,1.071702480316162
layer3.2.conv1.weight,121,layer3.2.conv1.weight_ch121,1.0712960958480835
layer3.5.conv3.weight,250,layer3.5.conv3.weight_ch250,1.0711058378219604
layer3.2.conv3.weight,735,layer3.2.conv3.weight_ch735,1.0707008838653564
layer3.4.conv3.weight,840,layer3.4.conv3.weight_ch840,1.0706480741500854
layer3.5.conv3.weight,624,layer3.5.conv3.weight_ch624,1.0705280303955078
layer3.0.conv3.weight,690,layer3.0.conv3.weight_ch690,1.0700838565826416
layer3.2.conv3.weight,85,layer3.2.conv3.weight_ch85,1.0699383020401
layer2.3.conv3.weight,372,layer2.3.conv3.weight_ch372,1.069684624671936
layer3.0.conv3.weight,51,layer3.0.conv3.weight_ch51,1.0696802139282227
layer3.5.conv3.weight,821,layer3.5.conv3.weight_ch821,1.068980097770691
layer3.2.conv3.weight,638,layer3.2.conv3.weight_ch638,1.0685279369354248
layer2.0.conv1.weight,17,layer2.0.conv1.weight_ch17,1.0683019161224365
layer3.2.conv3.weight,117,layer3.2.conv3.weight_ch117,1.0682049989700317
layer3.1.conv2.weight,122,layer3.1.conv2.weight_ch122,1.067816972732544
layer3.2.conv3.weight,148,layer3.2.conv3.weight_ch148,1.0677496194839478
layer3.4.conv3.weight,823,layer3.4.conv3.weight_ch823,1.0676606893539429
layer3.2.conv3.weight,265,layer3.2.conv3.weight_ch265,1.067655086517334
layer3.0.conv3.weight,922,layer3.0.conv3.weight_ch922,1.0672814846038818
layer4.0.conv3.weight,1337,layer4.0.conv3.weight_ch1337,1.0666987895965576
layer3.3.conv3.weight,457,layer3.3.conv3.weight_ch457,1.065968632698059
layer3.4.conv3.weight,890,layer3.4.conv3.weight_ch890,1.0657273530960083
layer3.3.conv3.weight,594,layer3.3.conv3.weight_ch594,1.0654789209365845
layer3.3.conv3.weight,78,layer3.3.conv3.weight_ch78,1.065265417098999
layer3.0.conv3.weight,426,layer3.0.conv3.weight_ch426,1.0649524927139282
layer4.0.conv3.weight,156,layer4.0.conv3.weight_ch156,1.0649306774139404
layer3.2.conv3.weight,929,layer3.2.conv3.weight_ch929,1.0646547079086304
layer3.0.conv3.weight,130,layer3.0.conv3.weight_ch130,1.064208984375
layer3.2.conv3.weight,425,layer3.2.conv3.weight_ch425,1.0641251802444458
layer3.0.conv3.weight,983,layer3.0.conv3.weight_ch983,1.0636425018310547
layer3.5.conv3.weight,60,layer3.5.conv3.weight_ch60,1.0635970830917358
layer2.3.conv3.weight,438,layer2.3.conv3.weight_ch438,1.063270092010498
layer3.5.conv3.weight,66,layer3.5.conv3.weight_ch66,1.0631581544876099
layer3.3.conv3.weight,270,layer3.3.conv3.weight_ch270,1.0628407001495361
layer3.4.conv3.weight,913,layer3.4.conv3.weight_ch913,1.0623729228973389
layer3.2.conv3.weight,582,layer3.2.conv3.weight_ch582,1.0623337030410767
layer3.5.conv3.weight,122,layer3.5.conv3.weight_ch122,1.06184720993042
layer3.4.conv3.weight,300,layer3.4.conv3.weight_ch300,1.0618162155151367
layer3.5.conv3.weight,738,layer3.5.conv3.weight_ch738,1.0613828897476196
layer1.1.conv1.weight,22,layer1.1.conv1.weight_ch22,1.060006856918335
layer4.0.conv3.weight,2029,layer4.0.conv3.weight_ch2029,1.059911847114563
layer2.3.conv3.weight,258,layer2.3.conv3.weight_ch258,1.0598000288009644
layer4.0.conv3.weight,895,layer4.0.conv3.weight_ch895,1.0591015815734863
layer3.3.conv3.weight,631,layer3.3.conv3.weight_ch631,1.0589993000030518
layer3.2.conv3.weight,504,layer3.2.conv3.weight_ch504,1.0585767030715942
layer3.2.conv3.weight,290,layer3.2.conv3.weight_ch290,1.058047890663147
layer3.2.conv1.weight,152,layer3.2.conv1.weight_ch152,1.0580134391784668
layer3.0.conv3.weight,348,layer3.0.conv3.weight_ch348,1.057674527168274
layer3.2.conv3.weight,124,layer3.2.conv3.weight_ch124,1.0575600862503052
layer2.0.conv1.weight,74,layer2.0.conv1.weight_ch74,1.0574510097503662
layer3.2.conv1.weight,155,layer3.2.conv1.weight_ch155,1.0574039220809937
layer4.1.conv1.weight,394,layer4.1.conv1.weight_ch394,1.056829571723938
layer3.2.conv3.weight,475,layer3.2.conv3.weight_ch475,1.056517481803894
layer2.0.conv1.weight,49,layer2.0.conv1.weight_ch49,1.0563071966171265
layer3.4.conv3.weight,673,layer3.4.conv3.weight_ch673,1.0558521747589111
layer3.0.conv3.weight,599,layer3.0.conv3.weight_ch599,1.055580973625183
layer3.3.conv3.weight,93,layer3.3.conv3.weight_ch93,1.0554370880126953
layer3.3.conv3.weight,355,layer3.3.conv3.weight_ch355,1.0552887916564941
layer4.0.conv3.weight,854,layer4.0.conv3.weight_ch854,1.0552070140838623
layer3.3.conv3.weight,804,layer3.3.conv3.weight_ch804,1.055148720741272
layer4.0.conv3.weight,1221,layer4.0.conv3.weight_ch1221,1.0550719499588013
layer3.2.conv3.weight,993,layer3.2.conv3.weight_ch993,1.0545449256896973
layer1.1.conv1.weight,54,layer1.1.conv1.weight_ch54,1.0544785261154175
layer3.2.conv3.weight,931,layer3.2.conv3.weight_ch931,1.0538511276245117
layer3.3.conv3.weight,509,layer3.3.conv3.weight_ch509,1.0537749528884888
layer3.4.conv3.weight,679,layer3.4.conv3.weight_ch679,1.053591251373291
layer3.2.conv3.weight,641,layer3.2.conv3.weight_ch641,1.0529764890670776
layer4.0.conv3.weight,909,layer4.0.conv3.weight_ch909,1.0529158115386963
layer2.0.conv1.weight,20,layer2.0.conv1.weight_ch20,1.0528925657272339
layer2.3.conv3.weight,44,layer2.3.conv3.weight_ch44,1.0525373220443726
layer3.4.conv3.weight,413,layer3.4.conv3.weight_ch413,1.0520272254943848
layer4.0.conv3.weight,376,layer4.0.conv3.weight_ch376,1.0515776872634888
layer3.3.conv3.weight,977,layer3.3.conv3.weight_ch977,1.0514709949493408
layer3.2.conv1.weight,160,layer3.2.conv1.weight_ch160,1.0513927936553955
layer4.0.conv3.weight,1941,layer4.0.conv3.weight_ch1941,1.0511635541915894
layer3.2.conv3.weight,322,layer3.2.conv3.weight_ch322,1.0505454540252686
layer4.0.conv3.weight,1421,layer4.0.conv3.weight_ch1421,1.0503897666931152
layer2.3.conv3.weight,136,layer2.3.conv3.weight_ch136,1.049931526184082
layer2.3.conv3.weight,120,layer2.3.conv3.weight_ch120,1.0499017238616943
layer3.0.conv3.weight,205,layer3.0.conv3.weight_ch205,1.0496879816055298
layer2.3.conv3.weight,31,layer2.3.conv3.weight_ch31,1.049157738685608
layer3.3.conv3.weight,718,layer3.3.conv3.weight_ch718,1.0482985973358154
layer3.0.conv3.weight,361,layer3.0.conv3.weight_ch361,1.0482863187789917
layer3.0.conv3.weight,134,layer3.0.conv3.weight_ch134,1.0481306314468384
layer3.3.conv3.weight,311,layer3.3.conv3.weight_ch311,1.0480201244354248
layer3.2.conv3.weight,489,layer3.2.conv3.weight_ch489,1.0478962659835815
layer3.4.conv3.weight,399,layer3.4.conv3.weight_ch399,1.0478541851043701
layer2.0.conv1.weight,85,layer2.0.conv1.weight_ch85,1.047774314880371
layer3.0.conv3.weight,198,layer3.0.conv3.weight_ch198,1.0473060607910156
layer3.4.conv3.weight,832,layer3.4.conv3.weight_ch832,1.0467051267623901
layer3.5.conv3.weight,950,layer3.5.conv3.weight_ch950,1.046656608581543
layer3.5.conv3.weight,919,layer3.5.conv3.weight_ch919,1.0465067625045776
layer3.5.conv3.weight,957,layer3.5.conv3.weight_ch957,1.046434760093689
layer4.0.conv3.weight,1959,layer4.0.conv3.weight_ch1959,1.0457956790924072
layer3.5.conv3.weight,320,layer3.5.conv3.weight_ch320,1.045398235321045
layer3.3.conv3.weight,730,layer3.3.conv3.weight_ch730,1.0450267791748047
layer3.0.conv3.weight,712,layer3.0.conv3.weight_ch712,1.0447920560836792
layer3.2.conv3.weight,255,layer3.2.conv3.weight_ch255,1.04452645778656
layer3.5.conv3.weight,405,layer3.5.conv3.weight_ch405,1.0444724559783936
layer3.3.conv3.weight,46,layer3.3.conv3.weight_ch46,1.043797492980957
layer2.0.conv1.weight,5,layer2.0.conv1.weight_ch5,1.043602466583252
layer3.4.conv3.weight,1,layer3.4.conv3.weight_ch1,1.0432233810424805
layer3.5.conv3.weight,683,layer3.5.conv3.weight_ch683,1.043093204498291
layer3.2.conv3.weight,900,layer3.2.conv3.weight_ch900,1.0430541038513184
layer4.0.conv3.weight,569,layer4.0.conv3.weight_ch569,1.043039321899414
layer3.5.conv3.weight,874,layer3.5.conv3.weight_ch874,1.043006181716919
layer3.3.conv3.weight,341,layer3.3.conv3.weight_ch341,1.041441559791565
layer3.2.conv1.weight,165,layer3.2.conv1.weight_ch165,1.0413527488708496
layer1.1.conv1.weight,50,layer1.1.conv1.weight_ch50,1.041172981262207
layer3.4.conv3.weight,572,layer3.4.conv3.weight_ch572,1.0411008596420288
layer2.3.conv2.weight,28,layer2.3.conv2.weight_ch28,1.041067361831665
layer4.1.conv1.weight,285,layer4.1.conv1.weight_ch285,1.0409929752349854
layer3.5.conv3.weight,465,layer3.5.conv3.weight_ch465,1.0404274463653564
layer3.3.conv3.weight,27,layer3.3.conv3.weight_ch27,1.0402467250823975
layer3.3.conv3.weight,947,layer3.3.conv3.weight_ch947,1.04021155834198
layer3.4.conv3.weight,83,layer3.4.conv3.weight_ch83,1.0399454832077026
layer3.5.conv3.weight,777,layer3.5.conv3.weight_ch777,1.0395119190216064
layer4.1.conv1.weight,385,layer4.1.conv1.weight_ch385,1.039003849029541
layer3.4.conv3.weight,879,layer3.4.conv3.weight_ch879,1.038621425628662
layer3.4.conv3.weight,464,layer3.4.conv3.weight_ch464,1.0383141040802002
layer4.0.conv3.weight,92,layer4.0.conv3.weight_ch92,1.0377285480499268
layer2.3.conv3.weight,160,layer2.3.conv3.weight_ch160,1.0373764038085938
layer3.5.conv3.weight,142,layer3.5.conv3.weight_ch142,1.0369926691055298
layer2.3.conv2.weight,63,layer2.3.conv2.weight_ch63,1.0369887351989746
layer3.0.conv3.weight,607,layer3.0.conv3.weight_ch607,1.036987543106079
layer3.3.conv3.weight,306,layer3.3.conv3.weight_ch306,1.0369001626968384
layer4.0.conv3.weight,1543,layer4.0.conv3.weight_ch1543,1.0367093086242676
layer3.3.conv3.weight,633,layer3.3.conv3.weight_ch633,1.0352132320404053
layer3.3.conv3.weight,869,layer3.3.conv3.weight_ch869,1.0352115631103516
layer2.3.conv3.weight,20,layer2.3.conv3.weight_ch20,1.0348910093307495
layer3.0.conv3.weight,664,layer3.0.conv3.weight_ch664,1.034477710723877
layer3.4.conv3.weight,757,layer3.4.conv3.weight_ch757,1.0340279340744019
layer4.0.conv3.weight,884,layer4.0.conv3.weight_ch884,1.0335359573364258
layer1.1.conv1.weight,18,layer1.1.conv1.weight_ch18,1.0328665971755981
layer4.0.conv3.weight,257,layer4.0.conv3.weight_ch257,1.0326693058013916
layer3.5.conv3.weight,522,layer3.5.conv3.weight_ch522,1.0322539806365967
layer3.4.conv3.weight,1000,layer3.4.conv3.weight_ch1000,1.0317306518554688
layer3.0.conv3.weight,528,layer3.0.conv3.weight_ch528,1.0316357612609863
layer3.5.conv3.weight,291,layer3.5.conv3.weight_ch291,1.03148353099823
layer3.5.conv3.weight,611,layer3.5.conv3.weight_ch611,1.031384825706482
layer3.3.conv3.weight,603,layer3.3.conv3.weight_ch603,1.0310637950897217
layer3.5.conv3.weight,196,layer3.5.conv3.weight_ch196,1.031036615371704
layer3.4.conv3.weight,337,layer3.4.conv3.weight_ch337,1.0310101509094238
layer4.1.conv1.weight,35,layer4.1.conv1.weight_ch35,1.0306683778762817
layer3.4.conv3.weight,273,layer3.4.conv3.weight_ch273,1.0306432247161865
layer3.4.conv3.weight,930,layer3.4.conv3.weight_ch930,1.0305242538452148
layer4.0.conv3.weight,164,layer4.0.conv3.weight_ch164,1.0304243564605713
layer3.3.conv3.weight,425,layer3.3.conv3.weight_ch425,1.0300546884536743
layer3.2.conv3.weight,348,layer3.2.conv3.weight_ch348,1.0298916101455688
layer3.2.conv3.weight,402,layer3.2.conv3.weight_ch402,1.0298062562942505
layer3.3.conv3.weight,627,layer3.3.conv3.weight_ch627,1.0297884941101074
layer3.4.conv3.weight,579,layer3.4.conv3.weight_ch579,1.0291223526000977
layer3.0.conv3.weight,649,layer3.0.conv3.weight_ch649,1.02906334400177
layer2.3.conv3.weight,167,layer2.3.conv3.weight_ch167,1.028749704360962
layer3.0.conv3.weight,630,layer3.0.conv3.weight_ch630,1.0287246704101562
layer3.5.conv3.weight,262,layer3.5.conv3.weight_ch262,1.028724193572998
layer3.4.conv3.weight,285,layer3.4.conv3.weight_ch285,1.0285776853561401
layer4.0.conv3.weight,1826,layer4.0.conv3.weight_ch1826,1.028410792350769
layer4.0.conv3.weight,1301,layer4.0.conv3.weight_ch1301,1.028312087059021
layer3.0.conv3.weight,669,layer3.0.conv3.weight_ch669,1.0280719995498657
layer3.5.conv3.weight,436,layer3.5.conv3.weight_ch436,1.0267053842544556
layer3.3.conv3.weight,411,layer3.3.conv3.weight_ch411,1.0266996622085571
layer3.4.conv3.weight,1009,layer3.4.conv3.weight_ch1009,1.0259743928909302
layer3.1.conv2.weight,21,layer3.1.conv2.weight_ch21,1.0257318019866943
layer3.2.conv3.weight,733,layer3.2.conv3.weight_ch733,1.0254392623901367
layer4.0.conv3.weight,1217,layer4.0.conv3.weight_ch1217,1.0245081186294556
layer2.3.conv3.weight,469,layer2.3.conv3.weight_ch469,1.0244792699813843
layer3.5.conv3.weight,7,layer3.5.conv3.weight_ch7,1.0244494676589966
layer3.2.conv3.weight,681,layer3.2.conv3.weight_ch681,1.0242055654525757
layer3.2.conv3.weight,486,layer3.2.conv3.weight_ch486,1.0241721868515015
layer3.2.conv3.weight,464,layer3.2.conv3.weight_ch464,1.023159146308899
layer3.4.conv3.weight,587,layer3.4.conv3.weight_ch587,1.0230001211166382
layer3.3.conv3.weight,862,layer3.3.conv3.weight_ch862,1.022968053817749
layer3.3.conv3.weight,754,layer3.3.conv3.weight_ch754,1.0228428840637207
layer2.3.conv2.weight,111,layer2.3.conv2.weight_ch111,1.0226967334747314
layer3.0.conv3.weight,274,layer3.0.conv3.weight_ch274,1.0223779678344727
layer3.4.conv3.weight,342,layer3.4.conv3.weight_ch342,1.0223150253295898
layer3.5.conv3.weight,425,layer3.5.conv3.weight_ch425,1.0221163034439087
layer3.2.conv3.weight,263,layer3.2.conv3.weight_ch263,1.0220096111297607
layer3.2.conv1.weight,232,layer3.2.conv1.weight_ch232,1.0219982862472534
layer3.2.conv1.weight,82,layer3.2.conv1.weight_ch82,1.021535873413086
layer3.5.conv3.weight,473,layer3.5.conv3.weight_ch473,1.0206767320632935
layer4.0.conv3.weight,961,layer4.0.conv3.weight_ch961,1.020435094833374
layer4.0.conv3.weight,745,layer4.0.conv3.weight_ch745,1.0204312801361084
layer3.3.conv3.weight,620,layer3.3.conv3.weight_ch620,1.020329475402832
layer3.3.conv3.weight,164,layer3.3.conv3.weight_ch164,1.019582986831665
layer3.5.conv3.weight,835,layer3.5.conv3.weight_ch835,1.0193719863891602
layer2.3.conv3.weight,191,layer2.3.conv3.weight_ch191,1.0184671878814697
layer3.5.conv3.weight,513,layer3.5.conv3.weight_ch513,1.0181920528411865
layer3.2.conv3.weight,355,layer3.2.conv3.weight_ch355,1.018120527267456
layer3.3.conv3.weight,848,layer3.3.conv3.weight_ch848,1.0175105333328247
layer3.2.conv3.weight,395,layer3.2.conv3.weight_ch395,1.0174586772918701
layer2.3.conv3.weight,232,layer2.3.conv3.weight_ch232,1.0162981748580933
layer3.2.conv3.weight,1012,layer3.2.conv3.weight_ch1012,1.0156142711639404
layer3.0.conv3.weight,523,layer3.0.conv3.weight_ch523,1.0148870944976807
layer3.3.conv3.weight,48,layer3.3.conv3.weight_ch48,1.0147439241409302
layer3.4.conv3.weight,686,layer3.4.conv3.weight_ch686,1.014696717262268
layer2.3.conv3.weight,262,layer2.3.conv3.weight_ch262,1.0144507884979248
layer3.0.conv3.weight,254,layer3.0.conv3.weight_ch254,1.0143017768859863
layer2.3.conv3.weight,49,layer2.3.conv3.weight_ch49,1.0136218070983887
layer3.4.conv3.weight,419,layer3.4.conv3.weight_ch419,1.0136035680770874
layer3.3.conv3.weight,652,layer3.3.conv3.weight_ch652,1.0132759809494019
layer2.3.conv3.weight,176,layer2.3.conv3.weight_ch176,1.013208270072937
layer3.3.conv3.weight,52,layer3.3.conv3.weight_ch52,1.0130313634872437
layer3.3.conv3.weight,704,layer3.3.conv3.weight_ch704,1.0129930973052979
layer3.5.conv3.weight,163,layer3.5.conv3.weight_ch163,1.0126655101776123
layer3.2.conv3.weight,47,layer3.2.conv3.weight_ch47,1.012629747390747
layer1.1.conv1.weight,19,layer1.1.conv1.weight_ch19,1.0124262571334839
layer3.4.conv3.weight,61,layer3.4.conv3.weight_ch61,1.0120289325714111
layer3.5.conv3.weight,690,layer3.5.conv3.weight_ch690,1.0114166736602783
layer3.4.conv3.weight,179,layer3.4.conv3.weight_ch179,1.0113141536712646
layer1.1.conv1.weight,49,layer1.1.conv1.weight_ch49,1.011252522468567
layer4.0.conv3.weight,694,layer4.0.conv3.weight_ch694,1.011099100112915
layer4.0.conv3.weight,899,layer4.0.conv3.weight_ch899,1.0106369256973267
layer3.4.conv3.weight,447,layer3.4.conv3.weight_ch447,1.0105078220367432
layer1.1.conv1.weight,43,layer1.1.conv1.weight_ch43,1.0105047225952148
layer2.3.conv3.weight,303,layer2.3.conv3.weight_ch303,1.010185956954956
layer3.5.conv3.weight,365,layer3.5.conv3.weight_ch365,1.0101501941680908
layer3.4.conv3.weight,293,layer3.4.conv3.weight_ch293,1.0098536014556885
layer3.0.conv3.weight,149,layer3.0.conv3.weight_ch149,1.0096954107284546
layer3.4.conv3.weight,790,layer3.4.conv3.weight_ch790,1.0095043182373047
layer4.0.conv3.weight,80,layer4.0.conv3.weight_ch80,1.0093190670013428
layer3.0.conv3.weight,129,layer3.0.conv3.weight_ch129,1.0089961290359497
layer3.0.conv3.weight,946,layer3.0.conv3.weight_ch946,1.0083885192871094
layer3.2.conv1.weight,48,layer3.2.conv1.weight_ch48,1.0083025693893433
layer3.4.conv1.weight,166,layer3.4.conv1.weight_ch166,1.0079890489578247
layer3.5.conv3.weight,906,layer3.5.conv3.weight_ch906,1.0079576969146729
layer2.3.conv3.weight,112,layer2.3.conv3.weight_ch112,1.0079431533813477
layer3.4.conv3.weight,554,layer3.4.conv3.weight_ch554,1.0071957111358643
layer2.3.conv3.weight,305,layer2.3.conv3.weight_ch305,1.0070381164550781
layer3.2.conv3.weight,854,layer3.2.conv3.weight_ch854,1.0068378448486328
layer3.3.conv3.weight,857,layer3.3.conv3.weight_ch857,1.0065702199935913
layer3.5.conv3.weight,814,layer3.5.conv3.weight_ch814,1.006033182144165
layer3.2.conv3.weight,120,layer3.2.conv3.weight_ch120,1.0057750940322876
layer3.3.conv3.weight,294,layer3.3.conv3.weight_ch294,1.0054295063018799
layer3.5.conv3.weight,231,layer3.5.conv3.weight_ch231,1.0049290657043457
layer3.5.conv3.weight,615,layer3.5.conv3.weight_ch615,1.004632592201233
layer3.4.conv3.weight,317,layer3.4.conv3.weight_ch317,1.0034782886505127
layer3.5.conv3.weight,836,layer3.5.conv3.weight_ch836,1.0030733346939087
layer3.5.conv3.weight,867,layer3.5.conv3.weight_ch867,1.0024888515472412
layer3.2.conv3.weight,597,layer3.2.conv3.weight_ch597,1.0015422105789185
layer3.5.conv3.weight,367,layer3.5.conv3.weight_ch367,1.0009340047836304
layer3.4.conv3.weight,791,layer3.4.conv3.weight_ch791,1.0006277561187744
layer3.5.conv3.weight,176,layer3.5.conv3.weight_ch176,1.0002013444900513
layer3.3.conv3.weight,123,layer3.3.conv3.weight_ch123,0.9999668002128601
layer2.3.conv3.weight,111,layer2.3.conv3.weight_ch111,0.9997633695602417
layer3.4.conv3.weight,891,layer3.4.conv3.weight_ch891,0.9997233152389526
layer4.0.conv3.weight,1653,layer4.0.conv3.weight_ch1653,0.9995507001876831
layer3.5.conv3.weight,355,layer3.5.conv3.weight_ch355,0.9994004964828491
layer2.3.conv3.weight,108,layer2.3.conv3.weight_ch108,0.9985025525093079
layer3.3.conv3.weight,1,layer3.3.conv3.weight_ch1,0.9984885454177856
layer3.3.conv3.weight,287,layer3.3.conv3.weight_ch287,0.9974103569984436
layer2.3.conv3.weight,325,layer2.3.conv3.weight_ch325,0.9973838925361633
layer3.0.conv3.weight,635,layer3.0.conv3.weight_ch635,0.997383713722229
layer2.3.conv3.weight,338,layer2.3.conv3.weight_ch338,0.9972238540649414
layer3.5.conv3.weight,802,layer3.5.conv3.weight_ch802,0.9971529841423035
layer3.5.conv3.weight,360,layer3.5.conv3.weight_ch360,0.9971343278884888
layer4.0.conv3.weight,1641,layer4.0.conv3.weight_ch1641,0.9966346025466919
layer3.3.conv3.weight,750,layer3.3.conv3.weight_ch750,0.9964331388473511
layer3.2.conv3.weight,728,layer3.2.conv3.weight_ch728,0.995987057685852
layer3.2.conv1.weight,206,layer3.2.conv1.weight_ch206,0.9957892298698425
layer3.5.conv3.weight,608,layer3.5.conv3.weight_ch608,0.9957571625709534
layer3.2.conv3.weight,198,layer3.2.conv3.weight_ch198,0.9956774115562439
layer3.4.conv3.weight,134,layer3.4.conv3.weight_ch134,0.9954965114593506
layer4.0.conv3.weight,2006,layer4.0.conv3.weight_ch2006,0.9952536821365356
layer3.3.conv3.weight,993,layer3.3.conv3.weight_ch993,0.9943655729293823
layer3.4.conv3.weight,883,layer3.4.conv3.weight_ch883,0.9937294125556946
layer3.4.conv3.weight,77,layer3.4.conv3.weight_ch77,0.9934194087982178
layer3.4.conv3.weight,436,layer3.4.conv3.weight_ch436,0.9931302666664124
layer3.0.conv3.weight,912,layer3.0.conv3.weight_ch912,0.9929630756378174
layer3.0.conv3.weight,54,layer3.0.conv3.weight_ch54,0.9929184317588806
layer3.2.conv3.weight,76,layer3.2.conv3.weight_ch76,0.9927995800971985
layer3.2.conv3.weight,422,layer3.2.conv3.weight_ch422,0.9912015795707703
layer3.4.conv3.weight,160,layer3.4.conv3.weight_ch160,0.9910145998001099
layer3.3.conv3.weight,481,layer3.3.conv3.weight_ch481,0.9907898902893066
layer3.5.conv3.weight,275,layer3.5.conv3.weight_ch275,0.9903402328491211
layer3.4.conv3.weight,122,layer3.4.conv3.weight_ch122,0.9901795387268066
layer4.1.conv1.weight,33,layer4.1.conv1.weight_ch33,0.9894362092018127
layer3.1.conv2.weight,17,layer3.1.conv2.weight_ch17,0.9892753958702087
layer4.0.conv3.weight,1842,layer4.0.conv3.weight_ch1842,0.9891513586044312
layer3.4.conv3.weight,532,layer3.4.conv3.weight_ch532,0.9889768958091736
layer4.0.conv3.weight,82,layer4.0.conv3.weight_ch82,0.9887563586235046
layer3.3.conv3.weight,13,layer3.3.conv3.weight_ch13,0.9882704019546509
layer3.5.conv3.weight,971,layer3.5.conv3.weight_ch971,0.9879640340805054
layer3.5.conv3.weight,289,layer3.5.conv3.weight_ch289,0.9875696301460266
layer3.0.conv3.weight,21,layer3.0.conv3.weight_ch21,0.9872576594352722
layer3.3.conv3.weight,969,layer3.3.conv3.weight_ch969,0.9869717359542847
layer3.2.conv3.weight,905,layer3.2.conv3.weight_ch905,0.9869629144668579
layer3.0.conv3.weight,417,layer3.0.conv3.weight_ch417,0.9863682389259338
layer3.3.conv3.weight,722,layer3.3.conv3.weight_ch722,0.9859864711761475
layer2.3.conv3.weight,432,layer2.3.conv3.weight_ch432,0.9853454828262329
layer3.2.conv3.weight,518,layer3.2.conv3.weight_ch518,0.9849835634231567
layer3.3.conv3.weight,337,layer3.3.conv3.weight_ch337,0.9844068288803101
layer3.4.conv3.weight,674,layer3.4.conv3.weight_ch674,0.984183669090271
layer1.1.conv1.weight,25,layer1.1.conv1.weight_ch25,0.9834662079811096
layer3.3.conv3.weight,112,layer3.3.conv3.weight_ch112,0.9829073548316956
layer3.5.conv3.weight,421,layer3.5.conv3.weight_ch421,0.9826651811599731
layer3.5.conv3.weight,555,layer3.5.conv3.weight_ch555,0.9826325178146362
layer3.4.conv3.weight,129,layer3.4.conv3.weight_ch129,0.9823128581047058
layer3.4.conv3.weight,644,layer3.4.conv3.weight_ch644,0.9822759032249451
layer3.5.conv3.weight,868,layer3.5.conv3.weight_ch868,0.9819661378860474
layer3.2.conv3.weight,558,layer3.2.conv3.weight_ch558,0.9816481471061707
layer3.5.conv3.weight,333,layer3.5.conv3.weight_ch333,0.9815673232078552
layer4.0.conv3.weight,1671,layer4.0.conv3.weight_ch1671,0.9811508655548096
layer2.0.conv1.weight,0,layer2.0.conv1.weight_ch0,0.9807130694389343
layer3.4.conv3.weight,374,layer3.4.conv3.weight_ch374,0.9805094003677368
layer3.4.conv3.weight,827,layer3.4.conv3.weight_ch827,0.9804877638816833
layer4.0.conv3.weight,1407,layer4.0.conv3.weight_ch1407,0.9796543717384338
layer3.2.conv3.weight,350,layer3.2.conv3.weight_ch350,0.9793479442596436
layer2.3.conv3.weight,135,layer2.3.conv3.weight_ch135,0.9791344404220581
layer3.3.conv3.weight,305,layer3.3.conv3.weight_ch305,0.9788402318954468
layer3.3.conv3.weight,908,layer3.3.conv3.weight_ch908,0.9782155752182007
layer3.4.conv3.weight,632,layer3.4.conv3.weight_ch632,0.9778650999069214
layer3.0.conv3.weight,105,layer3.0.conv3.weight_ch105,0.9777531623840332
layer2.3.conv3.weight,331,layer2.3.conv3.weight_ch331,0.977638304233551
layer3.5.conv3.weight,430,layer3.5.conv3.weight_ch430,0.9774394035339355
layer3.0.conv3.weight,950,layer3.0.conv3.weight_ch950,0.9764734506607056
layer3.0.conv3.weight,716,layer3.0.conv3.weight_ch716,0.9764358997344971
layer3.2.conv3.weight,74,layer3.2.conv3.weight_ch74,0.976300835609436
layer3.5.conv3.weight,61,layer3.5.conv3.weight_ch61,0.9760533571243286
layer4.0.conv3.weight,219,layer4.0.conv3.weight_ch219,0.9758666753768921
layer3.4.conv3.weight,27,layer3.4.conv3.weight_ch27,0.9752076864242554
layer3.3.conv3.weight,1005,layer3.3.conv3.weight_ch1005,0.9749752879142761
layer3.5.conv3.weight,918,layer3.5.conv3.weight_ch918,0.9735215902328491
layer2.0.conv1.weight,50,layer2.0.conv1.weight_ch50,0.9734052419662476
layer3.3.conv3.weight,776,layer3.3.conv3.weight_ch776,0.973343014717102
layer3.5.conv3.weight,854,layer3.5.conv3.weight_ch854,0.9732813835144043
layer3.2.conv3.weight,484,layer3.2.conv3.weight_ch484,0.972255527973175
layer3.5.conv3.weight,876,layer3.5.conv3.weight_ch876,0.9720916748046875
layer3.4.conv3.weight,183,layer3.4.conv3.weight_ch183,0.9720432758331299
layer4.0.conv3.weight,498,layer4.0.conv3.weight_ch498,0.9718669652938843
layer3.3.conv3.weight,325,layer3.3.conv3.weight_ch325,0.9713440537452698
layer3.5.conv3.weight,839,layer3.5.conv3.weight_ch839,0.971191942691803
layer3.0.conv3.weight,170,layer3.0.conv3.weight_ch170,0.9694115519523621
layer3.2.conv3.weight,970,layer3.2.conv3.weight_ch970,0.9692803621292114
layer3.3.conv3.weight,117,layer3.3.conv3.weight_ch117,0.9686700105667114
layer3.3.conv3.weight,815,layer3.3.conv3.weight_ch815,0.9683571457862854
layer4.0.conv3.weight,1648,layer4.0.conv3.weight_ch1648,0.9682422280311584
layer4.0.conv3.weight,908,layer4.0.conv3.weight_ch908,0.9681591987609863
layer3.5.conv3.weight,215,layer3.5.conv3.weight_ch215,0.9677562713623047
layer4.0.conv3.weight,195,layer4.0.conv3.weight_ch195,0.9675942659378052
layer4.1.conv1.weight,287,layer4.1.conv1.weight_ch287,0.9675248861312866
layer3.5.conv3.weight,510,layer3.5.conv3.weight_ch510,0.967435359954834
layer3.2.conv3.weight,392,layer3.2.conv3.weight_ch392,0.9673959016799927
layer3.2.conv1.weight,181,layer3.2.conv1.weight_ch181,0.9673308730125427
layer2.0.conv1.weight,98,layer2.0.conv1.weight_ch98,0.967106819152832
layer2.3.conv3.weight,241,layer2.3.conv3.weight_ch241,0.9669442176818848
layer3.0.conv3.weight,587,layer3.0.conv3.weight_ch587,0.9668452143669128
layer3.2.conv3.weight,380,layer3.2.conv3.weight_ch380,0.9667633771896362
layer3.2.conv1.weight,15,layer3.2.conv1.weight_ch15,0.966057538986206
layer3.3.conv3.weight,946,layer3.3.conv3.weight_ch946,0.9659120440483093
layer3.3.conv3.weight,166,layer3.3.conv3.weight_ch166,0.9655481576919556
layer2.3.conv3.weight,68,layer2.3.conv3.weight_ch68,0.9653276801109314
layer2.3.conv3.weight,33,layer2.3.conv3.weight_ch33,0.9647383689880371
layer3.4.conv3.weight,671,layer3.4.conv3.weight_ch671,0.9639581441879272
layer3.2.conv3.weight,599,layer3.2.conv3.weight_ch599,0.9637565612792969
layer3.3.conv3.weight,211,layer3.3.conv3.weight_ch211,0.9633961915969849
layer3.4.conv3.weight,851,layer3.4.conv3.weight_ch851,0.9633265733718872
layer3.2.conv3.weight,814,layer3.2.conv3.weight_ch814,0.9629879593849182
layer2.3.conv3.weight,282,layer2.3.conv3.weight_ch282,0.9625599980354309
layer4.0.conv3.weight,1773,layer4.0.conv3.weight_ch1773,0.9623521566390991
layer3.2.conv3.weight,694,layer3.2.conv3.weight_ch694,0.9617542028427124
layer3.3.conv3.weight,276,layer3.3.conv3.weight_ch276,0.9614796042442322
layer3.3.conv3.weight,245,layer3.3.conv3.weight_ch245,0.9608799815177917
layer3.2.conv3.weight,926,layer3.2.conv3.weight_ch926,0.9605353474617004
layer3.5.conv3.weight,584,layer3.5.conv3.weight_ch584,0.9603755474090576
layer3.4.conv3.weight,155,layer3.4.conv3.weight_ch155,0.9603586196899414
layer3.3.conv3.weight,510,layer3.3.conv3.weight_ch510,0.9598051309585571
layer3.4.conv3.weight,151,layer3.4.conv3.weight_ch151,0.9597406387329102
layer3.0.conv3.weight,723,layer3.0.conv3.weight_ch723,0.9594025611877441
layer2.0.conv1.weight,42,layer2.0.conv1.weight_ch42,0.9591506719589233
layer3.1.conv2.weight,124,layer3.1.conv2.weight_ch124,0.9588401317596436
layer3.5.conv3.weight,762,layer3.5.conv3.weight_ch762,0.9588031768798828
layer3.2.conv3.weight,580,layer3.2.conv3.weight_ch580,0.9581271409988403
layer3.4.conv3.weight,423,layer3.4.conv3.weight_ch423,0.9575541615486145
layer1.1.conv1.weight,4,layer1.1.conv1.weight_ch4,0.9566898345947266
layer3.3.conv3.weight,502,layer3.3.conv3.weight_ch502,0.956461489200592
layer3.4.conv3.weight,821,layer3.4.conv3.weight_ch821,0.9564053416252136
layer3.2.conv1.weight,25,layer3.2.conv1.weight_ch25,0.9563724398612976
layer2.3.conv3.weight,60,layer2.3.conv3.weight_ch60,0.9562199115753174
layer3.0.conv3.weight,502,layer3.0.conv3.weight_ch502,0.9561617374420166
layer3.3.conv3.weight,599,layer3.3.conv3.weight_ch599,0.9559217691421509
layer3.5.conv3.weight,577,layer3.5.conv3.weight_ch577,0.9557083249092102
layer4.0.conv3.weight,1933,layer4.0.conv3.weight_ch1933,0.9553467035293579
layer3.3.conv3.weight,35,layer3.3.conv3.weight_ch35,0.9553229212760925
layer3.5.conv3.weight,2,layer3.5.conv3.weight_ch2,0.9548263549804688
layer3.0.conv3.weight,582,layer3.0.conv3.weight_ch582,0.9545069932937622
layer2.3.conv3.weight,318,layer2.3.conv3.weight_ch318,0.9544190764427185
layer3.2.conv3.weight,755,layer3.2.conv3.weight_ch755,0.9540441632270813
layer3.5.conv3.weight,198,layer3.5.conv3.weight_ch198,0.9539974331855774
layer3.5.conv3.weight,396,layer3.5.conv3.weight_ch396,0.9531856775283813
layer3.2.conv3.weight,701,layer3.2.conv3.weight_ch701,0.9531657695770264
layer2.0.conv1.weight,76,layer2.0.conv1.weight_ch76,0.9530460834503174
layer3.4.conv3.weight,231,layer3.4.conv3.weight_ch231,0.9529935121536255
layer4.0.conv3.weight,779,layer4.0.conv3.weight_ch779,0.9529678821563721
layer3.3.conv3.weight,955,layer3.3.conv3.weight_ch955,0.9524321556091309
layer3.5.conv3.weight,543,layer3.5.conv3.weight_ch543,0.9522435069084167
layer3.5.conv3.weight,259,layer3.5.conv3.weight_ch259,0.9521296620368958
layer2.3.conv3.weight,308,layer2.3.conv3.weight_ch308,0.9520249962806702
layer3.4.conv1.weight,142,layer3.4.conv1.weight_ch142,0.9517635107040405
layer3.4.conv3.weight,229,layer3.4.conv3.weight_ch229,0.9515523910522461
layer3.2.conv3.weight,572,layer3.2.conv3.weight_ch572,0.9509257674217224
layer4.0.conv3.weight,1698,layer4.0.conv3.weight_ch1698,0.9508644342422485
layer3.0.conv3.weight,481,layer3.0.conv3.weight_ch481,0.9505786299705505
layer2.3.conv2.weight,105,layer2.3.conv2.weight_ch105,0.9497411251068115
layer3.0.conv3.weight,20,layer3.0.conv3.weight_ch20,0.9497065544128418
layer4.0.conv3.weight,2037,layer4.0.conv3.weight_ch2037,0.9495629072189331
layer3.0.conv3.weight,695,layer3.0.conv3.weight_ch695,0.9486736059188843
layer3.4.conv3.weight,382,layer3.4.conv3.weight_ch382,0.9483419060707092
layer3.4.conv3.weight,911,layer3.4.conv3.weight_ch911,0.9481900930404663
layer2.3.conv3.weight,402,layer2.3.conv3.weight_ch402,0.9480419158935547
layer3.0.conv3.weight,736,layer3.0.conv3.weight_ch736,0.9478461742401123
layer3.4.conv3.weight,767,layer3.4.conv3.weight_ch767,0.947280764579773
layer3.3.conv3.weight,522,layer3.3.conv3.weight_ch522,0.9467320442199707
layer3.5.conv3.weight,490,layer3.5.conv3.weight_ch490,0.9466716051101685
layer3.2.conv3.weight,913,layer3.2.conv3.weight_ch913,0.9461640119552612
layer3.0.conv3.weight,546,layer3.0.conv3.weight_ch546,0.9457989931106567
layer2.3.conv3.weight,253,layer2.3.conv3.weight_ch253,0.9452311992645264
layer3.0.conv3.weight,847,layer3.0.conv3.weight_ch847,0.9449516534805298
layer4.0.conv3.weight,29,layer4.0.conv3.weight_ch29,0.9447503089904785
layer3.5.conv3.weight,799,layer3.5.conv3.weight_ch799,0.9442389607429504
layer3.3.conv3.weight,694,layer3.3.conv3.weight_ch694,0.9439551830291748
layer2.3.conv3.weight,106,layer2.3.conv3.weight_ch106,0.9435338377952576
layer3.0.conv3.weight,263,layer3.0.conv3.weight_ch263,0.9435105323791504
layer3.5.conv3.weight,857,layer3.5.conv3.weight_ch857,0.9431583881378174
layer3.2.conv3.weight,50,layer3.2.conv3.weight_ch50,0.9427982568740845
layer2.3.conv3.weight,495,layer2.3.conv3.weight_ch495,0.9409651160240173
layer2.3.conv3.weight,63,layer2.3.conv3.weight_ch63,0.9408705234527588
layer2.3.conv3.weight,292,layer2.3.conv3.weight_ch292,0.9407545924186707
layer3.4.conv3.weight,398,layer3.4.conv3.weight_ch398,0.9398390650749207
layer3.1.conv2.weight,68,layer3.1.conv2.weight_ch68,0.939382016658783
layer3.5.conv3.weight,828,layer3.5.conv3.weight_ch828,0.9389850497245789
layer3.3.conv3.weight,539,layer3.3.conv3.weight_ch539,0.9386610984802246
layer3.4.conv3.weight,599,layer3.4.conv3.weight_ch599,0.9383605122566223
layer3.5.conv3.weight,516,layer3.5.conv3.weight_ch516,0.9382414817810059
layer3.5.conv3.weight,276,layer3.5.conv3.weight_ch276,0.937852144241333
layer2.0.conv1.weight,21,layer2.0.conv1.weight_ch21,0.9378509521484375
layer3.0.conv3.weight,572,layer3.0.conv3.weight_ch572,0.937085747718811
layer3.5.conv3.weight,422,layer3.5.conv3.weight_ch422,0.9369510412216187
layer2.3.conv3.weight,457,layer2.3.conv3.weight_ch457,0.936441957950592
layer3.2.conv3.weight,68,layer3.2.conv3.weight_ch68,0.9361236691474915
layer2.3.conv3.weight,122,layer2.3.conv3.weight_ch122,0.9360445141792297
layer4.0.conv3.weight,53,layer4.0.conv3.weight_ch53,0.9352768659591675
layer2.3.conv3.weight,145,layer2.3.conv3.weight_ch145,0.9351616501808167
layer3.4.conv3.weight,598,layer3.4.conv3.weight_ch598,0.9349122047424316
layer2.3.conv3.weight,23,layer2.3.conv3.weight_ch23,0.9346299171447754
layer3.4.conv3.weight,247,layer3.4.conv3.weight_ch247,0.9342477321624756
layer3.4.conv3.weight,746,layer3.4.conv3.weight_ch746,0.9342365264892578
layer3.2.conv3.weight,840,layer3.2.conv3.weight_ch840,0.9339797496795654
layer2.3.conv3.weight,59,layer2.3.conv3.weight_ch59,0.9336091876029968
layer3.3.conv3.weight,262,layer3.3.conv3.weight_ch262,0.9331160187721252
layer4.0.conv3.weight,1640,layer4.0.conv3.weight_ch1640,0.9330672025680542
layer3.5.conv3.weight,740,layer3.5.conv3.weight_ch740,0.9318620562553406
layer2.3.conv3.weight,319,layer2.3.conv3.weight_ch319,0.9316456317901611
layer2.3.conv3.weight,53,layer2.3.conv3.weight_ch53,0.9315312504768372
layer3.2.conv1.weight,28,layer3.2.conv1.weight_ch28,0.9314060807228088
layer3.4.conv3.weight,799,layer3.4.conv3.weight_ch799,0.9311317801475525
layer3.0.conv3.weight,491,layer3.0.conv3.weight_ch491,0.9308838844299316
layer3.4.conv3.weight,336,layer3.4.conv3.weight_ch336,0.9308833479881287
layer3.5.conv3.weight,140,layer3.5.conv3.weight_ch140,0.9307509064674377
layer3.2.conv3.weight,946,layer3.2.conv3.weight_ch946,0.9304313063621521
layer3.5.conv3.weight,336,layer3.5.conv3.weight_ch336,0.9288842678070068
layer4.0.conv3.weight,1479,layer4.0.conv3.weight_ch1479,0.9284629821777344
layer3.5.conv3.weight,335,layer3.5.conv3.weight_ch335,0.9278557896614075
layer3.0.conv3.weight,445,layer3.0.conv3.weight_ch445,0.9276808500289917
layer2.3.conv3.weight,79,layer2.3.conv3.weight_ch79,0.9261961579322815
layer3.5.conv3.weight,587,layer3.5.conv3.weight_ch587,0.926016628742218
layer3.2.conv3.weight,211,layer3.2.conv3.weight_ch211,0.925801157951355
layer3.4.conv3.weight,168,layer3.4.conv3.weight_ch168,0.9256666898727417
layer3.3.conv3.weight,426,layer3.3.conv3.weight_ch426,0.925165057182312
layer4.0.conv3.weight,117,layer4.0.conv3.weight_ch117,0.9246430397033691
layer2.0.conv1.weight,113,layer2.0.conv1.weight_ch113,0.9246211051940918
layer2.3.conv3.weight,8,layer2.3.conv3.weight_ch8,0.9244624972343445
layer3.5.conv3.weight,373,layer3.5.conv3.weight_ch373,0.9244561791419983
layer3.1.conv2.weight,168,layer3.1.conv2.weight_ch168,0.9240005016326904
layer3.0.conv3.weight,492,layer3.0.conv3.weight_ch492,0.9236427545547485
layer3.5.conv3.weight,539,layer3.5.conv3.weight_ch539,0.9236006736755371
layer3.3.conv3.weight,957,layer3.3.conv3.weight_ch957,0.9234675765037537
layer3.2.conv3.weight,188,layer3.2.conv3.weight_ch188,0.9234181642532349
layer3.4.conv3.weight,666,layer3.4.conv3.weight_ch666,0.9229972958564758
layer3.4.conv1.weight,217,layer3.4.conv1.weight_ch217,0.9229297637939453
layer3.5.conv3.weight,851,layer3.5.conv3.weight_ch851,0.9228986501693726
layer3.5.conv3.weight,986,layer3.5.conv3.weight_ch986,0.9223425388336182
layer3.4.conv3.weight,109,layer3.4.conv3.weight_ch109,0.9222890734672546
layer2.3.conv3.weight,419,layer2.3.conv3.weight_ch419,0.9208352565765381
layer3.2.conv1.weight,250,layer3.2.conv1.weight_ch250,0.9206578731536865
layer4.0.conv3.weight,417,layer4.0.conv3.weight_ch417,0.9200553894042969
layer3.5.conv3.weight,626,layer3.5.conv3.weight_ch626,0.9195529222488403
layer4.0.conv3.weight,309,layer4.0.conv3.weight_ch309,0.9191197156906128
layer4.0.conv3.weight,1603,layer4.0.conv3.weight_ch1603,0.9191101789474487
layer4.0.conv3.weight,761,layer4.0.conv3.weight_ch761,0.9188876152038574
layer4.1.conv1.weight,349,layer4.1.conv1.weight_ch349,0.9188015460968018
layer3.4.conv3.weight,482,layer3.4.conv3.weight_ch482,0.9182261228561401
layer3.0.conv3.weight,424,layer3.0.conv3.weight_ch424,0.917903482913971
layer2.3.conv3.weight,330,layer2.3.conv3.weight_ch330,0.9174646139144897
layer2.3.conv3.weight,250,layer2.3.conv3.weight_ch250,0.9171091318130493
layer3.2.conv1.weight,122,layer3.2.conv1.weight_ch122,0.917034387588501
layer1.1.conv1.weight,39,layer1.1.conv1.weight_ch39,0.9163998365402222
layer3.4.conv3.weight,631,layer3.4.conv3.weight_ch631,0.9163297414779663
layer3.2.conv3.weight,523,layer3.2.conv3.weight_ch523,0.916028618812561
layer3.5.conv3.weight,69,layer3.5.conv3.weight_ch69,0.9159722328186035
layer4.1.conv1.weight,298,layer4.1.conv1.weight_ch298,0.9158405065536499
layer3.3.conv3.weight,945,layer3.3.conv3.weight_ch945,0.9156591892242432
layer3.5.conv3.weight,423,layer3.5.conv3.weight_ch423,0.9155179262161255
layer3.5.conv3.weight,667,layer3.5.conv3.weight_ch667,0.9151723384857178
layer4.1.conv1.weight,444,layer4.1.conv1.weight_ch444,0.9150909185409546
layer4.1.conv1.weight,57,layer4.1.conv1.weight_ch57,0.914681077003479
layer1.1.conv1.weight,0,layer1.1.conv1.weight_ch0,0.9142328500747681
layer3.2.conv3.weight,786,layer3.2.conv3.weight_ch786,0.9140728116035461
layer3.4.conv3.weight,700,layer3.4.conv3.weight_ch700,0.9133326411247253
layer3.4.conv3.weight,128,layer3.4.conv3.weight_ch128,0.9133189916610718
layer3.2.conv3.weight,672,layer3.2.conv3.weight_ch672,0.9128804802894592
layer3.5.conv3.weight,379,layer3.5.conv3.weight_ch379,0.9127299785614014
layer3.4.conv3.weight,188,layer3.4.conv3.weight_ch188,0.9125469326972961
layer2.3.conv3.weight,139,layer2.3.conv3.weight_ch139,0.9117922782897949
layer3.2.conv3.weight,704,layer3.2.conv3.weight_ch704,0.911706268787384
layer3.5.conv3.weight,527,layer3.5.conv3.weight_ch527,0.9112771153450012
layer3.5.conv3.weight,583,layer3.5.conv3.weight_ch583,0.9110209345817566
layer3.0.conv3.weight,776,layer3.0.conv3.weight_ch776,0.9109662175178528
layer4.0.conv3.weight,682,layer4.0.conv3.weight_ch682,0.9108842015266418
layer2.3.conv3.weight,507,layer2.3.conv3.weight_ch507,0.9108445644378662
layer4.0.conv3.weight,799,layer4.0.conv3.weight_ch799,0.91082364320755
layer3.3.conv3.weight,663,layer3.3.conv3.weight_ch663,0.9103988409042358
layer3.4.conv3.weight,854,layer3.4.conv3.weight_ch854,0.9094588756561279
layer1.1.conv1.weight,35,layer1.1.conv1.weight_ch35,0.9092274904251099
layer2.3.conv3.weight,430,layer2.3.conv3.weight_ch430,0.9085544347763062
layer4.0.conv3.weight,831,layer4.0.conv3.weight_ch831,0.9083156585693359
layer2.0.conv1.weight,7,layer2.0.conv1.weight_ch7,0.9080698490142822
layer3.3.conv3.weight,485,layer3.3.conv3.weight_ch485,0.9078171849250793
layer3.5.conv3.weight,258,layer3.5.conv3.weight_ch258,0.9076993465423584
layer3.3.conv3.weight,890,layer3.3.conv3.weight_ch890,0.9071890711784363
layer3.0.conv3.weight,194,layer3.0.conv3.weight_ch194,0.9070965051651001
layer4.0.conv3.weight,2013,layer4.0.conv3.weight_ch2013,0.9067704081535339
layer4.0.conv3.weight,101,layer4.0.conv3.weight_ch101,0.9065433144569397
layer3.0.conv3.weight,331,layer3.0.conv3.weight_ch331,0.9061567187309265
layer3.3.conv3.weight,478,layer3.3.conv3.weight_ch478,0.9059112071990967
layer1.1.conv1.weight,46,layer1.1.conv1.weight_ch46,0.9054808616638184
layer3.3.conv3.weight,182,layer3.3.conv3.weight_ch182,0.9052915573120117
layer3.4.conv3.weight,657,layer3.4.conv3.weight_ch657,0.9051535725593567
layer2.3.conv3.weight,14,layer2.3.conv3.weight_ch14,0.9051310420036316
layer3.4.conv3.weight,798,layer3.4.conv3.weight_ch798,0.9042733907699585
layer3.2.conv3.weight,20,layer3.2.conv3.weight_ch20,0.9041931629180908
layer3.2.conv3.weight,428,layer3.2.conv3.weight_ch428,0.9040113687515259
layer3.5.conv3.weight,550,layer3.5.conv3.weight_ch550,0.9037808775901794
layer3.4.conv3.weight,527,layer3.4.conv3.weight_ch527,0.9032421708106995
layer4.0.conv3.weight,1492,layer4.0.conv3.weight_ch1492,0.9030344486236572
layer2.0.conv1.weight,105,layer2.0.conv1.weight_ch105,0.9026628732681274
layer4.1.conv1.weight,316,layer4.1.conv1.weight_ch316,0.902251124382019
layer3.3.conv3.weight,452,layer3.3.conv3.weight_ch452,0.9018297791481018
layer3.2.conv1.weight,169,layer3.2.conv1.weight_ch169,0.9011868238449097
layer3.2.conv3.weight,692,layer3.2.conv3.weight_ch692,0.9007049202919006
layer3.3.conv3.weight,981,layer3.3.conv3.weight_ch981,0.9006329774856567
layer3.3.conv3.weight,461,layer3.3.conv3.weight_ch461,0.9002977609634399
layer3.2.conv1.weight,239,layer3.2.conv1.weight_ch239,0.8998838067054749
layer3.2.conv3.weight,1022,layer3.2.conv3.weight_ch1022,0.899269700050354
layer2.3.conv3.weight,26,layer2.3.conv3.weight_ch26,0.8986972570419312
layer3.2.conv1.weight,207,layer3.2.conv1.weight_ch207,0.8982868790626526
layer3.4.conv3.weight,616,layer3.4.conv3.weight_ch616,0.897243857383728
layer3.2.conv3.weight,337,layer3.2.conv3.weight_ch337,0.8964108228683472
layer3.5.conv3.weight,194,layer3.5.conv3.weight_ch194,0.8963721990585327
layer3.5.conv3.weight,756,layer3.5.conv3.weight_ch756,0.8962682485580444
layer3.0.conv3.weight,391,layer3.0.conv3.weight_ch391,0.8957317471504211
layer4.0.conv3.weight,433,layer4.0.conv3.weight_ch433,0.8953551054000854
layer3.5.conv3.weight,861,layer3.5.conv3.weight_ch861,0.8951972723007202
layer4.0.conv3.weight,1913,layer4.0.conv3.weight_ch1913,0.8951025605201721
layer3.2.conv3.weight,471,layer3.2.conv3.weight_ch471,0.8947643041610718
layer4.0.conv3.weight,1437,layer4.0.conv3.weight_ch1437,0.8943727016448975
layer3.2.conv3.weight,760,layer3.2.conv3.weight_ch760,0.8941967487335205
layer2.3.conv3.weight,225,layer2.3.conv3.weight_ch225,0.8940464854240417
layer4.0.conv3.weight,1119,layer4.0.conv3.weight_ch1119,0.8938889503479004
layer3.0.conv3.weight,22,layer3.0.conv3.weight_ch22,0.8924317359924316
layer3.5.conv3.weight,838,layer3.5.conv3.weight_ch838,0.8923081755638123
layer3.5.conv3.weight,558,layer3.5.conv3.weight_ch558,0.8918618559837341
layer3.0.conv3.weight,618,layer3.0.conv3.weight_ch618,0.8918253183364868
layer2.3.conv3.weight,437,layer2.3.conv3.weight_ch437,0.8915491700172424
layer4.0.conv3.weight,1500,layer4.0.conv3.weight_ch1500,0.8912251591682434
layer3.4.conv3.weight,899,layer3.4.conv3.weight_ch899,0.8907891511917114
layer4.1.conv1.weight,239,layer4.1.conv1.weight_ch239,0.8905724287033081
layer3.4.conv3.weight,425,layer3.4.conv3.weight_ch425,0.8905414938926697
layer3.2.conv3.weight,838,layer3.2.conv3.weight_ch838,0.8904639482498169
layer3.3.conv3.weight,880,layer3.3.conv3.weight_ch880,0.8903918266296387
layer2.3.conv3.weight,98,layer2.3.conv3.weight_ch98,0.8897343873977661
layer3.5.conv3.weight,195,layer3.5.conv3.weight_ch195,0.889228343963623
layer4.0.conv3.weight,881,layer4.0.conv3.weight_ch881,0.888820230960846
layer3.5.conv3.weight,437,layer3.5.conv3.weight_ch437,0.8882328867912292
layer3.2.conv3.weight,813,layer3.2.conv3.weight_ch813,0.8878433704376221
layer3.4.conv3.weight,875,layer3.4.conv3.weight_ch875,0.887542188167572
layer3.2.conv3.weight,171,layer3.2.conv3.weight_ch171,0.8866268396377563
layer3.3.conv3.weight,203,layer3.3.conv3.weight_ch203,0.8866158127784729
layer3.5.conv3.weight,541,layer3.5.conv3.weight_ch541,0.8862131237983704
layer3.2.conv3.weight,403,layer3.2.conv3.weight_ch403,0.8858911991119385
layer3.2.conv3.weight,376,layer3.2.conv3.weight_ch376,0.8857566118240356
layer3.4.conv1.weight,87,layer3.4.conv1.weight_ch87,0.8850207924842834
layer3.4.conv3.weight,376,layer3.4.conv3.weight_ch376,0.8845841288566589
layer3.0.conv3.weight,1011,layer3.0.conv3.weight_ch1011,0.884515643119812
layer2.3.conv3.weight,461,layer2.3.conv3.weight_ch461,0.8842439651489258
layer3.5.conv3.weight,744,layer3.5.conv3.weight_ch744,0.8841618895530701
layer3.5.conv3.weight,831,layer3.5.conv3.weight_ch831,0.8838066458702087
layer3.0.conv3.weight,215,layer3.0.conv3.weight_ch215,0.8829830884933472
layer2.0.conv1.weight,1,layer2.0.conv1.weight_ch1,0.8826241493225098
layer4.0.conv3.weight,285,layer4.0.conv3.weight_ch285,0.8824685215950012
layer3.4.conv3.weight,98,layer3.4.conv3.weight_ch98,0.880777895450592
layer2.3.conv3.weight,47,layer2.3.conv3.weight_ch47,0.8802822828292847
layer3.5.conv3.weight,273,layer3.5.conv3.weight_ch273,0.8802622556686401
layer4.0.conv3.weight,1245,layer4.0.conv3.weight_ch1245,0.8800004720687866
layer4.0.conv3.weight,1171,layer4.0.conv3.weight_ch1171,0.8798410892486572
layer3.2.conv3.weight,867,layer3.2.conv3.weight_ch867,0.8796754479408264
layer3.5.conv3.weight,429,layer3.5.conv3.weight_ch429,0.8795952200889587
layer2.3.conv3.weight,297,layer2.3.conv3.weight_ch297,0.8793590664863586
layer3.1.conv2.weight,126,layer3.1.conv2.weight_ch126,0.8788737058639526
layer1.1.conv1.weight,10,layer1.1.conv1.weight_ch10,0.8785022497177124
layer3.3.conv3.weight,47,layer3.3.conv3.weight_ch47,0.8775287866592407
layer3.2.conv3.weight,270,layer3.2.conv3.weight_ch270,0.8768749237060547
layer2.0.conv1.weight,39,layer2.0.conv1.weight_ch39,0.876667857170105
layer2.3.conv3.weight,1,layer2.3.conv3.weight_ch1,0.8765727281570435
layer2.3.conv3.weight,101,layer2.3.conv3.weight_ch101,0.8759703636169434
layer4.0.conv3.weight,1874,layer4.0.conv3.weight_ch1874,0.8758634924888611
layer3.3.conv3.weight,874,layer3.3.conv3.weight_ch874,0.8758294582366943
layer3.4.conv3.weight,143,layer3.4.conv3.weight_ch143,0.8755617737770081
layer4.1.conv1.weight,20,layer4.1.conv1.weight_ch20,0.8746029138565063
layer2.0.conv1.weight,100,layer2.0.conv1.weight_ch100,0.8743084669113159
layer1.1.conv1.weight,32,layer1.1.conv1.weight_ch32,0.8734321594238281
layer3.5.conv3.weight,443,layer3.5.conv3.weight_ch443,0.8733043670654297
layer3.3.conv3.weight,263,layer3.3.conv3.weight_ch263,0.8732723593711853
layer3.5.conv3.weight,597,layer3.5.conv3.weight_ch597,0.8725415468215942
layer3.3.conv3.weight,210,layer3.3.conv3.weight_ch210,0.8716877698898315
layer3.4.conv3.weight,456,layer3.4.conv3.weight_ch456,0.8699171543121338
layer3.2.conv3.weight,288,layer3.2.conv3.weight_ch288,0.8698781728744507
layer3.0.conv3.weight,770,layer3.0.conv3.weight_ch770,0.8693591952323914
layer3.1.conv2.weight,5,layer3.1.conv2.weight_ch5,0.8692090511322021
layer3.2.conv3.weight,6,layer3.2.conv3.weight_ch6,0.8691161274909973
layer3.5.conv3.weight,766,layer3.5.conv3.weight_ch766,0.8691132068634033
layer3.5.conv3.weight,701,layer3.5.conv3.weight_ch701,0.869088888168335
layer4.1.conv1.weight,252,layer4.1.conv1.weight_ch252,0.868245005607605
layer2.0.conv1.weight,107,layer2.0.conv1.weight_ch107,0.8681527376174927
layer3.4.conv3.weight,514,layer3.4.conv3.weight_ch514,0.8675042390823364
layer3.3.conv3.weight,748,layer3.3.conv3.weight_ch748,0.8664074540138245
layer3.3.conv3.weight,733,layer3.3.conv3.weight_ch733,0.8663462400436401
layer3.5.conv3.weight,696,layer3.5.conv3.weight_ch696,0.8662852644920349
layer4.1.conv1.weight,197,layer4.1.conv1.weight_ch197,0.8653353452682495
layer4.0.conv3.weight,951,layer4.0.conv3.weight_ch951,0.8651883006095886
layer3.5.conv3.weight,361,layer3.5.conv3.weight_ch361,0.8643267750740051
layer3.2.conv1.weight,172,layer3.2.conv1.weight_ch172,0.8639376759529114
layer1.1.conv1.weight,21,layer1.1.conv1.weight_ch21,0.8638456463813782
layer2.0.conv1.weight,35,layer2.0.conv1.weight_ch35,0.863796055316925
layer3.4.conv3.weight,199,layer3.4.conv3.weight_ch199,0.8634967803955078
layer3.4.conv3.weight,573,layer3.4.conv3.weight_ch573,0.8633959889411926
layer3.4.conv3.weight,707,layer3.4.conv3.weight_ch707,0.863149881362915
layer3.3.conv3.weight,706,layer3.3.conv3.weight_ch706,0.8630266785621643
layer2.3.conv3.weight,61,layer2.3.conv3.weight_ch61,0.8628397583961487
layer3.4.conv3.weight,178,layer3.4.conv3.weight_ch178,0.8625641465187073
layer2.3.conv3.weight,502,layer2.3.conv3.weight_ch502,0.8624686598777771
layer4.0.conv3.weight,148,layer4.0.conv3.weight_ch148,0.8609850406646729
layer3.4.conv3.weight,259,layer3.4.conv3.weight_ch259,0.8609066605567932
layer3.4.conv3.weight,737,layer3.4.conv3.weight_ch737,0.8608871102333069
layer3.4.conv3.weight,961,layer3.4.conv3.weight_ch961,0.8600360155105591
layer3.0.conv3.weight,10,layer3.0.conv3.weight_ch10,0.8588764071464539
layer3.0.conv3.weight,601,layer3.0.conv3.weight_ch601,0.856949508190155
layer3.5.conv3.weight,826,layer3.5.conv3.weight_ch826,0.8546877503395081
layer3.4.conv3.weight,968,layer3.4.conv3.weight_ch968,0.8544173240661621
layer4.0.conv3.weight,1463,layer4.0.conv3.weight_ch1463,0.8542750477790833
layer3.2.conv3.weight,874,layer3.2.conv3.weight_ch874,0.8538761734962463
layer4.0.conv3.weight,1929,layer4.0.conv3.weight_ch1929,0.8532445430755615
layer1.1.conv1.weight,51,layer1.1.conv1.weight_ch51,0.8520690202713013
layer2.3.conv3.weight,201,layer2.3.conv3.weight_ch201,0.8514295816421509
layer4.0.conv3.weight,747,layer4.0.conv3.weight_ch747,0.8511908054351807
layer4.0.conv3.weight,981,layer4.0.conv3.weight_ch981,0.8509622812271118
layer3.2.conv3.weight,222,layer3.2.conv3.weight_ch222,0.8505534529685974
layer4.0.conv3.weight,293,layer4.0.conv3.weight_ch293,0.8494803309440613
layer4.0.conv3.weight,36,layer4.0.conv3.weight_ch36,0.8493703603744507
layer3.3.conv3.weight,226,layer3.3.conv3.weight_ch226,0.8486568927764893
layer2.3.conv3.weight,78,layer2.3.conv3.weight_ch78,0.8477738499641418
layer3.3.conv3.weight,767,layer3.3.conv3.weight_ch767,0.8477042317390442
layer2.3.conv3.weight,298,layer2.3.conv3.weight_ch298,0.8473001718521118
layer2.0.conv1.weight,31,layer2.0.conv1.weight_ch31,0.8459391593933105
layer2.3.conv3.weight,143,layer2.3.conv3.weight_ch143,0.845749020576477
layer1.1.conv1.weight,5,layer1.1.conv1.weight_ch5,0.8457087874412537
layer3.3.conv3.weight,111,layer3.3.conv3.weight_ch111,0.8454889059066772
layer3.3.conv3.weight,739,layer3.3.conv3.weight_ch739,0.8444434404373169
layer3.4.conv3.weight,502,layer3.4.conv3.weight_ch502,0.8436476588249207
layer3.3.conv3.weight,405,layer3.3.conv3.weight_ch405,0.8434969186782837
layer3.3.conv3.weight,660,layer3.3.conv3.weight_ch660,0.8429205417633057
layer3.0.conv3.weight,109,layer3.0.conv3.weight_ch109,0.8425084948539734
layer2.3.conv3.weight,162,layer2.3.conv3.weight_ch162,0.8420838117599487
layer3.0.conv3.weight,784,layer3.0.conv3.weight_ch784,0.8419085741043091
layer4.0.conv3.weight,294,layer4.0.conv3.weight_ch294,0.8409585356712341
layer2.0.conv1.weight,61,layer2.0.conv1.weight_ch61,0.8409481644630432
layer3.5.conv3.weight,823,layer3.5.conv3.weight_ch823,0.8403477072715759
layer2.3.conv3.weight,289,layer2.3.conv3.weight_ch289,0.840232253074646
layer3.5.conv3.weight,648,layer3.5.conv3.weight_ch648,0.8391201496124268
layer2.3.conv3.weight,121,layer2.3.conv3.weight_ch121,0.8389250040054321
layer3.5.conv3.weight,767,layer3.5.conv3.weight_ch767,0.8383489847183228
layer4.0.conv3.weight,1802,layer4.0.conv3.weight_ch1802,0.8382420539855957
layer3.3.conv3.weight,836,layer3.3.conv3.weight_ch836,0.8378841876983643
layer3.5.conv3.weight,674,layer3.5.conv3.weight_ch674,0.8378092646598816
layer2.3.conv3.weight,86,layer2.3.conv3.weight_ch86,0.8373104333877563
layer3.1.conv2.weight,199,layer3.1.conv2.weight_ch199,0.8371253609657288
layer2.3.conv3.weight,245,layer2.3.conv3.weight_ch245,0.836778998374939
layer2.3.conv3.weight,140,layer2.3.conv3.weight_ch140,0.8360103964805603
layer4.1.conv1.weight,42,layer4.1.conv1.weight_ch42,0.8356478810310364
layer3.5.conv3.weight,64,layer3.5.conv3.weight_ch64,0.8354610204696655
layer3.5.conv3.weight,371,layer3.5.conv3.weight_ch371,0.8341040015220642
layer3.5.conv3.weight,929,layer3.5.conv3.weight_ch929,0.8326265811920166
layer3.5.conv3.weight,255,layer3.5.conv3.weight_ch255,0.8324640393257141
layer2.3.conv3.weight,177,layer2.3.conv3.weight_ch177,0.831264853477478
layer3.4.conv3.weight,981,layer3.4.conv3.weight_ch981,0.8308951258659363
layer1.1.conv1.weight,30,layer1.1.conv1.weight_ch30,0.8294498324394226
layer3.4.conv1.weight,82,layer3.4.conv1.weight_ch82,0.8277844190597534
layer4.0.conv3.weight,713,layer4.0.conv3.weight_ch713,0.8272257447242737
layer4.0.conv3.weight,1965,layer4.0.conv3.weight_ch1965,0.8264449834823608
layer3.3.conv3.weight,328,layer3.3.conv3.weight_ch328,0.8263880014419556
layer3.0.conv3.weight,857,layer3.0.conv3.weight_ch857,0.8257108926773071
layer2.3.conv3.weight,215,layer2.3.conv3.weight_ch215,0.8254967331886292
layer3.2.conv3.weight,343,layer3.2.conv3.weight_ch343,0.8254709839820862
layer3.3.conv3.weight,360,layer3.3.conv3.weight_ch360,0.8251030445098877
layer4.0.conv3.weight,1926,layer4.0.conv3.weight_ch1926,0.8239837884902954
layer3.3.conv3.weight,412,layer3.3.conv3.weight_ch412,0.823676586151123
layer3.2.conv3.weight,855,layer3.2.conv3.weight_ch855,0.8236615061759949
layer3.2.conv3.weight,602,layer3.2.conv3.weight_ch602,0.8229452967643738
layer3.3.conv3.weight,116,layer3.3.conv3.weight_ch116,0.8224381804466248
layer3.5.conv3.weight,903,layer3.5.conv3.weight_ch903,0.8219730257987976
layer3.2.conv3.weight,676,layer3.2.conv3.weight_ch676,0.8219482898712158
layer3.0.conv3.weight,163,layer3.0.conv3.weight_ch163,0.8216797113418579
layer3.2.conv3.weight,231,layer3.2.conv3.weight_ch231,0.821366012096405
layer4.1.conv1.weight,184,layer4.1.conv1.weight_ch184,0.8210788369178772
layer2.3.conv3.weight,246,layer2.3.conv3.weight_ch246,0.8208155632019043
layer3.5.conv3.weight,978,layer3.5.conv3.weight_ch978,0.8206378817558289
layer3.5.conv3.weight,706,layer3.5.conv3.weight_ch706,0.8197374939918518
layer3.2.conv3.weight,316,layer3.2.conv3.weight_ch316,0.8197013139724731
layer3.4.conv3.weight,850,layer3.4.conv3.weight_ch850,0.8187414407730103
layer2.3.conv3.weight,42,layer2.3.conv3.weight_ch42,0.8186914324760437
layer3.5.conv3.weight,408,layer3.5.conv3.weight_ch408,0.8185753226280212
layer3.2.conv3.weight,360,layer3.2.conv3.weight_ch360,0.8184956312179565
layer3.5.conv3.weight,960,layer3.5.conv3.weight_ch960,0.8179633021354675
layer3.2.conv3.weight,439,layer3.2.conv3.weight_ch439,0.8178361654281616
layer3.0.conv3.weight,314,layer3.0.conv3.weight_ch314,0.8166990876197815
layer3.0.conv3.weight,357,layer3.0.conv3.weight_ch357,0.8165620565414429
layer2.0.conv1.weight,23,layer2.0.conv1.weight_ch23,0.8162508010864258
layer1.1.conv1.weight,44,layer1.1.conv1.weight_ch44,0.8159499764442444
layer3.2.conv3.weight,819,layer3.2.conv3.weight_ch819,0.8153011202812195
layer3.5.conv3.weight,474,layer3.5.conv3.weight_ch474,0.8148334622383118
layer3.0.conv3.weight,498,layer3.0.conv3.weight_ch498,0.8145115375518799
layer3.3.conv3.weight,88,layer3.3.conv3.weight_ch88,0.8130307793617249
layer2.3.conv3.weight,294,layer2.3.conv3.weight_ch294,0.8127122521400452
layer4.0.conv3.weight,1029,layer4.0.conv3.weight_ch1029,0.8125665783882141
layer3.5.conv3.weight,125,layer3.5.conv3.weight_ch125,0.8125649690628052
layer3.0.conv3.weight,169,layer3.0.conv3.weight_ch169,0.811813473701477
layer3.0.conv3.weight,148,layer3.0.conv3.weight_ch148,0.8112332224845886
layer3.2.conv1.weight,246,layer3.2.conv1.weight_ch246,0.8112081289291382
layer4.0.conv3.weight,1516,layer4.0.conv3.weight_ch1516,0.8110397458076477
layer3.5.conv3.weight,502,layer3.5.conv3.weight_ch502,0.8108198642730713
layer3.2.conv3.weight,93,layer3.2.conv3.weight_ch93,0.8099980354309082
layer3.4.conv3.weight,954,layer3.4.conv3.weight_ch954,0.8097641468048096
layer2.3.conv3.weight,496,layer2.3.conv3.weight_ch496,0.8087310194969177
layer3.5.conv3.weight,353,layer3.5.conv3.weight_ch353,0.8081270456314087
layer3.5.conv3.weight,1022,layer3.5.conv3.weight_ch1022,0.8079093098640442
layer3.0.conv3.weight,837,layer3.0.conv3.weight_ch837,0.8075355291366577
layer4.0.conv3.weight,251,layer4.0.conv3.weight_ch251,0.807344377040863
layer3.5.conv3.weight,399,layer3.5.conv3.weight_ch399,0.8070436716079712
layer3.4.conv1.weight,243,layer3.4.conv1.weight_ch243,0.805684506893158
layer2.0.conv1.weight,40,layer2.0.conv1.weight_ch40,0.8056839108467102
layer3.4.conv3.weight,687,layer3.4.conv3.weight_ch687,0.8054549694061279
layer4.0.conv3.weight,1051,layer4.0.conv3.weight_ch1051,0.8049384951591492
layer3.2.conv3.weight,286,layer3.2.conv3.weight_ch286,0.804689884185791
layer1.1.conv1.weight,8,layer1.1.conv1.weight_ch8,0.8043748736381531
layer3.5.conv3.weight,614,layer3.5.conv3.weight_ch614,0.8043140172958374
layer3.3.conv3.weight,118,layer3.3.conv3.weight_ch118,0.8041115999221802
layer3.4.conv1.weight,17,layer3.4.conv1.weight_ch17,0.8035495281219482
layer2.0.conv1.weight,111,layer2.0.conv1.weight_ch111,0.802506685256958
layer3.0.conv3.weight,222,layer3.0.conv3.weight_ch222,0.8023247718811035
layer3.5.conv3.weight,63,layer3.5.conv3.weight_ch63,0.8021292686462402
layer2.3.conv3.weight,433,layer2.3.conv3.weight_ch433,0.8020855188369751
layer3.2.conv3.weight,352,layer3.2.conv3.weight_ch352,0.8016045689582825
layer4.1.conv1.weight,246,layer4.1.conv1.weight_ch246,0.8013925552368164
layer3.0.conv3.weight,56,layer3.0.conv3.weight_ch56,0.8006715178489685
layer4.1.conv1.weight,70,layer4.1.conv1.weight_ch70,0.8002843856811523
layer2.0.conv1.weight,94,layer2.0.conv1.weight_ch94,0.7996517419815063
layer4.0.conv3.weight,960,layer4.0.conv3.weight_ch960,0.7995786666870117
layer3.5.conv3.weight,974,layer3.5.conv3.weight_ch974,0.7995136976242065
layer4.0.conv3.weight,1667,layer4.0.conv3.weight_ch1667,0.799275279045105
layer3.5.conv3.weight,165,layer3.5.conv3.weight_ch165,0.7992745637893677
layer3.2.conv1.weight,193,layer3.2.conv1.weight_ch193,0.7982922196388245
layer3.2.conv3.weight,738,layer3.2.conv3.weight_ch738,0.7975649833679199
layer4.0.conv3.weight,559,layer4.0.conv3.weight_ch559,0.7961782217025757
layer4.0.conv3.weight,893,layer4.0.conv3.weight_ch893,0.7934653162956238
layer2.3.conv3.weight,192,layer2.3.conv3.weight_ch192,0.7932572364807129
layer3.2.conv3.weight,848,layer3.2.conv3.weight_ch848,0.7931299209594727
layer3.3.conv3.weight,665,layer3.3.conv3.weight_ch665,0.7922125458717346
layer3.2.conv3.weight,48,layer3.2.conv3.weight_ch48,0.7920794486999512
layer4.0.conv3.weight,730,layer4.0.conv3.weight_ch730,0.7918671369552612
layer3.2.conv3.weight,775,layer3.2.conv3.weight_ch775,0.7904770374298096
layer3.3.conv3.weight,636,layer3.3.conv3.weight_ch636,0.790369987487793
layer2.3.conv3.weight,238,layer2.3.conv3.weight_ch238,0.7891464233398438
layer3.2.conv3.weight,875,layer3.2.conv3.weight_ch875,0.7890791296958923
layer3.5.conv3.weight,224,layer3.5.conv3.weight_ch224,0.7885348796844482
layer3.4.conv3.weight,660,layer3.4.conv3.weight_ch660,0.7870771884918213
layer3.0.conv3.weight,420,layer3.0.conv3.weight_ch420,0.7868889570236206
layer3.2.conv3.weight,113,layer3.2.conv3.weight_ch113,0.7861654162406921
layer3.5.conv3.weight,271,layer3.5.conv3.weight_ch271,0.7860715389251709
layer3.3.conv3.weight,200,layer3.3.conv3.weight_ch200,0.7856661677360535
layer3.5.conv3.weight,730,layer3.5.conv3.weight_ch730,0.7854564785957336
layer3.3.conv3.weight,980,layer3.3.conv3.weight_ch980,0.7839580774307251
layer4.1.conv1.weight,300,layer4.1.conv1.weight_ch300,0.7838889360427856
layer2.3.conv3.weight,117,layer2.3.conv3.weight_ch117,0.7837408781051636
layer3.5.conv3.weight,869,layer3.5.conv3.weight_ch869,0.7834546566009521
layer3.5.conv3.weight,236,layer3.5.conv3.weight_ch236,0.781982421875
layer3.3.conv3.weight,1016,layer3.3.conv3.weight_ch1016,0.7817555665969849
layer3.4.conv3.weight,499,layer3.4.conv3.weight_ch499,0.781179666519165
layer2.0.conv1.weight,117,layer2.0.conv1.weight_ch117,0.7802383899688721
layer4.0.conv3.weight,577,layer4.0.conv3.weight_ch577,0.7796796560287476
layer3.2.conv1.weight,20,layer3.2.conv1.weight_ch20,0.7788482904434204
layer2.0.conv1.weight,29,layer2.0.conv1.weight_ch29,0.7777954339981079
layer3.5.conv3.weight,438,layer3.5.conv3.weight_ch438,0.7777929306030273
layer3.3.conv3.weight,837,layer3.3.conv3.weight_ch837,0.7773281931877136
layer4.0.conv3.weight,1118,layer4.0.conv3.weight_ch1118,0.7768796682357788
layer3.4.conv3.weight,805,layer3.4.conv3.weight_ch805,0.7761865258216858
layer3.4.conv3.weight,942,layer3.4.conv3.weight_ch942,0.7755113840103149
layer2.0.conv1.weight,93,layer2.0.conv1.weight_ch93,0.7754812240600586
layer3.3.conv3.weight,301,layer3.3.conv3.weight_ch301,0.775422215461731
layer3.0.conv3.weight,602,layer3.0.conv3.weight_ch602,0.773837685585022
layer3.4.conv3.weight,14,layer3.4.conv3.weight_ch14,0.7736379504203796
layer2.0.conv1.weight,32,layer2.0.conv1.weight_ch32,0.7724023461341858
layer3.1.conv2.weight,139,layer3.1.conv2.weight_ch139,0.7723808884620667
layer3.3.conv3.weight,723,layer3.3.conv3.weight_ch723,0.7700907588005066
layer2.3.conv3.weight,210,layer2.3.conv3.weight_ch210,0.7699422240257263
layer4.1.conv1.weight,181,layer4.1.conv1.weight_ch181,0.7696864008903503
layer3.4.conv3.weight,316,layer3.4.conv3.weight_ch316,0.7696654796600342
layer3.4.conv3.weight,774,layer3.4.conv3.weight_ch774,0.7672440409660339
layer3.3.conv3.weight,107,layer3.3.conv3.weight_ch107,0.7672190070152283
layer4.0.conv3.weight,1588,layer4.0.conv3.weight_ch1588,0.7661961317062378
layer2.0.conv1.weight,73,layer2.0.conv1.weight_ch73,0.7659011483192444
layer3.4.conv3.weight,780,layer3.4.conv3.weight_ch780,0.7645313739776611
layer4.1.conv1.weight,482,layer4.1.conv1.weight_ch482,0.7641721963882446
layer3.4.conv3.weight,367,layer3.4.conv3.weight_ch367,0.7639779448509216
layer3.3.conv3.weight,42,layer3.3.conv3.weight_ch42,0.7632696628570557
layer2.3.conv3.weight,435,layer2.3.conv3.weight_ch435,0.7632635831832886
layer2.3.conv3.weight,56,layer2.3.conv3.weight_ch56,0.7625036239624023
layer3.0.conv3.weight,234,layer3.0.conv3.weight_ch234,0.7624226212501526
layer2.3.conv3.weight,390,layer2.3.conv3.weight_ch390,0.7619600892066956
layer4.0.conv3.weight,1732,layer4.0.conv3.weight_ch1732,0.7619165182113647
layer3.3.conv3.weight,760,layer3.3.conv3.weight_ch760,0.7616478204727173
layer2.0.conv1.weight,63,layer2.0.conv1.weight_ch63,0.761629581451416
layer4.0.conv3.weight,9,layer4.0.conv3.weight_ch9,0.7615851759910583
layer4.0.conv3.weight,930,layer4.0.conv3.weight_ch930,0.7614865303039551
layer2.3.conv3.weight,219,layer2.3.conv3.weight_ch219,0.7611381411552429
layer3.5.conv3.weight,205,layer3.5.conv3.weight_ch205,0.760162353515625
layer2.3.conv3.weight,447,layer2.3.conv3.weight_ch447,0.7594805955886841
layer3.2.conv1.weight,161,layer3.2.conv1.weight_ch161,0.7591414451599121
layer3.2.conv3.weight,677,layer3.2.conv3.weight_ch677,0.7589637637138367
layer3.3.conv3.weight,520,layer3.3.conv3.weight_ch520,0.7585049271583557
layer3.4.conv1.weight,95,layer3.4.conv1.weight_ch95,0.7579874992370605
layer3.5.conv3.weight,941,layer3.5.conv3.weight_ch941,0.7567105889320374
layer3.4.conv3.weight,205,layer3.4.conv3.weight_ch205,0.7566889524459839
layer2.3.conv3.weight,304,layer2.3.conv3.weight_ch304,0.7556328773498535
layer2.3.conv3.weight,205,layer2.3.conv3.weight_ch205,0.7553902268409729
layer4.0.conv3.weight,486,layer4.0.conv3.weight_ch486,0.754571259021759
layer3.4.conv3.weight,241,layer3.4.conv3.weight_ch241,0.7537834048271179
layer3.4.conv1.weight,54,layer3.4.conv1.weight_ch54,0.7530680894851685
layer2.3.conv3.weight,89,layer2.3.conv3.weight_ch89,0.7523976564407349
layer2.3.conv3.weight,410,layer2.3.conv3.weight_ch410,0.7523362040519714
layer3.3.conv3.weight,476,layer3.3.conv3.weight_ch476,0.7514135837554932
layer3.2.conv1.weight,51,layer3.2.conv1.weight_ch51,0.7510159611701965
layer2.3.conv3.weight,184,layer2.3.conv3.weight_ch184,0.7499024271965027
layer3.3.conv3.weight,755,layer3.3.conv3.weight_ch755,0.7497875094413757
layer3.5.conv3.weight,983,layer3.5.conv3.weight_ch983,0.7475026249885559
layer3.2.conv3.weight,276,layer3.2.conv3.weight_ch276,0.7468962669372559
layer3.3.conv3.weight,374,layer3.3.conv3.weight_ch374,0.7465806007385254
layer3.0.conv3.weight,638,layer3.0.conv3.weight_ch638,0.7465728521347046
layer3.5.conv3.weight,424,layer3.5.conv3.weight_ch424,0.7462148666381836
layer3.5.conv3.weight,53,layer3.5.conv3.weight_ch53,0.746036171913147
layer3.5.conv3.weight,228,layer3.5.conv3.weight_ch228,0.7445896863937378
layer2.3.conv3.weight,351,layer2.3.conv3.weight_ch351,0.7443748712539673
layer3.3.conv3.weight,188,layer3.3.conv3.weight_ch188,0.7443113923072815
layer3.0.conv3.weight,830,layer3.0.conv3.weight_ch830,0.7433817386627197
layer4.0.conv3.weight,921,layer4.0.conv3.weight_ch921,0.7432952523231506
layer3.5.conv3.weight,174,layer3.5.conv3.weight_ch174,0.7424012422561646
layer3.2.conv3.weight,229,layer3.2.conv3.weight_ch229,0.7418625950813293
layer3.1.conv2.weight,60,layer3.1.conv2.weight_ch60,0.7417976260185242
layer3.4.conv3.weight,234,layer3.4.conv3.weight_ch234,0.7417504191398621
layer3.5.conv3.weight,511,layer3.5.conv3.weight_ch511,0.7412210702896118
layer2.3.conv3.weight,113,layer2.3.conv3.weight_ch113,0.7405248284339905
layer3.0.conv3.weight,60,layer3.0.conv3.weight_ch60,0.7396564483642578
layer4.0.conv3.weight,1216,layer4.0.conv3.weight_ch1216,0.7394559979438782
layer2.3.conv3.weight,126,layer2.3.conv3.weight_ch126,0.7378823757171631
layer3.4.conv3.weight,990,layer3.4.conv3.weight_ch990,0.736521303653717
layer3.4.conv3.weight,1007,layer3.4.conv3.weight_ch1007,0.7345704436302185
layer3.3.conv3.weight,74,layer3.3.conv3.weight_ch74,0.7342599034309387
layer4.0.conv3.weight,749,layer4.0.conv3.weight_ch749,0.7341066598892212
layer3.4.conv3.weight,95,layer3.4.conv3.weight_ch95,0.7336260080337524
layer4.0.conv3.weight,822,layer4.0.conv3.weight_ch822,0.7327213883399963
layer3.2.conv3.weight,245,layer3.2.conv3.weight_ch245,0.7321982383728027
layer2.3.conv3.weight,168,layer2.3.conv3.weight_ch168,0.73197340965271
layer4.0.conv3.weight,2045,layer4.0.conv3.weight_ch2045,0.7305846214294434
layer2.3.conv3.weight,474,layer2.3.conv3.weight_ch474,0.7292688488960266
layer4.1.conv1.weight,17,layer4.1.conv1.weight_ch17,0.7290234565734863
layer3.3.conv3.weight,427,layer3.3.conv3.weight_ch427,0.7289170026779175
layer1.1.conv1.weight,7,layer1.1.conv1.weight_ch7,0.7279946804046631
layer3.0.conv3.weight,175,layer3.0.conv3.weight_ch175,0.7279897332191467
layer3.3.conv3.weight,91,layer3.3.conv3.weight_ch91,0.727259635925293
layer3.5.conv3.weight,956,layer3.5.conv3.weight_ch956,0.7266189455986023
layer2.3.conv3.weight,422,layer2.3.conv3.weight_ch422,0.7257751226425171
layer2.3.conv3.weight,456,layer2.3.conv3.weight_ch456,0.7251157760620117
layer3.5.conv3.weight,775,layer3.5.conv3.weight_ch775,0.723820149898529
layer3.4.conv3.weight,944,layer3.4.conv3.weight_ch944,0.723767876625061
layer2.3.conv3.weight,77,layer2.3.conv3.weight_ch77,0.7233338356018066
layer3.0.conv3.weight,125,layer3.0.conv3.weight_ch125,0.7231698036193848
layer3.0.conv3.weight,74,layer3.0.conv3.weight_ch74,0.7219099402427673
layer1.1.conv1.weight,27,layer1.1.conv1.weight_ch27,0.7207963466644287
layer3.2.conv3.weight,11,layer3.2.conv3.weight_ch11,0.720237672328949
layer4.0.conv3.weight,1257,layer4.0.conv3.weight_ch1257,0.7197242379188538
layer3.4.conv3.weight,858,layer3.4.conv3.weight_ch858,0.7192151546478271
layer3.0.conv3.weight,541,layer3.0.conv3.weight_ch541,0.7187597751617432
layer3.5.conv3.weight,1012,layer3.5.conv3.weight_ch1012,0.718143880367279
layer3.5.conv3.weight,631,layer3.5.conv3.weight_ch631,0.7176401019096375
layer4.1.conv1.weight,2,layer4.1.conv1.weight_ch2,0.716901421546936
layer4.1.conv1.weight,476,layer4.1.conv1.weight_ch476,0.7140087485313416
layer3.5.conv3.weight,141,layer3.5.conv3.weight_ch141,0.7138040661811829
layer3.3.conv3.weight,272,layer3.3.conv3.weight_ch272,0.7135025262832642
layer4.1.conv1.weight,61,layer4.1.conv1.weight_ch61,0.7131280899047852
layer3.5.conv3.weight,520,layer3.5.conv3.weight_ch520,0.7131164073944092
layer4.0.conv3.weight,178,layer4.0.conv3.weight_ch178,0.7122437357902527
layer3.0.conv3.weight,1012,layer3.0.conv3.weight_ch1012,0.7117188572883606
layer4.0.conv3.weight,566,layer4.0.conv3.weight_ch566,0.7115622162818909
layer2.3.conv3.weight,380,layer2.3.conv3.weight_ch380,0.7093051075935364
layer3.3.conv3.weight,677,layer3.3.conv3.weight_ch677,0.707332968711853
layer3.5.conv3.weight,303,layer3.5.conv3.weight_ch303,0.7069851756095886
layer2.3.conv3.weight,505,layer2.3.conv3.weight_ch505,0.706974983215332
layer2.3.conv3.weight,226,layer2.3.conv3.weight_ch226,0.7068343162536621
layer3.5.conv3.weight,656,layer3.5.conv3.weight_ch656,0.7066066265106201
layer3.5.conv3.weight,549,layer3.5.conv3.weight_ch549,0.7053422331809998
layer3.5.conv3.weight,948,layer3.5.conv3.weight_ch948,0.7041190266609192
layer2.3.conv3.weight,186,layer2.3.conv3.weight_ch186,0.7039787769317627
layer4.0.conv3.weight,84,layer4.0.conv3.weight_ch84,0.7027339339256287
layer3.3.conv3.weight,55,layer3.3.conv3.weight_ch55,0.7024930715560913
layer4.0.conv3.weight,617,layer4.0.conv3.weight_ch617,0.7019412517547607
layer2.3.conv3.weight,17,layer2.3.conv3.weight_ch17,0.7013401985168457
layer3.5.conv3.weight,888,layer3.5.conv3.weight_ch888,0.7004424333572388
layer3.2.conv1.weight,244,layer3.2.conv1.weight_ch244,0.7003450989723206
layer2.3.conv3.weight,295,layer2.3.conv3.weight_ch295,0.6995449662208557
layer4.1.conv1.weight,96,layer4.1.conv1.weight_ch96,0.6995226144790649
layer3.2.conv3.weight,249,layer3.2.conv3.weight_ch249,0.6965196132659912
layer2.3.conv3.weight,350,layer2.3.conv3.weight_ch350,0.6962720155715942
layer3.3.conv3.weight,178,layer3.3.conv3.weight_ch178,0.6961820125579834
layer4.0.conv3.weight,1930,layer4.0.conv3.weight_ch1930,0.6956021785736084
layer4.1.conv1.weight,431,layer4.1.conv1.weight_ch431,0.6936740279197693
layer3.3.conv3.weight,992,layer3.3.conv3.weight_ch992,0.6901503801345825
layer3.2.conv1.weight,76,layer3.2.conv1.weight_ch76,0.6900457143783569
layer3.2.conv3.weight,456,layer3.2.conv3.weight_ch456,0.689626932144165
layer2.3.conv3.weight,278,layer2.3.conv3.weight_ch278,0.6894829273223877
layer3.4.conv1.weight,199,layer3.4.conv1.weight_ch199,0.6890226006507874
layer3.3.conv3.weight,911,layer3.3.conv3.weight_ch911,0.6884192228317261
layer4.0.conv3.weight,864,layer4.0.conv3.weight_ch864,0.6879278421401978
layer4.0.conv3.weight,350,layer4.0.conv3.weight_ch350,0.687007486820221
layer3.4.conv1.weight,106,layer3.4.conv1.weight_ch106,0.6869761347770691
layer4.0.conv3.weight,728,layer4.0.conv3.weight_ch728,0.6861756443977356
layer1.1.conv1.weight,37,layer1.1.conv1.weight_ch37,0.6861248016357422
layer4.0.conv3.weight,1669,layer4.0.conv3.weight_ch1669,0.6858569383621216
layer3.3.conv3.weight,261,layer3.3.conv3.weight_ch261,0.6857678890228271
layer3.2.conv3.weight,98,layer3.2.conv3.weight_ch98,0.6851844787597656
layer3.4.conv3.weight,768,layer3.4.conv3.weight_ch768,0.685167670249939
layer1.1.conv1.weight,42,layer1.1.conv1.weight_ch42,0.6851165294647217
layer4.0.conv3.weight,1657,layer4.0.conv3.weight_ch1657,0.6848974227905273
layer3.2.conv3.weight,521,layer3.2.conv3.weight_ch521,0.6837498545646667
layer3.4.conv3.weight,788,layer3.4.conv3.weight_ch788,0.6836853623390198
layer2.0.conv1.weight,26,layer2.0.conv1.weight_ch26,0.6826392412185669
layer3.0.conv3.weight,82,layer3.0.conv3.weight_ch82,0.6816443204879761
layer3.1.conv2.weight,123,layer3.1.conv2.weight_ch123,0.6815971732139587
layer3.0.conv3.weight,670,layer3.0.conv3.weight_ch670,0.6813554763793945
layer2.3.conv3.weight,94,layer2.3.conv3.weight_ch94,0.6795182228088379
layer4.0.conv3.weight,118,layer4.0.conv3.weight_ch118,0.678805410861969
layer3.5.conv3.weight,660,layer3.5.conv3.weight_ch660,0.6783241033554077
layer3.3.conv3.weight,236,layer3.3.conv3.weight_ch236,0.6782518029212952
layer3.4.conv1.weight,116,layer3.4.conv1.weight_ch116,0.6777832508087158
layer3.4.conv3.weight,312,layer3.4.conv3.weight_ch312,0.6772720813751221
layer3.4.conv3.weight,732,layer3.4.conv3.weight_ch732,0.6770620942115784
layer4.0.conv3.weight,1162,layer4.0.conv3.weight_ch1162,0.6769561767578125
layer4.0.conv3.weight,1324,layer4.0.conv3.weight_ch1324,0.6767316460609436
layer3.0.conv3.weight,217,layer3.0.conv3.weight_ch217,0.6765128970146179
layer2.3.conv3.weight,116,layer2.3.conv3.weight_ch116,0.6763834357261658
layer3.4.conv1.weight,4,layer3.4.conv1.weight_ch4,0.6761834025382996
layer1.1.conv1.weight,38,layer1.1.conv1.weight_ch38,0.6753290295600891
layer4.0.conv3.weight,1871,layer4.0.conv3.weight_ch1871,0.6751698851585388
layer1.1.conv1.weight,15,layer1.1.conv1.weight_ch15,0.6726034879684448
layer1.1.conv1.weight,40,layer1.1.conv1.weight_ch40,0.6722671985626221
layer3.4.conv3.weight,559,layer3.4.conv3.weight_ch559,0.6718598008155823
layer1.1.conv1.weight,62,layer1.1.conv1.weight_ch62,0.6701172590255737
layer3.5.conv3.weight,804,layer3.5.conv3.weight_ch804,0.6697214841842651
layer2.3.conv3.weight,216,layer2.3.conv3.weight_ch216,0.6689821481704712
layer3.2.conv3.weight,497,layer3.2.conv3.weight_ch497,0.6685289740562439
layer3.4.conv3.weight,150,layer3.4.conv3.weight_ch150,0.6682370901107788
layer3.0.conv3.weight,421,layer3.0.conv3.weight_ch421,0.667155385017395
layer3.5.conv3.weight,482,layer3.5.conv3.weight_ch482,0.6666730046272278
layer3.4.conv3.weight,786,layer3.4.conv3.weight_ch786,0.6663267612457275
layer3.4.conv3.weight,759,layer3.4.conv3.weight_ch759,0.6663257479667664
layer3.3.conv3.weight,316,layer3.3.conv3.weight_ch316,0.6654653549194336
layer3.0.conv3.weight,805,layer3.0.conv3.weight_ch805,0.6632142663002014
layer3.2.conv3.weight,5,layer3.2.conv3.weight_ch5,0.6611520051956177
layer3.4.conv1.weight,188,layer3.4.conv1.weight_ch188,0.6598193645477295
layer3.2.conv3.weight,449,layer3.2.conv3.weight_ch449,0.6597548127174377
layer3.3.conv3.weight,447,layer3.3.conv3.weight_ch447,0.6593896746635437
layer3.3.conv3.weight,790,layer3.3.conv3.weight_ch790,0.6578982472419739
layer3.2.conv3.weight,284,layer3.2.conv3.weight_ch284,0.6552688479423523
layer3.2.conv3.weight,805,layer3.2.conv3.weight_ch805,0.655151903629303
layer3.2.conv1.weight,24,layer3.2.conv1.weight_ch24,0.6549197435379028
layer3.4.conv3.weight,951,layer3.4.conv3.weight_ch951,0.6547604203224182
layer3.3.conv3.weight,1019,layer3.3.conv3.weight_ch1019,0.6541773080825806
layer2.3.conv3.weight,342,layer2.3.conv3.weight_ch342,0.6539607644081116
layer4.0.conv3.weight,77,layer4.0.conv3.weight_ch77,0.6527085304260254
layer4.0.conv3.weight,856,layer4.0.conv3.weight_ch856,0.6525865793228149
layer2.3.conv3.weight,118,layer2.3.conv3.weight_ch118,0.6519986391067505
layer3.2.conv3.weight,697,layer3.2.conv3.weight_ch697,0.6511929035186768
layer3.2.conv1.weight,209,layer3.2.conv1.weight_ch209,0.65091872215271
layer2.3.conv3.weight,434,layer2.3.conv3.weight_ch434,0.6496738195419312
layer1.1.conv1.weight,61,layer1.1.conv1.weight_ch61,0.6495847702026367
layer4.0.conv3.weight,1740,layer4.0.conv3.weight_ch1740,0.6464901566505432
layer3.4.conv3.weight,311,layer3.4.conv3.weight_ch311,0.646371603012085
layer3.5.conv3.weight,832,layer3.5.conv3.weight_ch832,0.6463429927825928
layer4.0.conv3.weight,800,layer4.0.conv3.weight_ch800,0.643548846244812
layer3.5.conv3.weight,93,layer3.5.conv3.weight_ch93,0.6432730555534363
layer3.5.conv3.weight,116,layer3.5.conv3.weight_ch116,0.64314204454422
layer4.1.conv1.weight,11,layer4.1.conv1.weight_ch11,0.641636312007904
layer4.1.conv1.weight,485,layer4.1.conv1.weight_ch485,0.6405444145202637
layer3.5.conv3.weight,600,layer3.5.conv3.weight_ch600,0.6392418742179871
layer4.0.conv3.weight,1031,layer4.0.conv3.weight_ch1031,0.6391439437866211
layer3.4.conv3.weight,852,layer3.4.conv3.weight_ch852,0.6387945413589478
layer3.0.conv3.weight,724,layer3.0.conv3.weight_ch724,0.6386093497276306
layer2.0.conv1.weight,81,layer2.0.conv1.weight_ch81,0.6386011838912964
layer3.5.conv3.weight,378,layer3.5.conv3.weight_ch378,0.6384814977645874
layer3.1.conv2.weight,72,layer3.1.conv2.weight_ch72,0.6378463506698608
layer4.0.conv3.weight,656,layer4.0.conv3.weight_ch656,0.6359092593193054
layer3.2.conv1.weight,243,layer3.2.conv1.weight_ch243,0.6349270343780518
layer3.5.conv3.weight,26,layer3.5.conv3.weight_ch26,0.6318294405937195
layer3.0.conv3.weight,906,layer3.0.conv3.weight_ch906,0.631344199180603
layer2.3.conv3.weight,369,layer2.3.conv3.weight_ch369,0.6312185525894165
layer3.2.conv3.weight,514,layer3.2.conv3.weight_ch514,0.6308645009994507
layer3.3.conv3.weight,68,layer3.3.conv3.weight_ch68,0.6300022602081299
layer4.0.conv3.weight,1679,layer4.0.conv3.weight_ch1679,0.6299197673797607
layer2.3.conv3.weight,39,layer2.3.conv3.weight_ch39,0.6282389760017395
layer4.0.conv3.weight,1234,layer4.0.conv3.weight_ch1234,0.6273002624511719
layer4.0.conv3.weight,1255,layer4.0.conv3.weight_ch1255,0.6222443580627441
layer4.0.conv3.weight,1934,layer4.0.conv3.weight_ch1934,0.622001051902771
layer3.5.conv3.weight,708,layer3.5.conv3.weight_ch708,0.6206203103065491
layer4.0.conv3.weight,1815,layer4.0.conv3.weight_ch1815,0.6202050447463989
layer3.0.conv3.weight,592,layer3.0.conv3.weight_ch592,0.6197535395622253
layer2.3.conv3.weight,459,layer2.3.conv3.weight_ch459,0.6196851134300232
layer3.0.conv3.weight,852,layer3.0.conv3.weight_ch852,0.618526816368103
layer3.3.conv3.weight,157,layer3.3.conv3.weight_ch157,0.61806321144104
layer4.0.conv3.weight,1267,layer4.0.conv3.weight_ch1267,0.6178483366966248
layer3.5.conv3.weight,468,layer3.5.conv3.weight_ch468,0.6170238256454468
layer3.5.conv3.weight,345,layer3.5.conv3.weight_ch345,0.6165932416915894
layer3.5.conv3.weight,417,layer3.5.conv3.weight_ch417,0.6162161827087402
layer3.2.conv3.weight,325,layer3.2.conv3.weight_ch325,0.6144487261772156
layer3.2.conv3.weight,328,layer3.2.conv3.weight_ch328,0.6135001182556152
layer3.2.conv1.weight,79,layer3.2.conv1.weight_ch79,0.6134694218635559
layer4.1.conv1.weight,264,layer4.1.conv1.weight_ch264,0.6134026050567627
layer3.5.conv3.weight,286,layer3.5.conv3.weight_ch286,0.6122132539749146
layer2.3.conv3.weight,460,layer2.3.conv3.weight_ch460,0.6121764779090881
layer3.0.conv2.weight,57,layer3.0.conv2.weight_ch57,0.61162269115448
layer4.0.conv3.weight,1352,layer4.0.conv3.weight_ch1352,0.6104800701141357
layer2.3.conv3.weight,166,layer2.3.conv3.weight_ch166,0.6104590892791748
layer3.3.conv3.weight,930,layer3.3.conv3.weight_ch930,0.6094639301300049
layer1.1.conv1.weight,17,layer1.1.conv1.weight_ch17,0.6087146401405334
layer4.0.conv3.weight,1044,layer4.0.conv3.weight_ch1044,0.6078214645385742
layer3.1.conv2.weight,235,layer3.1.conv2.weight_ch235,0.6052278876304626
layer3.5.conv3.weight,579,layer3.5.conv3.weight_ch579,0.6028627753257751
layer4.0.conv3.weight,580,layer4.0.conv3.weight_ch580,0.6022114157676697
layer2.3.conv3.weight,313,layer2.3.conv3.weight_ch313,0.5988732576370239
layer3.3.conv3.weight,595,layer3.3.conv3.weight_ch595,0.597065269947052
layer3.5.conv3.weight,350,layer3.5.conv3.weight_ch350,0.595177948474884
layer3.5.conv3.weight,776,layer3.5.conv3.weight_ch776,0.594760537147522
layer3.3.conv3.weight,796,layer3.3.conv3.weight_ch796,0.5929782390594482
layer4.0.conv3.weight,1322,layer4.0.conv3.weight_ch1322,0.5925576090812683
layer3.1.conv2.weight,88,layer3.1.conv2.weight_ch88,0.592250406742096
layer4.0.conv3.weight,186,layer4.0.conv3.weight_ch186,0.5917724370956421
layer4.1.conv1.weight,303,layer4.1.conv1.weight_ch303,0.5912373065948486
layer3.0.conv3.weight,780,layer3.0.conv3.weight_ch780,0.5905659198760986
layer2.0.conv1.weight,66,layer2.0.conv1.weight_ch66,0.5875982642173767
layer3.1.conv2.weight,198,layer3.1.conv2.weight_ch198,0.5868114829063416
layer3.5.conv3.weight,400,layer3.5.conv3.weight_ch400,0.5845661163330078
layer3.5.conv3.weight,354,layer3.5.conv3.weight_ch354,0.5804866552352905
layer4.0.conv3.weight,1918,layer4.0.conv3.weight_ch1918,0.5802609324455261
layer4.1.conv1.weight,358,layer4.1.conv1.weight_ch358,0.5781685709953308
layer2.3.conv3.weight,375,layer2.3.conv3.weight_ch375,0.5778539776802063
layer3.3.conv3.weight,196,layer3.3.conv3.weight_ch196,0.5777732133865356
layer4.1.conv1.weight,159,layer4.1.conv1.weight_ch159,0.5776524543762207
layer3.3.conv3.weight,662,layer3.3.conv3.weight_ch662,0.5763797760009766
layer4.0.conv3.weight,94,layer4.0.conv3.weight_ch94,0.5763164758682251
layer2.3.conv3.weight,484,layer2.3.conv3.weight_ch484,0.574911892414093
layer4.0.conv3.weight,128,layer4.0.conv3.weight_ch128,0.574874997138977
layer3.5.conv3.weight,139,layer3.5.conv3.weight_ch139,0.5747858881950378
layer4.0.conv3.weight,1630,layer4.0.conv3.weight_ch1630,0.5747137069702148
layer3.4.conv3.weight,156,layer3.4.conv3.weight_ch156,0.574196994304657
layer3.4.conv1.weight,249,layer3.4.conv1.weight_ch249,0.5733366012573242
layer3.4.conv3.weight,74,layer3.4.conv3.weight_ch74,0.5732364654541016
layer3.4.conv3.weight,269,layer3.4.conv3.weight_ch269,0.5719252824783325
layer3.5.conv3.weight,169,layer3.5.conv3.weight_ch169,0.5716639757156372
layer3.5.conv3.weight,44,layer3.5.conv3.weight_ch44,0.5709314346313477
layer3.3.conv3.weight,424,layer3.3.conv3.weight_ch424,0.5700283050537109
layer3.4.conv3.weight,923,layer3.4.conv3.weight_ch923,0.5689084529876709
layer3.4.conv3.weight,484,layer3.4.conv3.weight_ch484,0.5677542090415955
layer3.5.conv3.weight,134,layer3.5.conv3.weight_ch134,0.5673145651817322
layer4.1.conv1.weight,360,layer4.1.conv1.weight_ch360,0.566765308380127
layer3.4.conv3.weight,501,layer3.4.conv3.weight_ch501,0.5664344429969788
layer3.2.conv3.weight,364,layer3.2.conv3.weight_ch364,0.5656595230102539
layer2.3.conv3.weight,404,layer2.3.conv3.weight_ch404,0.5649271011352539
layer4.0.conv3.weight,522,layer4.0.conv3.weight_ch522,0.5645864605903625
layer4.1.conv1.weight,28,layer4.1.conv1.weight_ch28,0.5641785860061646
layer3.4.conv3.weight,307,layer3.4.conv3.weight_ch307,0.5637930035591125
layer3.4.conv1.weight,187,layer3.4.conv1.weight_ch187,0.5636460781097412
layer3.4.conv3.weight,1022,layer3.4.conv3.weight_ch1022,0.5629384517669678
layer3.4.conv3.weight,88,layer3.4.conv3.weight_ch88,0.5575426816940308
layer3.5.conv3.weight,39,layer3.5.conv3.weight_ch39,0.5574963688850403
layer4.0.conv3.weight,533,layer4.0.conv3.weight_ch533,0.5564892292022705
layer3.4.conv1.weight,30,layer3.4.conv1.weight_ch30,0.5553677082061768
layer3.4.conv3.weight,712,layer3.4.conv3.weight_ch712,0.5533806085586548
layer3.5.conv3.weight,65,layer3.5.conv3.weight_ch65,0.5520341396331787
layer1.1.conv1.weight,63,layer1.1.conv1.weight_ch63,0.5504032373428345
layer4.1.conv1.weight,452,layer4.1.conv1.weight_ch452,0.549392580986023
layer4.0.conv3.weight,714,layer4.0.conv3.weight_ch714,0.5488020777702332
layer2.3.conv3.weight,493,layer2.3.conv3.weight_ch493,0.5455635190010071
layer3.5.conv3.weight,418,layer3.5.conv3.weight_ch418,0.5450920462608337
layer4.0.conv3.weight,135,layer4.0.conv3.weight_ch135,0.5430436134338379
layer4.0.conv3.weight,1779,layer4.0.conv3.weight_ch1779,0.5427880883216858
layer3.2.conv3.weight,329,layer3.2.conv3.weight_ch329,0.5406743288040161
layer3.2.conv1.weight,157,layer3.2.conv1.weight_ch157,0.5391362905502319
layer3.5.conv3.weight,364,layer3.5.conv3.weight_ch364,0.5374455451965332
layer1.1.conv1.weight,2,layer1.1.conv1.weight_ch2,0.5363744497299194
layer4.0.conv3.weight,1674,layer4.0.conv3.weight_ch1674,0.535589337348938
layer4.0.conv3.weight,90,layer4.0.conv3.weight_ch90,0.5318682789802551
layer3.4.conv3.weight,541,layer3.4.conv3.weight_ch541,0.5315037965774536
layer3.5.conv3.weight,617,layer3.5.conv3.weight_ch617,0.5310828685760498
layer3.2.conv1.weight,238,layer3.2.conv1.weight_ch238,0.5282220244407654
layer1.1.conv1.weight,31,layer1.1.conv1.weight_ch31,0.5275534987449646
layer4.0.conv3.weight,1909,layer4.0.conv3.weight_ch1909,0.5268890857696533
layer3.3.conv3.weight,731,layer3.3.conv3.weight_ch731,0.5260644555091858
layer3.5.conv3.weight,940,layer3.5.conv3.weight_ch940,0.5240681171417236
layer4.0.conv3.weight,1608,layer4.0.conv3.weight_ch1608,0.5206954479217529
layer4.0.conv3.weight,557,layer4.0.conv3.weight_ch557,0.519679844379425
layer4.0.conv3.weight,723,layer4.0.conv3.weight_ch723,0.5196396708488464
layer3.3.conv3.weight,709,layer3.3.conv3.weight_ch709,0.5189512372016907
layer3.5.conv3.weight,253,layer3.5.conv3.weight_ch253,0.5186805725097656
layer4.0.conv3.weight,495,layer4.0.conv3.weight_ch495,0.5183046460151672
layer3.5.conv3.weight,442,layer3.5.conv3.weight_ch442,0.5180915594100952
layer4.0.conv3.weight,1016,layer4.0.conv3.weight_ch1016,0.5170050859451294
layer3.5.conv3.weight,747,layer3.5.conv3.weight_ch747,0.5141171813011169
layer3.5.conv3.weight,348,layer3.5.conv3.weight_ch348,0.5137097835540771
layer4.1.conv1.weight,215,layer4.1.conv1.weight_ch215,0.5128673315048218
layer4.1.conv1.weight,177,layer4.1.conv1.weight_ch177,0.511993944644928
layer3.5.conv3.weight,751,layer3.5.conv3.weight_ch751,0.5108023285865784
layer3.3.conv3.weight,973,layer3.3.conv3.weight_ch973,0.5090137124061584
layer3.4.conv1.weight,219,layer3.4.conv1.weight_ch219,0.5079483389854431
layer4.0.conv3.weight,623,layer4.0.conv3.weight_ch623,0.5062583684921265
layer4.1.conv1.weight,135,layer4.1.conv1.weight_ch135,0.5055790543556213
layer3.4.conv3.weight,888,layer3.4.conv3.weight_ch888,0.504841685295105
layer3.5.conv3.weight,475,layer3.5.conv3.weight_ch475,0.5043028593063354
layer4.1.conv1.weight,480,layer4.1.conv1.weight_ch480,0.5021316409111023
layer4.0.conv3.weight,828,layer4.0.conv3.weight_ch828,0.4985533654689789
layer2.0.conv1.weight,22,layer2.0.conv1.weight_ch22,0.4984632432460785
layer3.2.conv3.weight,128,layer3.2.conv3.weight_ch128,0.4970299005508423
layer4.0.conv3.weight,742,layer4.0.conv3.weight_ch742,0.4958512783050537
layer3.2.conv1.weight,23,layer3.2.conv1.weight_ch23,0.49379676580429077
layer4.1.conv1.weight,256,layer4.1.conv1.weight_ch256,0.4931088387966156
layer3.5.conv3.weight,95,layer3.5.conv3.weight_ch95,0.4891672432422638
layer4.1.conv1.weight,81,layer4.1.conv1.weight_ch81,0.4837668836116791
layer3.4.conv1.weight,107,layer3.4.conv1.weight_ch107,0.483612596988678
layer3.0.conv3.weight,859,layer3.0.conv3.weight_ch859,0.48249733448028564
layer3.5.conv3.weight,330,layer3.5.conv3.weight_ch330,0.48050716519355774
layer3.1.conv2.weight,181,layer3.1.conv2.weight_ch181,0.48014742136001587
layer3.4.conv3.weight,105,layer3.4.conv3.weight_ch105,0.4769047200679779
layer2.3.conv3.weight,285,layer2.3.conv3.weight_ch285,0.47564172744750977
layer3.3.conv3.weight,462,layer3.3.conv3.weight_ch462,0.4736090898513794
layer4.0.conv3.weight,793,layer4.0.conv3.weight_ch793,0.47297292947769165
layer4.0.conv3.weight,173,layer4.0.conv3.weight_ch173,0.47150135040283203
layer3.4.conv3.weight,268,layer3.4.conv3.weight_ch268,0.47025832533836365
layer3.3.conv3.weight,592,layer3.3.conv3.weight_ch592,0.470004141330719
layer3.3.conv3.weight,697,layer3.3.conv3.weight_ch697,0.46999382972717285
layer3.0.conv3.weight,203,layer3.0.conv3.weight_ch203,0.46879813075065613
layer4.0.conv3.weight,51,layer4.0.conv3.weight_ch51,0.4676821529865265
layer4.1.conv1.weight,155,layer4.1.conv1.weight_ch155,0.46639278531074524
layer4.0.conv3.weight,167,layer4.0.conv3.weight_ch167,0.4599173069000244
layer3.5.conv3.weight,55,layer3.5.conv3.weight_ch55,0.45903071761131287
layer4.0.conv3.weight,1521,layer4.0.conv3.weight_ch1521,0.45537644624710083
layer3.3.conv3.weight,105,layer3.3.conv3.weight_ch105,0.4548698961734772
layer3.2.conv3.weight,183,layer3.2.conv3.weight_ch183,0.45463019609451294
layer4.1.conv1.weight,79,layer4.1.conv1.weight_ch79,0.4534807801246643
layer3.2.conv3.weight,686,layer3.2.conv3.weight_ch686,0.4507927894592285
layer4.0.conv3.weight,131,layer4.0.conv3.weight_ch131,0.4496431350708008
layer3.4.conv3.weight,920,layer3.4.conv3.weight_ch920,0.4495634138584137
layer3.4.conv3.weight,100,layer3.4.conv3.weight_ch100,0.44435441493988037
layer3.0.conv3.weight,460,layer3.0.conv3.weight_ch460,0.44382813572883606
layer3.0.conv3.weight,1021,layer3.0.conv3.weight_ch1021,0.4421328008174896
layer4.0.conv3.weight,1898,layer4.0.conv3.weight_ch1898,0.44084906578063965
layer4.1.conv1.weight,99,layer4.1.conv1.weight_ch99,0.4386792778968811
layer3.5.conv3.weight,724,layer3.5.conv3.weight_ch724,0.43734660744667053
layer4.0.conv3.weight,427,layer4.0.conv3.weight_ch427,0.43669646978378296
layer3.2.conv3.weight,203,layer3.2.conv3.weight_ch203,0.4364309012889862
layer4.0.conv3.weight,471,layer4.0.conv3.weight_ch471,0.43620431423187256
layer3.3.conv3.weight,712,layer3.3.conv3.weight_ch712,0.4348314106464386
layer3.5.conv3.weight,120,layer3.5.conv3.weight_ch120,0.43459245562553406
layer3.0.conv3.weight,707,layer3.0.conv3.weight_ch707,0.4342808127403259
layer4.0.conv3.weight,470,layer4.0.conv3.weight_ch470,0.43397995829582214
layer3.4.conv3.weight,818,layer3.4.conv3.weight_ch818,0.4334403872489929
layer3.1.conv2.weight,38,layer3.1.conv2.weight_ch38,0.4332015812397003
layer4.0.conv3.weight,13,layer4.0.conv3.weight_ch13,0.432220458984375
layer3.1.conv2.weight,148,layer3.1.conv2.weight_ch148,0.4321421980857849
layer4.0.conv3.weight,1916,layer4.0.conv3.weight_ch1916,0.4279537796974182
layer4.1.conv1.weight,170,layer4.1.conv1.weight_ch170,0.42733994126319885
layer3.3.conv3.weight,439,layer3.3.conv3.weight_ch439,0.4246033728122711
layer3.5.conv3.weight,669,layer3.5.conv3.weight_ch669,0.4219129979610443
layer3.5.conv3.weight,105,layer3.5.conv3.weight_ch105,0.4214245080947876
layer3.2.conv3.weight,314,layer3.2.conv3.weight_ch314,0.41977953910827637
layer3.4.conv3.weight,102,layer3.4.conv3.weight_ch102,0.41970551013946533
layer3.5.conv3.weight,310,layer3.5.conv3.weight_ch310,0.419525146484375
layer4.0.conv3.weight,1807,layer4.0.conv3.weight_ch1807,0.41843438148498535
layer4.0.conv3.weight,783,layer4.0.conv3.weight_ch783,0.4175412356853485
layer3.4.conv1.weight,136,layer3.4.conv1.weight_ch136,0.41573137044906616
layer3.0.conv3.weight,883,layer3.0.conv3.weight_ch883,0.4150192439556122
layer4.0.conv3.weight,768,layer4.0.conv3.weight_ch768,0.4145386219024658
layer3.4.conv3.weight,669,layer3.4.conv3.weight_ch669,0.41368016600608826
layer4.0.conv3.weight,325,layer4.0.conv3.weight_ch325,0.4135366380214691
layer3.5.conv3.weight,1003,layer3.5.conv3.weight_ch1003,0.4127749502658844
layer3.4.conv3.weight,115,layer3.4.conv3.weight_ch115,0.4126433730125427
layer3.2.conv3.weight,311,layer3.2.conv3.weight_ch311,0.4111616313457489
layer4.0.conv3.weight,1209,layer4.0.conv3.weight_ch1209,0.40910738706588745
layer3.2.conv3.weight,97,layer3.2.conv3.weight_ch97,0.406610369682312
layer4.0.conv3.weight,102,layer4.0.conv3.weight_ch102,0.4059937000274658
layer4.0.conv3.weight,1247,layer4.0.conv3.weight_ch1247,0.40553486347198486
layer3.2.conv3.weight,378,layer3.2.conv3.weight_ch378,0.40454328060150146
layer3.2.conv1.weight,213,layer3.2.conv1.weight_ch213,0.4014433026313782
layer3.5.conv3.weight,825,layer3.5.conv3.weight_ch825,0.39946281909942627
layer4.0.conv3.weight,1729,layer4.0.conv3.weight_ch1729,0.39913812279701233
layer3.2.conv3.weight,800,layer3.2.conv3.weight_ch800,0.39540407061576843
layer3.2.conv3.weight,499,layer3.2.conv3.weight_ch499,0.39367493987083435
layer4.0.conv3.weight,1923,layer4.0.conv3.weight_ch1923,0.3936609923839569
layer3.5.conv3.weight,188,layer3.5.conv3.weight_ch188,0.39287450909614563
layer3.4.conv3.weight,114,layer3.4.conv3.weight_ch114,0.39140889048576355
layer3.0.conv3.weight,996,layer3.0.conv3.weight_ch996,0.39007049798965454
layer4.0.conv3.weight,1847,layer4.0.conv3.weight_ch1847,0.3899369537830353
layer3.1.conv2.weight,111,layer3.1.conv2.weight_ch111,0.38807976245880127
layer3.2.conv3.weight,696,layer3.2.conv3.weight_ch696,0.3874902129173279
layer3.2.conv3.weight,411,layer3.2.conv3.weight_ch411,0.38732829689979553
layer3.1.conv2.weight,186,layer3.1.conv2.weight_ch186,0.3867175877094269
layer4.0.conv3.weight,2040,layer4.0.conv3.weight_ch2040,0.38546323776245117
layer3.5.conv3.weight,130,layer3.5.conv3.weight_ch130,0.38262638449668884
layer4.0.conv3.weight,1914,layer4.0.conv3.weight_ch1914,0.37602269649505615
layer3.3.conv3.weight,11,layer3.3.conv3.weight_ch11,0.37560537457466125
layer4.0.conv3.weight,487,layer4.0.conv3.weight_ch487,0.3724328875541687
layer3.4.conv3.weight,928,layer3.4.conv3.weight_ch928,0.3722947835922241
layer4.0.conv3.weight,1760,layer4.0.conv3.weight_ch1760,0.37220239639282227
layer4.1.conv1.weight,435,layer4.1.conv1.weight_ch435,0.3710799217224121
layer1.1.conv1.weight,41,layer1.1.conv1.weight_ch41,0.36880016326904297
layer4.0.conv3.weight,751,layer4.0.conv3.weight_ch751,0.36756739020347595
layer3.2.conv3.weight,770,layer3.2.conv3.weight_ch770,0.36645737290382385
layer3.5.conv3.weight,463,layer3.5.conv3.weight_ch463,0.36609718203544617
layer4.0.conv3.weight,158,layer4.0.conv3.weight_ch158,0.3653066158294678
layer4.0.conv3.weight,1434,layer4.0.conv3.weight_ch1434,0.364518404006958
layer4.0.conv3.weight,493,layer4.0.conv3.weight_ch493,0.361497163772583
layer3.5.conv3.weight,1000,layer3.5.conv3.weight_ch1000,0.36118143796920776
layer3.5.conv3.weight,692,layer3.5.conv3.weight_ch692,0.3590165078639984
layer3.2.conv1.weight,26,layer3.2.conv1.weight_ch26,0.35723480582237244
layer3.4.conv3.weight,325,layer3.4.conv3.weight_ch325,0.35573601722717285
layer3.5.conv3.weight,871,layer3.5.conv3.weight_ch871,0.35542425513267517
layer3.5.conv3.weight,16,layer3.5.conv3.weight_ch16,0.35147830843925476
layer4.0.conv3.weight,1191,layer4.0.conv3.weight_ch1191,0.35127997398376465
layer3.5.conv3.weight,875,layer3.5.conv3.weight_ch875,0.3471490740776062
layer3.4.conv1.weight,100,layer3.4.conv1.weight_ch100,0.34483569860458374
layer3.5.conv3.weight,199,layer3.5.conv3.weight_ch199,0.34465447068214417
layer2.3.conv3.weight,346,layer2.3.conv3.weight_ch346,0.34114211797714233
layer4.0.conv3.weight,2021,layer4.0.conv3.weight_ch2021,0.3401951789855957
layer3.4.conv1.weight,98,layer3.4.conv1.weight_ch98,0.34010782837867737
layer3.5.conv3.weight,268,layer3.5.conv3.weight_ch268,0.3398929238319397
layer3.5.conv3.weight,383,layer3.5.conv3.weight_ch383,0.3381505310535431
layer3.4.conv3.weight,706,layer3.4.conv3.weight_ch706,0.3329683840274811
layer4.0.conv3.weight,268,layer4.0.conv3.weight_ch268,0.3327394723892212
layer4.0.conv3.weight,1160,layer4.0.conv3.weight_ch1160,0.3294910490512848
layer3.5.conv3.weight,930,layer3.5.conv3.weight_ch930,0.32830381393432617
layer4.0.conv3.weight,997,layer4.0.conv3.weight_ch997,0.3264935612678528
layer4.1.conv1.weight,186,layer4.1.conv1.weight_ch186,0.3262631297111511
layer4.0.conv3.weight,1966,layer4.0.conv3.weight_ch1966,0.32356494665145874
layer3.5.conv3.weight,123,layer3.5.conv3.weight_ch123,0.32115617394447327
layer4.0.conv3.weight,305,layer4.0.conv3.weight_ch305,0.32065266370773315
layer4.0.conv3.weight,607,layer4.0.conv3.weight_ch607,0.3205229341983795
layer4.0.conv3.weight,379,layer4.0.conv3.weight_ch379,0.320391446352005
layer3.2.conv3.weight,863,layer3.2.conv3.weight_ch863,0.32016634941101074
layer3.4.conv1.weight,41,layer3.4.conv1.weight_ch41,0.31572577357292175
layer2.3.conv3.weight,227,layer2.3.conv3.weight_ch227,0.31530603766441345
layer3.4.conv1.weight,49,layer3.4.conv1.weight_ch49,0.3147084414958954
layer3.5.conv3.weight,760,layer3.5.conv3.weight_ch760,0.3130183219909668
layer4.0.conv3.weight,1556,layer4.0.conv3.weight_ch1556,0.31121382117271423
layer4.0.conv3.weight,392,layer4.0.conv3.weight_ch392,0.31047767400741577
layer4.0.conv3.weight,45,layer4.0.conv3.weight_ch45,0.30766791105270386
layer4.0.conv3.weight,841,layer4.0.conv3.weight_ch841,0.3071041703224182
layer3.2.conv3.weight,1004,layer3.2.conv3.weight_ch1004,0.3024654984474182
layer3.2.conv1.weight,218,layer3.2.conv1.weight_ch218,0.3020187020301819
layer3.0.conv3.weight,578,layer3.0.conv3.weight_ch578,0.3011619448661804
layer4.1.conv1.weight,337,layer4.1.conv1.weight_ch337,0.3009849190711975
layer4.0.conv3.weight,335,layer4.0.conv3.weight_ch335,0.3008485436439514
layer3.3.conv3.weight,199,layer3.3.conv3.weight_ch199,0.29632359743118286
layer3.0.conv3.weight,556,layer3.0.conv3.weight_ch556,0.2938897907733917
layer3.3.conv3.weight,707,layer3.3.conv3.weight_ch707,0.29021263122558594
layer4.1.conv1.weight,333,layer4.1.conv1.weight_ch333,0.28742384910583496
layer4.1.conv1.weight,510,layer4.1.conv1.weight_ch510,0.28696659207344055
layer4.0.conv3.weight,1894,layer4.0.conv3.weight_ch1894,0.2861035168170929
layer4.0.conv3.weight,1132,layer4.0.conv3.weight_ch1132,0.28485026955604553
layer3.5.conv3.weight,966,layer3.5.conv3.weight_ch966,0.2844198942184448
layer4.0.conv3.weight,432,layer4.0.conv3.weight_ch432,0.2813321650028229
layer4.0.conv3.weight,570,layer4.0.conv3.weight_ch570,0.2809410095214844
layer3.5.conv3.weight,269,layer3.5.conv3.weight_ch269,0.2809343636035919
layer3.2.conv3.weight,644,layer3.2.conv3.weight_ch644,0.27945271134376526
layer3.2.conv1.weight,52,layer3.2.conv1.weight_ch52,0.2777601182460785
layer3.5.conv3.weight,578,layer3.5.conv3.weight_ch578,0.2776392698287964
layer3.4.conv1.weight,190,layer3.4.conv1.weight_ch190,0.2759155035018921
layer3.4.conv3.weight,196,layer3.4.conv3.weight_ch196,0.275322288274765
layer4.0.conv3.weight,2034,layer4.0.conv3.weight_ch2034,0.2744221091270447
layer3.1.conv2.weight,132,layer3.1.conv2.weight_ch132,0.2721703350543976
layer3.5.conv3.weight,219,layer3.5.conv3.weight_ch219,0.2716994285583496
layer3.4.conv1.weight,133,layer3.4.conv1.weight_ch133,0.27161505818367004
layer4.0.conv3.weight,95,layer4.0.conv3.weight_ch95,0.2713226079940796
layer3.0.conv3.weight,871,layer3.0.conv3.weight_ch871,0.2707769274711609
layer4.0.conv3.weight,631,layer4.0.conv3.weight_ch631,0.26295772194862366
layer3.1.conv2.weight,246,layer3.1.conv2.weight_ch246,0.2609860897064209
layer3.4.conv3.weight,161,layer3.4.conv3.weight_ch161,0.2599624991416931
layer4.0.conv3.weight,1908,layer4.0.conv3.weight_ch1908,0.25788599252700806
layer3.4.conv1.weight,6,layer3.4.conv1.weight_ch6,0.25783243775367737
layer3.5.conv3.weight,818,layer3.5.conv3.weight_ch818,0.2560783922672272
layer4.0.conv3.weight,362,layer4.0.conv3.weight_ch362,0.2558819651603699
layer4.0.conv3.weight,1236,layer4.0.conv3.weight_ch1236,0.2551250159740448
layer4.1.conv1.weight,312,layer4.1.conv1.weight_ch312,0.25398916006088257
layer3.5.conv3.weight,884,layer3.5.conv3.weight_ch884,0.25208085775375366
layer3.2.conv3.weight,567,layer3.2.conv3.weight_ch567,0.250551700592041
layer4.1.conv1.weight,26,layer4.1.conv1.weight_ch26,0.24708892405033112
layer3.5.conv3.weight,521,layer3.5.conv3.weight_ch521,0.24673569202423096
layer4.1.conv1.weight,383,layer4.1.conv1.weight_ch383,0.24545538425445557
layer4.0.conv3.weight,1032,layer4.0.conv3.weight_ch1032,0.24376820027828217
layer3.4.conv3.weight,952,layer3.4.conv3.weight_ch952,0.24100613594055176
layer4.1.conv1.weight,74,layer4.1.conv1.weight_ch74,0.2404365837574005
layer4.1.conv1.weight,280,layer4.1.conv1.weight_ch280,0.2394961416721344
layer3.0.conv3.weight,577,layer3.0.conv3.weight_ch577,0.23920731246471405
layer3.4.conv1.weight,154,layer3.4.conv1.weight_ch154,0.2377098649740219
layer3.2.conv3.weight,494,layer3.2.conv3.weight_ch494,0.2367166429758072
layer3.5.conv3.weight,161,layer3.5.conv3.weight_ch161,0.23589685559272766
layer3.2.conv3.weight,990,layer3.2.conv3.weight_ch990,0.23574697971343994
layer4.0.conv3.weight,1899,layer4.0.conv3.weight_ch1899,0.2355860471725464
layer3.0.conv3.weight,990,layer3.0.conv3.weight_ch990,0.23437339067459106
layer4.1.conv1.weight,499,layer4.1.conv1.weight_ch499,0.23151957988739014
layer4.0.conv3.weight,1129,layer4.0.conv3.weight_ch1129,0.230912446975708
layer4.1.conv1.weight,402,layer4.1.conv1.weight_ch402,0.23044157028198242
layer3.5.conv3.weight,447,layer3.5.conv3.weight_ch447,0.22979538142681122
layer4.0.conv3.weight,1112,layer4.0.conv3.weight_ch1112,0.22934238612651825
layer3.2.conv3.weight,442,layer3.2.conv3.weight_ch442,0.228318452835083
layer4.0.conv3.weight,872,layer4.0.conv3.weight_ch872,0.22770340740680695
layer3.4.conv1.weight,48,layer3.4.conv1.weight_ch48,0.22754423320293427
layer4.0.conv3.weight,1606,layer4.0.conv3.weight_ch1606,0.22694247961044312
layer3.5.conv3.weight,657,layer3.5.conv3.weight_ch657,0.22603800892829895
layer4.1.conv1.weight,314,layer4.1.conv1.weight_ch314,0.22469040751457214
layer4.0.conv3.weight,787,layer4.0.conv3.weight_ch787,0.22461572289466858
layer3.4.conv3.weight,836,layer3.4.conv3.weight_ch836,0.22295233607292175
layer3.5.conv3.weight,321,layer3.5.conv3.weight_ch321,0.22282227873802185
layer3.4.conv3.weight,310,layer3.4.conv3.weight_ch310,0.22122852504253387
layer3.2.conv1.weight,176,layer3.2.conv1.weight_ch176,0.21850921213626862
layer3.4.conv3.weight,46,layer3.4.conv3.weight_ch46,0.2181457281112671
layer4.0.conv3.weight,1259,layer4.0.conv3.weight_ch1259,0.21814289689064026
layer4.0.conv3.weight,970,layer4.0.conv3.weight_ch970,0.21719713509082794
layer4.0.conv3.weight,1319,layer4.0.conv3.weight_ch1319,0.21657349169254303
layer3.5.conv3.weight,464,layer3.5.conv3.weight_ch464,0.21438343822956085
layer4.0.conv3.weight,564,layer4.0.conv3.weight_ch564,0.214019775390625
layer4.0.conv3.weight,953,layer4.0.conv3.weight_ch953,0.21374951303005219
layer4.1.conv1.weight,13,layer4.1.conv1.weight_ch13,0.21178865432739258
layer4.0.conv3.weight,205,layer4.0.conv3.weight_ch205,0.21019595861434937
layer4.0.conv3.weight,136,layer4.0.conv3.weight_ch136,0.20990437269210815
layer4.0.conv3.weight,625,layer4.0.conv3.weight_ch625,0.2092553973197937
layer4.0.conv3.weight,271,layer4.0.conv3.weight_ch271,0.20827125012874603
layer3.2.conv3.weight,657,layer3.2.conv3.weight_ch657,0.2078416347503662
layer3.4.conv3.weight,321,layer3.4.conv3.weight_ch321,0.20597654581069946
layer3.4.conv1.weight,66,layer3.4.conv1.weight_ch66,0.20530089735984802
layer4.0.conv3.weight,1778,layer4.0.conv3.weight_ch1778,0.20266148447990417
layer4.0.conv3.weight,39,layer4.0.conv3.weight_ch39,0.20260590314865112
layer4.0.conv3.weight,1440,layer4.0.conv3.weight_ch1440,0.20225036144256592
layer4.0.conv3.weight,756,layer4.0.conv3.weight_ch756,0.2021324336528778
layer3.3.conv3.weight,314,layer3.3.conv3.weight_ch314,0.20022471249103546
layer4.0.conv3.weight,65,layer4.0.conv3.weight_ch65,0.1997269093990326
layer4.0.conv3.weight,1980,layer4.0.conv3.weight_ch1980,0.19835278391838074
layer4.0.conv3.weight,19,layer4.0.conv3.weight_ch19,0.1979009509086609
layer2.3.conv3.weight,185,layer2.3.conv3.weight_ch185,0.1968434751033783
layer4.0.conv3.weight,111,layer4.0.conv3.weight_ch111,0.19619321823120117
layer4.0.conv3.weight,1422,layer4.0.conv3.weight_ch1422,0.1952759176492691
layer3.2.conv3.weight,391,layer3.2.conv3.weight_ch391,0.19465272128582
layer4.1.conv1.weight,158,layer4.1.conv1.weight_ch158,0.19356825947761536
layer3.2.conv3.weight,510,layer3.2.conv3.weight_ch510,0.19211360812187195
layer3.4.conv1.weight,207,layer3.4.conv1.weight_ch207,0.1918860673904419
layer4.0.conv3.weight,1045,layer4.0.conv3.weight_ch1045,0.19105017185211182
layer3.2.conv3.weight,825,layer3.2.conv3.weight_ch825,0.19070753455162048
layer4.0.conv3.weight,1396,layer4.0.conv3.weight_ch1396,0.19008949398994446
layer3.5.conv3.weight,605,layer3.5.conv3.weight_ch605,0.18994571268558502
layer4.0.conv3.weight,2014,layer4.0.conv3.weight_ch2014,0.18922165036201477
layer4.1.conv1.weight,139,layer4.1.conv1.weight_ch139,0.18868495523929596
layer4.0.conv3.weight,241,layer4.0.conv3.weight_ch241,0.18768946826457977
layer3.4.conv1.weight,167,layer3.4.conv1.weight_ch167,0.18667250871658325
layer4.0.conv3.weight,1092,layer4.0.conv3.weight_ch1092,0.18658135831356049
layer3.2.conv1.weight,134,layer3.2.conv1.weight_ch134,0.18466466665267944
layer3.5.conv3.weight,440,layer3.5.conv3.weight_ch440,0.18260511755943298
layer3.5.conv3.weight,759,layer3.5.conv3.weight_ch759,0.18240204453468323
layer3.5.conv3.weight,311,layer3.5.conv3.weight_ch311,0.18106776475906372
layer4.0.conv3.weight,991,layer4.0.conv3.weight_ch991,0.18053150177001953
layer4.0.conv3.weight,1030,layer4.0.conv3.weight_ch1030,0.17892175912857056
layer4.1.conv1.weight,262,layer4.1.conv1.weight_ch262,0.17872868478298187
layer3.5.conv3.weight,416,layer3.5.conv3.weight_ch416,0.17850087583065033
layer3.1.conv2.weight,19,layer3.1.conv2.weight_ch19,0.17714518308639526
layer4.1.conv1.weight,156,layer4.1.conv1.weight_ch156,0.1765681654214859
layer3.3.conv3.weight,682,layer3.3.conv3.weight_ch682,0.17630228400230408
layer4.1.conv1.weight,272,layer4.1.conv1.weight_ch272,0.17618466913700104
layer4.1.conv1.weight,353,layer4.1.conv1.weight_ch353,0.17462827265262604
layer2.3.conv3.weight,104,layer2.3.conv3.weight_ch104,0.17153103649616241
layer3.1.conv2.weight,53,layer3.1.conv2.weight_ch53,0.1710130125284195
layer4.1.conv1.weight,207,layer4.1.conv1.weight_ch207,0.17100335657596588
layer4.0.conv3.weight,1280,layer4.0.conv3.weight_ch1280,0.1706109642982483
layer3.2.conv3.weight,137,layer3.2.conv3.weight_ch137,0.16940125823020935
layer3.0.conv2.weight,135,layer3.0.conv2.weight_ch135,0.1689578741788864
layer4.0.conv3.weight,428,layer4.0.conv3.weight_ch428,0.16753941774368286
layer3.4.conv1.weight,178,layer3.4.conv1.weight_ch178,0.16538819670677185
layer4.1.conv1.weight,400,layer4.1.conv1.weight_ch400,0.16456238925457
layer4.1.conv1.weight,448,layer4.1.conv1.weight_ch448,0.1644630879163742
layer4.1.conv1.weight,229,layer4.1.conv1.weight_ch229,0.16394305229187012
layer3.3.conv3.weight,782,layer3.3.conv3.weight_ch782,0.16363610327243805
layer4.0.conv3.weight,890,layer4.0.conv3.weight_ch890,0.1622416377067566
layer4.0.conv3.weight,1012,layer4.0.conv3.weight_ch1012,0.16176418960094452
layer4.0.conv3.weight,1199,layer4.0.conv3.weight_ch1199,0.1616833508014679
layer4.1.conv1.weight,218,layer4.1.conv1.weight_ch218,0.15942040085792542
layer3.3.conv3.weight,875,layer3.3.conv3.weight_ch875,0.1592545509338379
layer3.2.conv1.weight,83,layer3.2.conv1.weight_ch83,0.15896692872047424
layer4.0.conv3.weight,1272,layer4.0.conv3.weight_ch1272,0.15890881419181824
layer4.0.conv3.weight,1312,layer4.0.conv3.weight_ch1312,0.15846478939056396
layer4.0.conv3.weight,1156,layer4.0.conv3.weight_ch1156,0.15782934427261353
layer3.2.conv3.weight,818,layer3.2.conv3.weight_ch818,0.15772537887096405
layer3.3.conv3.weight,391,layer3.3.conv3.weight_ch391,0.15715688467025757
layer4.0.conv3.weight,1762,layer4.0.conv3.weight_ch1762,0.1570860743522644
layer3.2.conv3.weight,511,layer3.2.conv3.weight_ch511,0.1569432020187378
layer3.5.conv3.weight,548,layer3.5.conv3.weight_ch548,0.1567661315202713
layer4.0.conv3.weight,189,layer4.0.conv3.weight_ch189,0.15635305643081665
layer4.0.conv3.weight,669,layer4.0.conv3.weight_ch669,0.1562393754720688
layer3.3.conv3.weight,120,layer3.3.conv3.weight_ch120,0.15623344480991364
layer3.4.conv3.weight,837,layer3.4.conv3.weight_ch837,0.1559777408838272
layer4.0.conv3.weight,1143,layer4.0.conv3.weight_ch1143,0.1549561321735382
layer3.3.conv3.weight,521,layer3.3.conv3.weight_ch521,0.1532975435256958
layer4.1.conv1.weight,286,layer4.1.conv1.weight_ch286,0.15288005769252777
layer4.0.conv3.weight,1510,layer4.0.conv3.weight_ch1510,0.15254202485084534
layer4.0.conv3.weight,115,layer4.0.conv3.weight_ch115,0.15206393599510193
layer3.3.conv3.weight,825,layer3.3.conv3.weight_ch825,0.1506386548280716
layer4.1.conv1.weight,182,layer4.1.conv1.weight_ch182,0.15054410696029663
layer4.0.conv3.weight,1067,layer4.0.conv3.weight_ch1067,0.1499580293893814
layer4.1.conv1.weight,299,layer4.1.conv1.weight_ch299,0.14890827238559723
layer4.0.conv3.weight,1347,layer4.0.conv3.weight_ch1347,0.1479583978652954
layer4.0.conv3.weight,358,layer4.0.conv3.weight_ch358,0.14767974615097046
layer3.3.conv3.weight,855,layer3.3.conv3.weight_ch855,0.14721354842185974
layer3.0.conv3.weight,47,layer3.0.conv3.weight_ch47,0.14695830643177032
layer3.3.conv3.weight,928,layer3.3.conv3.weight_ch928,0.14695081114768982
layer3.2.conv1.weight,208,layer3.2.conv1.weight_ch208,0.14666636288166046
layer4.0.conv3.weight,972,layer4.0.conv3.weight_ch972,0.14613837003707886
layer4.0.conv3.weight,1265,layer4.0.conv3.weight_ch1265,0.1453765332698822
layer4.1.conv1.weight,143,layer4.1.conv1.weight_ch143,0.1432584822177887
layer3.2.conv3.weight,608,layer3.2.conv3.weight_ch608,0.14300541579723358
layer4.1.conv1.weight,327,layer4.1.conv1.weight_ch327,0.14295126497745514
layer3.2.conv3.weight,195,layer3.2.conv3.weight_ch195,0.14263270795345306
layer4.0.conv3.weight,1064,layer4.0.conv3.weight_ch1064,0.14254869520664215
layer3.2.conv3.weight,617,layer3.2.conv3.weight_ch617,0.14212894439697266
layer4.0.conv3.weight,58,layer4.0.conv3.weight_ch58,0.1419709175825119
layer4.0.conv3.weight,1765,layer4.0.conv3.weight_ch1765,0.1410878747701645
layer3.2.conv1.weight,21,layer3.2.conv1.weight_ch21,0.14049607515335083
layer3.5.conv3.weight,46,layer3.5.conv3.weight_ch46,0.14027932286262512
layer3.4.conv1.weight,43,layer3.4.conv1.weight_ch43,0.13928736746311188
layer3.2.conv3.weight,966,layer3.2.conv3.weight_ch966,0.13922640681266785
layer4.0.conv3.weight,361,layer4.0.conv3.weight_ch361,0.13922545313835144
layer4.0.conv3.weight,1505,layer4.0.conv3.weight_ch1505,0.1390019655227661
layer4.0.conv3.weight,967,layer4.0.conv3.weight_ch967,0.13871118426322937
layer4.0.conv3.weight,1566,layer4.0.conv3.weight_ch1566,0.13866844773292542
layer4.0.conv3.weight,560,layer4.0.conv3.weight_ch560,0.13859689235687256
layer3.5.conv3.weight,588,layer3.5.conv3.weight_ch588,0.1385728418827057
layer4.0.conv3.weight,1702,layer4.0.conv3.weight_ch1702,0.13856996595859528
layer4.1.conv1.weight,204,layer4.1.conv1.weight_ch204,0.1384318768978119
layer4.1.conv1.weight,6,layer4.1.conv1.weight_ch6,0.138376384973526
layer3.1.conv2.weight,228,layer3.1.conv2.weight_ch228,0.13813045620918274
layer4.1.conv1.weight,80,layer4.1.conv1.weight_ch80,0.138107568025589
layer4.0.conv3.weight,1035,layer4.0.conv3.weight_ch1035,0.13807721436023712
layer4.0.conv3.weight,680,layer4.0.conv3.weight_ch680,0.13799148797988892
layer4.0.conv3.weight,1837,layer4.0.conv3.weight_ch1837,0.13796459138393402
layer4.0.conv3.weight,185,layer4.0.conv3.weight_ch185,0.13775718212127686
layer4.1.conv1.weight,422,layer4.1.conv1.weight_ch422,0.1376928985118866
layer4.1.conv1.weight,409,layer4.1.conv1.weight_ch409,0.13717342913150787
layer4.0.conv3.weight,976,layer4.0.conv3.weight_ch976,0.13716557621955872
layer3.0.conv3.weight,44,layer3.0.conv3.weight_ch44,0.1371103972196579
layer3.2.conv3.weight,477,layer3.2.conv3.weight_ch477,0.13701210916042328
layer3.2.conv1.weight,202,layer3.2.conv1.weight_ch202,0.13700957596302032
layer3.2.conv3.weight,1000,layer3.2.conv3.weight_ch1000,0.13698521256446838
layer4.1.conv1.weight,169,layer4.1.conv1.weight_ch169,0.1368880420923233
layer3.2.conv3.weight,206,layer3.2.conv3.weight_ch206,0.13665233552455902
layer4.0.conv3.weight,630,layer4.0.conv3.weight_ch630,0.13664406538009644
layer3.2.conv3.weight,268,layer3.2.conv3.weight_ch268,0.13661672174930573
layer4.1.conv1.weight,32,layer4.1.conv1.weight_ch32,0.13651952147483826
layer3.1.conv2.weight,191,layer3.1.conv2.weight_ch191,0.13648715615272522
layer4.1.conv1.weight,75,layer4.1.conv1.weight_ch75,0.1364847868680954
layer3.2.conv3.weight,26,layer3.2.conv3.weight_ch26,0.13647136092185974
layer3.0.conv3.weight,797,layer3.0.conv3.weight_ch797,0.13621777296066284
layer3.2.conv3.weight,478,layer3.2.conv3.weight_ch478,0.13621774315834045
layer3.0.conv3.weight,882,layer3.0.conv3.weight_ch882,0.13621772825717926
layer3.0.conv3.weight,437,layer3.0.conv3.weight_ch437,0.13621771335601807
layer3.0.conv3.weight,605,layer3.0.conv3.weight_ch605,0.13621771335601807
layer3.4.conv3.weight,478,layer3.4.conv3.weight_ch478,0.13621769845485687
layer4.0.conv3.weight,364,layer4.0.conv3.weight_ch364,0.13621768355369568
layer4.0.conv3.weight,1727,layer4.0.conv3.weight_ch1727,0.13621768355369568
layer3.0.conv3.weight,839,layer3.0.conv3.weight_ch839,0.13621768355369568
layer3.0.conv3.weight,866,layer3.0.conv3.weight_ch866,0.13621768355369568
layer3.2.conv3.weight,707,layer3.2.conv3.weight_ch707,0.13621768355369568
layer4.0.conv3.weight,1342,layer4.0.conv3.weight_ch1342,0.13621766865253448
layer4.0.conv3.weight,1432,layer4.0.conv3.weight_ch1432,0.13621766865253448
layer3.0.conv3.weight,157,layer3.0.conv3.weight_ch157,0.13621766865253448
layer3.0.conv3.weight,941,layer3.0.conv3.weight_ch941,0.13621766865253448
layer3.0.conv3.weight,1002,layer3.0.conv3.weight_ch1002,0.13621766865253448
layer4.0.conv3.weight,168,layer4.0.conv3.weight_ch168,0.1362176537513733
layer4.0.conv3.weight,1073,layer4.0.conv3.weight_ch1073,0.1362176537513733
layer4.0.conv3.weight,1651,layer4.0.conv3.weight_ch1651,0.1362176537513733
layer4.0.conv3.weight,1719,layer4.0.conv3.weight_ch1719,0.1362176537513733
layer3.0.conv3.weight,916,layer3.0.conv3.weight_ch916,0.1362176537513733
layer3.4.conv3.weight,731,layer3.4.conv3.weight_ch731,0.1362176537513733
layer3.2.conv3.weight,123,layer3.2.conv3.weight_ch123,0.1362176537513733
layer3.5.conv3.weight,478,layer3.5.conv3.weight_ch478,0.1362176388502121
layer4.0.conv3.weight,496,layer4.0.conv3.weight_ch496,0.1362176388502121
layer4.0.conv3.weight,766,layer4.0.conv3.weight_ch766,0.1362176388502121
layer4.0.conv3.weight,1341,layer4.0.conv3.weight_ch1341,0.1362176388502121
layer4.0.conv3.weight,1615,layer4.0.conv3.weight_ch1615,0.1362176388502121
layer3.0.conv3.weight,623,layer3.0.conv3.weight_ch623,0.1362176388502121
layer4.1.conv1.weight,30,layer4.1.conv1.weight_ch30,0.1362176388502121
layer4.1.conv1.weight,118,layer4.1.conv1.weight_ch118,0.1362176388502121
layer4.1.conv1.weight,136,layer4.1.conv1.weight_ch136,0.1362176388502121
layer4.1.conv1.weight,192,layer4.1.conv1.weight_ch192,0.1362176388502121
layer4.1.conv1.weight,211,layer4.1.conv1.weight_ch211,0.1362176388502121
layer4.1.conv1.weight,399,layer4.1.conv1.weight_ch399,0.1362176388502121
layer4.1.conv1.weight,468,layer4.1.conv1.weight_ch468,0.1362176388502121
layer3.2.conv3.weight,149,layer3.2.conv3.weight_ch149,0.1362176388502121
layer3.2.conv3.weight,310,layer3.2.conv3.weight_ch310,0.1362176388502121
layer3.2.conv3.weight,590,layer3.2.conv3.weight_ch590,0.1362176388502121
layer3.5.conv3.weight,980,layer3.5.conv3.weight_ch980,0.1362176239490509
layer3.3.conv3.weight,606,layer3.3.conv3.weight_ch606,0.1362176239490509
layer4.0.conv3.weight,565,layer4.0.conv3.weight_ch565,0.1362176239490509
layer4.0.conv3.weight,1400,layer4.0.conv3.weight_ch1400,0.1362176239490509
layer4.0.conv3.weight,1427,layer4.0.conv3.weight_ch1427,0.1362176239490509
layer3.0.conv3.weight,7,layer3.0.conv3.weight_ch7,0.1362176239490509
layer3.0.conv3.weight,76,layer3.0.conv3.weight_ch76,0.1362176239490509
layer3.0.conv3.weight,85,layer3.0.conv3.weight_ch85,0.1362176239490509
layer3.0.conv3.weight,147,layer3.0.conv3.weight_ch147,0.1362176239490509
layer3.0.conv3.weight,201,layer3.0.conv3.weight_ch201,0.1362176239490509
layer3.0.conv3.weight,322,layer3.0.conv3.weight_ch322,0.1362176239490509
layer3.0.conv3.weight,458,layer3.0.conv3.weight_ch458,0.1362176239490509
layer3.0.conv3.weight,750,layer3.0.conv3.weight_ch750,0.1362176239490509
layer3.0.conv3.weight,924,layer3.0.conv3.weight_ch924,0.1362176239490509
layer3.4.conv1.weight,195,layer3.4.conv1.weight_ch195,0.1362176239490509
layer3.2.conv1.weight,105,layer3.2.conv1.weight_ch105,0.1362176239490509
layer3.2.conv1.weight,195,layer3.2.conv1.weight_ch195,0.1362176239490509
layer4.1.conv1.weight,46,layer4.1.conv1.weight_ch46,0.1362176239490509
layer3.2.conv1.weight,162,layer3.2.conv1.weight_ch162,0.1362176090478897
layer4.1.conv1.weight,25,layer4.1.conv1.weight_ch25,0.1362176090478897
layer4.1.conv1.weight,281,layer4.1.conv1.weight_ch281,0.1362176090478897
layer4.1.conv1.weight,490,layer4.1.conv1.weight_ch490,0.1362176090478897
layer3.2.conv3.weight,782,layer3.2.conv3.weight_ch782,0.1362176090478897
layer3.5.conv3.weight,149,layer3.5.conv3.weight_ch149,0.13621759414672852
layer3.5.conv3.weight,374,layer3.5.conv3.weight_ch374,0.13621759414672852
layer4.0.conv3.weight,384,layer4.0.conv3.weight_ch384,0.13621759414672852
layer4.0.conv3.weight,1869,layer4.0.conv3.weight_ch1869,0.13621759414672852
layer3.0.conv3.weight,740,layer3.0.conv3.weight_ch740,0.13621759414672852
layer3.4.conv3.weight,123,layer3.4.conv3.weight_ch123,0.13621759414672852
layer4.0.conv3.weight,998,layer4.0.conv3.weight_ch998,0.13621757924556732
layer4.0.conv3.weight,1187,layer4.0.conv3.weight_ch1187,0.13621757924556732
layer4.0.conv3.weight,1915,layer4.0.conv3.weight_ch1915,0.13621757924556732
layer3.0.conv3.weight,120,layer3.0.conv3.weight_ch120,0.13621757924556732
layer3.0.conv3.weight,590,layer3.0.conv3.weight_ch590,0.13621757924556732
layer3.3.conv3.weight,889,layer3.3.conv3.weight_ch889,0.13621756434440613
layer4.0.conv3.weight,1262,layer4.0.conv3.weight_ch1262,0.13621756434440613
layer3.4.conv3.weight,16,layer3.4.conv3.weight_ch16,0.13621756434440613
layer3.2.conv3.weight,980,layer3.2.conv3.weight_ch980,0.13621756434440613
layer3.0.conv3.weight,342,layer3.0.conv3.weight_ch342,0.13621754944324493
layer3.2.conv3.weight,556,layer3.2.conv3.weight_ch556,0.13621754944324493
layer3.0.conv3.weight,308,layer3.0.conv3.weight_ch308,0.13621753454208374
layer3.4.conv3.weight,855,layer3.4.conv3.weight_ch855,0.13621753454208374
layer3.0.conv3.weight,626,layer3.0.conv3.weight_ch626,0.13621751964092255
layer3.2.conv3.weight,147,layer3.2.conv3.weight_ch147,0.13621751964092255
layer3.0.conv3.weight,470,layer3.0.conv3.weight_ch470,0.13621750473976135
layer4.0.conv3.weight,578,layer4.0.conv3.weight_ch578,0.13604559004306793
layer3.5.conv3.weight,686,layer3.5.conv3.weight_ch686,0.13578598201274872
layer3.0.conv3.weight,873,layer3.0.conv3.weight_ch873,0.13568559288978577
layer3.0.conv3.weight,397,layer3.0.conv3.weight_ch397,0.13568556308746338
layer3.0.conv3.weight,854,layer3.0.conv3.weight_ch854,0.13568554818630219
layer3.0.conv3.weight,936,layer3.0.conv3.weight_ch936,0.1356855034828186
layer3.0.conv3.weight,367,layer3.0.conv3.weight_ch367,0.13568547368049622
layer3.0.conv3.weight,343,layer3.0.conv3.weight_ch343,0.1351533979177475
layer3.0.conv3.weight,915,layer3.0.conv3.weight_ch915,0.13462139666080475
layer3.3.conv3.weight,147,layer3.3.conv3.weight_ch147,0.13462138175964355
layer3.0.conv3.weight,405,layer3.0.conv3.weight_ch405,0.13462132215499878
layer3.0.conv3.weight,316,layer3.0.conv3.weight_ch316,0.13462130725383759
layer3.0.conv3.weight,287,layer3.0.conv3.weight_ch287,0.1346212923526764
layer3.0.conv3.weight,291,layer3.0.conv3.weight_ch291,0.13408926129341125
layer3.0.conv3.weight,209,layer3.0.conv3.weight_ch209,0.13355717062950134
layer3.0.conv3.weight,969,layer3.0.conv3.weight_ch969,0.13249295949935913
layer3.0.conv3.weight,227,layer3.0.conv3.weight_ch227,0.12663987278938293
layer1.1.conv1.weight,45,layer1.1.conv1.weight_ch45,0.11812618374824524
layer3.0.conv3.weight,827,layer3.0.conv3.weight_ch827,0.11812617629766464
layer3.0.conv3.weight,985,layer3.0.conv3.weight_ch985,0.11014468222856522
layer1.1.conv1.weight,13,layer1.1.conv1.weight_ch13,0.03405444324016571
layer1.1.conv1.weight,47,layer1.1.conv1.weight_ch47,0.02926553413271904
layer1.1.conv1.weight,56,layer1.1.conv1.weight_ch56,0.02234821394085884
