layer_name,channel_index,channel_id,mean_relative_change
layer3.5.conv3.weight,359,layer3.5.conv3.weight_ch359,1171.401611328125
layer3.5.conv3.weight,666,layer3.5.conv3.weight_ch666,860.1041870117188
layer3.1.conv3.weight,376,layer3.1.conv3.weight_ch376,825.90869140625
layer3.0.conv3.weight,501,layer3.0.conv3.weight_ch501,602.284912109375
layer3.0.conv3.weight,226,layer3.0.conv3.weight_ch226,596.5493774414062
layer3.1.conv3.weight,877,layer3.1.conv3.weight_ch877,407.1221618652344
layer1.2.conv3.weight,135,layer1.2.conv3.weight_ch135,401.20098876953125
layer3.3.conv3.weight,140,layer3.3.conv3.weight_ch140,344.3690490722656
layer4.0.conv3.weight,1116,layer4.0.conv3.weight_ch1116,324.0521240234375
layer2.1.conv3.weight,172,layer2.1.conv3.weight_ch172,264.4813232421875
layer3.2.conv3.weight,366,layer3.2.conv3.weight_ch366,245.5301513671875
layer3.4.conv3.weight,558,layer3.4.conv3.weight_ch558,243.3665313720703
layer3.4.conv3.weight,59,layer3.4.conv3.weight_ch59,243.19317626953125
layer2.0.conv1.weight,92,layer2.0.conv1.weight_ch92,232.76651000976562
layer2.1.conv3.weight,466,layer2.1.conv3.weight_ch466,212.5295867919922
layer3.2.conv3.weight,601,layer3.2.conv3.weight_ch601,204.10739135742188
layer4.0.conv3.weight,1055,layer4.0.conv3.weight_ch1055,202.263671875
layer3.3.conv3.weight,1017,layer3.3.conv3.weight_ch1017,196.23458862304688
layer3.4.conv3.weight,84,layer3.4.conv3.weight_ch84,171.79437255859375
layer4.0.conv3.weight,1084,layer4.0.conv3.weight_ch1084,161.03477478027344
layer3.0.conv2.weight,220,layer3.0.conv2.weight_ch220,143.9424285888672
layer3.3.conv3.weight,474,layer3.3.conv3.weight_ch474,142.11227416992188
layer4.1.conv1.weight,460,layer4.1.conv1.weight_ch460,138.60238647460938
layer2.0.conv2.weight,113,layer2.0.conv2.weight_ch113,134.93890380859375
layer3.5.conv3.weight,865,layer3.5.conv3.weight_ch865,130.06253051757812
layer4.0.conv3.weight,0,layer4.0.conv3.weight_ch0,129.1344757080078
layer3.3.conv3.weight,367,layer3.3.conv3.weight_ch367,122.14932250976562
layer3.4.conv3.weight,729,layer3.4.conv3.weight_ch729,119.96968841552734
layer3.1.conv3.weight,32,layer3.1.conv3.weight_ch32,104.81083679199219
layer2.3.conv2.weight,102,layer2.3.conv2.weight_ch102,103.86444091796875
layer3.4.conv3.weight,784,layer3.4.conv3.weight_ch784,101.66748046875
layer3.2.conv2.weight,149,layer3.2.conv2.weight_ch149,92.87020874023438
layer2.1.conv3.weight,496,layer2.1.conv3.weight_ch496,87.17009735107422
layer3.1.conv3.weight,986,layer3.1.conv3.weight_ch986,87.06336212158203
layer3.4.conv3.weight,363,layer3.4.conv3.weight_ch363,83.94413757324219
layer4.1.conv1.weight,24,layer4.1.conv1.weight_ch24,83.64893341064453
layer3.4.conv3.weight,131,layer3.4.conv3.weight_ch131,81.77206420898438
layer4.0.conv3.weight,1771,layer4.0.conv3.weight_ch1771,75.20630645751953
layer2.0.conv2.weight,6,layer2.0.conv2.weight_ch6,72.92355346679688
layer3.1.conv3.weight,187,layer3.1.conv3.weight_ch187,71.23450469970703
layer3.0.conv3.weight,518,layer3.0.conv3.weight_ch518,70.51445770263672
layer3.0.conv2.weight,129,layer3.0.conv2.weight_ch129,68.35824584960938
layer4.0.conv3.weight,1256,layer4.0.conv3.weight_ch1256,65.35354614257812
layer3.4.conv3.weight,494,layer3.4.conv3.weight_ch494,64.5786361694336
layer3.0.conv3.weight,189,layer3.0.conv3.weight_ch189,64.28333282470703
layer3.0.conv3.weight,628,layer3.0.conv3.weight_ch628,60.817203521728516
layer2.3.conv2.weight,73,layer2.3.conv2.weight_ch73,58.74613952636719
layer3.3.conv3.weight,640,layer3.3.conv3.weight_ch640,57.93730926513672
layer4.0.conv3.weight,1741,layer4.0.conv3.weight_ch1741,57.30689239501953
layer3.0.conv3.weight,576,layer3.0.conv3.weight_ch576,54.8045654296875
layer4.0.conv3.weight,636,layer4.0.conv3.weight_ch636,54.38102722167969
layer4.1.conv1.weight,330,layer4.1.conv1.weight_ch330,54.302894592285156
layer3.3.conv3.weight,565,layer3.3.conv3.weight_ch565,53.94881820678711
layer3.0.conv2.weight,104,layer3.0.conv2.weight_ch104,53.09086608886719
layer3.0.conv3.weight,708,layer3.0.conv3.weight_ch708,51.1934928894043
layer1.2.conv3.weight,184,layer1.2.conv3.weight_ch184,50.4735107421875
layer4.0.conv3.weight,1072,layer4.0.conv3.weight_ch1072,50.24370574951172
layer4.0.conv3.weight,1387,layer4.0.conv3.weight_ch1387,46.180580139160156
layer3.2.conv3.weight,8,layer3.2.conv3.weight_ch8,45.774959564208984
layer4.1.conv1.weight,213,layer4.1.conv1.weight_ch213,43.26913833618164
layer3.5.conv3.weight,526,layer3.5.conv3.weight_ch526,42.712337493896484
layer4.0.conv3.weight,1561,layer4.0.conv3.weight_ch1561,42.53773880004883
layer4.0.conv3.weight,459,layer4.0.conv3.weight_ch459,42.318603515625
layer3.4.conv3.weight,429,layer3.4.conv3.weight_ch429,41.82989501953125
layer2.1.conv3.weight,127,layer2.1.conv3.weight_ch127,41.78158187866211
layer4.0.conv3.weight,150,layer4.0.conv3.weight_ch150,41.469722747802734
layer2.1.conv3.weight,250,layer2.1.conv3.weight_ch250,41.15985107421875
layer3.4.conv3.weight,339,layer3.4.conv3.weight_ch339,40.534881591796875
layer3.4.conv3.weight,556,layer3.4.conv3.weight_ch556,40.15372085571289
layer3.4.conv3.weight,956,layer3.4.conv3.weight_ch956,39.468910217285156
layer3.0.conv3.weight,803,layer3.0.conv3.weight_ch803,38.77632522583008
layer3.3.conv3.weight,531,layer3.3.conv3.weight_ch531,38.77217102050781
layer3.5.conv3.weight,536,layer3.5.conv3.weight_ch536,37.96868133544922
layer4.0.conv3.weight,1709,layer4.0.conv3.weight_ch1709,37.89773178100586
layer3.4.conv3.weight,626,layer3.4.conv3.weight_ch626,36.67391586303711
layer3.4.conv3.weight,441,layer3.4.conv3.weight_ch441,36.312522888183594
layer4.1.conv1.weight,489,layer4.1.conv1.weight_ch489,36.31187057495117
layer3.0.conv3.weight,416,layer3.0.conv3.weight_ch416,35.68434143066406
layer3.5.conv3.weight,935,layer3.5.conv3.weight_ch935,35.644718170166016
layer3.1.conv3.weight,653,layer3.1.conv3.weight_ch653,35.344669342041016
layer3.1.conv3.weight,577,layer3.1.conv3.weight_ch577,34.72725296020508
layer3.3.conv3.weight,142,layer3.3.conv3.weight_ch142,34.61243438720703
layer4.0.conv3.weight,863,layer4.0.conv3.weight_ch863,34.35308074951172
layer3.1.conv3.weight,997,layer3.1.conv3.weight_ch997,34.20577621459961
layer3.4.conv3.weight,673,layer3.4.conv3.weight_ch673,34.05265808105469
layer3.5.conv3.weight,331,layer3.5.conv3.weight_ch331,33.843868255615234
layer3.0.conv3.weight,1016,layer3.0.conv3.weight_ch1016,33.22998046875
layer3.3.conv3.weight,576,layer3.3.conv3.weight_ch576,32.691280364990234
layer3.0.conv3.weight,104,layer3.0.conv3.weight_ch104,32.192935943603516
layer3.4.conv3.weight,298,layer3.4.conv3.weight_ch298,31.362821578979492
layer4.0.conv3.weight,421,layer4.0.conv3.weight_ch421,31.36174201965332
layer3.3.conv3.weight,550,layer3.3.conv3.weight_ch550,31.04477882385254
layer3.4.conv3.weight,290,layer3.4.conv3.weight_ch290,30.988819122314453
layer3.3.conv3.weight,240,layer3.3.conv3.weight_ch240,30.98477554321289
layer3.2.conv3.weight,552,layer3.2.conv3.weight_ch552,30.112640380859375
layer3.4.conv3.weight,959,layer3.4.conv3.weight_ch959,29.848194122314453
layer3.2.conv3.weight,10,layer3.2.conv3.weight_ch10,29.261558532714844
layer4.0.conv3.weight,1416,layer4.0.conv3.weight_ch1416,29.181400299072266
layer3.3.conv3.weight,614,layer3.3.conv3.weight_ch614,29.096487045288086
layer3.0.conv3.weight,659,layer3.0.conv3.weight_ch659,28.858951568603516
layer3.2.conv2.weight,110,layer3.2.conv2.weight_ch110,28.60718536376953
layer3.4.conv3.weight,97,layer3.4.conv3.weight_ch97,28.282981872558594
layer2.1.conv3.weight,420,layer2.1.conv3.weight_ch420,28.04914093017578
layer3.2.conv3.weight,254,layer3.2.conv3.weight_ch254,28.046979904174805
layer3.3.conv3.weight,566,layer3.3.conv3.weight_ch566,28.024532318115234
layer4.0.conv3.weight,860,layer4.0.conv3.weight_ch860,27.9986515045166
layer1.2.conv3.weight,47,layer1.2.conv3.weight_ch47,27.92445182800293
layer4.1.conv1.weight,324,layer4.1.conv1.weight_ch324,27.83753204345703
layer3.2.conv3.weight,106,layer3.2.conv3.weight_ch106,27.72414779663086
layer3.0.conv3.weight,874,layer3.0.conv3.weight_ch874,27.5264949798584
layer4.0.conv3.weight,1158,layer4.0.conv3.weight_ch1158,26.941917419433594
layer4.0.conv3.weight,1281,layer4.0.conv3.weight_ch1281,26.818593978881836
layer1.2.conv3.weight,203,layer1.2.conv3.weight_ch203,26.70623016357422
layer3.2.conv3.weight,834,layer3.2.conv3.weight_ch834,26.662460327148438
layer4.0.conv3.weight,1887,layer4.0.conv3.weight_ch1887,26.640525817871094
layer1.2.conv3.weight,189,layer1.2.conv3.weight_ch189,26.515178680419922
layer2.1.conv3.weight,284,layer2.1.conv3.weight_ch284,26.366695404052734
layer3.2.conv2.weight,131,layer3.2.conv2.weight_ch131,26.214277267456055
layer3.0.conv3.weight,900,layer3.0.conv3.weight_ch900,26.190048217773438
layer3.0.conv3.weight,890,layer3.0.conv3.weight_ch890,25.986730575561523
layer3.0.conv3.weight,245,layer3.0.conv3.weight_ch245,25.872682571411133
layer3.2.conv3.weight,451,layer3.2.conv3.weight_ch451,25.647476196289062
layer3.0.conv3.weight,464,layer3.0.conv3.weight_ch464,25.345035552978516
layer3.2.conv2.weight,172,layer3.2.conv2.weight_ch172,25.30778694152832
layer3.2.conv2.weight,148,layer3.2.conv2.weight_ch148,24.94612693786621
layer4.0.conv3.weight,612,layer4.0.conv3.weight_ch612,24.86587905883789
layer2.1.conv3.weight,341,layer2.1.conv3.weight_ch341,24.83531379699707
layer2.3.conv2.weight,86,layer2.3.conv2.weight_ch86,24.01022720336914
layer3.3.conv3.weight,529,layer3.3.conv3.weight_ch529,23.83435821533203
layer3.0.conv3.weight,616,layer3.0.conv3.weight_ch616,23.810346603393555
layer3.2.conv3.weight,241,layer3.2.conv3.weight_ch241,23.328868865966797
layer2.0.conv2.weight,21,layer2.0.conv2.weight_ch21,23.31444549560547
layer4.0.conv3.weight,1424,layer4.0.conv3.weight_ch1424,23.284652709960938
layer3.2.conv3.weight,151,layer3.2.conv3.weight_ch151,23.203304290771484
layer3.1.conv3.weight,427,layer3.1.conv3.weight_ch427,22.742393493652344
layer3.4.conv3.weight,898,layer3.4.conv3.weight_ch898,22.524045944213867
layer4.0.conv3.weight,1637,layer4.0.conv3.weight_ch1637,22.497692108154297
layer3.4.conv3.weight,900,layer3.4.conv3.weight_ch900,22.041425704956055
layer3.0.conv3.weight,805,layer3.0.conv3.weight_ch805,21.991003036499023
layer3.2.conv2.weight,105,layer3.2.conv2.weight_ch105,21.990150451660156
layer4.0.conv3.weight,839,layer4.0.conv3.weight_ch839,21.91426658630371
layer3.1.conv3.weight,489,layer3.1.conv3.weight_ch489,21.65261459350586
layer3.3.conv3.weight,477,layer3.3.conv3.weight_ch477,21.622961044311523
layer3.4.conv3.weight,557,layer3.4.conv3.weight_ch557,21.61691665649414
layer4.1.conv1.weight,354,layer4.1.conv1.weight_ch354,21.495397567749023
layer4.0.conv3.weight,572,layer4.0.conv3.weight_ch572,21.46274757385254
layer2.1.conv3.weight,59,layer2.1.conv3.weight_ch59,21.18025016784668
layer3.3.conv3.weight,716,layer3.3.conv3.weight_ch716,21.107627868652344
layer4.1.conv1.weight,233,layer4.1.conv1.weight_ch233,21.107620239257812
layer3.2.conv3.weight,843,layer3.2.conv3.weight_ch843,21.097890853881836
layer3.4.conv3.weight,575,layer3.4.conv3.weight_ch575,21.036230087280273
layer2.1.conv3.weight,405,layer2.1.conv3.weight_ch405,20.82423973083496
layer4.0.conv3.weight,1656,layer4.0.conv3.weight_ch1656,20.747541427612305
layer3.1.conv3.weight,210,layer3.1.conv3.weight_ch210,20.66481590270996
layer3.3.conv3.weight,421,layer3.3.conv3.weight_ch421,20.527088165283203
layer3.2.conv3.weight,164,layer3.2.conv3.weight_ch164,20.5236873626709
layer2.1.conv3.weight,211,layer2.1.conv3.weight_ch211,20.516292572021484
layer3.5.conv3.weight,293,layer3.5.conv3.weight_ch293,20.46706199645996
layer3.5.conv3.weight,653,layer3.5.conv3.weight_ch653,20.4002628326416
layer3.3.conv3.weight,605,layer3.3.conv3.weight_ch605,20.395931243896484
layer2.0.conv2.weight,4,layer2.0.conv2.weight_ch4,19.962369918823242
layer3.1.conv3.weight,44,layer3.1.conv3.weight_ch44,19.95562171936035
layer4.0.conv3.weight,1484,layer4.0.conv3.weight_ch1484,19.879741668701172
layer3.3.conv3.weight,128,layer3.3.conv3.weight_ch128,19.85558319091797
layer3.3.conv3.weight,253,layer3.3.conv3.weight_ch253,19.786033630371094
layer4.0.conv3.weight,1841,layer4.0.conv3.weight_ch1841,19.661701202392578
layer3.3.conv3.weight,70,layer3.3.conv3.weight_ch70,19.651874542236328
layer3.2.conv3.weight,761,layer3.2.conv3.weight_ch761,19.55440902709961
layer4.0.conv3.weight,171,layer4.0.conv3.weight_ch171,19.447336196899414
layer3.0.conv3.weight,310,layer3.0.conv3.weight_ch310,19.417282104492188
layer1.2.conv3.weight,62,layer1.2.conv3.weight_ch62,19.19194793701172
layer4.0.conv3.weight,1273,layer4.0.conv3.weight_ch1273,18.81403350830078
layer3.1.conv3.weight,91,layer3.1.conv3.weight_ch91,18.802383422851562
layer3.3.conv3.weight,808,layer3.3.conv3.weight_ch808,18.799972534179688
layer3.0.conv3.weight,949,layer3.0.conv3.weight_ch949,18.775453567504883
layer4.0.conv3.weight,397,layer4.0.conv3.weight_ch397,18.773256301879883
layer4.0.conv3.weight,813,layer4.0.conv3.weight_ch813,18.54453468322754
layer4.0.conv3.weight,255,layer4.0.conv3.weight_ch255,18.23335075378418
layer4.0.conv3.weight,2002,layer4.0.conv3.weight_ch2002,18.189603805541992
layer2.0.conv2.weight,78,layer2.0.conv2.weight_ch78,18.076515197753906
layer3.5.conv3.weight,190,layer3.5.conv3.weight_ch190,18.05110740661621
layer3.5.conv3.weight,713,layer3.5.conv3.weight_ch713,18.049312591552734
layer1.2.conv3.weight,51,layer1.2.conv3.weight_ch51,17.987651824951172
layer4.0.conv3.weight,1402,layer4.0.conv3.weight_ch1402,17.925729751586914
layer4.0.conv3.weight,1366,layer4.0.conv3.weight_ch1366,17.7784423828125
layer4.0.conv3.weight,925,layer4.0.conv3.weight_ch925,17.632917404174805
layer4.1.conv1.weight,198,layer4.1.conv1.weight_ch198,17.600088119506836
layer3.3.conv3.weight,901,layer3.3.conv3.weight_ch901,17.59724998474121
layer4.0.conv3.weight,9,layer4.0.conv3.weight_ch9,17.5803165435791
layer3.3.conv3.weight,572,layer3.3.conv3.weight_ch572,17.482406616210938
layer3.3.conv3.weight,313,layer3.3.conv3.weight_ch313,17.32479476928711
layer4.0.conv3.weight,1288,layer4.0.conv3.weight_ch1288,17.126121520996094
layer3.2.conv3.weight,907,layer3.2.conv3.weight_ch907,17.059175491333008
layer3.5.conv3.weight,119,layer3.5.conv3.weight_ch119,16.991872787475586
layer3.3.conv3.weight,131,layer3.3.conv3.weight_ch131,16.782569885253906
layer3.2.conv2.weight,220,layer3.2.conv2.weight_ch220,16.698776245117188
layer3.1.conv3.weight,70,layer3.1.conv3.weight_ch70,16.53872299194336
layer3.0.conv3.weight,636,layer3.0.conv3.weight_ch636,16.457347869873047
layer4.0.conv3.weight,1363,layer4.0.conv3.weight_ch1363,16.34684944152832
layer3.4.conv3.weight,473,layer3.4.conv3.weight_ch473,16.34208106994629
layer3.4.conv3.weight,322,layer3.4.conv3.weight_ch322,16.32941436767578
layer3.2.conv3.weight,57,layer3.2.conv3.weight_ch57,16.311203002929688
layer2.0.conv1.weight,80,layer2.0.conv1.weight_ch80,16.248003005981445
layer4.0.conv3.weight,1924,layer4.0.conv3.weight_ch1924,16.20676612854004
layer3.0.conv3.weight,341,layer3.0.conv3.weight_ch341,16.097576141357422
layer4.0.conv3.weight,1376,layer4.0.conv3.weight_ch1376,15.974384307861328
layer3.5.conv3.weight,14,layer3.5.conv3.weight_ch14,15.94947624206543
layer3.5.conv3.weight,864,layer3.5.conv3.weight_ch864,15.948739051818848
layer2.3.conv2.weight,64,layer2.3.conv2.weight_ch64,15.759601593017578
layer2.1.conv3.weight,307,layer2.1.conv3.weight_ch307,15.67849063873291
layer3.0.conv3.weight,388,layer3.0.conv3.weight_ch388,15.59977912902832
layer1.2.conv3.weight,83,layer1.2.conv3.weight_ch83,15.58924674987793
layer3.1.conv3.weight,786,layer3.1.conv3.weight_ch786,15.56284236907959
layer2.1.conv3.weight,237,layer2.1.conv3.weight_ch237,15.520018577575684
layer4.0.conv3.weight,1009,layer4.0.conv3.weight_ch1009,15.479580879211426
layer4.0.conv3.weight,523,layer4.0.conv3.weight_ch523,15.39527702331543
layer3.2.conv3.weight,779,layer3.2.conv3.weight_ch779,15.369721412658691
layer4.1.conv1.weight,89,layer4.1.conv1.weight_ch89,15.34133243560791
layer3.1.conv3.weight,154,layer3.1.conv3.weight_ch154,15.33969783782959
layer2.0.conv1.weight,97,layer2.0.conv1.weight_ch97,15.31722354888916
layer2.3.conv2.weight,95,layer2.3.conv2.weight_ch95,15.292146682739258
layer3.4.conv3.weight,929,layer3.4.conv3.weight_ch929,15.239209175109863
layer3.4.conv3.weight,540,layer3.4.conv3.weight_ch540,15.09611701965332
layer2.1.conv3.weight,224,layer2.1.conv3.weight_ch224,15.04405403137207
layer3.5.conv3.weight,484,layer3.5.conv3.weight_ch484,14.902436256408691
layer3.3.conv3.weight,175,layer3.3.conv3.weight_ch175,14.816039085388184
layer3.3.conv3.weight,721,layer3.3.conv3.weight_ch721,14.751978874206543
layer3.2.conv3.weight,689,layer3.2.conv3.weight_ch689,14.72629451751709
layer4.0.conv3.weight,934,layer4.0.conv3.weight_ch934,14.687135696411133
layer2.1.conv3.weight,105,layer2.1.conv3.weight_ch105,14.686928749084473
layer4.0.conv3.weight,1798,layer4.0.conv3.weight_ch1798,14.603920936584473
layer4.1.conv1.weight,276,layer4.1.conv1.weight_ch276,14.57524299621582
layer3.3.conv3.weight,628,layer3.3.conv3.weight_ch628,14.538871765136719
layer3.2.conv3.weight,668,layer3.2.conv3.weight_ch668,14.498316764831543
layer3.2.conv3.weight,766,layer3.2.conv3.weight_ch766,14.473495483398438
layer3.0.conv3.weight,627,layer3.0.conv3.weight_ch627,14.389552116394043
layer3.2.conv3.weight,496,layer3.2.conv3.weight_ch496,14.371870040893555
layer3.0.conv3.weight,490,layer3.0.conv3.weight_ch490,14.345394134521484
layer3.3.conv3.weight,321,layer3.3.conv3.weight_ch321,14.295886039733887
layer4.0.conv3.weight,1596,layer4.0.conv3.weight_ch1596,14.264774322509766
layer2.1.conv3.weight,365,layer2.1.conv3.weight_ch365,14.155707359313965
layer3.0.conv3.weight,785,layer3.0.conv3.weight_ch785,14.030355453491211
layer3.0.conv3.weight,19,layer3.0.conv3.weight_ch19,14.00003433227539
layer4.0.conv3.weight,594,layer4.0.conv3.weight_ch594,13.980843544006348
layer3.1.conv3.weight,27,layer3.1.conv3.weight_ch27,13.96243667602539
layer3.5.conv3.weight,682,layer3.5.conv3.weight_ch682,13.844695091247559
layer3.2.conv2.weight,48,layer3.2.conv2.weight_ch48,13.748394012451172
layer3.3.conv3.weight,156,layer3.3.conv3.weight_ch156,13.734743118286133
layer4.1.conv1.weight,50,layer4.1.conv1.weight_ch50,13.723165512084961
layer3.2.conv3.weight,43,layer3.2.conv3.weight_ch43,13.70268440246582
layer4.0.conv3.weight,1241,layer4.0.conv3.weight_ch1241,13.651451110839844
layer3.3.conv3.weight,418,layer3.3.conv3.weight_ch418,13.641855239868164
layer3.4.conv3.weight,132,layer3.4.conv3.weight_ch132,13.594636917114258
layer4.0.conv3.weight,1231,layer4.0.conv3.weight_ch1231,13.557024002075195
layer3.0.conv3.weight,978,layer3.0.conv3.weight_ch978,13.508429527282715
layer3.3.conv3.weight,713,layer3.3.conv3.weight_ch713,13.427041053771973
layer4.0.conv3.weight,1137,layer4.0.conv3.weight_ch1137,13.412068367004395
layer3.4.conv3.weight,157,layer3.4.conv3.weight_ch157,13.361309051513672
layer3.3.conv3.weight,600,layer3.3.conv3.weight_ch600,13.31951904296875
layer3.1.conv3.weight,143,layer3.1.conv3.weight_ch143,13.306683540344238
layer4.0.conv3.weight,2018,layer4.0.conv3.weight_ch2018,13.304435729980469
layer3.4.conv3.weight,984,layer3.4.conv3.weight_ch984,13.298095703125
layer4.0.conv3.weight,342,layer4.0.conv3.weight_ch342,13.292941093444824
layer4.0.conv3.weight,1891,layer4.0.conv3.weight_ch1891,13.24482536315918
layer3.2.conv3.weight,940,layer3.2.conv3.weight_ch940,13.171449661254883
layer3.5.conv3.weight,926,layer3.5.conv3.weight_ch926,13.117754936218262
layer4.0.conv3.weight,1413,layer4.0.conv3.weight_ch1413,13.115946769714355
layer4.0.conv3.weight,1672,layer4.0.conv3.weight_ch1672,13.110397338867188
layer2.1.conv3.weight,443,layer2.1.conv3.weight_ch443,13.090373039245605
layer3.2.conv3.weight,630,layer3.2.conv3.weight_ch630,13.089076042175293
layer3.2.conv2.weight,146,layer3.2.conv2.weight_ch146,13.067536354064941
layer3.4.conv3.weight,405,layer3.4.conv3.weight_ch405,13.058162689208984
layer3.1.conv3.weight,725,layer3.1.conv3.weight_ch725,12.995312690734863
layer3.4.conv3.weight,582,layer3.4.conv3.weight_ch582,12.993521690368652
layer3.2.conv3.weight,636,layer3.2.conv3.weight_ch636,12.98486328125
layer3.3.conv3.weight,334,layer3.3.conv3.weight_ch334,12.975539207458496
layer3.4.conv3.weight,637,layer3.4.conv3.weight_ch637,12.868492126464844
layer3.0.conv3.weight,760,layer3.0.conv3.weight_ch760,12.854593276977539
layer3.1.conv3.weight,220,layer3.1.conv3.weight_ch220,12.802698135375977
layer4.1.conv1.weight,175,layer4.1.conv1.weight_ch175,12.710866928100586
layer4.0.conv3.weight,1065,layer4.0.conv3.weight_ch1065,12.700953483581543
layer3.3.conv3.weight,573,layer3.3.conv3.weight_ch573,12.69990348815918
layer3.3.conv3.weight,456,layer3.3.conv3.weight_ch456,12.649785995483398
layer4.0.conv3.weight,1851,layer4.0.conv3.weight_ch1851,12.582301139831543
layer3.4.conv3.weight,349,layer3.4.conv3.weight_ch349,12.570090293884277
layer2.0.conv1.weight,115,layer2.0.conv1.weight_ch115,12.527286529541016
layer3.0.conv3.weight,290,layer3.0.conv3.weight_ch290,12.48070240020752
layer3.3.conv3.weight,909,layer3.3.conv3.weight_ch909,12.466864585876465
layer3.4.conv3.weight,999,layer3.4.conv3.weight_ch999,12.409418106079102
layer2.1.conv3.weight,331,layer2.1.conv3.weight_ch331,12.216888427734375
layer4.0.conv3.weight,1223,layer4.0.conv3.weight_ch1223,12.158358573913574
layer3.2.conv3.weight,24,layer3.2.conv3.weight_ch24,12.102126121520996
layer2.1.conv3.weight,353,layer2.1.conv3.weight_ch353,12.090834617614746
layer3.0.conv3.weight,11,layer3.0.conv3.weight_ch11,12.067927360534668
layer3.5.conv3.weight,687,layer3.5.conv3.weight_ch687,12.035137176513672
layer3.3.conv3.weight,710,layer3.3.conv3.weight_ch710,12.002118110656738
layer3.5.conv3.weight,82,layer3.5.conv3.weight_ch82,11.92474365234375
layer4.0.conv3.weight,1039,layer4.0.conv3.weight_ch1039,11.92398738861084
layer4.0.conv3.weight,691,layer4.0.conv3.weight_ch691,11.892304420471191
layer3.0.conv2.weight,54,layer3.0.conv2.weight_ch54,11.866436958312988
layer3.1.conv3.weight,252,layer3.1.conv3.weight_ch252,11.864964485168457
layer1.2.conv3.weight,232,layer1.2.conv3.weight_ch232,11.806661605834961
layer3.2.conv3.weight,688,layer3.2.conv3.weight_ch688,11.781950950622559
layer3.1.conv3.weight,409,layer3.1.conv3.weight_ch409,11.753223419189453
layer3.5.conv3.weight,43,layer3.5.conv3.weight_ch43,11.748268127441406
layer3.4.conv3.weight,118,layer3.4.conv3.weight_ch118,11.700939178466797
layer3.0.conv3.weight,304,layer3.0.conv3.weight_ch304,11.68111515045166
layer4.0.conv3.weight,585,layer4.0.conv3.weight_ch585,11.558605194091797
layer4.0.conv3.weight,745,layer4.0.conv3.weight_ch745,11.549317359924316
layer4.0.conv3.weight,91,layer4.0.conv3.weight_ch91,11.53911018371582
layer3.3.conv3.weight,719,layer3.3.conv3.weight_ch719,11.519644737243652
layer3.1.conv3.weight,872,layer3.1.conv3.weight_ch872,11.507408142089844
layer3.0.conv3.weight,463,layer3.0.conv3.weight_ch463,11.497779846191406
layer3.3.conv3.weight,756,layer3.3.conv3.weight_ch756,11.474472999572754
layer3.0.conv3.weight,947,layer3.0.conv3.weight_ch947,11.393086433410645
layer3.1.conv3.weight,276,layer3.1.conv3.weight_ch276,11.354068756103516
layer3.3.conv3.weight,865,layer3.3.conv3.weight_ch865,11.346216201782227
layer3.5.conv3.weight,497,layer3.5.conv3.weight_ch497,11.341127395629883
layer3.0.conv3.weight,102,layer3.0.conv3.weight_ch102,11.330375671386719
layer4.0.conv3.weight,1745,layer4.0.conv3.weight_ch1745,11.28487491607666
layer3.2.conv3.weight,426,layer3.2.conv3.weight_ch426,11.145915985107422
layer2.1.conv3.weight,378,layer2.1.conv3.weight_ch378,11.140789985656738
layer3.2.conv3.weight,780,layer3.2.conv3.weight_ch780,11.126253128051758
layer4.0.conv3.weight,1549,layer4.0.conv3.weight_ch1549,11.065075874328613
layer4.0.conv3.weight,535,layer4.0.conv3.weight_ch535,11.058056831359863
layer4.0.conv3.weight,1660,layer4.0.conv3.weight_ch1660,11.056724548339844
layer3.5.conv3.weight,322,layer3.5.conv3.weight_ch322,11.041010856628418
layer4.0.conv3.weight,1813,layer4.0.conv3.weight_ch1813,11.039243698120117
layer3.0.conv3.weight,826,layer3.0.conv3.weight_ch826,10.98172378540039
layer3.2.conv3.weight,217,layer3.2.conv3.weight_ch217,10.951855659484863
layer3.0.conv3.weight,406,layer3.0.conv3.weight_ch406,10.890398025512695
layer3.5.conv3.weight,51,layer3.5.conv3.weight_ch51,10.875970840454102
layer2.1.conv3.weight,259,layer2.1.conv3.weight_ch259,10.826510429382324
layer4.0.conv3.weight,1593,layer4.0.conv3.weight_ch1593,10.81325912475586
layer1.2.conv3.weight,247,layer1.2.conv3.weight_ch247,10.782610893249512
layer2.1.conv3.weight,129,layer2.1.conv3.weight_ch129,10.773655891418457
layer2.1.conv3.weight,390,layer2.1.conv3.weight_ch390,10.74972152709961
layer4.0.conv3.weight,499,layer4.0.conv3.weight_ch499,10.730167388916016
layer3.4.conv3.weight,617,layer3.4.conv3.weight_ch617,10.670372009277344
layer4.1.conv1.weight,109,layer4.1.conv1.weight_ch109,10.538497924804688
layer3.3.conv3.weight,97,layer3.3.conv3.weight_ch97,10.49388599395752
layer3.0.conv3.weight,246,layer3.0.conv3.weight_ch246,10.435933113098145
layer3.1.conv3.weight,671,layer3.1.conv3.weight_ch671,10.429703712463379
layer3.2.conv2.weight,181,layer3.2.conv2.weight_ch181,10.412549018859863
layer3.3.conv3.weight,1009,layer3.3.conv3.weight_ch1009,10.406984329223633
layer3.2.conv2.weight,221,layer3.2.conv2.weight_ch221,10.375321388244629
layer1.2.conv3.weight,174,layer1.2.conv3.weight_ch174,10.369893074035645
layer2.1.conv3.weight,142,layer2.1.conv3.weight_ch142,10.322783470153809
layer4.0.conv3.weight,1121,layer4.0.conv3.weight_ch1121,10.277911186218262
layer3.0.conv3.weight,386,layer3.0.conv3.weight_ch386,10.19124698638916
layer3.2.conv3.weight,127,layer3.2.conv3.weight_ch127,10.164661407470703
layer2.1.conv3.weight,139,layer2.1.conv3.weight_ch139,10.152571678161621
layer3.2.conv3.weight,81,layer3.2.conv3.weight_ch81,10.087656021118164
layer3.3.conv3.weight,828,layer3.3.conv3.weight_ch828,10.03493595123291
layer4.1.conv1.weight,303,layer4.1.conv1.weight_ch303,10.008278846740723
layer4.0.conv3.weight,1222,layer4.0.conv3.weight_ch1222,9.965472221374512
layer4.1.conv1.weight,410,layer4.1.conv1.weight_ch410,9.96081829071045
layer4.0.conv3.weight,320,layer4.0.conv3.weight_ch320,9.950389862060547
layer4.0.conv3.weight,902,layer4.0.conv3.weight_ch902,9.947783470153809
layer3.4.conv3.weight,520,layer3.4.conv3.weight_ch520,9.934111595153809
layer3.3.conv3.weight,219,layer3.3.conv3.weight_ch219,9.90545654296875
layer3.0.conv3.weight,489,layer3.0.conv3.weight_ch489,9.891075134277344
layer3.2.conv2.weight,135,layer3.2.conv2.weight_ch135,9.860604286193848
layer4.0.conv3.weight,999,layer4.0.conv3.weight_ch999,9.848154067993164
layer3.2.conv3.weight,737,layer3.2.conv3.weight_ch737,9.767172813415527
layer3.5.conv3.weight,483,layer3.5.conv3.weight_ch483,9.747957229614258
layer4.0.conv3.weight,282,layer4.0.conv3.weight_ch282,9.738149642944336
layer3.4.conv3.weight,444,layer3.4.conv3.weight_ch444,9.729280471801758
layer4.0.conv3.weight,843,layer4.0.conv3.weight_ch843,9.70145320892334
layer3.4.conv3.weight,327,layer3.4.conv3.weight_ch327,9.648380279541016
layer4.0.conv3.weight,1972,layer4.0.conv3.weight_ch1972,9.6032075881958
layer2.1.conv3.weight,143,layer2.1.conv3.weight_ch143,9.596741676330566
layer3.1.conv3.weight,161,layer3.1.conv3.weight_ch161,9.581093788146973
layer3.2.conv2.weight,124,layer3.2.conv2.weight_ch124,9.566732406616211
layer4.0.conv3.weight,213,layer4.0.conv3.weight_ch213,9.566119194030762
layer3.3.conv3.weight,891,layer3.3.conv3.weight_ch891,9.559672355651855
layer3.5.conv3.weight,914,layer3.5.conv3.weight_ch914,9.503362655639648
layer4.1.conv1.weight,450,layer4.1.conv1.weight_ch450,9.495635986328125
layer3.1.conv3.weight,152,layer3.1.conv3.weight_ch152,9.409257888793945
layer4.0.conv3.weight,267,layer4.0.conv3.weight_ch267,9.406399726867676
layer3.2.conv2.weight,119,layer3.2.conv2.weight_ch119,9.36850643157959
layer4.0.conv3.weight,1541,layer4.0.conv3.weight_ch1541,9.365140914916992
layer3.5.conv3.weight,270,layer3.5.conv3.weight_ch270,9.361865997314453
layer3.3.conv3.weight,137,layer3.3.conv3.weight_ch137,9.29786205291748
layer3.2.conv2.weight,214,layer3.2.conv2.weight_ch214,9.28215503692627
layer3.5.conv3.weight,977,layer3.5.conv3.weight_ch977,9.270794868469238
layer3.2.conv3.weight,624,layer3.2.conv3.weight_ch624,9.270623207092285
layer4.1.conv1.weight,282,layer4.1.conv1.weight_ch282,9.262060165405273
layer4.0.conv3.weight,1977,layer4.0.conv3.weight_ch1977,9.257861137390137
layer3.2.conv3.weight,734,layer3.2.conv3.weight_ch734,9.230752944946289
layer4.0.conv3.weight,1880,layer4.0.conv3.weight_ch1880,9.221059799194336
layer3.1.conv3.weight,812,layer3.1.conv3.weight_ch812,9.186363220214844
layer3.1.conv3.weight,283,layer3.1.conv3.weight_ch283,9.180533409118652
layer3.0.conv3.weight,327,layer3.0.conv3.weight_ch327,9.168188095092773
layer3.1.conv3.weight,688,layer3.1.conv3.weight_ch688,9.139814376831055
layer3.1.conv3.weight,573,layer3.1.conv3.weight_ch573,9.1338472366333
layer3.0.conv3.weight,480,layer3.0.conv3.weight_ch480,9.079469680786133
layer2.0.conv1.weight,34,layer2.0.conv1.weight_ch34,9.060287475585938
layer4.0.conv3.weight,549,layer4.0.conv3.weight_ch549,9.059625625610352
layer3.4.conv3.weight,392,layer3.4.conv3.weight_ch392,9.04616928100586
layer4.1.conv1.weight,38,layer4.1.conv1.weight_ch38,9.034259796142578
layer3.4.conv3.weight,704,layer3.4.conv3.weight_ch704,9.021675109863281
layer2.1.conv3.weight,219,layer2.1.conv3.weight_ch219,8.955939292907715
layer4.0.conv3.weight,924,layer4.0.conv3.weight_ch924,8.952983856201172
layer4.0.conv3.weight,873,layer4.0.conv3.weight_ch873,8.94961166381836
layer3.5.conv3.weight,266,layer3.5.conv3.weight_ch266,8.928572654724121
layer3.1.conv3.weight,528,layer3.1.conv3.weight_ch528,8.921936988830566
layer1.2.conv3.weight,90,layer1.2.conv3.weight_ch90,8.908353805541992
layer3.4.conv3.weight,751,layer3.4.conv3.weight_ch751,8.904930114746094
layer3.1.conv3.weight,277,layer3.1.conv3.weight_ch277,8.893392562866211
layer3.4.conv3.weight,842,layer3.4.conv3.weight_ch842,8.882172584533691
layer3.1.conv3.weight,186,layer3.1.conv3.weight_ch186,8.88210391998291
layer3.3.conv3.weight,590,layer3.3.conv3.weight_ch590,8.868839263916016
layer3.3.conv3.weight,265,layer3.3.conv3.weight_ch265,8.847461700439453
layer1.2.conv3.weight,145,layer1.2.conv3.weight_ch145,8.841634750366211
layer3.0.conv3.weight,691,layer3.0.conv3.weight_ch691,8.829244613647461
layer4.0.conv3.weight,482,layer4.0.conv3.weight_ch482,8.79605770111084
layer3.2.conv3.weight,860,layer3.2.conv3.weight_ch860,8.793451309204102
layer4.0.conv3.weight,194,layer4.0.conv3.weight_ch194,8.789911270141602
layer3.2.conv3.weight,546,layer3.2.conv3.weight_ch546,8.778069496154785
layer3.4.conv3.weight,661,layer3.4.conv3.weight_ch661,8.766740798950195
layer3.0.conv3.weight,976,layer3.0.conv3.weight_ch976,8.731850624084473
layer3.2.conv3.weight,344,layer3.2.conv3.weight_ch344,8.73001480102539
layer3.5.conv3.weight,481,layer3.5.conv3.weight_ch481,8.723983764648438
layer3.2.conv3.weight,21,layer3.2.conv3.weight_ch21,8.722147941589355
layer2.1.conv3.weight,472,layer2.1.conv3.weight_ch472,8.702474594116211
layer3.4.conv3.weight,99,layer3.4.conv3.weight_ch99,8.699761390686035
layer3.2.conv3.weight,210,layer3.2.conv3.weight_ch210,8.69317626953125
layer3.3.conv3.weight,486,layer3.3.conv3.weight_ch486,8.672184944152832
layer1.2.conv3.weight,105,layer1.2.conv3.weight_ch105,8.666905403137207
layer3.4.conv3.weight,680,layer3.4.conv3.weight_ch680,8.635193824768066
layer2.1.conv3.weight,310,layer2.1.conv3.weight_ch310,8.600756645202637
layer1.2.conv3.weight,235,layer1.2.conv3.weight_ch235,8.572970390319824
layer3.4.conv3.weight,977,layer3.4.conv3.weight_ch977,8.531344413757324
layer4.0.conv3.weight,114,layer4.0.conv3.weight_ch114,8.517597198486328
layer3.2.conv3.weight,888,layer3.2.conv3.weight_ch888,8.517213821411133
layer3.2.conv3.weight,312,layer3.2.conv3.weight_ch312,8.47308349609375
layer3.0.conv3.weight,382,layer3.0.conv3.weight_ch382,8.454086303710938
layer3.1.conv3.weight,136,layer3.1.conv3.weight_ch136,8.447970390319824
layer3.4.conv3.weight,830,layer3.4.conv3.weight_ch830,8.43559455871582
layer3.2.conv3.weight,52,layer3.2.conv3.weight_ch52,8.39419174194336
layer3.3.conv3.weight,884,layer3.3.conv3.weight_ch884,8.387752532958984
layer4.1.conv1.weight,380,layer4.1.conv1.weight_ch380,8.338886260986328
layer4.0.conv3.weight,1164,layer4.0.conv3.weight_ch1164,8.327374458312988
layer4.1.conv1.weight,9,layer4.1.conv1.weight_ch9,8.31662654876709
layer4.0.conv3.weight,1791,layer4.0.conv3.weight_ch1791,8.308194160461426
layer3.3.conv3.weight,824,layer3.3.conv3.weight_ch824,8.303468704223633
layer3.2.conv3.weight,903,layer3.2.conv3.weight_ch903,8.288080215454102
layer3.0.conv3.weight,206,layer3.0.conv3.weight_ch206,8.266424179077148
layer3.3.conv3.weight,894,layer3.3.conv3.weight_ch894,8.265421867370605
layer4.0.conv3.weight,867,layer4.0.conv3.weight_ch867,8.25036907196045
layer3.1.conv3.weight,553,layer3.1.conv3.weight_ch553,8.23369026184082
layer3.2.conv3.weight,65,layer3.2.conv3.weight_ch65,8.229192733764648
layer3.4.conv3.weight,795,layer3.4.conv3.weight_ch795,8.225342750549316
layer2.3.conv2.weight,18,layer2.3.conv2.weight_ch18,8.223615646362305
layer2.3.conv2.weight,56,layer2.3.conv2.weight_ch56,8.191901206970215
layer3.2.conv3.weight,721,layer3.2.conv3.weight_ch721,8.18525505065918
layer3.0.conv3.weight,247,layer3.0.conv3.weight_ch247,8.18086051940918
layer3.0.conv3.weight,220,layer3.0.conv3.weight_ch220,8.176722526550293
layer4.0.conv3.weight,1005,layer4.0.conv3.weight_ch1005,8.136653900146484
layer3.5.conv3.weight,817,layer3.5.conv3.weight_ch817,8.118988990783691
layer3.4.conv3.weight,166,layer3.4.conv3.weight_ch166,8.115387916564941
layer3.4.conv3.weight,782,layer3.4.conv3.weight_ch782,8.112214088439941
layer4.0.conv3.weight,1076,layer4.0.conv3.weight_ch1076,8.111161231994629
layer3.1.conv3.weight,201,layer3.1.conv3.weight_ch201,8.089497566223145
layer4.0.conv3.weight,174,layer4.0.conv3.weight_ch174,8.085894584655762
layer4.1.conv1.weight,221,layer4.1.conv1.weight_ch221,8.06742000579834
layer4.0.conv3.weight,1189,layer4.0.conv3.weight_ch1189,8.061695098876953
layer3.4.conv3.weight,120,layer3.4.conv3.weight_ch120,8.032934188842773
layer4.0.conv3.weight,1631,layer4.0.conv3.weight_ch1631,8.003313064575195
layer3.1.conv3.weight,454,layer3.1.conv3.weight_ch454,8.001477241516113
layer4.1.conv1.weight,427,layer4.1.conv1.weight_ch427,7.98411750793457
layer3.0.conv3.weight,191,layer3.0.conv3.weight_ch191,7.97175407409668
layer3.1.conv3.weight,448,layer3.1.conv3.weight_ch448,7.96800422668457
layer3.0.conv3.weight,467,layer3.0.conv3.weight_ch467,7.967988967895508
layer3.5.conv3.weight,460,layer3.5.conv3.weight_ch460,7.966402053833008
layer3.4.conv3.weight,745,layer3.4.conv3.weight_ch745,7.951432228088379
layer3.3.conv3.weight,392,layer3.3.conv3.weight_ch392,7.938776016235352
layer3.1.conv3.weight,144,layer3.1.conv3.weight_ch144,7.906841278076172
layer3.2.conv3.weight,534,layer3.2.conv3.weight_ch534,7.883853912353516
layer2.0.conv1.weight,27,layer2.0.conv1.weight_ch27,7.868394374847412
layer4.0.conv3.weight,46,layer4.0.conv3.weight_ch46,7.8531999588012695
layer3.1.conv3.weight,770,layer3.1.conv3.weight_ch770,7.851821422576904
layer3.1.conv3.weight,110,layer3.1.conv3.weight_ch110,7.850705623626709
layer4.0.conv3.weight,842,layer4.0.conv3.weight_ch842,7.842444896697998
layer3.5.conv3.weight,794,layer3.5.conv3.weight_ch794,7.841695308685303
layer2.1.conv3.weight,17,layer2.1.conv3.weight_ch17,7.834185600280762
layer1.2.conv3.weight,86,layer1.2.conv3.weight_ch86,7.816972732543945
layer3.5.conv3.weight,375,layer3.5.conv3.weight_ch375,7.797152519226074
layer3.1.conv3.weight,314,layer3.1.conv3.weight_ch314,7.781883239746094
layer3.1.conv3.weight,847,layer3.1.conv3.weight_ch847,7.763706684112549
layer4.0.conv3.weight,1793,layer4.0.conv3.weight_ch1793,7.731258392333984
layer4.0.conv3.weight,1483,layer4.0.conv3.weight_ch1483,7.7275919914245605
layer3.0.conv3.weight,240,layer3.0.conv3.weight_ch240,7.711538791656494
layer3.1.conv3.weight,654,layer3.1.conv3.weight_ch654,7.683615684509277
layer3.1.conv3.weight,37,layer3.1.conv3.weight_ch37,7.621830940246582
layer4.0.conv3.weight,1103,layer4.0.conv3.weight_ch1103,7.619439125061035
layer3.0.conv3.weight,824,layer3.0.conv3.weight_ch824,7.609874725341797
layer4.0.conv3.weight,292,layer4.0.conv3.weight_ch292,7.59816312789917
layer3.3.conv3.weight,281,layer3.3.conv3.weight_ch281,7.5637993812561035
layer4.0.conv3.weight,402,layer4.0.conv3.weight_ch402,7.538971424102783
layer3.0.conv3.weight,360,layer3.0.conv3.weight_ch360,7.529612064361572
layer4.0.conv3.weight,1530,layer4.0.conv3.weight_ch1530,7.51757287979126
layer3.2.conv3.weight,213,layer3.2.conv3.weight_ch213,7.508633613586426
layer4.1.conv1.weight,507,layer4.1.conv1.weight_ch507,7.490791320800781
layer3.1.conv3.weight,983,layer3.1.conv3.weight_ch983,7.484333515167236
layer4.0.conv3.weight,312,layer4.0.conv3.weight_ch312,7.4750165939331055
layer3.3.conv3.weight,21,layer3.3.conv3.weight_ch21,7.473349094390869
layer3.2.conv2.weight,210,layer3.2.conv2.weight_ch210,7.418705463409424
layer3.3.conv3.weight,881,layer3.3.conv3.weight_ch881,7.397211074829102
layer3.4.conv3.weight,48,layer3.4.conv3.weight_ch48,7.382364273071289
layer4.1.conv1.weight,392,layer4.1.conv1.weight_ch392,7.344324111938477
layer3.2.conv3.weight,833,layer3.2.conv3.weight_ch833,7.34403657913208
layer4.0.conv3.weight,365,layer4.0.conv3.weight_ch365,7.3305768966674805
layer3.1.conv3.weight,685,layer3.1.conv3.weight_ch685,7.301089763641357
layer4.0.conv3.weight,772,layer4.0.conv3.weight_ch772,7.29501485824585
layer4.0.conv3.weight,513,layer4.0.conv3.weight_ch513,7.292755603790283
layer4.0.conv3.weight,1358,layer4.0.conv3.weight_ch1358,7.2914581298828125
layer3.5.conv3.weight,782,layer3.5.conv3.weight_ch782,7.289928436279297
layer4.0.conv3.weight,1114,layer4.0.conv3.weight_ch1114,7.285109043121338
layer3.0.conv3.weight,640,layer3.0.conv3.weight_ch640,7.2670087814331055
layer4.0.conv3.weight,1531,layer4.0.conv3.weight_ch1531,7.263007640838623
layer4.0.conv3.weight,1845,layer4.0.conv3.weight_ch1845,7.254455089569092
layer4.0.conv3.weight,134,layer4.0.conv3.weight_ch134,7.250041484832764
layer3.1.conv3.weight,482,layer3.1.conv3.weight_ch482,7.249693393707275
layer4.0.conv3.weight,1723,layer4.0.conv3.weight_ch1723,7.247868537902832
layer3.2.conv3.weight,1018,layer3.2.conv3.weight_ch1018,7.245186805725098
layer3.3.conv3.weight,764,layer3.3.conv3.weight_ch764,7.2409515380859375
layer4.0.conv3.weight,467,layer4.0.conv3.weight_ch467,7.2373948097229
layer3.4.conv3.weight,1017,layer3.4.conv3.weight_ch1017,7.229216575622559
layer4.0.conv3.weight,927,layer4.0.conv3.weight_ch927,7.227154731750488
layer3.2.conv2.weight,164,layer3.2.conv2.weight_ch164,7.226656436920166
layer4.0.conv3.weight,1155,layer4.0.conv3.weight_ch1155,7.222046375274658
layer3.3.conv3.weight,470,layer3.3.conv3.weight_ch470,7.211964130401611
layer3.1.conv3.weight,717,layer3.1.conv3.weight_ch717,7.19598388671875
layer3.1.conv3.weight,9,layer3.1.conv3.weight_ch9,7.195804595947266
layer3.5.conv3.weight,796,layer3.5.conv3.weight_ch796,7.180474281311035
layer3.2.conv3.weight,125,layer3.2.conv3.weight_ch125,7.1732177734375
layer3.0.conv2.weight,147,layer3.0.conv2.weight_ch147,7.16972541809082
layer4.0.conv3.weight,1448,layer4.0.conv3.weight_ch1448,7.14985466003418
layer3.4.conv3.weight,330,layer3.4.conv3.weight_ch330,7.142047882080078
layer2.1.conv3.weight,441,layer2.1.conv3.weight_ch441,7.138474941253662
layer3.5.conv3.weight,647,layer3.5.conv3.weight_ch647,7.136203289031982
layer4.0.conv3.weight,1462,layer4.0.conv3.weight_ch1462,7.122097969055176
layer4.0.conv3.weight,362,layer4.0.conv3.weight_ch362,7.121114730834961
layer3.2.conv2.weight,35,layer3.2.conv2.weight_ch35,7.105022430419922
layer4.0.conv3.weight,1193,layer4.0.conv3.weight_ch1193,7.094751834869385
layer3.4.conv3.weight,36,layer3.4.conv3.weight_ch36,7.0939459800720215
layer3.2.conv3.weight,185,layer3.2.conv3.weight_ch185,7.058696746826172
layer3.0.conv3.weight,844,layer3.0.conv3.weight_ch844,7.053212642669678
layer4.0.conv3.weight,2004,layer4.0.conv3.weight_ch2004,7.051677227020264
layer3.2.conv3.weight,622,layer3.2.conv3.weight_ch622,7.048660755157471
layer4.0.conv3.weight,243,layer4.0.conv3.weight_ch243,7.045040130615234
layer3.1.conv3.weight,346,layer3.1.conv3.weight_ch346,7.029733657836914
layer4.0.conv3.weight,1902,layer4.0.conv3.weight_ch1902,7.01671028137207
layer2.3.conv2.weight,54,layer2.3.conv2.weight_ch54,7.010009765625
layer3.5.conv3.weight,784,layer3.5.conv3.weight_ch784,7.0060133934021
layer3.1.conv3.weight,157,layer3.1.conv3.weight_ch157,7.005953311920166
layer3.2.conv3.weight,417,layer3.2.conv3.weight_ch417,6.991466522216797
layer3.3.conv3.weight,60,layer3.3.conv3.weight_ch60,6.987682819366455
layer2.3.conv2.weight,118,layer2.3.conv2.weight_ch118,6.95133638381958
layer3.3.conv3.weight,655,layer3.3.conv3.weight_ch655,6.945478916168213
layer3.3.conv3.weight,548,layer3.3.conv3.weight_ch548,6.944860935211182
layer4.0.conv3.weight,1227,layer4.0.conv3.weight_ch1227,6.914761066436768
layer3.2.conv3.weight,182,layer3.2.conv3.weight_ch182,6.914412975311279
layer3.1.conv3.weight,967,layer3.1.conv3.weight_ch967,6.886960983276367
layer3.5.conv3.weight,12,layer3.5.conv3.weight_ch12,6.839621543884277
layer3.1.conv3.weight,699,layer3.1.conv3.weight_ch699,6.834063529968262
layer3.2.conv3.weight,824,layer3.2.conv3.weight_ch824,6.8286452293396
layer3.5.conv3.weight,328,layer3.5.conv3.weight_ch328,6.815857887268066
layer3.1.conv3.weight,292,layer3.1.conv3.weight_ch292,6.797351837158203
layer4.0.conv3.weight,942,layer4.0.conv3.weight_ch942,6.77868127822876
layer3.5.conv3.weight,358,layer3.5.conv3.weight_ch358,6.762417316436768
layer3.2.conv3.weight,693,layer3.2.conv3.weight_ch693,6.761824607849121
layer3.5.conv3.weight,103,layer3.5.conv3.weight_ch103,6.758368015289307
layer3.2.conv3.weight,576,layer3.2.conv3.weight_ch576,6.74859619140625
layer3.4.conv3.weight,41,layer3.4.conv3.weight_ch41,6.74090576171875
layer4.0.conv3.weight,722,layer4.0.conv3.weight_ch722,6.7393364906311035
layer4.0.conv3.weight,1737,layer4.0.conv3.weight_ch1737,6.693418979644775
layer3.2.conv3.weight,586,layer3.2.conv3.weight_ch586,6.6901373863220215
layer3.1.conv3.weight,773,layer3.1.conv3.weight_ch773,6.685435771942139
layer2.1.conv3.weight,212,layer2.1.conv3.weight_ch212,6.65869140625
layer4.0.conv3.weight,548,layer4.0.conv3.weight_ch548,6.65471076965332
layer4.0.conv3.weight,638,layer4.0.conv3.weight_ch638,6.639199733734131
layer3.1.conv3.weight,949,layer3.1.conv3.weight_ch949,6.633702278137207
layer4.1.conv1.weight,260,layer4.1.conv1.weight_ch260,6.632841110229492
layer4.0.conv3.weight,527,layer4.0.conv3.weight_ch527,6.6282525062561035
layer2.3.conv2.weight,91,layer2.3.conv2.weight_ch91,6.626147747039795
layer3.1.conv3.weight,911,layer3.1.conv3.weight_ch911,6.616744041442871
layer1.2.conv3.weight,252,layer1.2.conv3.weight_ch252,6.61041784286499
layer3.0.conv3.weight,430,layer3.0.conv3.weight_ch430,6.59711217880249
layer3.0.conv3.weight,910,layer3.0.conv3.weight_ch910,6.584943771362305
layer3.5.conv3.weight,797,layer3.5.conv3.weight_ch797,6.581509113311768
layer4.0.conv3.weight,544,layer4.0.conv3.weight_ch544,6.580995082855225
layer3.0.conv3.weight,688,layer3.0.conv3.weight_ch688,6.5744733810424805
layer4.1.conv1.weight,503,layer4.1.conv1.weight_ch503,6.5744242668151855
layer3.1.conv3.weight,571,layer3.1.conv3.weight_ch571,6.557433605194092
layer4.0.conv3.weight,1127,layer4.0.conv3.weight_ch1127,6.554422855377197
layer3.0.conv3.weight,901,layer3.0.conv3.weight_ch901,6.549860954284668
layer3.5.conv3.weight,936,layer3.5.conv3.weight_ch936,6.53897762298584
layer4.0.conv3.weight,1491,layer4.0.conv3.weight_ch1491,6.5380778312683105
layer3.4.conv3.weight,943,layer3.4.conv3.weight_ch943,6.534664154052734
layer3.4.conv3.weight,539,layer3.4.conv3.weight_ch539,6.518455505371094
layer3.4.conv3.weight,530,layer3.4.conv3.weight_ch530,6.511734962463379
layer3.3.conv3.weight,29,layer3.3.conv3.weight_ch29,6.507739543914795
layer3.0.conv3.weight,1005,layer3.0.conv3.weight_ch1005,6.505379676818848
layer4.0.conv3.weight,1018,layer4.0.conv3.weight_ch1018,6.504453182220459
layer1.2.conv3.weight,179,layer1.2.conv3.weight_ch179,6.487335205078125
layer4.0.conv3.weight,1912,layer4.0.conv3.weight_ch1912,6.474515438079834
layer4.0.conv3.weight,2001,layer4.0.conv3.weight_ch2001,6.464262962341309
layer3.5.conv3.weight,773,layer3.5.conv3.weight_ch773,6.463817119598389
layer3.4.conv3.weight,656,layer3.4.conv3.weight_ch656,6.463562488555908
layer3.3.conv3.weight,753,layer3.3.conv3.weight_ch753,6.457057476043701
layer4.0.conv3.weight,109,layer4.0.conv3.weight_ch109,6.451864242553711
layer3.5.conv3.weight,380,layer3.5.conv3.weight_ch380,6.435381889343262
layer3.1.conv3.weight,15,layer3.1.conv3.weight_ch15,6.433925151824951
layer4.0.conv3.weight,1809,layer4.0.conv3.weight_ch1809,6.432526588439941
layer3.1.conv3.weight,912,layer3.1.conv3.weight_ch912,6.420740127563477
layer3.5.conv3.weight,52,layer3.5.conv3.weight_ch52,6.4062886238098145
layer4.1.conv1.weight,318,layer4.1.conv1.weight_ch318,6.4054789543151855
layer3.3.conv3.weight,666,layer3.3.conv3.weight_ch666,6.405378341674805
layer1.2.conv3.weight,250,layer1.2.conv3.weight_ch250,6.390275001525879
layer3.2.conv3.weight,1019,layer3.2.conv3.weight_ch1019,6.390038967132568
layer3.3.conv3.weight,473,layer3.3.conv3.weight_ch473,6.3867411613464355
layer3.0.conv3.weight,362,layer3.0.conv3.weight_ch362,6.385640621185303
layer3.4.conv3.weight,595,layer3.4.conv3.weight_ch595,6.381677627563477
layer4.0.conv3.weight,1882,layer4.0.conv3.weight_ch1882,6.37121057510376
layer3.2.conv3.weight,754,layer3.2.conv3.weight_ch754,6.3685503005981445
layer3.0.conv3.weight,212,layer3.0.conv3.weight_ch212,6.367565631866455
layer1.2.conv3.weight,239,layer1.2.conv3.weight_ch239,6.366595268249512
layer4.1.conv1.weight,165,layer4.1.conv1.weight_ch165,6.364288806915283
layer3.0.conv3.weight,10,layer3.0.conv3.weight_ch10,6.363114833831787
layer3.5.conv3.weight,537,layer3.5.conv3.weight_ch537,6.345813274383545
layer4.0.conv3.weight,273,layer4.0.conv3.weight_ch273,6.3243255615234375
layer3.1.conv3.weight,305,layer3.1.conv3.weight_ch305,6.322288990020752
layer4.0.conv3.weight,1649,layer4.0.conv3.weight_ch1649,6.322287559509277
layer3.1.conv3.weight,62,layer3.1.conv3.weight_ch62,6.320461273193359
layer4.0.conv3.weight,1237,layer4.0.conv3.weight_ch1237,6.303282737731934
layer3.4.conv3.weight,889,layer3.4.conv3.weight_ch889,6.301109790802002
layer3.3.conv3.weight,431,layer3.3.conv3.weight_ch431,6.30049467086792
layer4.1.conv1.weight,222,layer4.1.conv1.weight_ch222,6.294617652893066
layer3.4.conv3.weight,885,layer3.4.conv3.weight_ch885,6.28147029876709
layer3.4.conv3.weight,994,layer3.4.conv3.weight_ch994,6.27018404006958
layer3.5.conv3.weight,435,layer3.5.conv3.weight_ch435,6.267974853515625
layer4.0.conv3.weight,221,layer4.0.conv3.weight_ch221,6.263362884521484
layer3.1.conv3.weight,733,layer3.1.conv3.weight_ch733,6.263150691986084
layer3.3.conv3.weight,948,layer3.3.conv3.weight_ch948,6.252531051635742
layer3.3.conv3.weight,469,layer3.3.conv3.weight_ch469,6.248053550720215
layer3.4.conv3.weight,870,layer3.4.conv3.weight_ch870,6.2410993576049805
layer4.0.conv3.weight,778,layer4.0.conv3.weight_ch778,6.240330696105957
layer3.3.conv3.weight,404,layer3.3.conv3.weight_ch404,6.226362705230713
layer3.1.conv3.weight,266,layer3.1.conv3.weight_ch266,6.222555637359619
layer3.5.conv3.weight,542,layer3.5.conv3.weight_ch542,6.214131832122803
layer3.0.conv3.weight,37,layer3.0.conv3.weight_ch37,6.212724208831787
layer2.1.conv3.weight,150,layer2.1.conv3.weight_ch150,6.209275722503662
layer1.2.conv3.weight,14,layer1.2.conv3.weight_ch14,6.2089338302612305
layer3.1.conv3.weight,323,layer3.1.conv3.weight_ch323,6.203883171081543
layer3.2.conv3.weight,228,layer3.2.conv3.weight_ch228,6.193445682525635
layer3.5.conv3.weight,635,layer3.5.conv3.weight_ch635,6.189087867736816
layer3.3.conv3.weight,102,layer3.3.conv3.weight_ch102,6.170347213745117
layer3.4.conv3.weight,189,layer3.4.conv3.weight_ch189,6.166383266448975
layer3.0.conv2.weight,80,layer3.0.conv2.weight_ch80,6.165391445159912
layer3.4.conv3.weight,211,layer3.4.conv3.weight_ch211,6.159614086151123
layer3.4.conv3.weight,907,layer3.4.conv3.weight_ch907,6.159358024597168
layer3.5.conv3.weight,355,layer3.5.conv3.weight_ch355,6.158959865570068
layer3.0.conv3.weight,332,layer3.0.conv3.weight_ch332,6.156093597412109
layer3.5.conv3.weight,453,layer3.5.conv3.weight_ch453,6.152092933654785
layer4.1.conv1.weight,333,layer4.1.conv1.weight_ch333,6.149914741516113
layer3.0.conv3.weight,258,layer3.0.conv3.weight_ch258,6.1332197189331055
layer3.0.conv2.weight,96,layer3.0.conv2.weight_ch96,6.13156795501709
layer3.0.conv2.weight,154,layer3.0.conv2.weight_ch154,6.130374431610107
layer3.1.conv3.weight,368,layer3.1.conv3.weight_ch368,6.128622055053711
layer3.0.conv3.weight,466,layer3.0.conv3.weight_ch466,6.118075847625732
layer3.1.conv3.weight,501,layer3.1.conv3.weight_ch501,6.118027687072754
layer3.2.conv3.weight,347,layer3.2.conv3.weight_ch347,6.106151103973389
layer3.2.conv3.weight,885,layer3.2.conv3.weight_ch885,6.100268840789795
layer4.0.conv3.weight,1690,layer4.0.conv3.weight_ch1690,6.09694766998291
layer3.0.conv3.weight,596,layer3.0.conv3.weight_ch596,6.09084415435791
layer3.4.conv3.weight,677,layer3.4.conv3.weight_ch677,6.077889919281006
layer3.4.conv3.weight,806,layer3.4.conv3.weight_ch806,6.057204246520996
layer4.1.conv1.weight,417,layer4.1.conv1.weight_ch417,6.055634021759033
layer4.1.conv1.weight,107,layer4.1.conv1.weight_ch107,6.0489606857299805
layer4.0.conv3.weight,1575,layer4.0.conv3.weight_ch1575,6.038598537445068
layer3.2.conv3.weight,591,layer3.2.conv3.weight_ch591,6.038097381591797
layer3.2.conv3.weight,23,layer3.2.conv3.weight_ch23,6.031986236572266
layer3.4.conv3.weight,670,layer3.4.conv3.weight_ch670,6.031731605529785
layer3.1.conv3.weight,882,layer3.1.conv3.weight_ch882,6.023951530456543
layer3.4.conv3.weight,443,layer3.4.conv3.weight_ch443,6.000087261199951
layer3.5.conv3.weight,156,layer3.5.conv3.weight_ch156,5.998453617095947
layer1.2.conv3.weight,19,layer1.2.conv3.weight_ch19,5.997401714324951
layer3.0.conv2.weight,18,layer3.0.conv2.weight_ch18,5.97731351852417
layer4.0.conv3.weight,188,layer4.0.conv3.weight_ch188,5.9759440422058105
layer4.0.conv3.weight,1470,layer4.0.conv3.weight_ch1470,5.971916675567627
layer3.3.conv3.weight,612,layer3.3.conv3.weight_ch612,5.97033166885376
layer3.3.conv3.weight,453,layer3.3.conv3.weight_ch453,5.958114147186279
layer3.4.conv3.weight,772,layer3.4.conv3.weight_ch772,5.956535339355469
layer4.0.conv3.weight,344,layer4.0.conv3.weight_ch344,5.953648567199707
layer3.0.conv2.weight,28,layer3.0.conv2.weight_ch28,5.952486991882324
layer4.0.conv3.weight,1994,layer4.0.conv3.weight_ch1994,5.949575901031494
layer1.2.conv3.weight,45,layer1.2.conv3.weight_ch45,5.946317195892334
layer3.1.conv3.weight,789,layer3.1.conv3.weight_ch789,5.937073707580566
layer3.3.conv3.weight,214,layer3.3.conv3.weight_ch214,5.925060749053955
layer3.5.conv3.weight,629,layer3.5.conv3.weight_ch629,5.9178619384765625
layer3.0.conv3.weight,154,layer3.0.conv3.weight_ch154,5.915966987609863
layer4.0.conv3.weight,688,layer4.0.conv3.weight_ch688,5.909958839416504
layer3.1.conv3.weight,791,layer3.1.conv3.weight_ch791,5.904882431030273
layer3.5.conv3.weight,998,layer3.5.conv3.weight_ch998,5.898417949676514
layer4.0.conv3.weight,1999,layer4.0.conv3.weight_ch1999,5.898007869720459
layer4.0.conv3.weight,1659,layer4.0.conv3.weight_ch1659,5.888701438903809
layer4.0.conv3.weight,1811,layer4.0.conv3.weight_ch1811,5.887481689453125
layer3.2.conv2.weight,55,layer3.2.conv2.weight_ch55,5.884988784790039
layer4.0.conv3.weight,1274,layer4.0.conv3.weight_ch1274,5.884311199188232
layer3.1.conv3.weight,567,layer3.1.conv3.weight_ch567,5.882637023925781
layer3.3.conv3.weight,817,layer3.3.conv3.weight_ch817,5.878642559051514
layer3.3.conv3.weight,524,layer3.3.conv3.weight_ch524,5.8765106201171875
layer3.1.conv3.weight,396,layer3.1.conv3.weight_ch396,5.875921726226807
layer3.2.conv3.weight,409,layer3.2.conv3.weight_ch409,5.873968124389648
layer3.5.conv3.weight,569,layer3.5.conv3.weight_ch569,5.859615325927734
layer4.1.conv1.weight,509,layer4.1.conv1.weight_ch509,5.8524627685546875
layer3.0.conv3.weight,543,layer3.0.conv3.weight_ch543,5.850782871246338
layer3.4.conv3.weight,366,layer3.4.conv3.weight_ch366,5.846379280090332
layer4.0.conv3.weight,1120,layer4.0.conv3.weight_ch1120,5.846165657043457
layer4.0.conv3.weight,626,layer4.0.conv3.weight_ch626,5.839495658874512
layer3.1.conv3.weight,552,layer3.1.conv3.weight_ch552,5.839168071746826
layer4.0.conv3.weight,973,layer4.0.conv3.weight_ch973,5.833808898925781
layer4.0.conv3.weight,237,layer4.0.conv3.weight_ch237,5.8260650634765625
layer3.0.conv3.weight,334,layer3.0.conv3.weight_ch334,5.822439670562744
layer4.0.conv3.weight,1696,layer4.0.conv3.weight_ch1696,5.817535877227783
layer1.2.conv3.weight,161,layer1.2.conv3.weight_ch161,5.817251205444336
layer3.2.conv3.weight,832,layer3.2.conv3.weight_ch832,5.814703464508057
layer3.0.conv3.weight,517,layer3.0.conv3.weight_ch517,5.8119659423828125
layer3.0.conv2.weight,131,layer3.0.conv2.weight_ch131,5.807756423950195
layer3.3.conv3.weight,774,layer3.3.conv3.weight_ch774,5.80419397354126
layer1.2.conv3.weight,30,layer1.2.conv3.weight_ch30,5.801319122314453
layer4.0.conv3.weight,1172,layer4.0.conv3.weight_ch1172,5.801309585571289
layer4.0.conv3.weight,1038,layer4.0.conv3.weight_ch1038,5.800693035125732
layer4.0.conv3.weight,1624,layer4.0.conv3.weight_ch1624,5.793801784515381
layer3.2.conv3.weight,678,layer3.2.conv3.weight_ch678,5.788571834564209
layer3.2.conv2.weight,13,layer3.2.conv2.weight_ch13,5.786403656005859
layer3.4.conv3.weight,184,layer3.4.conv3.weight_ch184,5.767659664154053
layer4.0.conv3.weight,1075,layer4.0.conv3.weight_ch1075,5.767496109008789
layer3.2.conv3.weight,847,layer3.2.conv3.weight_ch847,5.765147686004639
layer3.4.conv3.weight,202,layer3.4.conv3.weight_ch202,5.763801097869873
layer3.1.conv3.weight,975,layer3.1.conv3.weight_ch975,5.762666702270508
layer4.0.conv3.weight,38,layer4.0.conv3.weight_ch38,5.7604265213012695
layer3.0.conv2.weight,33,layer3.0.conv2.weight_ch33,5.759331226348877
layer2.0.conv1.weight,42,layer2.0.conv1.weight_ch42,5.758975505828857
layer3.4.conv3.weight,313,layer3.4.conv3.weight_ch313,5.749078273773193
layer3.4.conv3.weight,347,layer3.4.conv3.weight_ch347,5.746022701263428
layer3.5.conv3.weight,677,layer3.5.conv3.weight_ch677,5.740385055541992
layer3.4.conv3.weight,140,layer3.4.conv3.weight_ch140,5.734922885894775
layer3.3.conv3.weight,259,layer3.3.conv3.weight_ch259,5.725743293762207
layer2.1.conv3.weight,464,layer2.1.conv3.weight_ch464,5.722517967224121
layer3.4.conv3.weight,245,layer3.4.conv3.weight_ch245,5.721142292022705
layer4.0.conv3.weight,388,layer4.0.conv3.weight_ch388,5.714564800262451
layer2.0.conv2.weight,73,layer2.0.conv2.weight_ch73,5.710748195648193
layer3.5.conv3.weight,820,layer3.5.conv3.weight_ch820,5.70773983001709
layer3.2.conv2.weight,91,layer3.2.conv2.weight_ch91,5.705703258514404
layer3.1.conv3.weight,483,layer3.1.conv3.weight_ch483,5.690309047698975
layer3.4.conv3.weight,204,layer3.4.conv3.weight_ch204,5.688231468200684
layer3.0.conv3.weight,364,layer3.0.conv3.weight_ch364,5.688022613525391
layer3.1.conv3.weight,583,layer3.1.conv3.weight_ch583,5.678897380828857
layer3.2.conv3.weight,744,layer3.2.conv3.weight_ch744,5.676836967468262
layer3.3.conv3.weight,159,layer3.3.conv3.weight_ch159,5.673437118530273
layer4.0.conv3.weight,201,layer4.0.conv3.weight_ch201,5.665755748748779
layer4.1.conv1.weight,313,layer4.1.conv1.weight_ch313,5.6596784591674805
layer4.0.conv3.weight,790,layer4.0.conv3.weight_ch790,5.655562400817871
layer4.0.conv3.weight,651,layer4.0.conv3.weight_ch651,5.6484150886535645
layer3.2.conv3.weight,991,layer3.2.conv3.weight_ch991,5.642919063568115
layer4.1.conv1.weight,451,layer4.1.conv1.weight_ch451,5.640594482421875
layer4.1.conv1.weight,315,layer4.1.conv1.weight_ch315,5.6336870193481445
layer3.1.conv3.weight,982,layer3.1.conv3.weight_ch982,5.626482009887695
layer4.1.conv1.weight,125,layer4.1.conv1.weight_ch125,5.617570877075195
layer3.4.conv3.weight,765,layer3.4.conv3.weight_ch765,5.610759258270264
layer3.1.conv3.weight,596,layer3.1.conv3.weight_ch596,5.610065937042236
layer3.0.conv3.weight,0,layer3.0.conv3.weight_ch0,5.608441352844238
layer3.3.conv3.weight,579,layer3.3.conv3.weight_ch579,5.601196765899658
layer4.0.conv3.weight,191,layer4.0.conv3.weight_ch191,5.600790500640869
layer3.2.conv3.weight,1,layer3.2.conv3.weight_ch1,5.600014686584473
layer3.2.conv3.weight,363,layer3.2.conv3.weight_ch363,5.593221664428711
layer3.2.conv3.weight,972,layer3.2.conv3.weight_ch972,5.589115142822266
layer3.0.conv3.weight,197,layer3.0.conv3.weight_ch197,5.587497711181641
layer3.0.conv3.weight,243,layer3.0.conv3.weight_ch243,5.567015171051025
layer3.1.conv3.weight,738,layer3.1.conv3.weight_ch738,5.566859245300293
layer4.0.conv3.weight,88,layer4.0.conv3.weight_ch88,5.56494665145874
layer4.0.conv3.weight,1786,layer4.0.conv3.weight_ch1786,5.560651779174805
layer3.0.conv3.weight,1020,layer3.0.conv3.weight_ch1020,5.560494422912598
layer3.4.conv3.weight,789,layer3.4.conv3.weight_ch789,5.5602922439575195
layer1.2.conv3.weight,36,layer1.2.conv3.weight_ch36,5.559948444366455
layer3.0.conv3.weight,436,layer3.0.conv3.weight_ch436,5.551682472229004
layer3.2.conv2.weight,11,layer3.2.conv2.weight_ch11,5.548881530761719
layer3.4.conv3.weight,252,layer3.4.conv3.weight_ch252,5.540390968322754
layer3.2.conv3.weight,627,layer3.2.conv3.weight_ch627,5.531064033508301
layer4.1.conv1.weight,247,layer4.1.conv1.weight_ch247,5.52989387512207
layer3.4.conv3.weight,467,layer3.4.conv3.weight_ch467,5.525101661682129
layer2.3.conv2.weight,88,layer2.3.conv2.weight_ch88,5.516214847564697
layer4.1.conv1.weight,194,layer4.1.conv1.weight_ch194,5.514872074127197
layer1.2.conv3.weight,237,layer1.2.conv3.weight_ch237,5.514158248901367
layer3.2.conv3.weight,135,layer3.2.conv3.weight_ch135,5.512641906738281
layer3.4.conv3.weight,30,layer3.4.conv3.weight_ch30,5.510209083557129
layer3.0.conv3.weight,379,layer3.0.conv3.weight_ch379,5.503528118133545
layer3.0.conv3.weight,178,layer3.0.conv3.weight_ch178,5.496535301208496
layer4.0.conv3.weight,124,layer4.0.conv3.weight_ch124,5.494850158691406
layer3.2.conv3.weight,831,layer3.2.conv3.weight_ch831,5.489878177642822
layer3.4.conv3.weight,834,layer3.4.conv3.weight_ch834,5.471985816955566
layer3.5.conv3.weight,42,layer3.5.conv3.weight_ch42,5.4552788734436035
layer3.3.conv3.weight,929,layer3.3.conv3.weight_ch929,5.451304912567139
layer3.0.conv2.weight,61,layer3.0.conv2.weight_ch61,5.448962688446045
layer3.0.conv3.weight,439,layer3.0.conv3.weight_ch439,5.442280292510986
layer2.3.conv2.weight,20,layer2.3.conv2.weight_ch20,5.437683582305908
layer3.0.conv2.weight,88,layer3.0.conv2.weight_ch88,5.41469669342041
layer3.5.conv3.weight,187,layer3.5.conv3.weight_ch187,5.409786701202393
layer4.0.conv3.weight,595,layer4.0.conv3.weight_ch595,5.403177261352539
layer4.0.conv3.weight,729,layer4.0.conv3.weight_ch729,5.400077819824219
layer3.3.conv3.weight,535,layer3.3.conv3.weight_ch535,5.396918773651123
layer3.3.conv3.weight,601,layer3.3.conv3.weight_ch601,5.394629001617432
layer3.0.conv3.weight,378,layer3.0.conv3.weight_ch378,5.389594078063965
layer3.4.conv3.weight,548,layer3.4.conv3.weight_ch548,5.380371570587158
layer3.0.conv3.weight,555,layer3.0.conv3.weight_ch555,5.374729156494141
layer3.5.conv3.weight,278,layer3.5.conv3.weight_ch278,5.372290134429932
layer3.3.conv3.weight,835,layer3.3.conv3.weight_ch835,5.369545936584473
layer3.3.conv3.weight,138,layer3.3.conv3.weight_ch138,5.362820625305176
layer4.0.conv3.weight,1332,layer4.0.conv3.weight_ch1332,5.361527919769287
layer3.3.conv3.weight,844,layer3.3.conv3.weight_ch844,5.344703674316406
layer2.0.conv2.weight,40,layer2.0.conv2.weight_ch40,5.342994213104248
layer4.0.conv3.weight,857,layer4.0.conv3.weight_ch857,5.338517189025879
layer1.2.conv3.weight,16,layer1.2.conv3.weight_ch16,5.319590091705322
layer4.0.conv3.weight,147,layer4.0.conv3.weight_ch147,5.319418907165527
layer3.2.conv3.weight,865,layer3.2.conv3.weight_ch865,5.314039707183838
layer4.0.conv3.weight,1969,layer4.0.conv3.weight_ch1969,5.302159786224365
layer3.2.conv3.weight,404,layer3.2.conv3.weight_ch404,5.300951957702637
layer3.4.conv3.weight,761,layer3.4.conv3.weight_ch761,5.299995422363281
layer3.2.conv3.weight,403,layer3.2.conv3.weight_ch403,5.298345565795898
layer3.3.conv3.weight,934,layer3.3.conv3.weight_ch934,5.28969144821167
layer4.1.conv1.weight,106,layer4.1.conv1.weight_ch106,5.289402961730957
layer4.0.conv3.weight,689,layer4.0.conv3.weight_ch689,5.288634300231934
layer1.2.conv3.weight,163,layer1.2.conv3.weight_ch163,5.2875566482543945
layer4.0.conv3.weight,1697,layer4.0.conv3.weight_ch1697,5.281388759613037
layer2.1.conv3.weight,91,layer2.1.conv3.weight_ch91,5.269190311431885
layer3.0.conv2.weight,115,layer3.0.conv2.weight_ch115,5.268805980682373
layer2.1.conv3.weight,424,layer2.1.conv3.weight_ch424,5.26063871383667
layer3.2.conv3.weight,916,layer3.2.conv3.weight_ch916,5.259768962860107
layer3.3.conv3.weight,73,layer3.3.conv3.weight_ch73,5.256740093231201
layer2.3.conv2.weight,58,layer2.3.conv2.weight_ch58,5.255794048309326
layer4.1.conv1.weight,371,layer4.1.conv1.weight_ch371,5.2464494705200195
layer4.0.conv3.weight,1097,layer4.0.conv3.weight_ch1097,5.240774154663086
layer4.0.conv3.weight,1722,layer4.0.conv3.weight_ch1722,5.237373352050781
layer4.0.conv3.weight,1695,layer4.0.conv3.weight_ch1695,5.233813285827637
layer3.5.conv3.weight,218,layer3.5.conv3.weight_ch218,5.230991363525391
layer4.0.conv3.weight,1974,layer4.0.conv3.weight_ch1974,5.227174758911133
layer4.0.conv3.weight,1118,layer4.0.conv3.weight_ch1118,5.222769737243652
layer3.0.conv2.weight,165,layer3.0.conv2.weight_ch165,5.2110209465026855
layer3.0.conv3.weight,387,layer3.0.conv3.weight_ch387,5.210989952087402
layer3.2.conv3.weight,872,layer3.2.conv3.weight_ch872,5.2109503746032715
layer4.0.conv3.weight,206,layer4.0.conv3.weight_ch206,5.20790433883667
layer3.0.conv3.weight,885,layer3.0.conv3.weight_ch885,5.207668304443359
layer3.1.conv3.weight,766,layer3.1.conv3.weight_ch766,5.206710338592529
layer3.5.conv3.weight,644,layer3.5.conv3.weight_ch644,5.203119277954102
layer3.0.conv3.weight,29,layer3.0.conv3.weight_ch29,5.201962947845459
layer2.0.conv2.weight,75,layer2.0.conv2.weight_ch75,5.201292037963867
layer4.1.conv1.weight,254,layer4.1.conv1.weight_ch254,5.198094367980957
layer4.1.conv1.weight,36,layer4.1.conv1.weight_ch36,5.1947455406188965
layer3.1.conv3.weight,84,layer3.1.conv3.weight_ch84,5.191206932067871
layer3.2.conv2.weight,71,layer3.2.conv2.weight_ch71,5.189688205718994
layer3.2.conv3.weight,279,layer3.2.conv3.weight_ch279,5.189218997955322
layer3.1.conv3.weight,392,layer3.1.conv3.weight_ch392,5.188599586486816
layer3.2.conv3.weight,984,layer3.2.conv3.weight_ch984,5.1835408210754395
layer3.1.conv3.weight,656,layer3.1.conv3.weight_ch656,5.183204174041748
layer3.2.conv3.weight,774,layer3.2.conv3.weight_ch774,5.18120002746582
layer4.0.conv3.weight,373,layer4.0.conv3.weight_ch373,5.176904201507568
layer4.0.conv3.weight,30,layer4.0.conv3.weight_ch30,5.175197124481201
layer3.1.conv3.weight,362,layer3.1.conv3.weight_ch362,5.1740593910217285
layer3.2.conv3.weight,825,layer3.2.conv3.weight_ch825,5.1409220695495605
layer3.0.conv2.weight,116,layer3.0.conv2.weight_ch116,5.132009983062744
layer3.5.conv3.weight,506,layer3.5.conv3.weight_ch506,5.127559661865234
layer3.5.conv3.weight,217,layer3.5.conv3.weight_ch217,5.1274495124816895
layer4.0.conv3.weight,2033,layer4.0.conv3.weight_ch2033,5.120731353759766
layer4.0.conv3.weight,61,layer4.0.conv3.weight_ch61,5.115784645080566
layer3.0.conv3.weight,540,layer3.0.conv3.weight_ch540,5.107253551483154
layer3.0.conv2.weight,4,layer3.0.conv2.weight_ch4,5.105964183807373
layer3.5.conv3.weight,900,layer3.5.conv3.weight_ch900,5.101476669311523
layer4.1.conv1.weight,466,layer4.1.conv1.weight_ch466,5.1002421379089355
layer4.0.conv3.weight,886,layer4.0.conv3.weight_ch886,5.096258163452148
layer3.0.conv2.weight,213,layer3.0.conv2.weight_ch213,5.093827247619629
layer4.0.conv3.weight,935,layer4.0.conv3.weight_ch935,5.089148044586182
layer3.1.conv3.weight,1005,layer3.1.conv3.weight_ch1005,5.062453746795654
layer3.4.conv3.weight,636,layer3.4.conv3.weight_ch636,5.062255382537842
layer3.4.conv3.weight,276,layer3.4.conv3.weight_ch276,5.058721542358398
layer3.0.conv3.weight,856,layer3.0.conv3.weight_ch856,5.056106090545654
layer2.1.conv3.weight,380,layer2.1.conv3.weight_ch380,5.047300815582275
layer2.1.conv3.weight,74,layer2.1.conv3.weight_ch74,5.045823574066162
layer4.0.conv3.weight,579,layer4.0.conv3.weight_ch579,5.044371128082275
layer3.1.conv3.weight,963,layer3.1.conv3.weight_ch963,5.041312217712402
layer4.0.conv3.weight,1800,layer4.0.conv3.weight_ch1800,5.036759376525879
layer3.2.conv3.weight,461,layer3.2.conv3.weight_ch461,5.029653549194336
layer4.0.conv3.weight,1520,layer4.0.conv3.weight_ch1520,5.020481109619141
layer3.5.conv3.weight,862,layer3.5.conv3.weight_ch862,5.018426418304443
layer4.1.conv1.weight,8,layer4.1.conv1.weight_ch8,5.0149335861206055
layer4.1.conv1.weight,37,layer4.1.conv1.weight_ch37,4.998049736022949
layer3.1.conv3.weight,915,layer3.1.conv3.weight_ch915,4.9979634284973145
layer4.0.conv3.weight,1536,layer4.0.conv3.weight_ch1536,4.996553421020508
layer3.0.conv3.weight,187,layer3.0.conv3.weight_ch187,4.986327171325684
layer4.1.conv1.weight,208,layer4.1.conv1.weight_ch208,4.985647678375244
layer2.3.conv2.weight,15,layer2.3.conv2.weight_ch15,4.9853692054748535
layer3.0.conv3.weight,244,layer3.0.conv3.weight_ch244,4.982020378112793
layer2.1.conv3.weight,389,layer2.1.conv3.weight_ch389,4.980632781982422
layer3.0.conv3.weight,179,layer3.0.conv3.weight_ch179,4.9797515869140625
layer3.5.conv3.weight,992,layer3.5.conv3.weight_ch992,4.97035551071167
layer2.1.conv3.weight,236,layer2.1.conv3.weight_ch236,4.967720985412598
layer2.1.conv3.weight,498,layer2.1.conv3.weight_ch498,4.965208530426025
layer3.3.conv3.weight,769,layer3.3.conv3.weight_ch769,4.963272571563721
layer3.4.conv3.weight,601,layer3.4.conv3.weight_ch601,4.9583258628845215
layer4.0.conv3.weight,1254,layer4.0.conv3.weight_ch1254,4.955441474914551
layer3.0.conv3.weight,886,layer3.0.conv3.weight_ch886,4.953892707824707
layer4.0.conv3.weight,1905,layer4.0.conv3.weight_ch1905,4.95198917388916
layer3.3.conv3.weight,141,layer3.3.conv3.weight_ch141,4.9468674659729
layer3.2.conv3.weight,947,layer3.2.conv3.weight_ch947,4.934963226318359
layer4.0.conv3.weight,260,layer4.0.conv3.weight_ch260,4.934446334838867
layer3.0.conv3.weight,176,layer3.0.conv3.weight_ch176,4.914963722229004
layer4.0.conv3.weight,423,layer4.0.conv3.weight_ch423,4.908388137817383
layer2.1.conv3.weight,315,layer2.1.conv3.weight_ch315,4.89923620223999
layer3.4.conv3.weight,868,layer3.4.conv3.weight_ch868,4.894264221191406
layer3.2.conv3.weight,243,layer3.2.conv3.weight_ch243,4.893025875091553
layer3.5.conv3.weight,379,layer3.5.conv3.weight_ch379,4.891940116882324
layer4.0.conv3.weight,1951,layer4.0.conv3.weight_ch1951,4.8909101486206055
layer3.2.conv2.weight,44,layer3.2.conv2.weight_ch44,4.888555526733398
layer2.1.conv3.weight,483,layer2.1.conv3.weight_ch483,4.886181354522705
layer3.2.conv3.weight,671,layer3.2.conv3.weight_ch671,4.885342597961426
layer4.0.conv3.weight,1553,layer4.0.conv3.weight_ch1553,4.882213592529297
layer1.2.conv3.weight,38,layer1.2.conv3.weight_ch38,4.882094860076904
layer4.0.conv3.weight,697,layer4.0.conv3.weight_ch697,4.875914096832275
layer4.0.conv3.weight,1371,layer4.0.conv3.weight_ch1371,4.873875141143799
layer3.1.conv3.weight,33,layer3.1.conv3.weight_ch33,4.8711371421813965
layer3.0.conv3.weight,662,layer3.0.conv3.weight_ch662,4.868236541748047
layer3.2.conv3.weight,870,layer3.2.conv3.weight_ch870,4.868168830871582
layer4.0.conv3.weight,725,layer4.0.conv3.weight_ch725,4.867960453033447
layer3.3.conv3.weight,403,layer3.3.conv3.weight_ch403,4.866656303405762
layer3.4.conv3.weight,29,layer3.4.conv3.weight_ch29,4.865474700927734
layer3.0.conv2.weight,204,layer3.0.conv2.weight_ch204,4.864046096801758
layer4.0.conv3.weight,685,layer4.0.conv3.weight_ch685,4.860759258270264
layer2.1.conv3.weight,260,layer2.1.conv3.weight_ch260,4.860099792480469
layer4.0.conv3.weight,2015,layer4.0.conv3.weight_ch2015,4.85714864730835
layer3.4.conv3.weight,544,layer3.4.conv3.weight_ch544,4.854617595672607
layer4.0.conv3.weight,1956,layer4.0.conv3.weight_ch1956,4.853368282318115
layer4.0.conv3.weight,1425,layer4.0.conv3.weight_ch1425,4.852826118469238
layer4.0.conv3.weight,26,layer4.0.conv3.weight_ch26,4.8516645431518555
layer3.2.conv2.weight,255,layer3.2.conv2.weight_ch255,4.847857475280762
layer3.1.conv3.weight,180,layer3.1.conv3.weight_ch180,4.844854831695557
layer4.1.conv1.weight,457,layer4.1.conv1.weight_ch457,4.8408308029174805
layer3.2.conv2.weight,140,layer3.2.conv2.weight_ch140,4.839601039886475
layer3.1.conv3.weight,155,layer3.1.conv3.weight_ch155,4.831996917724609
layer4.1.conv1.weight,449,layer4.1.conv1.weight_ch449,4.825352668762207
layer3.0.conv2.weight,120,layer3.0.conv2.weight_ch120,4.822515487670898
layer3.3.conv3.weight,18,layer3.3.conv3.weight_ch18,4.821674346923828
layer4.0.conv3.weight,672,layer4.0.conv3.weight_ch672,4.821211814880371
layer3.5.conv3.weight,736,layer3.5.conv3.weight_ch736,4.820548057556152
layer3.3.conv3.weight,290,layer3.3.conv3.weight_ch290,4.816511631011963
layer3.3.conv3.weight,487,layer3.3.conv3.weight_ch487,4.8152852058410645
layer2.1.conv3.weight,304,layer2.1.conv3.weight_ch304,4.812544822692871
layer4.0.conv3.weight,1383,layer4.0.conv3.weight_ch1383,4.811513900756836
layer3.3.conv3.weight,345,layer3.3.conv3.weight_ch345,4.811279773712158
layer3.5.conv3.weight,143,layer3.5.conv3.weight_ch143,4.808744430541992
layer3.0.conv3.weight,715,layer3.0.conv3.weight_ch715,4.8046345710754395
layer3.0.conv3.weight,818,layer3.0.conv3.weight_ch818,4.802671432495117
layer3.2.conv3.weight,894,layer3.2.conv3.weight_ch894,4.798764228820801
layer4.1.conv1.weight,289,layer4.1.conv1.weight_ch289,4.793622016906738
layer3.2.conv3.weight,967,layer3.2.conv3.weight_ch967,4.793210029602051
layer3.3.conv3.weight,724,layer3.3.conv3.weight_ch724,4.791371822357178
layer3.2.conv2.weight,235,layer3.2.conv2.weight_ch235,4.787802219390869
layer3.0.conv3.weight,207,layer3.0.conv3.weight_ch207,4.782013893127441
layer3.3.conv3.weight,125,layer3.3.conv3.weight_ch125,4.778480529785156
layer4.0.conv3.weight,1338,layer4.0.conv3.weight_ch1338,4.775506496429443
layer4.0.conv3.weight,1128,layer4.0.conv3.weight_ch1128,4.774845123291016
layer3.0.conv3.weight,271,layer3.0.conv3.weight_ch271,4.773534297943115
layer3.0.conv3.weight,70,layer3.0.conv3.weight_ch70,4.770979881286621
layer4.0.conv3.weight,1289,layer4.0.conv3.weight_ch1289,4.7698655128479
layer2.3.conv2.weight,99,layer2.3.conv2.weight_ch99,4.768553733825684
layer3.3.conv3.weight,72,layer3.3.conv3.weight_ch72,4.765481948852539
layer3.4.conv3.weight,934,layer3.4.conv3.weight_ch934,4.7639923095703125
layer3.3.conv3.weight,866,layer3.3.conv3.weight_ch866,4.7638630867004395
layer2.1.conv3.weight,282,layer2.1.conv3.weight_ch282,4.761596202850342
layer4.0.conv3.weight,698,layer4.0.conv3.weight_ch698,4.7595672607421875
layer2.0.conv1.weight,89,layer2.0.conv1.weight_ch89,4.753925323486328
layer4.0.conv3.weight,322,layer4.0.conv3.weight_ch322,4.750180721282959
layer4.1.conv1.weight,240,layer4.1.conv1.weight_ch240,4.748157501220703
layer3.2.conv2.weight,1,layer3.2.conv2.weight_ch1,4.747826099395752
layer3.1.conv3.weight,536,layer3.1.conv3.weight_ch536,4.745427131652832
layer3.2.conv3.weight,384,layer3.2.conv3.weight_ch384,4.744806289672852
layer3.0.conv3.weight,729,layer3.0.conv3.weight_ch729,4.737561225891113
layer3.1.conv3.weight,443,layer3.1.conv3.weight_ch443,4.735593318939209
layer3.1.conv3.weight,272,layer3.1.conv3.weight_ch272,4.732617378234863
layer3.5.conv3.weight,837,layer3.5.conv3.weight_ch837,4.730119705200195
layer3.5.conv3.weight,680,layer3.5.conv3.weight_ch680,4.728780746459961
layer3.1.conv3.weight,994,layer3.1.conv3.weight_ch994,4.723850727081299
layer4.0.conv3.weight,1379,layer4.0.conv3.weight_ch1379,4.723049640655518
layer3.2.conv3.weight,28,layer3.2.conv3.weight_ch28,4.722991466522217
layer3.1.conv3.weight,714,layer3.1.conv3.weight_ch714,4.722182273864746
layer3.3.conv3.weight,962,layer3.3.conv3.weight_ch962,4.717248916625977
layer4.0.conv3.weight,1985,layer4.0.conv3.weight_ch1985,4.713988780975342
layer3.2.conv3.weight,14,layer3.2.conv3.weight_ch14,4.712881088256836
layer3.2.conv3.weight,509,layer3.2.conv3.weight_ch509,4.706943511962891
layer3.1.conv3.weight,472,layer3.1.conv3.weight_ch472,4.703278064727783
layer3.0.conv3.weight,726,layer3.0.conv3.weight_ch726,4.70320987701416
layer4.1.conv1.weight,277,layer4.1.conv1.weight_ch277,4.701436519622803
layer4.0.conv3.weight,368,layer4.0.conv3.weight_ch368,4.6990509033203125
layer3.3.conv3.weight,163,layer3.3.conv3.weight_ch163,4.69193172454834
layer3.4.conv3.weight,762,layer3.4.conv3.weight_ch762,4.689337730407715
layer4.0.conv3.weight,313,layer4.0.conv3.weight_ch313,4.686072826385498
layer4.0.conv3.weight,34,layer4.0.conv3.weight_ch34,4.681972503662109
layer4.0.conv3.weight,670,layer4.0.conv3.weight_ch670,4.680720329284668
layer3.2.conv2.weight,144,layer3.2.conv2.weight_ch144,4.677387237548828
layer3.2.conv3.weight,711,layer3.2.conv3.weight_ch711,4.673429489135742
layer4.1.conv1.weight,481,layer4.1.conv1.weight_ch481,4.6637163162231445
layer3.0.conv3.weight,795,layer3.0.conv3.weight_ch795,4.662249565124512
layer2.1.conv3.weight,338,layer2.1.conv3.weight_ch338,4.660523414611816
layer4.0.conv3.weight,1776,layer4.0.conv3.weight_ch1776,4.656889915466309
layer4.0.conv3.weight,1395,layer4.0.conv3.weight_ch1395,4.64925479888916
layer4.1.conv1.weight,4,layer4.1.conv1.weight_ch4,4.64625883102417
layer3.2.conv3.weight,178,layer3.2.conv3.weight_ch178,4.6427226066589355
layer3.0.conv3.weight,232,layer3.0.conv3.weight_ch232,4.636711597442627
layer3.0.conv3.weight,136,layer3.0.conv3.weight_ch136,4.628833293914795
layer3.0.conv3.weight,864,layer3.0.conv3.weight_ch864,4.623500347137451
layer4.0.conv3.weight,832,layer4.0.conv3.weight_ch832,4.620817184448242
layer3.3.conv3.weight,997,layer3.3.conv3.weight_ch997,4.6141862869262695
layer3.3.conv3.weight,58,layer3.3.conv3.weight_ch58,4.606626987457275
layer1.2.conv3.weight,65,layer1.2.conv3.weight_ch65,4.605346202850342
layer3.5.conv3.weight,613,layer3.5.conv3.weight_ch613,4.6045427322387695
layer3.0.conv3.weight,967,layer3.0.conv3.weight_ch967,4.602935791015625
layer3.4.conv3.weight,574,layer3.4.conv3.weight_ch574,4.594991683959961
layer4.0.conv3.weight,1895,layer4.0.conv3.weight_ch1895,4.586212158203125
layer2.1.conv3.weight,9,layer2.1.conv3.weight_ch9,4.574771881103516
layer3.2.conv2.weight,54,layer3.2.conv2.weight_ch54,4.574520587921143
layer2.0.conv2.weight,11,layer2.0.conv2.weight_ch11,4.57282829284668
layer3.1.conv3.weight,740,layer3.1.conv3.weight_ch740,4.569702625274658
layer3.4.conv3.weight,910,layer3.4.conv3.weight_ch910,4.5693278312683105
layer4.1.conv1.weight,72,layer4.1.conv1.weight_ch72,4.56474494934082
layer2.1.conv3.weight,81,layer2.1.conv3.weight_ch81,4.562480449676514
layer3.0.conv3.weight,323,layer3.0.conv3.weight_ch323,4.5589423179626465
layer3.4.conv3.weight,67,layer3.4.conv3.weight_ch67,4.556088924407959
layer3.2.conv2.weight,138,layer3.2.conv2.weight_ch138,4.548607349395752
layer3.3.conv3.weight,831,layer3.3.conv3.weight_ch831,4.546517372131348
layer3.4.conv3.weight,946,layer3.4.conv3.weight_ch946,4.543270111083984
layer3.1.conv3.weight,1001,layer3.1.conv3.weight_ch1001,4.5381083488464355
layer3.0.conv2.weight,233,layer3.0.conv2.weight_ch233,4.537424087524414
layer3.4.conv3.weight,453,layer3.4.conv3.weight_ch453,4.537140846252441
layer3.4.conv3.weight,288,layer3.4.conv3.weight_ch288,4.5298309326171875
layer3.5.conv3.weight,223,layer3.5.conv3.weight_ch223,4.528100490570068
layer4.1.conv1.weight,477,layer4.1.conv1.weight_ch477,4.527101039886475
layer3.4.conv3.weight,683,layer3.4.conv3.weight_ch683,4.525671005249023
layer3.0.conv3.weight,182,layer3.0.conv3.weight_ch182,4.524875640869141
layer3.1.conv3.weight,95,layer3.1.conv3.weight_ch95,4.524518966674805
layer3.5.conv3.weight,973,layer3.5.conv3.weight_ch973,4.519108295440674
layer4.0.conv3.weight,1218,layer4.0.conv3.weight_ch1218,4.5163092613220215
layer3.1.conv3.weight,509,layer3.1.conv3.weight_ch509,4.511004447937012
layer4.0.conv3.weight,754,layer4.0.conv3.weight_ch754,4.502359390258789
layer3.2.conv3.weight,480,layer3.2.conv3.weight_ch480,4.498620986938477
layer3.1.conv3.weight,940,layer3.1.conv3.weight_ch940,4.493043422698975
layer4.1.conv1.weight,92,layer4.1.conv1.weight_ch92,4.48353385925293
layer3.1.conv3.weight,749,layer3.1.conv3.weight_ch749,4.480958461761475
layer3.4.conv3.weight,785,layer3.4.conv3.weight_ch785,4.480578422546387
layer2.1.conv3.weight,45,layer2.1.conv3.weight_ch45,4.476893901824951
layer4.0.conv3.weight,1904,layer4.0.conv3.weight_ch1904,4.474903106689453
layer3.0.conv3.weight,553,layer3.0.conv3.weight_ch553,4.473423004150391
layer4.0.conv3.weight,210,layer4.0.conv3.weight_ch210,4.4725141525268555
layer3.5.conv3.weight,842,layer3.5.conv3.weight_ch842,4.471203327178955
layer3.0.conv3.weight,38,layer3.0.conv3.weight_ch38,4.470742702484131
layer3.0.conv3.weight,452,layer3.0.conv3.weight_ch452,4.467105865478516
layer3.4.conv3.weight,401,layer3.4.conv3.weight_ch401,4.467071533203125
layer3.1.conv3.weight,601,layer3.1.conv3.weight_ch601,4.466722011566162
layer3.2.conv3.weight,405,layer3.2.conv3.weight_ch405,4.464597225189209
layer4.0.conv3.weight,1506,layer4.0.conv3.weight_ch1506,4.462314605712891
layer4.0.conv3.weight,1130,layer4.0.conv3.weight_ch1130,4.462132453918457
layer1.2.conv3.weight,103,layer1.2.conv3.weight_ch103,4.456437587738037
layer3.4.conv3.weight,174,layer3.4.conv3.weight_ch174,4.45397424697876
layer4.0.conv3.weight,1623,layer4.0.conv3.weight_ch1623,4.453667640686035
layer4.0.conv3.weight,1552,layer4.0.conv3.weight_ch1552,4.449810981750488
layer3.0.conv3.weight,642,layer3.0.conv3.weight_ch642,4.444900035858154
layer3.0.conv3.weight,1013,layer3.0.conv3.weight_ch1013,4.4438910484313965
layer4.0.conv3.weight,389,layer4.0.conv3.weight_ch389,4.4362688064575195
layer3.4.conv3.weight,198,layer3.4.conv3.weight_ch198,4.434474468231201
layer3.1.conv3.weight,260,layer3.1.conv3.weight_ch260,4.428577423095703
layer3.5.conv3.weight,77,layer3.5.conv3.weight_ch77,4.428555488586426
layer3.1.conv3.weight,325,layer3.1.conv3.weight_ch325,4.425765037536621
layer3.3.conv3.weight,982,layer3.3.conv3.weight_ch982,4.424972057342529
layer4.0.conv3.weight,948,layer4.0.conv3.weight_ch948,4.423089981079102
layer3.2.conv2.weight,0,layer3.2.conv2.weight_ch0,4.42117166519165
layer4.0.conv3.weight,40,layer4.0.conv3.weight_ch40,4.417873382568359
layer3.2.conv3.weight,266,layer3.2.conv3.weight_ch266,4.417440414428711
layer3.5.conv3.weight,769,layer3.5.conv3.weight_ch769,4.415645599365234
layer4.0.conv3.weight,1989,layer4.0.conv3.weight_ch1989,4.412087440490723
layer3.3.conv3.weight,593,layer3.3.conv3.weight_ch593,4.408483028411865
layer3.4.conv3.weight,555,layer3.4.conv3.weight_ch555,4.407766342163086
layer3.4.conv3.weight,165,layer3.4.conv3.weight_ch165,4.403340816497803
layer3.2.conv3.weight,159,layer3.2.conv3.weight_ch159,4.401064395904541
layer4.0.conv3.weight,328,layer4.0.conv3.weight_ch328,4.394471168518066
layer4.0.conv3.weight,265,layer4.0.conv3.weight_ch265,4.3942766189575195
layer3.3.conv3.weight,990,layer3.3.conv3.weight_ch990,4.386597156524658
layer3.4.conv3.weight,6,layer3.4.conv3.weight_ch6,4.383335113525391
layer4.1.conv1.weight,381,layer4.1.conv1.weight_ch381,4.382019996643066
layer2.1.conv3.weight,287,layer2.1.conv3.weight_ch287,4.380039215087891
layer3.0.conv3.weight,834,layer3.0.conv3.weight_ch834,4.379248142242432
layer3.4.conv3.weight,411,layer3.4.conv3.weight_ch411,4.378079414367676
layer3.3.conv3.weight,507,layer3.3.conv3.weight_ch507,4.377540588378906
layer4.0.conv3.weight,1655,layer4.0.conv3.weight_ch1655,4.37750768661499
layer4.0.conv3.weight,419,layer4.0.conv3.weight_ch419,4.375217437744141
layer4.0.conv3.weight,493,layer4.0.conv3.weight_ch493,4.373687267303467
layer3.4.conv3.weight,63,layer3.4.conv3.weight_ch63,4.3697075843811035
layer4.0.conv3.weight,922,layer4.0.conv3.weight_ch922,4.367796897888184
layer3.0.conv3.weight,789,layer3.0.conv3.weight_ch789,4.3658928871154785
layer4.0.conv3.weight,1539,layer4.0.conv3.weight_ch1539,4.3653340339660645
layer3.2.conv2.weight,162,layer3.2.conv2.weight_ch162,4.361696243286133
layer3.0.conv3.weight,549,layer3.0.conv3.weight_ch549,4.355207920074463
layer3.0.conv3.weight,296,layer3.0.conv3.weight_ch296,4.354818820953369
layer3.2.conv3.weight,862,layer3.2.conv3.weight_ch862,4.353975772857666
layer3.1.conv3.weight,957,layer3.1.conv3.weight_ch957,4.3490777015686035
layer3.3.conv3.weight,225,layer3.3.conv3.weight_ch225,4.347643852233887
layer4.0.conv3.weight,1645,layer4.0.conv3.weight_ch1645,4.347063064575195
layer3.4.conv3.weight,315,layer3.4.conv3.weight_ch315,4.344320774078369
layer2.0.conv1.weight,59,layer2.0.conv1.weight_ch59,4.343786239624023
layer3.2.conv3.weight,191,layer3.2.conv3.weight_ch191,4.340993881225586
layer3.4.conv3.weight,431,layer3.4.conv3.weight_ch431,4.340238094329834
layer3.3.conv3.weight,235,layer3.3.conv3.weight_ch235,4.336088180541992
layer3.0.conv3.weight,811,layer3.0.conv3.weight_ch811,4.3349409103393555
layer4.1.conv1.weight,154,layer4.1.conv1.weight_ch154,4.332385063171387
layer4.1.conv1.weight,73,layer4.1.conv1.weight_ch73,4.331133842468262
layer3.5.conv3.weight,80,layer3.5.conv3.weight_ch80,4.3302412033081055
layer3.0.conv3.weight,83,layer3.0.conv3.weight_ch83,4.329899787902832
layer4.1.conv1.weight,21,layer4.1.conv1.weight_ch21,4.32957649230957
layer3.1.conv3.weight,287,layer3.1.conv3.weight_ch287,4.325164794921875
layer4.1.conv1.weight,157,layer4.1.conv1.weight_ch157,4.312314510345459
layer4.0.conv3.weight,247,layer4.0.conv3.weight_ch247,4.311549663543701
layer4.0.conv3.weight,1446,layer4.0.conv3.weight_ch1446,4.311392784118652
layer3.0.conv2.weight,134,layer3.0.conv2.weight_ch134,4.310394287109375
layer3.3.conv3.weight,1001,layer3.3.conv3.weight_ch1001,4.3038763999938965
layer3.0.conv2.weight,174,layer3.0.conv2.weight_ch174,4.298593044281006
layer3.3.conv3.weight,661,layer3.3.conv3.weight_ch661,4.296578407287598
layer3.2.conv3.weight,927,layer3.2.conv3.weight_ch927,4.296449661254883
layer4.0.conv3.weight,905,layer4.0.conv3.weight_ch905,4.29186487197876
layer3.2.conv3.weight,1009,layer3.2.conv3.weight_ch1009,4.291382312774658
layer2.0.conv2.weight,47,layer2.0.conv2.weight_ch47,4.291356563568115
layer3.4.conv3.weight,138,layer3.4.conv3.weight_ch138,4.289923667907715
layer4.1.conv1.weight,0,layer4.1.conv1.weight_ch0,4.285019874572754
layer2.1.conv3.weight,124,layer2.1.conv3.weight_ch124,4.283173561096191
layer4.1.conv1.weight,474,layer4.1.conv1.weight_ch474,4.282716751098633
layer3.3.conv3.weight,843,layer3.3.conv3.weight_ch843,4.28124475479126
layer3.3.conv3.weight,893,layer3.3.conv3.weight_ch893,4.278262138366699
layer3.5.conv3.weight,809,layer3.5.conv3.weight_ch809,4.277135372161865
layer3.0.conv2.weight,62,layer3.0.conv2.weight_ch62,4.273708343505859
layer3.0.conv2.weight,184,layer3.0.conv2.weight_ch184,4.272077560424805
layer3.1.conv3.weight,680,layer3.1.conv3.weight_ch680,4.271365165710449
layer3.3.conv3.weight,139,layer3.3.conv3.weight_ch139,4.269793510437012
layer3.1.conv3.weight,304,layer3.1.conv3.weight_ch304,4.2649688720703125
layer3.0.conv3.weight,781,layer3.0.conv3.weight_ch781,4.262099742889404
layer4.0.conv3.weight,296,layer4.0.conv3.weight_ch296,4.262063980102539
layer3.5.conv3.weight,972,layer3.5.conv3.weight_ch972,4.258182525634766
layer2.3.conv2.weight,46,layer2.3.conv2.weight_ch46,4.254992961883545
layer3.4.conv3.weight,752,layer3.4.conv3.weight_ch752,4.252808094024658
layer3.5.conv3.weight,401,layer3.5.conv3.weight_ch401,4.249299049377441
layer3.4.conv3.weight,442,layer3.4.conv3.weight_ch442,4.24872350692749
layer4.0.conv3.weight,330,layer4.0.conv3.weight_ch330,4.2483110427856445
layer3.4.conv3.weight,265,layer3.4.conv3.weight_ch265,4.2412638664245605
layer3.0.conv3.weight,973,layer3.0.conv3.weight_ch973,4.240997314453125
layer3.1.conv3.weight,561,layer3.1.conv3.weight_ch561,4.2394232749938965
layer4.0.conv3.weight,1886,layer4.0.conv3.weight_ch1886,4.238374710083008
layer4.0.conv3.weight,1662,layer4.0.conv3.weight_ch1662,4.237912178039551
layer3.0.conv3.weight,402,layer3.0.conv3.weight_ch402,4.233387470245361
layer3.0.conv3.weight,911,layer3.0.conv3.weight_ch911,4.231330871582031
layer3.4.conv3.weight,835,layer3.4.conv3.weight_ch835,4.2310004234313965
layer4.0.conv3.weight,965,layer4.0.conv3.weight_ch965,4.230091094970703
layer2.0.conv1.weight,120,layer2.0.conv1.weight_ch120,4.213558673858643
layer4.0.conv3.weight,1822,layer4.0.conv3.weight_ch1822,4.206926345825195
layer4.0.conv3.weight,340,layer4.0.conv3.weight_ch340,4.2061944007873535
layer3.4.conv3.weight,224,layer3.4.conv3.weight_ch224,4.201095104217529
layer4.0.conv3.weight,1331,layer4.0.conv3.weight_ch1331,4.197968482971191
layer3.3.conv3.weight,986,layer3.3.conv3.weight_ch986,4.197892189025879
layer3.5.conv3.weight,563,layer3.5.conv3.weight_ch563,4.195303440093994
layer3.0.conv3.weight,853,layer3.0.conv3.weight_ch853,4.194918632507324
layer3.2.conv2.weight,3,layer3.2.conv2.weight_ch3,4.191015243530273
layer3.4.conv3.weight,783,layer3.4.conv3.weight_ch783,4.189009666442871
layer3.2.conv2.weight,115,layer3.2.conv2.weight_ch115,4.185568809509277
layer4.0.conv3.weight,1428,layer4.0.conv3.weight_ch1428,4.1855340003967285
layer3.1.conv3.weight,324,layer3.1.conv3.weight_ch324,4.180438995361328
layer2.1.conv3.weight,123,layer2.1.conv3.weight_ch123,4.179900169372559
layer3.0.conv3.weight,663,layer3.0.conv3.weight_ch663,4.177536487579346
layer3.1.conv3.weight,893,layer3.1.conv3.weight_ch893,4.177318572998047
layer3.3.conv3.weight,883,layer3.3.conv3.weight_ch883,4.177250862121582
layer4.1.conv1.weight,66,layer4.1.conv1.weight_ch66,4.17460823059082
layer3.2.conv3.weight,526,layer3.2.conv3.weight_ch526,4.171207904815674
layer3.2.conv2.weight,227,layer3.2.conv2.weight_ch227,4.16869592666626
layer3.5.conv3.weight,1007,layer3.5.conv3.weight_ch1007,4.1680779457092285
layer3.2.conv3.weight,321,layer3.2.conv3.weight_ch321,4.167623043060303
layer3.2.conv2.weight,137,layer3.2.conv2.weight_ch137,4.166319370269775
layer3.3.conv3.weight,913,layer3.3.conv3.weight_ch913,4.1656107902526855
layer4.0.conv3.weight,72,layer4.0.conv3.weight_ch72,4.163092613220215
layer4.0.conv3.weight,1405,layer4.0.conv3.weight_ch1405,4.162209987640381
layer3.0.conv3.weight,347,layer3.0.conv3.weight_ch347,4.147654056549072
layer4.0.conv3.weight,826,layer4.0.conv3.weight_ch826,4.141916751861572
layer4.0.conv3.weight,1157,layer4.0.conv3.weight_ch1157,4.1386237144470215
layer4.0.conv3.weight,28,layer4.0.conv3.weight_ch28,4.134535789489746
layer3.2.conv3.weight,37,layer3.2.conv3.weight_ch37,4.1307902336120605
layer4.1.conv1.weight,398,layer4.1.conv1.weight_ch398,4.128698825836182
layer2.1.conv3.weight,121,layer2.1.conv3.weight_ch121,4.126327037811279
layer3.3.conv3.weight,987,layer3.3.conv3.weight_ch987,4.124658584594727
layer3.2.conv3.weight,669,layer3.2.conv3.weight_ch669,4.122946739196777
layer3.2.conv3.weight,479,layer3.2.conv3.weight_ch479,4.120203018188477
layer3.2.conv3.weight,937,layer3.2.conv3.weight_ch937,4.119400978088379
layer4.0.conv3.weight,142,layer4.0.conv3.weight_ch142,4.118308067321777
layer3.1.conv3.weight,628,layer3.1.conv3.weight_ch628,4.118052005767822
layer3.1.conv3.weight,463,layer3.1.conv3.weight_ch463,4.1132049560546875
layer3.5.conv3.weight,349,layer3.5.conv3.weight_ch349,4.111993312835693
layer3.0.conv2.weight,234,layer3.0.conv2.weight_ch234,4.111687183380127
layer3.3.conv3.weight,787,layer3.3.conv3.weight_ch787,4.110230445861816
layer4.0.conv3.weight,196,layer4.0.conv3.weight_ch196,4.107810020446777
layer4.0.conv3.weight,1604,layer4.0.conv3.weight_ch1604,4.106130123138428
layer3.5.conv3.weight,385,layer3.5.conv3.weight_ch385,4.10585880279541
layer4.0.conv3.weight,449,layer4.0.conv3.weight_ch449,4.10537052154541
layer3.4.conv3.weight,45,layer3.4.conv3.weight_ch45,4.101061820983887
layer3.1.conv3.weight,763,layer3.1.conv3.weight_ch763,4.097686767578125
layer3.3.conv3.weight,570,layer3.3.conv3.weight_ch570,4.09726619720459
layer3.3.conv3.weight,918,layer3.3.conv3.weight_ch918,4.091520309448242
layer4.0.conv3.weight,165,layer4.0.conv3.weight_ch165,4.086145401000977
layer3.0.conv3.weight,56,layer3.0.conv3.weight_ch56,4.0840935707092285
layer3.2.conv3.weight,952,layer3.2.conv3.weight_ch952,4.083282947540283
layer3.0.conv2.weight,121,layer3.0.conv2.weight_ch121,4.081172466278076
layer4.0.conv3.weight,1942,layer4.0.conv3.weight_ch1942,4.080911159515381
layer3.0.conv2.weight,225,layer3.0.conv2.weight_ch225,4.080901622772217
layer3.4.conv3.weight,80,layer3.4.conv3.weight_ch80,4.080174922943115
layer3.1.conv3.weight,551,layer3.1.conv3.weight_ch551,4.080123424530029
layer4.0.conv3.weight,555,layer4.0.conv3.weight_ch555,4.077466011047363
layer3.5.conv3.weight,312,layer3.5.conv3.weight_ch312,4.076015472412109
layer3.1.conv3.weight,416,layer3.1.conv3.weight_ch416,4.0757269859313965
layer3.3.conv3.weight,505,layer3.3.conv3.weight_ch505,4.075149059295654
layer4.0.conv3.weight,1293,layer4.0.conv3.weight_ch1293,4.07244873046875
layer3.0.conv2.weight,223,layer3.0.conv2.weight_ch223,4.0721821784973145
layer1.2.conv3.weight,205,layer1.2.conv3.weight_ch205,4.068576335906982
layer4.0.conv3.weight,448,layer4.0.conv3.weight_ch448,4.067976951599121
layer3.0.conv3.weight,725,layer3.0.conv3.weight_ch725,4.067939281463623
layer4.0.conv3.weight,1630,layer4.0.conv3.weight_ch1630,4.067579746246338
layer2.3.conv2.weight,49,layer2.3.conv2.weight_ch49,4.065751075744629
layer4.0.conv3.weight,780,layer4.0.conv3.weight_ch780,4.062105178833008
layer3.2.conv3.weight,764,layer3.2.conv3.weight_ch764,4.061828136444092
layer4.0.conv3.weight,416,layer4.0.conv3.weight_ch416,4.059922218322754
layer3.0.conv3.weight,267,layer3.0.conv3.weight_ch267,4.058221817016602
layer3.2.conv3.weight,390,layer3.2.conv3.weight_ch390,4.05540132522583
layer4.0.conv3.weight,187,layer4.0.conv3.weight_ch187,4.053790092468262
layer3.4.conv3.weight,2,layer3.4.conv3.weight_ch2,4.053362846374512
layer4.1.conv1.weight,65,layer4.1.conv1.weight_ch65,4.050999641418457
layer4.0.conv3.weight,1251,layer4.0.conv3.weight_ch1251,4.045706272125244
layer3.0.conv3.weight,487,layer3.0.conv3.weight_ch487,4.04566764831543
layer3.2.conv3.weight,500,layer3.2.conv3.weight_ch500,4.038734436035156
layer2.3.conv2.weight,25,layer2.3.conv2.weight_ch25,4.038547515869141
layer3.3.conv3.weight,376,layer3.3.conv3.weight_ch376,4.036672115325928
layer4.0.conv3.weight,743,layer4.0.conv3.weight_ch743,4.03665018081665
layer3.0.conv2.weight,190,layer3.0.conv2.weight_ch190,4.0341596603393555
layer4.0.conv3.weight,1269,layer4.0.conv3.weight_ch1269,4.031348705291748
layer4.0.conv3.weight,1041,layer4.0.conv3.weight_ch1041,4.026188850402832
layer4.0.conv3.weight,1976,layer4.0.conv3.weight_ch1976,4.023528099060059
layer4.0.conv3.weight,1806,layer4.0.conv3.weight_ch1806,4.018460750579834
layer3.0.conv3.weight,443,layer3.0.conv3.weight_ch443,4.014930725097656
layer4.0.conv3.weight,1788,layer4.0.conv3.weight_ch1788,4.0148186683654785
layer4.0.conv3.weight,590,layer4.0.conv3.weight_ch590,4.010408401489258
layer3.2.conv2.weight,106,layer3.2.conv2.weight_ch106,4.009981155395508
layer2.1.conv3.weight,485,layer2.1.conv3.weight_ch485,4.0062055587768555
layer3.1.conv3.weight,466,layer3.1.conv3.weight_ch466,4.005134582519531
layer3.2.conv3.weight,262,layer3.2.conv3.weight_ch262,4.001580715179443
layer4.0.conv3.weight,160,layer4.0.conv3.weight_ch160,4.000779628753662
layer3.4.conv3.weight,412,layer3.4.conv3.weight_ch412,3.9987266063690186
layer3.1.conv3.weight,291,layer3.1.conv3.weight_ch291,3.9937188625335693
layer3.0.conv3.weight,177,layer3.0.conv3.weight_ch177,3.9890341758728027
layer4.1.conv1.weight,298,layer4.1.conv1.weight_ch298,3.9850239753723145
layer1.2.conv3.weight,96,layer1.2.conv3.weight_ch96,3.980619192123413
layer4.0.conv3.weight,1019,layer4.0.conv3.weight_ch1019,3.979506015777588
layer3.4.conv3.weight,864,layer3.4.conv3.weight_ch864,3.979062080383301
layer3.0.conv3.weight,280,layer3.0.conv3.weight_ch280,3.9765684604644775
layer4.0.conv3.weight,15,layer4.0.conv3.weight_ch15,3.976280689239502
layer4.0.conv3.weight,401,layer4.0.conv3.weight_ch401,3.9746198654174805
layer4.0.conv3.weight,129,layer4.0.conv3.weight_ch129,3.9685158729553223
layer3.1.conv3.weight,755,layer3.1.conv3.weight_ch755,3.967632293701172
layer3.0.conv3.weight,34,layer3.0.conv3.weight_ch34,3.9630892276763916
layer3.5.conv3.weight,934,layer3.5.conv3.weight_ch934,3.9612200260162354
layer4.0.conv3.weight,1389,layer4.0.conv3.weight_ch1389,3.9605250358581543
layer4.0.conv3.weight,1753,layer4.0.conv3.weight_ch1753,3.9603092670440674
layer4.0.conv3.weight,306,layer4.0.conv3.weight_ch306,3.9588918685913086
layer3.4.conv3.weight,1001,layer3.4.conv3.weight_ch1001,3.9560141563415527
layer4.1.conv1.weight,352,layer4.1.conv1.weight_ch352,3.953355073928833
layer4.1.conv1.weight,397,layer4.1.conv1.weight_ch397,3.950068950653076
layer3.0.conv2.weight,111,layer3.0.conv2.weight_ch111,3.9476399421691895
layer3.2.conv3.weight,331,layer3.2.conv3.weight_ch331,3.947115898132324
layer4.0.conv3.weight,2023,layer4.0.conv3.weight_ch2023,3.9465365409851074
layer4.0.conv3.weight,149,layer4.0.conv3.weight_ch149,3.945803642272949
layer3.4.conv3.weight,625,layer3.4.conv3.weight_ch625,3.9386656284332275
layer4.0.conv3.weight,1689,layer4.0.conv3.weight_ch1689,3.936098337173462
layer4.0.conv3.weight,980,layer4.0.conv3.weight_ch980,3.9325764179229736
layer3.1.conv3.weight,41,layer3.1.conv3.weight_ch41,3.9312386512756348
layer3.2.conv3.weight,83,layer3.2.conv3.weight_ch83,3.9288721084594727
layer2.1.conv3.weight,180,layer2.1.conv3.weight_ch180,3.927968740463257
layer3.4.conv3.weight,197,layer3.4.conv3.weight_ch197,3.9268624782562256
layer3.5.conv3.weight,177,layer3.5.conv3.weight_ch177,3.925874710083008
layer3.0.conv3.weight,634,layer3.0.conv3.weight_ch634,3.9251837730407715
layer4.0.conv3.weight,1414,layer4.0.conv3.weight_ch1414,3.924541711807251
layer4.0.conv3.weight,1250,layer4.0.conv3.weight_ch1250,3.921062469482422
layer2.1.conv3.weight,265,layer2.1.conv3.weight_ch265,3.9203145503997803
layer3.0.conv2.weight,175,layer3.0.conv2.weight_ch175,3.917710542678833
layer3.3.conv3.weight,493,layer3.3.conv3.weight_ch493,3.9174509048461914
layer3.4.conv3.weight,651,layer3.4.conv3.weight_ch651,3.916661500930786
layer3.5.conv3.weight,260,layer3.5.conv3.weight_ch260,3.910440683364868
layer4.0.conv3.weight,41,layer4.0.conv3.weight_ch41,3.910224199295044
layer3.0.conv3.weight,429,layer3.0.conv3.weight_ch429,3.9089033603668213
layer3.4.conv3.weight,564,layer3.4.conv3.weight_ch564,3.9075140953063965
layer2.1.conv3.weight,95,layer2.1.conv3.weight_ch95,3.9018383026123047
layer4.0.conv3.weight,767,layer4.0.conv3.weight_ch767,3.8974404335021973
layer2.1.conv3.weight,49,layer2.1.conv3.weight_ch49,3.889605760574341
layer2.1.conv3.weight,419,layer2.1.conv3.weight_ch419,3.8850791454315186
layer4.0.conv3.weight,990,layer4.0.conv3.weight_ch990,3.884047031402588
layer3.2.conv3.weight,557,layer3.2.conv3.weight_ch557,3.88191294670105
layer3.1.conv3.weight,1010,layer3.1.conv3.weight_ch1010,3.880025863647461
layer4.1.conv1.weight,325,layer4.1.conv1.weight_ch325,3.8796310424804688
layer4.0.conv3.weight,394,layer4.0.conv3.weight_ch394,3.876319646835327
layer3.2.conv3.weight,725,layer3.2.conv3.weight_ch725,3.8754005432128906
layer4.0.conv3.weight,371,layer4.0.conv3.weight_ch371,3.8744125366210938
layer3.5.conv3.weight,962,layer3.5.conv3.weight_ch962,3.8713197708129883
layer3.2.conv3.weight,269,layer3.2.conv3.weight_ch269,3.8675696849823
layer2.0.conv2.weight,77,layer2.0.conv2.weight_ch77,3.866820812225342
layer4.0.conv3.weight,536,layer4.0.conv3.weight_ch536,3.8663387298583984
layer3.3.conv3.weight,805,layer3.3.conv3.weight_ch805,3.8662710189819336
layer3.4.conv3.weight,802,layer3.4.conv3.weight_ch802,3.8652822971343994
layer3.4.conv3.weight,64,layer3.4.conv3.weight_ch64,3.8628041744232178
layer3.3.conv3.weight,340,layer3.3.conv3.weight_ch340,3.860543966293335
layer3.2.conv3.weight,654,layer3.2.conv3.weight_ch654,3.855133056640625
layer3.0.conv2.weight,189,layer3.0.conv2.weight_ch189,3.8546664714813232
layer3.0.conv3.weight,286,layer3.0.conv3.weight_ch286,3.853167772293091
layer4.1.conv1.weight,470,layer4.1.conv1.weight_ch470,3.8519742488861084
layer4.0.conv3.weight,70,layer4.0.conv3.weight_ch70,3.8496391773223877
layer3.4.conv3.weight,741,layer3.4.conv3.weight_ch741,3.8467559814453125
layer3.4.conv3.weight,365,layer3.4.conv3.weight_ch365,3.844417095184326
layer1.2.conv3.weight,80,layer1.2.conv3.weight_ch80,3.84326171875
layer2.0.conv2.weight,109,layer2.0.conv2.weight_ch109,3.842604637145996
layer4.1.conv1.weight,345,layer4.1.conv1.weight_ch345,3.840975284576416
layer3.2.conv2.weight,190,layer3.2.conv2.weight_ch190,3.8405468463897705
layer2.1.conv3.weight,477,layer2.1.conv3.weight_ch477,3.8396613597869873
layer4.0.conv3.weight,1780,layer4.0.conv3.weight_ch1780,3.838916540145874
layer3.2.conv2.weight,128,layer3.2.conv2.weight_ch128,3.8358519077301025
layer4.0.conv3.weight,1282,layer4.0.conv3.weight_ch1282,3.8349199295043945
layer3.2.conv3.weight,253,layer3.2.conv3.weight_ch253,3.8296964168548584
layer2.1.conv3.weight,301,layer2.1.conv3.weight_ch301,3.828197479248047
layer3.4.conv3.weight,305,layer3.4.conv3.weight_ch305,3.827099561691284
layer3.4.conv3.weight,147,layer3.4.conv3.weight_ch147,3.826425075531006
layer3.2.conv3.weight,326,layer3.2.conv3.weight_ch326,3.825039863586426
layer3.1.conv3.weight,361,layer3.1.conv3.weight_ch361,3.8242413997650146
layer3.4.conv3.weight,776,layer3.4.conv3.weight_ch776,3.8216123580932617
layer4.0.conv3.weight,78,layer4.0.conv3.weight_ch78,3.816661834716797
layer3.4.conv3.weight,394,layer3.4.conv3.weight_ch394,3.8145928382873535
layer3.3.conv3.weight,886,layer3.3.conv3.weight_ch886,3.8129241466522217
layer3.0.conv3.weight,299,layer3.0.conv3.weight_ch299,3.8121049404144287
layer2.3.conv2.weight,62,layer2.3.conv2.weight_ch62,3.80879807472229
layer3.1.conv3.weight,522,layer3.1.conv3.weight_ch522,3.804133176803589
layer3.2.conv3.weight,295,layer3.2.conv3.weight_ch295,3.800440788269043
layer3.0.conv2.weight,74,layer3.0.conv2.weight_ch74,3.79911208152771
layer4.0.conv3.weight,1485,layer4.0.conv3.weight_ch1485,3.795790195465088
layer2.3.conv2.weight,116,layer2.3.conv2.weight_ch116,3.794027090072632
layer2.1.conv3.weight,189,layer2.1.conv3.weight_ch189,3.793102979660034
layer3.2.conv2.weight,42,layer3.2.conv2.weight_ch42,3.789579153060913
layer3.1.conv3.weight,741,layer3.1.conv3.weight_ch741,3.7871203422546387
layer3.5.conv3.weight,866,layer3.5.conv3.weight_ch866,3.7824783325195312
layer3.5.conv3.weight,693,layer3.5.conv3.weight_ch693,3.7815263271331787
layer2.0.conv2.weight,110,layer2.0.conv2.weight_ch110,3.7806942462921143
layer4.0.conv3.weight,1115,layer4.0.conv3.weight_ch1115,3.7793731689453125
layer4.1.conv1.weight,423,layer4.1.conv1.weight_ch423,3.7777469158172607
layer3.2.conv3.weight,280,layer3.2.conv3.weight_ch280,3.776761531829834
layer3.1.conv3.weight,360,layer3.1.conv3.weight_ch360,3.7738027572631836
layer3.4.conv3.weight,642,layer3.4.conv3.weight_ch642,3.7692155838012695
layer3.5.conv3.weight,547,layer3.5.conv3.weight_ch547,3.768303871154785
layer3.1.conv3.weight,404,layer3.1.conv3.weight_ch404,3.767930269241333
layer3.5.conv3.weight,76,layer3.5.conv3.weight_ch76,3.7659568786621094
layer2.1.conv3.weight,302,layer2.1.conv3.weight_ch302,3.7652852535247803
layer3.0.conv3.weight,525,layer3.0.conv3.weight_ch525,3.7618308067321777
layer3.5.conv3.weight,881,layer3.5.conv3.weight_ch881,3.7614223957061768
layer3.2.conv3.weight,418,layer3.2.conv3.weight_ch418,3.760974168777466
layer4.0.conv3.weight,1147,layer4.0.conv3.weight_ch1147,3.7577123641967773
layer3.5.conv3.weight,309,layer3.5.conv3.weight_ch309,3.7564713954925537
layer3.0.conv2.weight,70,layer3.0.conv2.weight_ch70,3.7524163722991943
layer3.4.conv3.weight,863,layer3.4.conv3.weight_ch863,3.7512733936309814
layer2.1.conv3.weight,371,layer2.1.conv3.weight_ch371,3.750253438949585
layer3.2.conv3.weight,741,layer3.2.conv3.weight_ch741,3.7497010231018066
layer3.3.conv3.weight,395,layer3.3.conv3.weight_ch395,3.7492241859436035
layer3.3.conv3.weight,222,layer3.3.conv3.weight_ch222,3.749098777770996
layer3.5.conv3.weight,566,layer3.5.conv3.weight_ch566,3.747272491455078
layer4.0.conv3.weight,295,layer4.0.conv3.weight_ch295,3.745205879211426
layer3.0.conv2.weight,68,layer3.0.conv2.weight_ch68,3.7440125942230225
layer3.2.conv3.weight,132,layer3.2.conv3.weight_ch132,3.7439513206481934
layer3.0.conv2.weight,60,layer3.0.conv2.weight_ch60,3.743030071258545
layer4.0.conv3.weight,1248,layer4.0.conv3.weight_ch1248,3.738248825073242
layer4.0.conv3.weight,319,layer4.0.conv3.weight_ch319,3.738176107406616
layer4.0.conv3.weight,11,layer4.0.conv3.weight_ch11,3.7371115684509277
layer3.5.conv3.weight,159,layer3.5.conv3.weight_ch159,3.733870267868042
layer3.0.conv3.weight,465,layer3.0.conv3.weight_ch465,3.733604907989502
layer3.0.conv2.weight,91,layer3.0.conv2.weight_ch91,3.733534812927246
layer3.2.conv2.weight,154,layer3.2.conv2.weight_ch154,3.733181953430176
layer4.1.conv1.weight,103,layer4.1.conv1.weight_ch103,3.7322580814361572
layer3.4.conv3.weight,65,layer3.4.conv3.weight_ch65,3.7316324710845947
layer3.0.conv3.weight,86,layer3.0.conv3.weight_ch86,3.7277796268463135
layer3.0.conv3.weight,345,layer3.0.conv3.weight_ch345,3.723742961883545
layer3.3.conv3.weight,41,layer3.3.conv3.weight_ch41,3.7233896255493164
layer3.0.conv3.weight,1003,layer3.0.conv3.weight_ch1003,3.7219574451446533
layer4.0.conv3.weight,1370,layer4.0.conv3.weight_ch1370,3.7209861278533936
layer4.0.conv3.weight,661,layer4.0.conv3.weight_ch661,3.72013783454895
layer3.4.conv3.weight,497,layer3.4.conv3.weight_ch497,3.720097303390503
layer3.0.conv3.weight,825,layer3.0.conv3.weight_ch825,3.7176966667175293
layer3.4.conv3.weight,872,layer3.4.conv3.weight_ch872,3.7168359756469727
layer4.0.conv3.weight,355,layer4.0.conv3.weight_ch355,3.7167937755584717
layer3.5.conv3.weight,899,layer3.5.conv3.weight_ch899,3.714993715286255
layer3.2.conv3.weight,553,layer3.2.conv3.weight_ch553,3.7098569869995117
layer3.1.conv3.weight,532,layer3.1.conv3.weight_ch532,3.7089176177978516
layer3.2.conv2.weight,125,layer3.2.conv2.weight_ch125,3.70373272895813
layer3.2.conv3.weight,139,layer3.2.conv3.weight_ch139,3.702148914337158
layer3.4.conv3.weight,488,layer3.4.conv3.weight_ch488,3.7019309997558594
layer3.1.conv3.weight,420,layer3.1.conv3.weight_ch420,3.7012598514556885
layer3.3.conv3.weight,1022,layer3.3.conv3.weight_ch1022,3.6946511268615723
layer4.0.conv3.weight,1423,layer4.0.conv3.weight_ch1423,3.6933436393737793
layer3.2.conv2.weight,165,layer3.2.conv2.weight_ch165,3.690776824951172
layer4.0.conv3.weight,664,layer4.0.conv3.weight_ch664,3.6898727416992188
layer2.1.conv3.weight,156,layer2.1.conv3.weight_ch156,3.688516855239868
layer3.3.conv3.weight,772,layer3.3.conv3.weight_ch772,3.6882591247558594
layer3.2.conv3.weight,234,layer3.2.conv3.weight_ch234,3.687530279159546
layer3.1.conv3.weight,488,layer3.1.conv3.weight_ch488,3.685670852661133
layer3.2.conv2.weight,159,layer3.2.conv2.weight_ch159,3.6846766471862793
layer4.0.conv3.weight,603,layer4.0.conv3.weight_ch603,3.6834490299224854
layer3.1.conv3.weight,659,layer3.1.conv3.weight_ch659,3.6828646659851074
layer4.1.conv1.weight,486,layer4.1.conv1.weight_ch486,3.6810402870178223
layer4.1.conv1.weight,296,layer4.1.conv1.weight_ch296,3.6800689697265625
layer3.5.conv3.weight,300,layer3.5.conv3.weight_ch300,3.6774280071258545
layer3.5.conv3.weight,210,layer3.5.conv3.weight_ch210,3.6764891147613525
layer3.2.conv3.weight,194,layer3.2.conv3.weight_ch194,3.6762125492095947
layer3.3.conv3.weight,435,layer3.3.conv3.weight_ch435,3.674666166305542
layer3.3.conv3.weight,766,layer3.3.conv3.weight_ch766,3.673330307006836
layer3.4.conv3.weight,983,layer3.4.conv3.weight_ch983,3.6722586154937744
layer4.1.conv1.weight,5,layer4.1.conv1.weight_ch5,3.6711392402648926
layer4.0.conv3.weight,1838,layer4.0.conv3.weight_ch1838,3.6706156730651855
layer3.1.conv3.weight,931,layer3.1.conv3.weight_ch931,3.6689577102661133
layer3.5.conv3.weight,147,layer3.5.conv3.weight_ch147,3.6624841690063477
layer3.4.conv3.weight,163,layer3.4.conv3.weight_ch163,3.6604323387145996
layer3.1.conv3.weight,947,layer3.1.conv3.weight_ch947,3.6533286571502686
layer4.0.conv3.weight,1605,layer4.0.conv3.weight_ch1605,3.653182029724121
layer3.3.conv3.weight,916,layer3.3.conv3.weight_ch916,3.65280818939209
layer3.2.conv3.weight,626,layer3.2.conv3.weight_ch626,3.651951789855957
layer3.2.conv3.weight,186,layer3.2.conv3.weight_ch186,3.650721311569214
layer3.2.conv3.weight,398,layer3.2.conv3.weight_ch398,3.6501784324645996
layer4.0.conv3.weight,716,layer4.0.conv3.weight_ch716,3.648928165435791
layer3.0.conv3.weight,611,layer3.0.conv3.weight_ch611,3.647874355316162
layer3.5.conv3.weight,201,layer3.5.conv3.weight_ch201,3.647291421890259
layer3.1.conv3.weight,359,layer3.1.conv3.weight_ch359,3.6441547870635986
layer3.5.conv3.weight,946,layer3.5.conv3.weight_ch946,3.6415412425994873
layer3.4.conv3.weight,972,layer3.4.conv3.weight_ch972,3.640336036682129
layer3.2.conv2.weight,166,layer3.2.conv2.weight_ch166,3.639730215072632
layer4.1.conv1.weight,167,layer4.1.conv1.weight_ch167,3.6395316123962402
layer3.5.conv3.weight,221,layer3.5.conv3.weight_ch221,3.6385903358459473
layer4.0.conv3.weight,436,layer4.0.conv3.weight_ch436,3.637361764907837
layer3.3.conv3.weight,302,layer3.3.conv3.weight_ch302,3.634408473968506
layer3.2.conv2.weight,67,layer3.2.conv2.weight_ch67,3.6299564838409424
layer3.2.conv2.weight,66,layer3.2.conv2.weight_ch66,3.628767251968384
layer4.0.conv3.weight,422,layer4.0.conv3.weight_ch422,3.628458023071289
layer4.0.conv3.weight,1467,layer4.0.conv3.weight_ch1467,3.625152111053467
layer3.5.conv3.weight,1005,layer3.5.conv3.weight_ch1005,3.622159719467163
layer4.0.conv3.weight,1853,layer4.0.conv3.weight_ch1853,3.620450019836426
layer3.2.conv3.weight,797,layer3.2.conv3.weight_ch797,3.619851589202881
layer3.2.conv3.weight,16,layer3.2.conv3.weight_ch16,3.619490146636963
layer2.0.conv2.weight,63,layer2.0.conv2.weight_ch63,3.61881160736084
layer4.0.conv3.weight,2024,layer4.0.conv3.weight_ch2024,3.6172752380371094
layer4.0.conv3.weight,1244,layer4.0.conv3.weight_ch1244,3.6156811714172363
layer4.0.conv3.weight,1287,layer4.0.conv3.weight_ch1287,3.614649534225464
layer4.0.conv3.weight,348,layer4.0.conv3.weight_ch348,3.6146304607391357
layer4.0.conv3.weight,1597,layer4.0.conv3.weight_ch1597,3.614213466644287
layer3.4.conv3.weight,476,layer3.4.conv3.weight_ch476,3.6136221885681152
layer4.0.conv3.weight,1567,layer4.0.conv3.weight_ch1567,3.6121826171875
layer3.4.conv3.weight,37,layer3.4.conv3.weight_ch37,3.6066458225250244
layer3.0.conv2.weight,161,layer3.0.conv2.weight_ch161,3.6052932739257812
layer4.0.conv3.weight,608,layer4.0.conv3.weight_ch608,3.6009860038757324
layer4.0.conv3.weight,169,layer4.0.conv3.weight_ch169,3.600421905517578
layer4.1.conv1.weight,151,layer4.1.conv1.weight_ch151,3.5993661880493164
layer4.0.conv3.weight,1784,layer4.0.conv3.weight_ch1784,3.598771095275879
layer4.0.conv3.weight,441,layer4.0.conv3.weight_ch441,3.598198175430298
layer3.3.conv3.weight,667,layer3.3.conv3.weight_ch667,3.597233295440674
layer3.1.conv3.weight,412,layer3.1.conv3.weight_ch412,3.5968017578125
layer4.0.conv3.weight,1104,layer4.0.conv3.weight_ch1104,3.5966992378234863
layer4.1.conv1.weight,102,layer4.1.conv1.weight_ch102,3.5964088439941406
layer3.3.conv3.weight,402,layer3.3.conv3.weight_ch402,3.595581531524658
layer4.0.conv3.weight,992,layer4.0.conv3.weight_ch992,3.5951263904571533
layer3.0.conv3.weight,711,layer3.0.conv3.weight_ch711,3.5946390628814697
layer3.4.conv3.weight,182,layer3.4.conv3.weight_ch182,3.593308448791504
layer3.4.conv3.weight,839,layer3.4.conv3.weight_ch839,3.589540719985962
layer2.0.conv1.weight,68,layer2.0.conv1.weight_ch68,3.5867154598236084
layer3.3.conv3.weight,221,layer3.3.conv3.weight_ch221,3.5864272117614746
layer3.2.conv3.weight,747,layer3.2.conv3.weight_ch747,3.583789110183716
layer4.0.conv3.weight,1583,layer4.0.conv3.weight_ch1583,3.583441972732544
layer3.3.conv3.weight,347,layer3.3.conv3.weight_ch347,3.5825612545013428
layer3.1.conv3.weight,585,layer3.1.conv3.weight_ch585,3.5821220874786377
layer3.4.conv3.weight,528,layer3.4.conv3.weight_ch528,3.5809054374694824
layer3.4.conv3.weight,3,layer3.4.conv3.weight_ch3,3.580260753631592
layer4.0.conv3.weight,1856,layer4.0.conv3.weight_ch1856,3.5789718627929688
layer3.2.conv3.weight,724,layer3.2.conv3.weight_ch724,3.578482151031494
layer3.2.conv3.weight,167,layer3.2.conv3.weight_ch167,3.577418804168701
layer3.5.conv3.weight,858,layer3.5.conv3.weight_ch858,3.5750975608825684
layer4.0.conv3.weight,510,layer4.0.conv3.weight_ch510,3.572800636291504
layer4.0.conv3.weight,1444,layer4.0.conv3.weight_ch1444,3.5721755027770996
layer2.1.conv3.weight,151,layer2.1.conv3.weight_ch151,3.5719261169433594
layer3.4.conv3.weight,415,layer3.4.conv3.weight_ch415,3.570615768432617
layer3.1.conv3.weight,317,layer3.1.conv3.weight_ch317,3.5688679218292236
layer4.0.conv3.weight,1141,layer4.0.conv3.weight_ch1141,3.564971446990967
layer4.0.conv3.weight,627,layer4.0.conv3.weight_ch627,3.5627291202545166
layer3.0.conv3.weight,679,layer3.0.conv3.weight_ch679,3.5597517490386963
layer4.0.conv3.weight,1540,layer4.0.conv3.weight_ch1540,3.5594425201416016
layer4.0.conv3.weight,988,layer4.0.conv3.weight_ch988,3.558089017868042
layer2.3.conv2.weight,110,layer2.3.conv2.weight_ch110,3.5566089153289795
layer3.3.conv3.weight,266,layer3.3.conv3.weight_ch266,3.555793523788452
layer4.0.conv3.weight,732,layer4.0.conv3.weight_ch732,3.5545153617858887
layer3.2.conv3.weight,177,layer3.2.conv3.weight_ch177,3.553581476211548
layer3.2.conv3.weight,922,layer3.2.conv3.weight_ch922,3.553333282470703
layer3.4.conv3.weight,56,layer3.4.conv3.weight_ch56,3.5485944747924805
layer3.3.conv3.weight,961,layer3.3.conv3.weight_ch961,3.54343318939209
layer3.0.conv3.weight,116,layer3.0.conv3.weight_ch116,3.5368270874023438
layer3.1.conv3.weight,550,layer3.1.conv3.weight_ch550,3.532658815383911
layer3.2.conv2.weight,82,layer3.2.conv2.weight_ch82,3.5311195850372314
layer4.1.conv1.weight,419,layer4.1.conv1.weight_ch419,3.527883291244507
layer4.0.conv3.weight,145,layer4.0.conv3.weight_ch145,3.5275135040283203
layer4.0.conv3.weight,620,layer4.0.conv3.weight_ch620,3.527411460876465
layer4.0.conv3.weight,1210,layer4.0.conv3.weight_ch1210,3.5262677669525146
layer4.1.conv1.weight,230,layer4.1.conv1.weight_ch230,3.5249385833740234
layer4.1.conv1.weight,23,layer4.1.conv1.weight_ch23,3.523926258087158
layer3.0.conv3.weight,981,layer3.0.conv3.weight_ch981,3.5228304862976074
layer4.0.conv3.weight,1835,layer4.0.conv3.weight_ch1835,3.522465705871582
layer1.2.conv3.weight,110,layer1.2.conv3.weight_ch110,3.5207886695861816
layer3.5.conv3.weight,324,layer3.5.conv3.weight_ch324,3.5199968814849854
layer3.0.conv3.weight,472,layer3.0.conv3.weight_ch472,3.5188820362091064
layer3.4.conv3.weight,771,layer3.4.conv3.weight_ch771,3.517409324645996
layer3.2.conv3.weight,999,layer3.2.conv3.weight_ch999,3.516408681869507
layer3.1.conv3.weight,600,layer3.1.conv3.weight_ch600,3.5161218643188477
layer3.5.conv3.weight,720,layer3.5.conv3.weight_ch720,3.5152881145477295
layer3.1.conv3.weight,114,layer3.1.conv3.weight_ch114,3.5150232315063477
layer3.3.conv3.weight,749,layer3.3.conv3.weight_ch749,3.5148632526397705
layer4.1.conv1.weight,491,layer4.1.conv1.weight_ch491,3.5134973526000977
layer4.0.conv3.weight,950,layer4.0.conv3.weight_ch950,3.5134739875793457
layer4.0.conv3.weight,1300,layer4.0.conv3.weight_ch1300,3.510690450668335
layer3.2.conv3.weight,963,layer3.2.conv3.weight_ch963,3.510666847229004
layer4.0.conv3.weight,1746,layer4.0.conv3.weight_ch1746,3.510232448577881
layer4.0.conv3.weight,113,layer4.0.conv3.weight_ch113,3.509411096572876
layer3.0.conv3.weight,306,layer3.0.conv3.weight_ch306,3.5083224773406982
layer3.2.conv2.weight,99,layer3.2.conv2.weight_ch99,3.5072317123413086
layer3.2.conv3.weight,772,layer3.2.conv3.weight_ch772,3.503847360610962
layer3.0.conv3.weight,631,layer3.0.conv3.weight_ch631,3.5023739337921143
layer3.0.conv3.weight,433,layer3.0.conv3.weight_ch433,3.501697063446045
layer3.2.conv2.weight,182,layer3.2.conv2.weight_ch182,3.5000698566436768
layer2.3.conv2.weight,90,layer2.3.conv2.weight_ch90,3.499742269515991
layer4.0.conv3.weight,2032,layer4.0.conv3.weight_ch2032,3.4957187175750732
layer3.2.conv3.weight,918,layer3.2.conv3.weight_ch918,3.4952304363250732
layer3.5.conv3.weight,999,layer3.5.conv3.weight_ch999,3.491889476776123
layer1.2.conv3.weight,117,layer1.2.conv3.weight_ch117,3.490551471710205
layer3.4.conv3.weight,13,layer3.4.conv3.weight_ch13,3.4897422790527344
layer3.5.conv3.weight,719,layer3.5.conv3.weight_ch719,3.488988161087036
layer4.0.conv3.weight,545,layer4.0.conv3.weight_ch545,3.4875619411468506
layer3.3.conv3.weight,536,layer3.3.conv3.weight_ch536,3.483097553253174
layer4.1.conv1.weight,438,layer4.1.conv1.weight_ch438,3.4827446937561035
layer4.0.conv3.weight,66,layer4.0.conv3.weight_ch66,3.481637954711914
layer3.2.conv3.weight,56,layer3.2.conv3.weight_ch56,3.481503963470459
layer3.1.conv3.weight,883,layer3.1.conv3.weight_ch883,3.478714942932129
layer3.3.conv3.weight,256,layer3.3.conv3.weight_ch256,3.4778800010681152
layer3.5.conv3.weight,622,layer3.5.conv3.weight_ch622,3.4767637252807617
layer3.1.conv3.weight,838,layer3.1.conv3.weight_ch838,3.4760091304779053
layer4.0.conv3.weight,96,layer4.0.conv3.weight_ch96,3.475834369659424
layer3.2.conv3.weight,541,layer3.2.conv3.weight_ch541,3.473799228668213
layer3.3.conv3.weight,422,layer3.3.conv3.weight_ch422,3.4735889434814453
layer3.3.conv3.weight,352,layer3.3.conv3.weight_ch352,3.472691059112549
layer3.3.conv3.weight,442,layer3.3.conv3.weight_ch442,3.471989631652832
layer3.3.conv3.weight,9,layer3.3.conv3.weight_ch9,3.4716989994049072
layer3.3.conv3.weight,271,layer3.3.conv3.weight_ch271,3.4698731899261475
layer4.0.conv3.weight,1513,layer4.0.conv3.weight_ch1513,3.469592571258545
layer4.0.conv3.weight,1555,layer4.0.conv3.weight_ch1555,3.468989372253418
layer3.3.conv3.weight,223,layer3.3.conv3.weight_ch223,3.468867778778076
layer4.0.conv3.weight,648,layer4.0.conv3.weight_ch648,3.4676177501678467
layer4.0.conv3.weight,1858,layer4.0.conv3.weight_ch1858,3.4655377864837646
layer4.0.conv3.weight,438,layer4.0.conv3.weight_ch438,3.464876174926758
layer4.0.conv3.weight,170,layer4.0.conv3.weight_ch170,3.4646358489990234
layer3.4.conv3.weight,882,layer3.4.conv3.weight_ch882,3.464195728302002
layer2.0.conv2.weight,89,layer2.0.conv2.weight_ch89,3.463373899459839
layer4.0.conv3.weight,259,layer4.0.conv3.weight_ch259,3.462214231491089
layer3.5.conv3.weight,959,layer3.5.conv3.weight_ch959,3.4613914489746094
layer4.1.conv1.weight,478,layer4.1.conv1.weight_ch478,3.4611172676086426
layer4.0.conv3.weight,1763,layer4.0.conv3.weight_ch1763,3.459040403366089
layer3.2.conv3.weight,3,layer3.2.conv3.weight_ch3,3.458800792694092
layer3.3.conv3.weight,187,layer3.3.conv3.weight_ch187,3.458510160446167
layer3.0.conv3.weight,13,layer3.0.conv3.weight_ch13,3.458075523376465
layer3.1.conv3.weight,456,layer3.1.conv3.weight_ch456,3.4553136825561523
layer4.1.conv1.weight,116,layer4.1.conv1.weight_ch116,3.4539284706115723
layer2.1.conv3.weight,324,layer2.1.conv3.weight_ch324,3.4519169330596924
layer3.4.conv3.weight,511,layer3.4.conv3.weight_ch511,3.45151424407959
layer4.0.conv3.weight,442,layer4.0.conv3.weight_ch442,3.45127534866333
layer3.0.conv2.weight,63,layer3.0.conv2.weight_ch63,3.449885606765747
layer3.2.conv2.weight,43,layer3.2.conv2.weight_ch43,3.449122667312622
layer3.1.conv3.weight,582,layer3.1.conv3.weight_ch582,3.4477016925811768
layer4.0.conv3.weight,33,layer4.0.conv3.weight_ch33,3.4469168186187744
layer4.0.conv3.weight,733,layer4.0.conv3.weight_ch733,3.4446895122528076
layer3.5.conv3.weight,144,layer3.5.conv3.weight_ch144,3.4446229934692383
layer4.0.conv3.weight,898,layer4.0.conv3.weight_ch898,3.443632125854492
layer3.3.conv3.weight,151,layer3.3.conv3.weight_ch151,3.44352126121521
layer3.3.conv3.weight,396,layer3.3.conv3.weight_ch396,3.442856788635254
layer3.3.conv3.weight,725,layer3.3.conv3.weight_ch725,3.440997362136841
layer4.0.conv3.weight,644,layer4.0.conv3.weight_ch644,3.4334678649902344
layer4.1.conv1.weight,113,layer4.1.conv1.weight_ch113,3.430189847946167
layer2.3.conv2.weight,43,layer2.3.conv2.weight_ch43,3.4297571182250977
layer4.1.conv1.weight,137,layer4.1.conv1.weight_ch137,3.427046298980713
layer3.4.conv3.weight,459,layer3.4.conv3.weight_ch459,3.4265918731689453
layer3.5.conv3.weight,894,layer3.5.conv3.weight_ch894,3.425032138824463
layer3.2.conv3.weight,356,layer3.2.conv3.weight_ch356,3.4236698150634766
layer3.0.conv2.weight,40,layer3.0.conv2.weight_ch40,3.422015905380249
layer3.0.conv2.weight,243,layer3.0.conv2.weight_ch243,3.421910047531128
layer4.0.conv3.weight,1249,layer4.0.conv3.weight_ch1249,3.416727066040039
layer4.0.conv3.weight,1558,layer4.0.conv3.weight_ch1558,3.4135286808013916
layer4.0.conv3.weight,962,layer4.0.conv3.weight_ch962,3.411466598510742
layer3.3.conv3.weight,761,layer3.3.conv3.weight_ch761,3.4101669788360596
layer3.1.conv3.weight,798,layer3.1.conv3.weight_ch798,3.4095616340637207
layer3.4.conv3.weight,246,layer3.4.conv3.weight_ch246,3.40903377532959
layer2.1.conv3.weight,112,layer2.1.conv3.weight_ch112,3.407572031021118
layer3.1.conv3.weight,240,layer3.1.conv3.weight_ch240,3.407181739807129
layer4.0.conv3.weight,538,layer4.0.conv3.weight_ch538,3.4042935371398926
layer3.3.conv3.weight,856,layer3.3.conv3.weight_ch856,3.4037389755249023
layer1.2.conv3.weight,92,layer1.2.conv3.weight_ch92,3.4033894538879395
layer3.5.conv3.weight,420,layer3.5.conv3.weight_ch420,3.400824546813965
layer3.5.conv3.weight,402,layer3.5.conv3.weight_ch402,3.398937463760376
layer4.0.conv3.weight,1372,layer4.0.conv3.weight_ch1372,3.398815155029297
layer4.0.conv3.weight,2044,layer4.0.conv3.weight_ch2044,3.398772716522217
layer4.0.conv3.weight,568,layer4.0.conv3.weight_ch568,3.3960351943969727
layer4.0.conv3.weight,1327,layer4.0.conv3.weight_ch1327,3.3949310779571533
layer3.2.conv3.weight,881,layer3.2.conv3.weight_ch881,3.3930890560150146
layer3.4.conv3.weight,125,layer3.4.conv3.weight_ch125,3.3903417587280273
layer3.4.conv3.weight,1003,layer3.4.conv3.weight_ch1003,3.3899011611938477
layer4.0.conv3.weight,576,layer4.0.conv3.weight_ch576,3.389211893081665
layer3.0.conv3.weight,359,layer3.0.conv3.weight_ch359,3.386788845062256
layer4.0.conv3.weight,1589,layer4.0.conv3.weight_ch1589,3.386380434036255
layer3.1.conv3.weight,722,layer3.1.conv3.weight_ch722,3.3855538368225098
layer3.4.conv3.weight,749,layer3.4.conv3.weight_ch749,3.384382486343384
layer3.4.conv3.weight,763,layer3.4.conv3.weight_ch763,3.3809006214141846
layer3.4.conv3.weight,38,layer3.4.conv3.weight_ch38,3.377211093902588
layer4.0.conv3.weight,157,layer4.0.conv3.weight_ch157,3.3768155574798584
layer3.0.conv2.weight,248,layer3.0.conv2.weight_ch248,3.3748514652252197
layer3.0.conv3.weight,150,layer3.0.conv3.weight_ch150,3.3740551471710205
layer4.0.conv3.weight,830,layer4.0.conv3.weight_ch830,3.373354911804199
layer3.4.conv3.weight,1015,layer3.4.conv3.weight_ch1015,3.3727471828460693
layer3.3.conv3.weight,543,layer3.3.conv3.weight_ch543,3.3726658821105957
layer4.1.conv1.weight,18,layer4.1.conv1.weight_ch18,3.369877338409424
layer3.0.conv2.weight,255,layer3.0.conv2.weight_ch255,3.3693974018096924
layer3.0.conv2.weight,242,layer3.0.conv2.weight_ch242,3.368175506591797
layer2.0.conv2.weight,82,layer2.0.conv2.weight_ch82,3.367170810699463
layer4.1.conv1.weight,209,layer4.1.conv1.weight_ch209,3.361687660217285
layer2.3.conv2.weight,84,layer2.3.conv2.weight_ch84,3.358931064605713
layer3.3.conv3.weight,533,layer3.3.conv3.weight_ch533,3.3582963943481445
layer3.0.conv2.weight,137,layer3.0.conv2.weight_ch137,3.356921434402466
layer3.0.conv3.weight,767,layer3.0.conv3.weight_ch767,3.356363534927368
layer3.1.conv3.weight,549,layer3.1.conv3.weight_ch549,3.3553006649017334
layer3.0.conv3.weight,184,layer3.0.conv3.weight_ch184,3.3546977043151855
layer4.0.conv3.weight,55,layer4.0.conv3.weight_ch55,3.352917194366455
layer3.1.conv3.weight,950,layer3.1.conv3.weight_ch950,3.352185010910034
layer3.2.conv3.weight,879,layer3.2.conv3.weight_ch879,3.351022243499756
layer2.0.conv2.weight,19,layer2.0.conv2.weight_ch19,3.350987434387207
layer3.0.conv3.weight,307,layer3.0.conv3.weight_ch307,3.3503997325897217
layer4.0.conv3.weight,153,layer4.0.conv3.weight_ch153,3.3493521213531494
layer3.0.conv2.weight,252,layer3.0.conv2.weight_ch252,3.347569704055786
layer3.4.conv3.weight,535,layer3.4.conv3.weight_ch535,3.34564208984375
layer4.1.conv1.weight,297,layer4.1.conv1.weight_ch297,3.3451039791107178
layer3.0.conv2.weight,39,layer3.0.conv2.weight_ch39,3.343493938446045
layer3.5.conv3.weight,287,layer3.5.conv3.weight_ch287,3.3391289710998535
layer3.4.conv3.weight,793,layer3.4.conv3.weight_ch793,3.3390231132507324
layer3.4.conv3.weight,278,layer3.4.conv3.weight_ch278,3.337137222290039
layer3.4.conv3.weight,610,layer3.4.conv3.weight_ch610,3.335826873779297
layer4.0.conv3.weight,1435,layer4.0.conv3.weight_ch1435,3.3342199325561523
layer3.3.conv3.weight,966,layer3.3.conv3.weight_ch966,3.3321921825408936
layer2.3.conv2.weight,74,layer2.3.conv2.weight_ch74,3.3320937156677246
layer3.1.conv3.weight,693,layer3.1.conv3.weight_ch693,3.3319201469421387
layer3.4.conv3.weight,492,layer3.4.conv3.weight_ch492,3.331796646118164
layer3.1.conv3.weight,141,layer3.1.conv3.weight_ch141,3.33103609085083
layer3.1.conv3.weight,209,layer3.1.conv3.weight_ch209,3.330059766769409
layer3.3.conv3.weight,900,layer3.3.conv3.weight_ch900,3.3283119201660156
layer3.4.conv3.weight,931,layer3.4.conv3.weight_ch931,3.3246500492095947
layer3.1.conv3.weight,652,layer3.1.conv3.weight_ch652,3.324162244796753
layer3.1.conv3.weight,378,layer3.1.conv3.weight_ch378,3.322293519973755
layer3.1.conv3.weight,1016,layer3.1.conv3.weight_ch1016,3.3205618858337402
layer3.2.conv3.weight,767,layer3.2.conv3.weight_ch767,3.320378303527832
layer3.3.conv3.weight,821,layer3.3.conv3.weight_ch821,3.3200535774230957
layer4.0.conv3.weight,1675,layer4.0.conv3.weight_ch1675,3.319592237472534
layer1.2.conv3.weight,151,layer1.2.conv3.weight_ch151,3.3186988830566406
layer3.4.conv3.weight,171,layer3.4.conv3.weight_ch171,3.317474365234375
layer4.0.conv3.weight,561,layer4.0.conv3.weight_ch561,3.3171064853668213
layer3.1.conv3.weight,242,layer3.1.conv3.weight_ch242,3.3149912357330322
layer3.4.conv3.weight,727,layer3.4.conv3.weight_ch727,3.3128502368927
layer3.1.conv3.weight,748,layer3.1.conv3.weight_ch748,3.3115627765655518
layer4.0.conv3.weight,987,layer4.0.conv3.weight_ch987,3.308699607849121
layer3.4.conv3.weight,57,layer3.4.conv3.weight_ch57,3.304208993911743
layer3.2.conv3.weight,332,layer3.2.conv3.weight_ch332,3.3021597862243652
layer4.0.conv3.weight,332,layer4.0.conv3.weight_ch332,3.3015785217285156
layer4.0.conv3.weight,1333,layer4.0.conv3.weight_ch1333,3.3014800548553467
layer3.2.conv3.weight,570,layer3.2.conv3.weight_ch570,3.3013882637023926
layer3.0.conv3.weight,999,layer3.0.conv3.weight_ch999,3.2967915534973145
layer3.1.conv3.weight,43,layer3.1.conv3.weight_ch43,3.2946693897247314
layer3.2.conv3.weight,563,layer3.2.conv3.weight_ch563,3.2942278385162354
layer3.3.conv3.weight,585,layer3.3.conv3.weight_ch585,3.291667938232422
layer3.0.conv3.weight,27,layer3.0.conv3.weight_ch27,3.2914512157440186
layer3.1.conv3.weight,683,layer3.1.conv3.weight_ch683,3.2901611328125
layer3.3.conv3.weight,626,layer3.3.conv3.weight_ch626,3.289046049118042
layer3.0.conv2.weight,156,layer3.0.conv2.weight_ch156,3.2882604598999023
layer3.5.conv3.weight,496,layer3.5.conv3.weight_ch496,3.287818431854248
layer3.1.conv3.weight,217,layer3.1.conv3.weight_ch217,3.2870101928710938
layer3.0.conv3.weight,223,layer3.0.conv3.weight_ch223,3.2867398262023926
layer4.1.conv1.weight,291,layer4.1.conv1.weight_ch291,3.285865068435669
layer4.0.conv3.weight,481,layer4.0.conv3.weight_ch481,3.2847235202789307
layer3.0.conv3.weight,77,layer3.0.conv3.weight_ch77,3.284581422805786
layer3.0.conv3.weight,791,layer3.0.conv3.weight_ch791,3.2841668128967285
layer3.4.conv3.weight,811,layer3.4.conv3.weight_ch811,3.283947229385376
layer3.1.conv3.weight,379,layer3.1.conv3.weight_ch379,3.283484697341919
layer3.4.conv3.weight,509,layer3.4.conv3.weight_ch509,3.2796883583068848
layer3.2.conv3.weight,765,layer3.2.conv3.weight_ch765,3.278078556060791
layer3.2.conv3.weight,107,layer3.2.conv3.weight_ch107,3.2778573036193848
layer1.2.conv3.weight,88,layer1.2.conv3.weight_ch88,3.277754545211792
layer4.0.conv3.weight,748,layer4.0.conv3.weight_ch748,3.2771482467651367
layer3.0.conv3.weight,106,layer3.0.conv3.weight_ch106,3.2769649028778076
layer3.1.conv3.weight,459,layer3.1.conv3.weight_ch459,3.2764859199523926
layer3.2.conv2.weight,41,layer3.2.conv2.weight_ch41,3.2750043869018555
layer4.1.conv1.weight,201,layer4.1.conv1.weight_ch201,3.274589776992798
layer4.0.conv3.weight,609,layer4.0.conv3.weight_ch609,3.273508071899414
layer4.0.conv3.weight,1305,layer4.0.conv3.weight_ch1305,3.2727580070495605
layer3.4.conv3.weight,734,layer3.4.conv3.weight_ch734,3.2724461555480957
layer3.3.conv3.weight,669,layer3.3.conv3.weight_ch669,3.270315170288086
layer3.5.conv3.weight,19,layer3.5.conv3.weight_ch19,3.2695655822753906
layer3.5.conv3.weight,932,layer3.5.conv3.weight_ch932,3.267948627471924
layer3.2.conv2.weight,207,layer3.2.conv2.weight_ch207,3.2679014205932617
layer3.4.conv3.weight,825,layer3.4.conv3.weight_ch825,3.2676315307617188
layer3.4.conv3.weight,175,layer3.4.conv3.weight_ch175,3.26663875579834
layer4.0.conv3.weight,941,layer4.0.conv3.weight_ch941,3.265648126602173
layer2.1.conv3.weight,438,layer2.1.conv3.weight_ch438,3.265117645263672
layer3.4.conv3.weight,361,layer3.4.conv3.weight_ch361,3.2632458209991455
layer3.3.conv3.weight,818,layer3.3.conv3.weight_ch818,3.2602198123931885
layer4.0.conv3.weight,821,layer4.0.conv3.weight_ch821,3.258950710296631
layer4.1.conv1.weight,253,layer4.1.conv1.weight_ch253,3.258747100830078
layer3.0.conv3.weight,955,layer3.0.conv3.weight_ch955,3.256331443786621
layer2.1.conv3.weight,141,layer2.1.conv3.weight_ch141,3.2527308464050293
layer4.0.conv3.weight,1714,layer4.0.conv3.weight_ch1714,3.252042293548584
layer4.0.conv3.weight,107,layer4.0.conv3.weight_ch107,3.2508442401885986
layer4.0.conv3.weight,1108,layer4.0.conv3.weight_ch1108,3.2507948875427246
layer3.4.conv3.weight,435,layer3.4.conv3.weight_ch435,3.2505266666412354
layer3.2.conv3.weight,849,layer3.2.conv3.weight_ch849,3.2490193843841553
layer3.2.conv3.weight,272,layer3.2.conv3.weight_ch272,3.248687982559204
layer3.5.conv3.weight,749,layer3.5.conv3.weight_ch749,3.2480552196502686
layer3.3.conv3.weight,786,layer3.3.conv3.weight_ch786,3.2478480339050293
layer2.1.conv3.weight,337,layer2.1.conv3.weight_ch337,3.2474474906921387
layer3.2.conv3.weight,551,layer3.2.conv3.weight_ch551,3.2448649406433105
layer4.1.conv1.weight,47,layer4.1.conv1.weight_ch47,3.2405714988708496
layer3.3.conv3.weight,571,layer3.3.conv3.weight_ch571,3.2400457859039307
layer4.1.conv1.weight,168,layer4.1.conv1.weight_ch168,3.240002393722534
layer4.0.conv3.weight,35,layer4.0.conv3.weight_ch35,3.2399020195007324
layer3.0.conv2.weight,207,layer3.0.conv2.weight_ch207,3.2391979694366455
layer3.2.conv3.weight,826,layer3.2.conv3.weight_ch826,3.2385597229003906
layer3.4.conv3.weight,987,layer3.4.conv3.weight_ch987,3.2365987300872803
layer3.2.conv3.weight,227,layer3.2.conv3.weight_ch227,3.235836982727051
layer4.0.conv3.weight,1381,layer4.0.conv3.weight_ch1381,3.2350223064422607
layer4.1.conv1.weight,405,layer4.1.conv1.weight_ch405,3.231912612915039
layer3.2.conv3.weight,619,layer3.2.conv3.weight_ch619,3.231839179992676
layer3.0.conv3.weight,374,layer3.0.conv3.weight_ch374,3.229351043701172
layer3.2.conv3.weight,727,layer3.2.conv3.weight_ch727,3.2292795181274414
layer3.2.conv3.weight,141,layer3.2.conv3.weight_ch141,3.2289066314697266
layer4.0.conv3.weight,587,layer4.0.conv3.weight_ch587,3.2279882431030273
layer4.1.conv1.weight,388,layer4.1.conv1.weight_ch388,3.2279839515686035
layer3.4.conv3.weight,939,layer3.4.conv3.weight_ch939,3.227616786956787
layer3.3.conv3.weight,515,layer3.3.conv3.weight_ch515,3.2272377014160156
layer3.0.conv2.weight,44,layer3.0.conv2.weight_ch44,3.2254629135131836
layer3.2.conv3.weight,359,layer3.2.conv3.weight_ch359,3.2250773906707764
layer4.0.conv3.weight,1944,layer4.0.conv3.weight_ch1944,3.224856376647949
layer3.0.conv3.weight,946,layer3.0.conv3.weight_ch946,3.224656820297241
layer3.5.conv3.weight,47,layer3.5.conv3.weight_ch47,3.2246108055114746
layer3.3.conv3.weight,998,layer3.3.conv3.weight_ch998,3.224353551864624
layer4.0.conv3.weight,845,layer4.0.conv3.weight_ch845,3.221247911453247
layer3.5.conv3.weight,13,layer3.5.conv3.weight_ch13,3.2208569049835205
layer4.0.conv3.weight,1271,layer4.0.conv3.weight_ch1271,3.2200334072113037
layer2.1.conv3.weight,226,layer2.1.conv3.weight_ch226,3.2176311016082764
layer2.1.conv3.weight,85,layer2.1.conv3.weight_ch85,3.2170376777648926
layer4.0.conv3.weight,1131,layer4.0.conv3.weight_ch1131,3.216724395751953
layer3.2.conv3.weight,606,layer3.2.conv3.weight_ch606,3.212083101272583
layer3.4.conv3.weight,177,layer3.4.conv3.weight_ch177,3.210723400115967
layer4.0.conv3.weight,956,layer4.0.conv3.weight_ch956,3.210669994354248
layer3.0.conv2.weight,136,layer3.0.conv2.weight_ch136,3.2106306552886963
layer4.0.conv3.weight,1359,layer4.0.conv3.weight_ch1359,3.210524082183838
layer4.1.conv1.weight,172,layer4.1.conv1.weight_ch172,3.2102324962615967
layer3.1.conv3.weight,905,layer3.1.conv3.weight_ch905,3.209775686264038
layer3.2.conv2.weight,98,layer3.2.conv2.weight_ch98,3.209768533706665
layer3.2.conv3.weight,465,layer3.2.conv3.weight_ch465,3.2093281745910645
layer3.4.conv3.weight,436,layer3.4.conv3.weight_ch436,3.208601474761963
layer3.3.conv3.weight,925,layer3.3.conv3.weight_ch925,3.206399917602539
layer3.4.conv3.weight,512,layer3.4.conv3.weight_ch512,3.2029168605804443
layer3.0.conv2.weight,93,layer3.0.conv2.weight_ch93,3.2023630142211914
layer3.1.conv3.weight,612,layer3.1.conv3.weight_ch612,3.2021517753601074
layer2.0.conv1.weight,122,layer2.0.conv1.weight_ch122,3.2019715309143066
layer4.0.conv3.weight,846,layer4.0.conv3.weight_ch846,3.20159649848938
layer3.2.conv2.weight,129,layer3.2.conv2.weight_ch129,3.201530694961548
layer3.0.conv2.weight,75,layer3.0.conv2.weight_ch75,3.2011735439300537
layer2.0.conv2.weight,36,layer2.0.conv2.weight_ch36,3.2008912563323975
layer3.4.conv3.weight,82,layer3.4.conv3.weight_ch82,3.2007102966308594
layer4.0.conv3.weight,1442,layer4.0.conv3.weight_ch1442,3.198758840560913
layer4.0.conv3.weight,192,layer4.0.conv3.weight_ch192,3.1975460052490234
layer4.0.conv3.weight,567,layer4.0.conv3.weight_ch567,3.196849822998047
layer3.3.conv3.weight,366,layer3.3.conv3.weight_ch366,3.1949586868286133
layer3.1.conv3.weight,867,layer3.1.conv3.weight_ch867,3.1935391426086426
layer4.0.conv3.weight,1355,layer4.0.conv3.weight_ch1355,3.193437337875366
layer2.1.conv3.weight,87,layer2.1.conv3.weight_ch87,3.1919620037078857
layer3.1.conv3.weight,865,layer3.1.conv3.weight_ch865,3.1918461322784424
layer4.0.conv3.weight,686,layer4.0.conv3.weight_ch686,3.1906309127807617
layer3.2.conv3.weight,197,layer3.2.conv3.weight_ch197,3.189148187637329
layer4.0.conv3.weight,1992,layer4.0.conv3.weight_ch1992,3.184839963912964
layer4.1.conv1.weight,110,layer4.1.conv1.weight_ch110,3.18473744392395
layer3.5.conv3.weight,434,layer3.5.conv3.weight_ch434,3.180500030517578
layer2.3.conv2.weight,51,layer2.3.conv2.weight_ch51,3.1802079677581787
layer3.3.conv3.weight,283,layer3.3.conv3.weight_ch283,3.176717519760132
layer3.0.conv3.weight,586,layer3.0.conv3.weight_ch586,3.173255443572998
layer4.0.conv3.weight,891,layer4.0.conv3.weight_ch891,3.1732311248779297
layer4.0.conv3.weight,1489,layer4.0.conv3.weight_ch1489,3.173171281814575
layer3.3.conv3.weight,802,layer3.3.conv3.weight_ch802,3.1725664138793945
layer4.1.conv1.weight,428,layer4.1.conv1.weight_ch428,3.1725127696990967
layer3.2.conv3.weight,663,layer3.2.conv3.weight_ch663,3.1713831424713135
layer3.2.conv3.weight,857,layer3.2.conv3.weight_ch857,3.1693665981292725
layer4.0.conv3.weight,879,layer4.0.conv3.weight_ch879,3.168300151824951
layer1.2.conv3.weight,181,layer1.2.conv3.weight_ch181,3.1680126190185547
layer3.0.conv2.weight,8,layer3.0.conv2.weight_ch8,3.1625773906707764
layer3.2.conv3.weight,703,layer3.2.conv3.weight_ch703,3.162153959274292
layer4.0.conv3.weight,551,layer4.0.conv3.weight_ch551,3.162005662918091
layer3.0.conv3.weight,852,layer3.0.conv3.weight_ch852,3.1615984439849854
layer3.5.conv3.weight,699,layer3.5.conv3.weight_ch699,3.159733772277832
layer3.1.conv3.weight,59,layer3.1.conv3.weight_ch59,3.1591460704803467
layer4.0.conv3.weight,1386,layer4.0.conv3.weight_ch1386,3.1571693420410156
layer4.0.conv3.weight,1380,layer4.0.conv3.weight_ch1380,3.1568851470947266
layer3.5.conv3.weight,206,layer3.5.conv3.weight_ch206,3.1544885635375977
layer4.1.conv1.weight,443,layer4.1.conv1.weight_ch443,3.153766393661499
layer3.2.conv3.weight,623,layer3.2.conv3.weight_ch623,3.153527021408081
layer4.0.conv3.weight,1981,layer4.0.conv3.weight_ch1981,3.152677297592163
layer3.5.conv3.weight,157,layer3.5.conv3.weight_ch157,3.152090072631836
layer3.4.conv3.weight,53,layer3.4.conv3.weight_ch53,3.1510512828826904
layer3.1.conv3.weight,103,layer3.1.conv3.weight_ch103,3.1492457389831543
layer4.1.conv1.weight,147,layer4.1.conv1.weight_ch147,3.146789789199829
layer4.0.conv3.weight,1586,layer4.0.conv3.weight_ch1586,3.1431946754455566
layer3.2.conv3.weight,63,layer3.2.conv3.weight_ch63,3.142808437347412
layer4.0.conv3.weight,563,layer4.0.conv3.weight_ch563,3.1417276859283447
layer3.2.conv3.weight,978,layer3.2.conv3.weight_ch978,3.1416587829589844
layer3.1.conv3.weight,942,layer3.1.conv3.weight_ch942,3.139662265777588
layer3.2.conv3.weight,256,layer3.2.conv3.weight_ch256,3.1374289989471436
layer3.2.conv3.weight,647,layer3.2.conv3.weight_ch647,3.136475086212158
layer3.3.conv3.weight,434,layer3.3.conv3.weight_ch434,3.136237382888794
layer3.0.conv2.weight,86,layer3.0.conv2.weight_ch86,3.13619065284729
layer3.1.conv3.weight,167,layer3.1.conv3.weight_ch167,3.1356637477874756
layer3.4.conv3.weight,275,layer3.4.conv3.weight_ch275,3.134748697280884
layer3.2.conv3.weight,374,layer3.2.conv3.weight_ch374,3.1346378326416016
layer3.1.conv3.weight,140,layer3.1.conv3.weight_ch140,3.133178949356079
layer3.3.conv3.weight,751,layer3.3.conv3.weight_ch751,3.1327483654022217
layer2.1.conv3.weight,375,layer2.1.conv3.weight_ch375,3.129535675048828
layer3.3.conv3.weight,867,layer3.3.conv3.weight_ch867,3.129157543182373
layer3.1.conv3.weight,835,layer3.1.conv3.weight_ch835,3.128602981567383
layer3.3.conv3.weight,133,layer3.3.conv3.weight_ch133,3.1282763481140137
layer3.3.conv3.weight,169,layer3.3.conv3.weight_ch169,3.1262121200561523
layer3.4.conv3.weight,843,layer3.4.conv3.weight_ch843,3.126058578491211
layer3.1.conv3.weight,233,layer3.1.conv3.weight_ch233,3.1253323554992676
layer3.0.conv2.weight,162,layer3.0.conv2.weight_ch162,3.122767925262451
layer3.5.conv3.weight,651,layer3.5.conv3.weight_ch651,3.1221916675567627
layer3.4.conv3.weight,912,layer3.4.conv3.weight_ch912,3.1213793754577637
layer3.5.conv3.weight,572,layer3.5.conv3.weight_ch572,3.1211209297180176
layer3.5.conv3.weight,889,layer3.5.conv3.weight_ch889,3.1206576824188232
layer3.4.conv3.weight,152,layer3.4.conv3.weight_ch152,3.119277000427246
layer3.2.conv2.weight,234,layer3.2.conv2.weight_ch234,3.1177573204040527
layer3.2.conv3.weight,309,layer3.2.conv3.weight_ch309,3.1167948246002197
layer3.1.conv3.weight,516,layer3.1.conv3.weight_ch516,3.1159005165100098
layer4.0.conv3.weight,1390,layer4.0.conv3.weight_ch1390,3.115851640701294
layer3.2.conv3.weight,532,layer3.2.conv3.weight_ch532,3.115468978881836
layer3.4.conv3.weight,0,layer3.4.conv3.weight_ch0,3.11507248878479
layer4.0.conv3.weight,1528,layer4.0.conv3.weight_ch1528,3.1131629943847656
layer4.0.conv3.weight,502,layer4.0.conv3.weight_ch502,3.1127099990844727
layer4.0.conv3.weight,687,layer4.0.conv3.weight_ch687,3.1121158599853516
layer4.1.conv1.weight,306,layer4.1.conv1.weight_ch306,3.111971855163574
layer3.4.conv3.weight,329,layer3.4.conv3.weight_ch329,3.1118416786193848
layer3.5.conv3.weight,185,layer3.5.conv3.weight_ch185,3.109865665435791
layer4.0.conv3.weight,1533,layer4.0.conv3.weight_ch1533,3.109649658203125
layer3.0.conv3.weight,964,layer3.0.conv3.weight_ch964,3.106107711791992
layer3.2.conv3.weight,236,layer3.2.conv3.weight_ch236,3.106083869934082
layer4.0.conv3.weight,1748,layer4.0.conv3.weight_ch1748,3.1046504974365234
layer3.0.conv3.weight,888,layer3.0.conv3.weight_ch888,3.1041882038116455
layer4.1.conv1.weight,140,layer4.1.conv1.weight_ch140,3.1029844284057617
layer4.1.conv1.weight,495,layer4.1.conv1.weight_ch495,3.1016736030578613
layer3.2.conv3.weight,658,layer3.2.conv3.weight_ch658,3.1014256477355957
layer3.5.conv3.weight,733,layer3.5.conv3.weight_ch733,3.1002018451690674
layer3.3.conv3.weight,165,layer3.3.conv3.weight_ch165,3.098721742630005
layer3.0.conv2.weight,203,layer3.0.conv2.weight_ch203,3.094132661819458
layer2.0.conv1.weight,24,layer2.0.conv1.weight_ch24,3.0936713218688965
layer3.4.conv3.weight,486,layer3.4.conv3.weight_ch486,3.0933380126953125
layer3.4.conv3.weight,935,layer3.4.conv3.weight_ch935,3.0930516719818115
layer4.0.conv3.weight,466,layer4.0.conv3.weight_ch466,3.092726230621338
layer3.3.conv3.weight,882,layer3.3.conv3.weight_ch882,3.092303991317749
layer4.0.conv3.weight,1028,layer4.0.conv3.weight_ch1028,3.092034101486206
layer3.3.conv3.weight,278,layer3.3.conv3.weight_ch278,3.090958595275879
layer3.2.conv3.weight,962,layer3.2.conv3.weight_ch962,3.090418815612793
layer3.2.conv2.weight,208,layer3.2.conv2.weight_ch208,3.0903520584106445
layer3.2.conv3.weight,240,layer3.2.conv3.weight_ch240,3.0901713371276855
layer4.0.conv3.weight,133,layer4.0.conv3.weight_ch133,3.089397430419922
layer3.0.conv3.weight,542,layer3.0.conv3.weight_ch542,3.0891997814178467
layer2.3.conv2.weight,40,layer2.3.conv2.weight_ch40,3.088128089904785
layer3.0.conv3.weight,1009,layer3.0.conv3.weight_ch1009,3.0858571529388428
layer3.2.conv3.weight,769,layer3.2.conv3.weight_ch769,3.0853896141052246
layer4.0.conv3.weight,400,layer4.0.conv3.weight_ch400,3.0850186347961426
layer2.0.conv1.weight,25,layer2.0.conv1.weight_ch25,3.0839459896087646
layer4.0.conv3.weight,1135,layer4.0.conv3.weight_ch1135,3.0837132930755615
layer3.2.conv3.weight,146,layer3.2.conv3.weight_ch146,3.0798776149749756
layer3.4.conv3.weight,778,layer3.4.conv3.weight_ch778,3.0796971321105957
layer3.2.conv3.weight,895,layer3.2.conv3.weight_ch895,3.0791172981262207
layer4.0.conv3.weight,1197,layer4.0.conv3.weight_ch1197,3.0776426792144775
layer2.1.conv3.weight,294,layer2.1.conv3.weight_ch294,3.077589988708496
layer3.2.conv3.weight,842,layer3.2.conv3.weight_ch842,3.0775372982025146
layer3.4.conv3.weight,980,layer3.4.conv3.weight_ch980,3.0772910118103027
layer3.4.conv3.weight,352,layer3.4.conv3.weight_ch352,3.0768890380859375
layer3.1.conv3.weight,178,layer3.1.conv3.weight_ch178,3.075988292694092
layer4.0.conv3.weight,370,layer4.0.conv3.weight_ch370,3.0756378173828125
layer3.0.conv3.weight,431,layer3.0.conv3.weight_ch431,3.074260950088501
layer3.4.conv3.weight,794,layer3.4.conv3.weight_ch794,3.074113130569458
layer3.3.conv3.weight,488,layer3.3.conv3.weight_ch488,3.072517156600952
layer3.3.conv3.weight,279,layer3.3.conv3.weight_ch279,3.069906234741211
layer4.0.conv3.weight,824,layer4.0.conv3.weight_ch824,3.0684046745300293
layer4.0.conv3.weight,1511,layer4.0.conv3.weight_ch1511,3.0674967765808105
layer3.3.conv3.weight,103,layer3.3.conv3.weight_ch103,3.066467523574829
layer4.1.conv1.weight,323,layer4.1.conv1.weight_ch323,3.0660014152526855
layer3.0.conv2.weight,228,layer3.0.conv2.weight_ch228,3.06422758102417
layer3.3.conv3.weight,615,layer3.3.conv3.weight_ch615,3.0639026165008545
layer4.0.conv3.weight,193,layer4.0.conv3.weight_ch193,3.062800884246826
layer3.2.conv3.weight,18,layer3.2.conv3.weight_ch18,3.0627360343933105
layer3.3.conv3.weight,591,layer3.3.conv3.weight_ch591,3.0615200996398926
layer4.1.conv1.weight,502,layer4.1.conv1.weight_ch502,3.060995101928711
layer3.2.conv3.weight,536,layer3.2.conv3.weight_ch536,3.060441493988037
layer2.1.conv3.weight,48,layer2.1.conv3.weight_ch48,3.0595903396606445
layer3.3.conv3.weight,967,layer3.3.conv3.weight_ch967,3.056689500808716
layer3.3.conv3.weight,162,layer3.3.conv3.weight_ch162,3.05645751953125
layer4.1.conv1.weight,119,layer4.1.conv1.weight_ch119,3.0542924404144287
layer4.0.conv3.weight,868,layer4.0.conv3.weight_ch868,3.0538597106933594
layer4.0.conv3.weight,735,layer4.0.conv3.weight_ch735,3.0528807640075684
layer3.0.conv3.weight,358,layer3.0.conv3.weight_ch358,3.052851676940918
layer4.0.conv3.weight,1020,layer4.0.conv3.weight_ch1020,3.051791191101074
layer3.4.conv3.weight,807,layer3.4.conv3.weight_ch807,3.05168080329895
layer2.0.conv2.weight,54,layer2.0.conv2.weight_ch54,3.0514883995056152
layer3.2.conv3.weight,450,layer3.2.conv3.weight_ch450,3.05123233795166
layer3.2.conv2.weight,211,layer3.2.conv2.weight_ch211,3.049093246459961
layer3.0.conv3.weight,110,layer3.0.conv3.weight_ch110,3.048588752746582
layer3.3.conv3.weight,898,layer3.3.conv3.weight_ch898,3.048447370529175
layer3.5.conv3.weight,168,layer3.5.conv3.weight_ch168,3.0482723712921143
layer4.1.conv1.weight,416,layer4.1.conv1.weight_ch416,3.0476810932159424
layer3.2.conv3.weight,682,layer3.2.conv3.weight_ch682,3.044311761856079
layer4.0.conv3.weight,719,layer4.0.conv3.weight_ch719,3.0437004566192627
layer4.0.conv3.weight,945,layer4.0.conv3.weight_ch945,3.0417990684509277
layer3.2.conv3.weight,281,layer3.2.conv3.weight_ch281,3.040057420730591
layer2.0.conv2.weight,8,layer2.0.conv2.weight_ch8,3.039923667907715
layer4.0.conv3.weight,233,layer4.0.conv3.weight_ch233,3.0395431518554688
layer3.0.conv3.weight,702,layer3.0.conv3.weight_ch702,3.039182186126709
layer3.2.conv3.weight,19,layer3.2.conv3.weight_ch19,3.0388455390930176
layer3.0.conv3.weight,311,layer3.0.conv3.weight_ch311,3.0384325981140137
layer4.0.conv3.weight,1430,layer4.0.conv3.weight_ch1430,3.035918712615967
layer3.3.conv3.weight,4,layer3.3.conv3.weight_ch4,3.035492420196533
layer4.0.conv3.weight,1027,layer4.0.conv3.weight_ch1027,3.0349528789520264
layer4.0.conv3.weight,220,layer4.0.conv3.weight_ch220,3.034309148788452
layer2.0.conv2.weight,121,layer2.0.conv2.weight_ch121,3.033229112625122
layer3.0.conv3.weight,719,layer3.0.conv3.weight_ch719,3.03139328956604
layer4.1.conv1.weight,45,layer4.1.conv1.weight_ch45,3.0310494899749756
layer2.0.conv2.weight,101,layer2.0.conv2.weight_ch101,3.030669927597046
layer4.0.conv3.weight,746,layer4.0.conv3.weight_ch746,3.0295510292053223
layer4.0.conv3.weight,955,layer4.0.conv3.weight_ch955,3.0290346145629883
layer4.0.conv3.weight,1704,layer4.0.conv3.weight_ch1704,3.0288033485412598
layer3.5.conv3.weight,376,layer3.5.conv3.weight_ch376,3.0286481380462646
layer3.2.conv3.weight,596,layer3.2.conv3.weight_ch596,3.028080463409424
layer3.5.conv3.weight,8,layer3.5.conv3.weight_ch8,3.026718854904175
layer3.2.conv3.weight,598,layer3.2.conv3.weight_ch598,3.0260653495788574
layer3.2.conv3.weight,317,layer3.2.conv3.weight_ch317,3.0256199836730957
layer3.4.conv3.weight,178,layer3.4.conv3.weight_ch178,3.0252137184143066
layer3.1.conv3.weight,250,layer3.1.conv3.weight_ch250,3.0231759548187256
layer4.0.conv3.weight,1466,layer4.0.conv3.weight_ch1466,3.0214715003967285
layer3.0.conv3.weight,652,layer3.0.conv3.weight_ch652,3.0213732719421387
layer3.4.conv3.weight,650,layer3.4.conv3.weight_ch650,3.0204129219055176
layer4.0.conv3.weight,1585,layer4.0.conv3.weight_ch1585,3.02023983001709
layer4.1.conv1.weight,368,layer4.1.conv1.weight_ch368,3.018043041229248
layer4.0.conv3.weight,693,layer4.0.conv3.weight_ch693,3.016848087310791
layer4.1.conv1.weight,403,layer4.1.conv1.weight_ch403,3.013988733291626
layer3.2.conv2.weight,194,layer3.2.conv2.weight_ch194,3.013274908065796
layer3.0.conv2.weight,76,layer3.0.conv2.weight_ch76,3.011483907699585
layer3.5.conv3.weight,846,layer3.5.conv3.weight_ch846,3.0081419944763184
layer3.0.conv2.weight,65,layer3.0.conv2.weight_ch65,3.007894992828369
layer3.5.conv3.weight,0,layer3.5.conv3.weight_ch0,3.0076427459716797
layer3.3.conv3.weight,963,layer3.3.conv3.weight_ch963,3.007124185562134
layer4.0.conv3.weight,359,layer4.0.conv3.weight_ch359,3.006542682647705
layer3.2.conv3.weight,180,layer3.2.conv3.weight_ch180,3.0061819553375244
layer3.0.conv2.weight,36,layer3.0.conv2.weight_ch36,3.0060946941375732
layer3.2.conv3.weight,387,layer3.2.conv3.weight_ch387,3.0052316188812256
layer4.1.conv1.weight,69,layer4.1.conv1.weight_ch69,3.0036654472351074
layer3.2.conv3.weight,53,layer3.2.conv3.weight_ch53,3.003596067428589
layer4.1.conv1.weight,63,layer4.1.conv1.weight_ch63,3.003446340560913
layer4.0.conv3.weight,1526,layer4.0.conv3.weight_ch1526,3.003314971923828
layer3.4.conv3.weight,164,layer3.4.conv3.weight_ch164,3.0031826496124268
layer3.4.conv3.weight,711,layer3.4.conv3.weight_ch711,3.002837657928467
layer3.2.conv3.weight,7,layer3.2.conv3.weight_ch7,3.002826452255249
layer2.1.conv3.weight,403,layer2.1.conv3.weight_ch403,3.001415729522705
layer4.1.conv1.weight,506,layer4.1.conv1.weight_ch506,3.000434398651123
layer4.0.conv3.weight,791,layer4.0.conv3.weight_ch791,3.000030994415283
layer4.0.conv3.weight,1048,layer4.0.conv3.weight_ch1048,2.9959282875061035
layer3.3.conv3.weight,781,layer3.3.conv3.weight_ch781,2.993454933166504
layer3.2.conv2.weight,244,layer3.2.conv2.weight_ch244,2.9916646480560303
layer4.0.conv3.weight,1168,layer4.0.conv3.weight_ch1168,2.9879608154296875
layer3.5.conv3.weight,45,layer3.5.conv3.weight_ch45,2.9863789081573486
layer4.0.conv3.weight,818,layer4.0.conv3.weight_ch818,2.9863357543945312
layer3.5.conv3.weight,50,layer3.5.conv3.weight_ch50,2.9861035346984863
layer4.0.conv3.weight,993,layer4.0.conv3.weight_ch993,2.9853134155273438
layer4.0.conv3.weight,1149,layer4.0.conv3.weight_ch1149,2.982546091079712
layer4.0.conv3.weight,1354,layer4.0.conv3.weight_ch1354,2.982088804244995
layer4.0.conv3.weight,1867,layer4.0.conv3.weight_ch1867,2.9816317558288574
layer3.0.conv2.weight,197,layer3.0.conv2.weight_ch197,2.981588840484619
layer3.1.conv3.weight,113,layer3.1.conv3.weight_ch113,2.979870080947876
layer2.0.conv2.weight,112,layer2.0.conv2.weight_ch112,2.9792532920837402
layer3.2.conv2.weight,12,layer3.2.conv2.weight_ch12,2.97843599319458
layer3.0.conv3.weight,699,layer3.0.conv3.weight_ch699,2.9782474040985107
layer3.2.conv3.weight,635,layer3.2.conv3.weight_ch635,2.977888584136963
layer4.0.conv3.weight,333,layer4.0.conv3.weight_ch333,2.977750301361084
layer3.2.conv3.weight,192,layer3.2.conv3.weight_ch192,2.9767940044403076
layer3.1.conv3.weight,728,layer3.1.conv3.weight_ch728,2.976369619369507
layer2.1.conv3.weight,55,layer2.1.conv3.weight_ch55,2.975435495376587
layer3.3.conv3.weight,514,layer3.3.conv3.weight_ch514,2.9748921394348145
layer3.2.conv3.weight,315,layer3.2.conv3.weight_ch315,2.9748451709747314
layer3.2.conv3.weight,282,layer3.2.conv3.weight_ch282,2.9741532802581787
layer3.0.conv2.weight,117,layer3.0.conv2.weight_ch117,2.9741084575653076
layer3.1.conv3.weight,234,layer3.1.conv3.weight_ch234,2.973635196685791
layer4.0.conv3.weight,1715,layer4.0.conv3.weight_ch1715,2.9734723567962646
layer3.4.conv3.weight,369,layer3.4.conv3.weight_ch369,2.973205089569092
layer3.2.conv3.weight,318,layer3.2.conv3.weight_ch318,2.9730417728424072
layer2.1.conv3.weight,204,layer2.1.conv3.weight_ch204,2.971675395965576
layer3.5.conv3.weight,685,layer3.5.conv3.weight_ch685,2.9710693359375
layer3.2.conv3.weight,79,layer3.2.conv3.weight_ch79,2.970250129699707
layer4.1.conv1.weight,112,layer4.1.conv1.weight_ch112,2.9692554473876953
layer3.0.conv3.weight,43,layer3.0.conv3.weight_ch43,2.968493700027466
layer4.0.conv3.weight,1185,layer4.0.conv3.weight_ch1185,2.9681804180145264
layer3.2.conv3.weight,70,layer3.2.conv3.weight_ch70,2.9675381183624268
layer3.2.conv3.weight,664,layer3.2.conv3.weight_ch664,2.9650895595550537
layer3.2.conv3.weight,154,layer3.2.conv3.weight_ch154,2.964334726333618
layer4.0.conv3.weight,1634,layer4.0.conv3.weight_ch1634,2.963139057159424
layer4.1.conv1.weight,58,layer4.1.conv1.weight_ch58,2.9620702266693115
layer3.1.conv3.weight,756,layer3.1.conv3.weight_ch756,2.961029291152954
layer4.0.conv3.weight,1681,layer4.0.conv3.weight_ch1681,2.9602584838867188
layer3.2.conv3.weight,29,layer3.2.conv3.weight_ch29,2.960209608078003
layer4.1.conv1.weight,250,layer4.1.conv1.weight_ch250,2.9601199626922607
layer3.1.conv3.weight,521,layer3.1.conv3.weight_ch521,2.95992112159729
layer4.1.conv1.weight,14,layer4.1.conv1.weight_ch14,2.9596121311187744
layer4.0.conv3.weight,1033,layer4.0.conv3.weight_ch1033,2.9582886695861816
layer4.1.conv1.weight,373,layer4.1.conv1.weight_ch373,2.9582552909851074
layer4.0.conv3.weight,750,layer4.0.conv3.weight_ch750,2.956817865371704
layer4.0.conv3.weight,1243,layer4.0.conv3.weight_ch1243,2.9567060470581055
layer4.1.conv1.weight,386,layer4.1.conv1.weight_ch386,2.956465244293213
layer3.0.conv3.weight,36,layer3.0.conv3.weight_ch36,2.9549763202667236
layer4.0.conv3.weight,593,layer4.0.conv3.weight_ch593,2.9544358253479004
layer1.2.conv3.weight,10,layer1.2.conv3.weight_ch10,2.953958034515381
layer3.5.conv3.weight,615,layer3.5.conv3.weight_ch615,2.9529364109039307
layer3.0.conv3.weight,619,layer3.0.conv3.weight_ch619,2.9511446952819824
layer4.0.conv3.weight,1385,layer4.0.conv3.weight_ch1385,2.950746536254883
layer3.1.conv3.weight,734,layer3.1.conv3.weight_ch734,2.9493706226348877
layer3.3.conv3.weight,158,layer3.3.conv3.weight_ch158,2.9490349292755127
layer3.5.conv3.weight,283,layer3.5.conv3.weight_ch283,2.9488608837127686
layer3.3.conv3.weight,130,layer3.3.conv3.weight_ch130,2.948847770690918
layer3.2.conv3.weight,320,layer3.2.conv3.weight_ch320,2.9480197429656982
layer3.3.conv3.weight,34,layer3.3.conv3.weight_ch34,2.9475793838500977
layer4.0.conv3.weight,1512,layer4.0.conv3.weight_ch1512,2.947540044784546
layer4.0.conv3.weight,398,layer4.0.conv3.weight_ch398,2.947047710418701
layer4.0.conv3.weight,383,layer4.0.conv3.weight_ch383,2.9470362663269043
layer3.5.conv3.weight,872,layer3.5.conv3.weight_ch872,2.946197032928467
layer3.0.conv3.weight,680,layer3.0.conv3.weight_ch680,2.9458537101745605
layer2.0.conv2.weight,93,layer2.0.conv2.weight_ch93,2.9457061290740967
layer3.1.conv3.weight,887,layer3.1.conv3.weight_ch887,2.9424047470092773
layer3.2.conv3.weight,87,layer3.2.conv3.weight_ch87,2.942111015319824
layer4.0.conv3.weight,1859,layer4.0.conv3.weight_ch1859,2.9402852058410645
layer4.0.conv3.weight,765,layer4.0.conv3.weight_ch765,2.940096855163574
layer3.2.conv3.weight,131,layer3.2.conv3.weight_ch131,2.9363749027252197
layer2.0.conv1.weight,114,layer2.0.conv1.weight_ch114,2.936136245727539
layer1.2.conv3.weight,210,layer1.2.conv3.weight_ch210,2.93569016456604
layer1.2.conv3.weight,195,layer1.2.conv3.weight_ch195,2.9346189498901367
layer4.0.conv3.weight,2010,layer4.0.conv3.weight_ch2010,2.93446683883667
layer4.0.conv3.weight,1453,layer4.0.conv3.weight_ch1453,2.9326162338256836
layer4.0.conv3.weight,1315,layer4.0.conv3.weight_ch1315,2.931976318359375
layer3.3.conv3.weight,994,layer3.3.conv3.weight_ch994,2.9292070865631104
layer3.1.conv3.weight,430,layer3.1.conv3.weight_ch430,2.929152011871338
layer4.1.conv1.weight,498,layer4.1.conv1.weight_ch498,2.9291276931762695
layer3.2.conv3.weight,452,layer3.2.conv3.weight_ch452,2.9275546073913574
layer2.1.conv3.weight,266,layer2.1.conv3.weight_ch266,2.926478147506714
layer3.0.conv2.weight,102,layer3.0.conv2.weight_ch102,2.9257843494415283
layer2.1.conv3.weight,366,layer2.1.conv3.weight_ch366,2.923894166946411
layer4.0.conv3.weight,1169,layer4.0.conv3.weight_ch1169,2.923868179321289
layer4.1.conv1.weight,473,layer4.1.conv1.weight_ch473,2.9227263927459717
layer3.1.conv3.weight,746,layer3.1.conv3.weight_ch746,2.921720504760742
layer3.2.conv3.weight,304,layer3.2.conv3.weight_ch304,2.92126727104187
layer3.1.conv3.weight,535,layer3.1.conv3.weight_ch535,2.920128583908081
layer3.1.conv3.weight,539,layer3.1.conv3.weight_ch539,2.919579029083252
layer3.3.conv3.weight,711,layer3.3.conv3.weight_ch711,2.9184961318969727
layer3.0.conv3.weight,671,layer3.0.conv3.weight_ch671,2.9183788299560547
layer3.0.conv2.weight,222,layer3.0.conv2.weight_ch222,2.9179556369781494
layer4.0.conv3.weight,354,layer4.0.conv3.weight_ch354,2.9177942276000977
layer3.0.conv3.weight,87,layer3.0.conv3.weight_ch87,2.91558575630188
layer3.0.conv3.weight,799,layer3.0.conv3.weight_ch799,2.9148476123809814
layer3.4.conv3.weight,210,layer3.4.conv3.weight_ch210,2.9147722721099854
layer1.2.conv3.weight,141,layer1.2.conv3.weight_ch141,2.914382219314575
layer3.1.conv3.weight,609,layer3.1.conv3.weight_ch609,2.9136104583740234
layer3.0.conv2.weight,1,layer3.0.conv2.weight_ch1,2.9131019115448
layer3.5.conv3.weight,833,layer3.5.conv3.weight_ch833,2.912419080734253
layer3.5.conv3.weight,344,layer3.5.conv3.weight_ch344,2.912332773208618
layer3.4.conv3.weight,472,layer3.4.conv3.weight_ch472,2.9114627838134766
layer3.3.conv3.weight,25,layer3.3.conv3.weight_ch25,2.911301612854004
layer3.5.conv3.weight,967,layer3.5.conv3.weight_ch967,2.909877300262451
layer4.0.conv3.weight,420,layer4.0.conv3.weight_ch420,2.909358263015747
layer3.2.conv3.weight,909,layer3.2.conv3.weight_ch909,2.9083313941955566
layer4.1.conv1.weight,241,layer4.1.conv1.weight_ch241,2.907972574234009
layer3.2.conv3.weight,474,layer3.2.conv3.weight_ch474,2.907235860824585
layer4.0.conv3.weight,1574,layer4.0.conv3.weight_ch1574,2.9071767330169678
layer3.0.conv3.weight,624,layer3.0.conv3.weight_ch624,2.9071295261383057
layer3.4.conv3.weight,997,layer3.4.conv3.weight_ch997,2.9058732986450195
layer4.0.conv3.weight,692,layer4.0.conv3.weight_ch692,2.9056901931762695
layer3.2.conv3.weight,995,layer3.2.conv3.weight_ch995,2.90425443649292
layer3.1.conv3.weight,249,layer3.1.conv3.weight_ch249,2.9038326740264893
layer3.2.conv3.weight,420,layer3.2.conv3.weight_ch420,2.9038147926330566
layer3.2.conv3.weight,592,layer3.2.conv3.weight_ch592,2.903596878051758
layer2.1.conv3.weight,113,layer2.1.conv3.weight_ch113,2.903200387954712
layer4.0.conv3.weight,345,layer4.0.conv3.weight_ch345,2.9023029804229736
layer3.2.conv3.weight,803,layer3.2.conv3.weight_ch803,2.9020509719848633
layer4.1.conv1.weight,471,layer4.1.conv1.weight_ch471,2.9016716480255127
layer3.3.conv3.weight,642,layer3.3.conv3.weight_ch642,2.9011733531951904
layer3.5.conv3.weight,479,layer3.5.conv3.weight_ch479,2.901160717010498
layer3.1.conv3.weight,974,layer3.1.conv3.weight_ch974,2.9009759426116943
layer3.4.conv3.weight,659,layer3.4.conv3.weight_ch659,2.9007880687713623
layer2.1.conv3.weight,460,layer2.1.conv3.weight_ch460,2.9007856845855713
layer3.1.conv3.weight,318,layer3.1.conv3.weight_ch318,2.900054454803467
layer3.5.conv3.weight,487,layer3.5.conv3.weight_ch487,2.89851713180542
layer4.1.conv1.weight,174,layer4.1.conv1.weight_ch174,2.8975319862365723
layer4.0.conv3.weight,2017,layer4.0.conv3.weight_ch2017,2.897054672241211
layer3.5.conv3.weight,716,layer3.5.conv3.weight_ch716,2.8954274654388428
layer3.1.conv3.weight,36,layer3.1.conv3.weight_ch36,2.8938233852386475
layer3.5.conv3.weight,415,layer3.5.conv3.weight_ch415,2.8929357528686523
layer4.0.conv3.weight,862,layer4.0.conv3.weight_ch862,2.8922488689422607
layer3.4.conv3.weight,884,layer3.4.conv3.weight_ch884,2.8916239738464355
layer3.3.conv3.weight,970,layer3.3.conv3.weight_ch970,2.8915812969207764
layer4.0.conv3.weight,474,layer4.0.conv3.weight_ch474,2.891201972961426
layer3.1.conv3.weight,413,layer3.1.conv3.weight_ch413,2.891021728515625
layer3.4.conv3.weight,963,layer3.4.conv3.weight_ch963,2.8908984661102295
layer3.2.conv2.weight,108,layer3.2.conv2.weight_ch108,2.8902711868286133
layer3.1.conv3.weight,370,layer3.1.conv3.weight_ch370,2.8897647857666016
layer3.1.conv3.weight,447,layer3.1.conv3.weight_ch447,2.888521671295166
layer3.3.conv3.weight,1023,layer3.3.conv3.weight_ch1023,2.888490676879883
layer3.3.conv3.weight,0,layer3.3.conv3.weight_ch0,2.8874106407165527
layer3.1.conv3.weight,26,layer3.1.conv3.weight_ch26,2.8871943950653076
layer4.0.conv3.weight,1393,layer4.0.conv3.weight_ch1393,2.8863630294799805
layer3.2.conv3.weight,979,layer3.2.conv3.weight_ch979,2.8855607509613037
layer4.0.conv3.weight,253,layer4.0.conv3.weight_ch253,2.8850603103637695
layer3.3.conv3.weight,410,layer3.3.conv3.weight_ch410,2.8844618797302246
layer3.2.conv3.weight,196,layer3.2.conv3.weight_ch196,2.884040594100952
layer2.1.conv3.weight,164,layer2.1.conv3.weight_ch164,2.8830716609954834
layer3.5.conv3.weight,592,layer3.5.conv3.weight_ch592,2.8829727172851562
layer2.1.conv3.weight,277,layer2.1.conv3.weight_ch277,2.8816235065460205
layer4.0.conv3.weight,1592,layer4.0.conv3.weight_ch1592,2.881199598312378
layer3.2.conv3.weight,566,layer3.2.conv3.weight_ch566,2.881161689758301
layer3.2.conv3.weight,646,layer3.2.conv3.weight_ch646,2.8789255619049072
layer3.0.conv3.weight,720,layer3.0.conv3.weight_ch720,2.878290891647339
layer3.4.conv3.weight,292,layer3.4.conv3.weight_ch292,2.8782191276550293
layer4.1.conv1.weight,261,layer4.1.conv1.weight_ch261,2.8765480518341064
layer3.4.conv3.weight,395,layer3.4.conv3.weight_ch395,2.876246452331543
layer3.5.conv3.weight,793,layer3.5.conv3.weight_ch793,2.874720335006714
layer2.1.conv3.weight,144,layer2.1.conv3.weight_ch144,2.8746209144592285
layer3.3.conv3.weight,57,layer3.3.conv3.weight_ch57,2.871603488922119
layer3.4.conv3.weight,167,layer3.4.conv3.weight_ch167,2.8715767860412598
layer4.0.conv3.weight,1472,layer4.0.conv3.weight_ch1472,2.8714756965637207
layer3.1.conv3.weight,873,layer3.1.conv3.weight_ch873,2.8708949089050293
layer4.0.conv3.weight,1963,layer4.0.conv3.weight_ch1963,2.870185375213623
layer4.0.conv3.weight,1928,layer4.0.conv3.weight_ch1928,2.869967460632324
layer3.5.conv3.weight,879,layer3.5.conv3.weight_ch879,2.867987632751465
layer4.0.conv3.weight,468,layer4.0.conv3.weight_ch468,2.867159843444824
layer4.0.conv3.weight,151,layer4.0.conv3.weight_ch151,2.8656017780303955
layer3.4.conv3.weight,458,layer3.4.conv3.weight_ch458,2.8653900623321533
layer3.3.conv3.weight,40,layer3.3.conv3.weight_ch40,2.8645031452178955
layer4.1.conv1.weight,94,layer4.1.conv1.weight_ch94,2.86324143409729
layer3.2.conv2.weight,95,layer3.2.conv2.weight_ch95,2.863187313079834
layer3.1.conv3.weight,357,layer3.1.conv3.weight_ch357,2.863074541091919
layer4.0.conv3.weight,1314,layer4.0.conv3.weight_ch1314,2.862459421157837
layer4.0.conv3.weight,104,layer4.0.conv3.weight_ch104,2.8607327938079834
layer3.3.conv3.weight,988,layer3.3.conv3.weight_ch988,2.85933256149292
layer3.3.conv3.weight,1000,layer3.3.conv3.weight_ch1000,2.857484817504883
layer4.0.conv3.weight,1377,layer4.0.conv3.weight_ch1377,2.8573312759399414
layer4.0.conv3.weight,773,layer4.0.conv3.weight_ch773,2.855407953262329
layer4.0.conv3.weight,1278,layer4.0.conv3.weight_ch1278,2.8546652793884277
layer3.1.conv3.weight,334,layer3.1.conv3.weight_ch334,2.8536489009857178
layer4.0.conv3.weight,1720,layer4.0.conv3.weight_ch1720,2.8527886867523193
layer4.0.conv3.weight,994,layer4.0.conv3.weight_ch994,2.8524489402770996
layer3.4.conv3.weight,775,layer3.4.conv3.weight_ch775,2.852349281311035
layer4.0.conv3.weight,1308,layer4.0.conv3.weight_ch1308,2.8516628742218018
layer4.0.conv3.weight,1790,layer4.0.conv3.weight_ch1790,2.8516323566436768
layer4.0.conv3.weight,1117,layer4.0.conv3.weight_ch1117,2.850856304168701
layer4.0.conv3.weight,100,layer4.0.conv3.weight_ch100,2.8505568504333496
layer4.0.conv3.weight,1080,layer4.0.conv3.weight_ch1080,2.8503499031066895
layer4.0.conv3.weight,562,layer4.0.conv3.weight_ch562,2.8500027656555176
layer4.0.conv3.weight,606,layer4.0.conv3.weight_ch606,2.8498377799987793
layer3.2.conv3.weight,763,layer3.2.conv3.weight_ch763,2.849374294281006
layer4.0.conv3.weight,1352,layer4.0.conv3.weight_ch1352,2.848381996154785
layer4.0.conv3.weight,1718,layer4.0.conv3.weight_ch1718,2.8465919494628906
layer3.0.conv2.weight,15,layer3.0.conv2.weight_ch15,2.8465518951416016
layer1.2.conv3.weight,1,layer1.2.conv3.weight_ch1,2.8455915451049805
layer3.0.conv2.weight,0,layer3.0.conv2.weight_ch0,2.845573663711548
layer4.0.conv3.weight,1225,layer4.0.conv3.weight_ch1225,2.8454883098602295
layer4.0.conv3.weight,646,layer4.0.conv3.weight_ch646,2.8442609310150146
layer3.1.conv3.weight,81,layer3.1.conv3.weight_ch81,2.843783378601074
layer4.1.conv1.weight,153,layer4.1.conv1.weight_ch153,2.8435492515563965
layer1.2.conv3.weight,28,layer1.2.conv3.weight_ch28,2.842303514480591
layer3.2.conv3.weight,60,layer3.2.conv3.weight_ch60,2.841773509979248
layer3.0.conv3.weight,88,layer3.0.conv3.weight_ch88,2.840747356414795
layer3.2.conv3.weight,896,layer3.2.conv3.weight_ch896,2.840540885925293
layer3.3.conv3.weight,870,layer3.3.conv3.weight_ch870,2.8404505252838135
layer4.0.conv3.weight,326,layer4.0.conv3.weight_ch326,2.838909387588501
layer3.0.conv3.weight,23,layer3.0.conv3.weight_ch23,2.8384244441986084
layer3.3.conv3.weight,471,layer3.3.conv3.weight_ch471,2.8382787704467773
layer3.4.conv3.weight,552,layer3.4.conv3.weight_ch552,2.8381474018096924
layer3.0.conv2.weight,53,layer3.0.conv2.weight_ch53,2.8360252380371094
layer3.0.conv2.weight,114,layer3.0.conv2.weight_ch114,2.835841655731201
layer4.0.conv3.weight,543,layer4.0.conv3.weight_ch543,2.835763692855835
layer3.3.conv3.weight,308,layer3.3.conv3.weight_ch308,2.835498332977295
layer3.3.conv3.weight,145,layer3.3.conv3.weight_ch145,2.834606409072876
layer3.2.conv3.weight,110,layer3.2.conv3.weight_ch110,2.834211826324463
layer3.4.conv3.weight,662,layer3.4.conv3.weight_ch662,2.833329916000366
layer3.0.conv3.weight,254,layer3.0.conv3.weight_ch254,2.8329105377197266
layer3.5.conv3.weight,49,layer3.5.conv3.weight_ch49,2.8324801921844482
layer4.0.conv3.weight,87,layer4.0.conv3.weight_ch87,2.8320207595825195
layer3.4.conv3.weight,516,layer3.4.conv3.weight_ch516,2.831824779510498
layer3.0.conv2.weight,231,layer3.0.conv2.weight_ch231,2.831488609313965
layer4.1.conv1.weight,60,layer4.1.conv1.weight_ch60,2.8310816287994385
layer3.2.conv3.weight,787,layer3.2.conv3.weight_ch787,2.8299508094787598
layer4.0.conv3.weight,1752,layer4.0.conv3.weight_ch1752,2.8297741413116455
layer4.0.conv3.weight,24,layer4.0.conv3.weight_ch24,2.829401969909668
layer3.2.conv3.weight,512,layer3.2.conv3.weight_ch512,2.8293440341949463
layer4.0.conv3.weight,1961,layer4.0.conv3.weight_ch1961,2.82928466796875
layer4.0.conv3.weight,1365,layer4.0.conv3.weight_ch1365,2.8274435997009277
layer3.3.conv3.weight,297,layer3.3.conv3.weight_ch297,2.825617551803589
layer4.1.conv1.weight,401,layer4.1.conv1.weight_ch401,2.825563430786133
layer3.1.conv3.weight,1020,layer3.1.conv3.weight_ch1020,2.8252384662628174
layer4.0.conv3.weight,256,layer4.0.conv3.weight_ch256,2.824270248413086
layer3.2.conv2.weight,63,layer3.2.conv2.weight_ch63,2.8241140842437744
layer3.2.conv3.weight,230,layer3.2.conv3.weight_ch230,2.823350429534912
layer3.4.conv3.weight,302,layer3.4.conv3.weight_ch302,2.8232061862945557
layer4.0.conv3.weight,1406,layer4.0.conv3.weight_ch1406,2.823202610015869
layer4.0.conv3.weight,1523,layer4.0.conv3.weight_ch1523,2.8231074810028076
layer3.3.conv3.weight,249,layer3.3.conv3.weight_ch249,2.822072744369507
layer3.5.conv3.weight,150,layer3.5.conv3.weight_ch150,2.821989059448242
layer3.4.conv3.weight,777,layer3.4.conv3.weight_ch777,2.8211405277252197
layer3.3.conv3.weight,887,layer3.3.conv3.weight_ch887,2.8211042881011963
layer3.3.conv3.weight,829,layer3.3.conv3.weight_ch829,2.820932388305664
layer2.1.conv3.weight,402,layer2.1.conv3.weight_ch402,2.820558547973633
layer3.4.conv3.weight,874,layer3.4.conv3.weight_ch874,2.8202829360961914
layer3.3.conv3.weight,668,layer3.3.conv3.weight_ch668,2.819901943206787
layer3.0.conv2.weight,130,layer3.0.conv2.weight_ch130,2.8193438053131104
layer2.0.conv1.weight,37,layer2.0.conv1.weight_ch37,2.818493366241455
layer3.2.conv3.weight,949,layer3.2.conv3.weight_ch949,2.8171188831329346
layer4.1.conv1.weight,396,layer4.1.conv1.weight_ch396,2.8171114921569824
layer3.5.conv3.weight,264,layer3.5.conv3.weight_ch264,2.815979480743408
layer3.2.conv3.weight,853,layer3.2.conv3.weight_ch853,2.814703941345215
layer3.5.conv3.weight,446,layer3.5.conv3.weight_ch446,2.8143773078918457
layer3.3.conv3.weight,838,layer3.3.conv3.weight_ch838,2.8141167163848877
layer3.2.conv3.weight,904,layer3.2.conv3.weight_ch904,2.8140838146209717
layer3.1.conv3.weight,890,layer3.1.conv3.weight_ch890,2.813819408416748
layer3.2.conv3.weight,111,layer3.2.conv3.weight_ch111,2.8130438327789307
layer4.0.conv3.weight,1050,layer4.0.conv3.weight_ch1050,2.812966823577881
layer4.1.conv1.weight,339,layer4.1.conv1.weight_ch339,2.812821865081787
layer4.1.conv1.weight,424,layer4.1.conv1.weight_ch424,2.812680959701538
layer3.0.conv2.weight,103,layer3.0.conv2.weight_ch103,2.81253981590271
layer3.3.conv3.weight,295,layer3.3.conv3.weight_ch295,2.8124303817749023
layer4.0.conv3.weight,904,layer4.0.conv3.weight_ch904,2.812253713607788
layer3.0.conv3.weight,58,layer3.0.conv3.weight_ch58,2.8116872310638428
layer3.1.conv3.weight,315,layer3.1.conv3.weight_ch315,2.8111977577209473
layer3.2.conv3.weight,114,layer3.2.conv3.weight_ch114,2.8092548847198486
layer3.4.conv3.weight,976,layer3.4.conv3.weight_ch976,2.8089418411254883
layer4.0.conv3.weight,1264,layer4.0.conv3.weight_ch1264,2.8084402084350586
layer3.1.conv3.weight,842,layer3.1.conv3.weight_ch842,2.8083336353302
layer2.3.conv2.weight,19,layer2.3.conv2.weight_ch19,2.8082704544067383
layer3.1.conv3.weight,388,layer3.1.conv3.weight_ch388,2.8082656860351562
layer3.4.conv3.weight,681,layer3.4.conv3.weight_ch681,2.807800054550171
layer3.0.conv3.weight,164,layer3.0.conv3.weight_ch164,2.807727336883545
layer3.3.conv3.weight,525,layer3.3.conv3.weight_ch525,2.8066539764404297
layer3.5.conv3.weight,325,layer3.5.conv3.weight_ch325,2.8064868450164795
layer3.3.conv3.weight,83,layer3.3.conv3.weight_ch83,2.803805112838745
layer3.2.conv3.weight,871,layer3.2.conv3.weight_ch871,2.8036630153656006
layer3.2.conv3.weight,749,layer3.2.conv3.weight_ch749,2.80230975151062
layer3.4.conv3.weight,853,layer3.4.conv3.weight_ch853,2.8017630577087402
layer3.3.conv3.weight,773,layer3.3.conv3.weight_ch773,2.801464796066284
layer3.3.conv3.weight,344,layer3.3.conv3.weight_ch344,2.800161361694336
layer3.3.conv3.weight,146,layer3.3.conv3.weight_ch146,2.8001041412353516
layer3.3.conv3.weight,218,layer3.3.conv3.weight_ch218,2.80009126663208
layer4.0.conv3.weight,1995,layer4.0.conv3.weight_ch1995,2.799989938735962
layer3.1.conv3.weight,490,layer3.1.conv3.weight_ch490,2.799934148788452
layer3.1.conv3.weight,247,layer3.1.conv3.weight_ch247,2.7983248233795166
layer4.0.conv3.weight,1978,layer4.0.conv3.weight_ch1978,2.797374725341797
layer2.1.conv3.weight,449,layer2.1.conv3.weight_ch449,2.7942614555358887
layer4.1.conv1.weight,484,layer4.1.conv1.weight_ch484,2.792494535446167
layer4.0.conv3.weight,1792,layer4.0.conv3.weight_ch1792,2.7878193855285645
layer3.0.conv3.weight,748,layer3.0.conv3.weight_ch748,2.7877306938171387
layer4.1.conv1.weight,341,layer4.1.conv1.weight_ch341,2.787421464920044
layer3.0.conv2.weight,30,layer3.0.conv2.weight_ch30,2.787032127380371
layer3.0.conv3.weight,100,layer3.0.conv3.weight_ch100,2.785583019256592
layer3.1.conv3.weight,347,layer3.1.conv3.weight_ch347,2.7851359844207764
layer3.2.conv2.weight,92,layer3.2.conv2.weight_ch92,2.784715414047241
layer3.3.conv3.weight,494,layer3.3.conv3.weight_ch494,2.7828333377838135
layer3.2.conv3.weight,330,layer3.2.conv3.weight_ch330,2.7819056510925293
layer2.1.conv3.weight,445,layer2.1.conv3.weight_ch445,2.7810635566711426
layer4.0.conv3.weight,1766,layer4.0.conv3.weight_ch1766,2.780832052230835
layer1.2.conv3.weight,11,layer1.2.conv3.weight_ch11,2.7804551124572754
layer4.0.conv3.weight,1226,layer4.0.conv3.weight_ch1226,2.779545783996582
layer4.0.conv3.weight,1767,layer4.0.conv3.weight_ch1767,2.7788143157958984
layer4.1.conv1.weight,163,layer4.1.conv1.weight_ch163,2.7782182693481445
layer4.0.conv3.weight,380,layer4.0.conv3.weight_ch380,2.778202772140503
layer3.0.conv2.weight,50,layer3.0.conv2.weight_ch50,2.7780230045318604
layer2.1.conv3.weight,309,layer2.1.conv3.weight_ch309,2.777904510498047
layer2.3.conv2.weight,37,layer2.3.conv2.weight_ch37,2.777106285095215
layer3.2.conv3.weight,473,layer3.2.conv3.weight_ch473,2.77708101272583
layer4.0.conv3.weight,152,layer4.0.conv3.weight_ch152,2.7768521308898926
layer3.3.conv3.weight,22,layer3.3.conv3.weight_ch22,2.776231050491333
layer3.0.conv3.weight,520,layer3.0.conv3.weight_ch520,2.7760672569274902
layer3.0.conv3.weight,389,layer3.0.conv3.weight_ch389,2.7755706310272217
layer3.2.conv3.weight,301,layer3.2.conv3.weight_ch301,2.774723768234253
layer4.0.conv3.weight,802,layer4.0.conv3.weight_ch802,2.7745473384857178
layer3.0.conv2.weight,67,layer3.0.conv2.weight_ch67,2.774350643157959
layer3.2.conv3.weight,971,layer3.2.conv3.weight_ch971,2.7736330032348633
layer3.0.conv3.weight,801,layer3.0.conv3.weight_ch801,2.773406505584717
layer4.1.conv1.weight,205,layer4.1.conv1.weight_ch205,2.773055076599121
layer3.1.conv3.weight,174,layer3.1.conv3.weight_ch174,2.771742582321167
layer3.2.conv3.weight,72,layer3.2.conv3.weight_ch72,2.7712132930755615
layer3.0.conv2.weight,14,layer3.0.conv2.weight_ch14,2.769979476928711
layer3.4.conv3.weight,47,layer3.4.conv3.weight_ch47,2.7698628902435303
layer3.1.conv3.weight,800,layer3.1.conv3.weight_ch800,2.769500732421875
layer3.1.conv3.weight,754,layer3.1.conv3.weight_ch754,2.7690298557281494
layer3.5.conv3.weight,619,layer3.5.conv3.weight_ch619,2.7683801651000977
layer3.2.conv3.weight,614,layer3.2.conv3.weight_ch614,2.7673397064208984
layer3.4.conv3.weight,606,layer3.4.conv3.weight_ch606,2.767277956008911
layer4.0.conv3.weight,284,layer4.0.conv3.weight_ch284,2.7669143676757812
layer4.0.conv3.weight,1514,layer4.0.conv3.weight_ch1514,2.7654612064361572
layer3.0.conv3.weight,138,layer3.0.conv3.weight_ch138,2.7649712562561035
layer4.1.conv1.weight,179,layer4.1.conv1.weight_ch179,2.764770984649658
layer4.0.conv3.weight,1515,layer4.0.conv3.weight_ch1515,2.762878179550171
layer3.2.conv3.weight,233,layer3.2.conv3.weight_ch233,2.7623064517974854
layer3.3.conv3.weight,616,layer3.3.conv3.weight_ch616,2.7621994018554688
layer4.0.conv3.weight,317,layer4.0.conv3.weight_ch317,2.7617602348327637
layer3.4.conv3.weight,992,layer3.4.conv3.weight_ch992,2.7611775398254395
layer4.1.conv1.weight,346,layer4.1.conv1.weight_ch346,2.7610058784484863
layer3.3.conv3.weight,450,layer3.3.conv3.weight_ch450,2.7606801986694336
layer4.1.conv1.weight,27,layer4.1.conv1.weight_ch27,2.7605555057525635
layer3.5.conv3.weight,391,layer3.5.conv3.weight_ch391,2.759979248046875
layer3.3.conv3.weight,991,layer3.3.conv3.weight_ch991,2.7594003677368164
layer3.1.conv3.weight,73,layer3.1.conv3.weight_ch73,2.759204864501953
layer3.4.conv3.weight,420,layer3.4.conv3.weight_ch420,2.756817102432251
layer3.2.conv3.weight,848,layer3.2.conv3.weight_ch848,2.756392240524292
layer4.0.conv3.weight,198,layer4.0.conv3.weight_ch198,2.75639009475708
layer3.0.conv2.weight,206,layer3.0.conv2.weight_ch206,2.756300926208496
layer4.0.conv3.weight,1730,layer4.0.conv3.weight_ch1730,2.7562649250030518
layer3.0.conv3.weight,496,layer3.0.conv3.weight_ch496,2.755575180053711
layer3.3.conv3.weight,528,layer3.3.conv3.weight_ch528,2.755263566970825
layer3.3.conv3.weight,260,layer3.3.conv3.weight_ch260,2.754411220550537
layer3.4.conv3.weight,360,layer3.4.conv3.weight_ch360,2.754199743270874
layer3.0.conv3.weight,79,layer3.0.conv3.weight_ch79,2.753722667694092
layer3.0.conv2.weight,148,layer3.0.conv2.weight_ch148,2.7535476684570312
layer3.0.conv3.weight,140,layer3.0.conv3.weight_ch140,2.753457546234131
layer3.1.conv3.weight,624,layer3.1.conv3.weight_ch624,2.753145456314087
layer4.1.conv1.weight,404,layer4.1.conv1.weight_ch404,2.751943349838257
layer3.3.conv3.weight,71,layer3.3.conv3.weight_ch71,2.751934051513672
layer3.0.conv3.weight,895,layer3.0.conv3.weight_ch895,2.7493643760681152
layer4.0.conv3.weight,933,layer4.0.conv3.weight_ch933,2.7490193843841553
layer4.0.conv3.weight,917,layer4.0.conv3.weight_ch917,2.745119333267212
layer3.1.conv3.weight,76,layer3.1.conv3.weight_ch76,2.7448408603668213
layer1.2.conv3.weight,149,layer1.2.conv3.weight_ch149,2.744649648666382
layer4.1.conv1.weight,393,layer4.1.conv1.weight_ch393,2.7443954944610596
layer3.4.conv3.weight,945,layer3.4.conv3.weight_ch945,2.7443413734436035
layer2.1.conv3.weight,66,layer2.1.conv3.weight_ch66,2.743964195251465
layer3.4.conv3.weight,566,layer3.4.conv3.weight_ch566,2.7439332008361816
layer4.0.conv3.weight,834,layer4.0.conv3.weight_ch834,2.7438790798187256
layer3.3.conv3.weight,54,layer3.3.conv3.weight_ch54,2.7433841228485107
layer3.2.conv3.weight,695,layer3.2.conv3.weight_ch695,2.74324631690979
layer3.1.conv3.weight,215,layer3.1.conv3.weight_ch215,2.742866039276123
layer4.0.conv3.weight,589,layer4.0.conv3.weight_ch589,2.742771625518799
layer3.3.conv3.weight,92,layer3.3.conv3.weight_ch92,2.742248296737671
layer4.0.conv3.weight,1787,layer4.0.conv3.weight_ch1787,2.7419891357421875
layer3.3.conv3.weight,847,layer3.3.conv3.weight_ch847,2.740385055541992
layer3.5.conv3.weight,505,layer3.5.conv3.weight_ch505,2.7401442527770996
layer3.2.conv3.weight,846,layer3.2.conv3.weight_ch846,2.739957571029663
layer4.0.conv3.weight,1279,layer4.0.conv3.weight_ch1279,2.739548921585083
layer3.4.conv3.weight,922,layer3.4.conv3.weight_ch922,2.739109516143799
layer3.4.conv3.weight,31,layer3.4.conv3.weight_ch31,2.7389588356018066
layer3.3.conv3.weight,262,layer3.3.conv3.weight_ch262,2.737961530685425
layer3.2.conv3.weight,662,layer3.2.conv3.weight_ch662,2.737640142440796
layer3.4.conv3.weight,407,layer3.4.conv3.weight_ch407,2.737534761428833
layer3.4.conv3.weight,826,layer3.4.conv3.weight_ch826,2.7346980571746826
layer3.5.conv3.weight,423,layer3.5.conv3.weight_ch423,2.734508514404297
layer4.0.conv3.weight,859,layer4.0.conv3.weight_ch859,2.734494686126709
layer3.2.conv3.weight,297,layer3.2.conv3.weight_ch297,2.7339446544647217
layer3.1.conv3.weight,743,layer3.1.conv3.weight_ch743,2.7331154346466064
layer3.1.conv3.weight,5,layer3.1.conv3.weight_ch5,2.731731653213501
layer3.2.conv2.weight,75,layer3.2.conv2.weight_ch75,2.7282702922821045
layer3.0.conv2.weight,109,layer3.0.conv2.weight_ch109,2.727332592010498
layer4.0.conv3.weight,1738,layer4.0.conv3.weight_ch1738,2.7270047664642334
layer3.5.conv3.weight,982,layer3.5.conv3.weight_ch982,2.726863384246826
layer3.1.conv3.weight,309,layer3.1.conv3.weight_ch309,2.7263503074645996
layer2.1.conv3.weight,374,layer2.1.conv3.weight_ch374,2.72627592086792
layer4.0.conv3.weight,1991,layer4.0.conv3.weight_ch1991,2.7257606983184814
layer4.0.conv3.weight,125,layer4.0.conv3.weight_ch125,2.7256786823272705
layer4.0.conv3.weight,1643,layer4.0.conv3.weight_ch1643,2.72529935836792
layer3.5.conv3.weight,732,layer3.5.conv3.weight_ch732,2.725022315979004
layer3.4.conv3.weight,966,layer3.4.conv3.weight_ch966,2.7249014377593994
layer4.0.conv3.weight,918,layer4.0.conv3.weight_ch918,2.7244296073913574
layer4.0.conv3.weight,1208,layer4.0.conv3.weight_ch1208,2.724126100540161
layer3.0.conv3.weight,485,layer3.0.conv3.weight_ch485,2.7235679626464844
layer4.0.conv3.weight,1823,layer4.0.conv3.weight_ch1823,2.723442554473877
layer4.0.conv3.weight,1735,layer4.0.conv3.weight_ch1735,2.7231686115264893
layer3.0.conv3.weight,851,layer3.0.conv3.weight_ch851,2.7218053340911865
layer4.0.conv3.weight,440,layer4.0.conv3.weight_ch440,2.719803810119629
layer4.0.conv3.weight,1831,layer4.0.conv3.weight_ch1831,2.7195677757263184
layer3.5.conv3.weight,524,layer3.5.conv3.weight_ch524,2.718900442123413
layer3.3.conv3.weight,864,layer3.3.conv3.weight_ch864,2.7183923721313477
layer4.0.conv3.weight,116,layer4.0.conv3.weight_ch116,2.7170073986053467
layer3.2.conv3.weight,690,layer3.2.conv3.weight_ch690,2.7163326740264893
layer3.4.conv3.weight,200,layer3.4.conv3.weight_ch200,2.715182065963745
layer4.0.conv3.weight,525,layer4.0.conv3.weight_ch525,2.714318037033081
layer2.0.conv2.weight,14,layer2.0.conv2.weight_ch14,2.714153528213501
layer4.0.conv3.weight,270,layer4.0.conv3.weight_ch270,2.711994171142578
layer2.3.conv2.weight,7,layer2.3.conv2.weight_ch7,2.7107932567596436
layer3.2.conv3.weight,751,layer3.2.conv3.weight_ch751,2.710517168045044
layer4.0.conv3.weight,351,layer4.0.conv3.weight_ch351,2.7095813751220703
layer3.0.conv3.weight,1010,layer3.0.conv3.weight_ch1010,2.7087645530700684
layer2.0.conv2.weight,48,layer2.0.conv2.weight_ch48,2.70847487449646
layer4.0.conv3.weight,932,layer4.0.conv3.weight_ch932,2.7081375122070312
layer4.1.conv1.weight,284,layer4.1.conv1.weight_ch284,2.707773447036743
layer4.0.conv3.weight,520,layer4.0.conv3.weight_ch520,2.707693099975586
layer3.4.conv3.weight,774,layer3.4.conv3.weight_ch774,2.707689046859741
layer3.5.conv3.weight,280,layer3.5.conv3.weight_ch280,2.7075014114379883
layer3.4.conv3.weight,600,layer3.4.conv3.weight_ch600,2.706244707107544
layer4.1.conv1.weight,265,layer4.1.conv1.weight_ch265,2.7061784267425537
layer4.1.conv1.weight,412,layer4.1.conv1.weight_ch412,2.7039382457733154
layer4.0.conv3.weight,242,layer4.0.conv3.weight_ch242,2.70387601852417
layer3.2.conv3.weight,994,layer3.2.conv3.weight_ch994,2.7013158798217773
layer3.4.conv3.weight,226,layer3.4.conv3.weight_ch226,2.69988751411438
layer3.0.conv3.weight,923,layer3.0.conv3.weight_ch923,2.698801040649414
layer3.2.conv3.weight,35,layer3.2.conv3.weight_ch35,2.6985201835632324
layer3.4.conv3.weight,126,layer3.4.conv3.weight_ch126,2.696096658706665
layer3.1.conv3.weight,676,layer3.1.conv3.weight_ch676,2.696078300476074
layer4.1.conv1.weight,500,layer4.1.conv1.weight_ch500,2.696035861968994
layer3.2.conv3.weight,414,layer3.2.conv3.weight_ch414,2.6957595348358154
layer3.3.conv3.weight,75,layer3.3.conv3.weight_ch75,2.695685863494873
layer4.0.conv3.weight,475,layer4.0.conv3.weight_ch475,2.6956584453582764
layer2.1.conv3.weight,100,layer2.1.conv3.weight_ch100,2.6937830448150635
layer4.0.conv3.weight,855,layer4.0.conv3.weight_ch855,2.6936264038085938
layer4.1.conv1.weight,149,layer4.1.conv1.weight_ch149,2.693568229675293
layer4.1.conv1.weight,78,layer4.1.conv1.weight_ch78,2.69303822517395
layer3.3.conv3.weight,441,layer3.3.conv3.weight_ch441,2.692265272140503
layer4.0.conv3.weight,337,layer4.0.conv3.weight_ch337,2.6905312538146973
layer4.0.conv3.weight,504,layer4.0.conv3.weight_ch504,2.68900465965271
layer3.4.conv3.weight,358,layer3.4.conv3.weight_ch358,2.688981294631958
layer4.0.conv3.weight,715,layer4.0.conv3.weight_ch715,2.688682794570923
layer3.0.conv2.weight,42,layer3.0.conv2.weight_ch42,2.6884050369262695
layer3.2.conv3.weight,1020,layer3.2.conv3.weight_ch1020,2.687067985534668
layer4.1.conv1.weight,434,layer4.1.conv1.weight_ch434,2.684225559234619
layer3.0.conv2.weight,99,layer3.0.conv2.weight_ch99,2.680596351623535
layer3.4.conv3.weight,262,layer3.4.conv3.weight_ch262,2.679992437362671
layer2.0.conv2.weight,80,layer2.0.conv2.weight_ch80,2.679608106613159
layer3.4.conv3.weight,629,layer3.4.conv3.weight_ch629,2.6788134574890137
layer3.1.conv3.weight,616,layer3.1.conv3.weight_ch616,2.678309202194214
layer2.1.conv3.weight,215,layer2.1.conv3.weight_ch215,2.677272081375122
layer3.0.conv2.weight,37,layer3.0.conv2.weight_ch37,2.6764206886291504
layer3.1.conv3.weight,560,layer3.1.conv3.weight_ch560,2.67598557472229
layer3.1.conv3.weight,281,layer3.1.conv3.weight_ch281,2.675412893295288
layer3.4.conv3.weight,172,layer3.4.conv3.weight_ch172,2.6733391284942627
layer3.5.conv3.weight,480,layer3.5.conv3.weight_ch480,2.672851800918579
layer3.1.conv3.weight,811,layer3.1.conv3.weight_ch811,2.6724488735198975
layer3.0.conv2.weight,218,layer3.0.conv2.weight_ch218,2.672055244445801
layer4.0.conv3.weight,98,layer4.0.conv3.weight_ch98,2.6703133583068848
layer3.5.conv3.weight,362,layer3.5.conv3.weight_ch362,2.6703083515167236
layer3.0.conv3.weight,259,layer3.0.conv3.weight_ch259,2.670029640197754
layer4.1.conv1.weight,421,layer4.1.conv1.weight_ch421,2.667584180831909
layer3.0.conv3.weight,325,layer3.0.conv3.weight_ch325,2.667037010192871
layer3.3.conv3.weight,65,layer3.3.conv3.weight_ch65,2.6670050621032715
layer3.3.conv3.weight,933,layer3.3.conv3.weight_ch933,2.6663763523101807
layer3.2.conv3.weight,569,layer3.2.conv3.weight_ch569,2.666335105895996
layer3.5.conv3.weight,390,layer3.5.conv3.weight_ch390,2.665593385696411
layer3.5.conv3.weight,366,layer3.5.conv3.weight_ch366,2.6654887199401855
layer4.0.conv3.weight,395,layer4.0.conv3.weight_ch395,2.665012836456299
layer3.0.conv3.weight,755,layer3.0.conv3.weight_ch755,2.664863348007202
layer4.1.conv1.weight,413,layer4.1.conv1.weight_ch413,2.664684295654297
layer3.0.conv3.weight,727,layer3.0.conv3.weight_ch727,2.664611577987671
layer3.5.conv3.weight,538,layer3.5.conv3.weight_ch538,2.6645758152008057
layer3.0.conv3.weight,762,layer3.0.conv3.weight_ch762,2.6640868186950684
layer3.0.conv2.weight,98,layer3.0.conv2.weight_ch98,2.6638715267181396
layer3.3.conv3.weight,114,layer3.3.conv3.weight_ch114,2.663268566131592
layer4.0.conv3.weight,137,layer4.0.conv3.weight_ch137,2.6632516384124756
layer4.0.conv3.weight,968,layer4.0.conv3.weight_ch968,2.663090229034424
layer3.0.conv3.weight,645,layer3.0.conv3.weight_ch645,2.6626408100128174
layer4.0.conv3.weight,2012,layer4.0.conv3.weight_ch2012,2.6616740226745605
layer3.1.conv3.weight,116,layer3.1.conv3.weight_ch116,2.661378860473633
layer3.0.conv3.weight,482,layer3.0.conv3.weight_ch482,2.661285877227783
layer4.1.conv1.weight,259,layer4.1.conv1.weight_ch259,2.660828113555908
layer2.3.conv2.weight,60,layer2.3.conv2.weight_ch60,2.6605918407440186
layer4.0.conv3.weight,1330,layer4.0.conv3.weight_ch1330,2.66058611869812
layer2.3.conv2.weight,70,layer2.3.conv2.weight_ch70,2.6604726314544678
layer4.0.conv3.weight,897,layer4.0.conv3.weight_ch897,2.6596434116363525
layer3.2.conv3.weight,836,layer3.2.conv3.weight_ch836,2.6586995124816895
layer2.0.conv1.weight,102,layer2.0.conv1.weight_ch102,2.6584346294403076
layer3.2.conv2.weight,90,layer3.2.conv2.weight_ch90,2.6570818424224854
layer3.0.conv3.weight,317,layer3.0.conv3.weight_ch317,2.6570069789886475
layer3.3.conv3.weight,644,layer3.3.conv3.weight_ch644,2.6559669971466064
layer4.0.conv3.weight,263,layer4.0.conv3.weight_ch263,2.6544551849365234
layer3.1.conv3.weight,651,layer3.1.conv3.weight_ch651,2.6540122032165527
layer4.0.conv3.weight,718,layer4.0.conv3.weight_ch718,2.6538031101226807
layer3.2.conv2.weight,109,layer3.2.conv2.weight_ch109,2.6530141830444336
layer1.2.conv3.weight,162,layer1.2.conv3.weight_ch162,2.6526360511779785
layer2.1.conv3.weight,279,layer2.1.conv3.weight_ch279,2.652427911758423
layer3.1.conv3.weight,244,layer3.1.conv3.weight_ch244,2.650953531265259
layer4.0.conv3.weight,281,layer4.0.conv3.weight_ch281,2.6505799293518066
layer3.0.conv2.weight,58,layer3.0.conv2.weight_ch58,2.6505777835845947
layer4.1.conv1.weight,127,layer4.1.conv1.weight_ch127,2.6498968601226807
layer3.4.conv3.weight,110,layer3.4.conv3.weight_ch110,2.6496427059173584
layer4.0.conv3.weight,318,layer4.0.conv3.weight_ch318,2.649562120437622
layer4.1.conv1.weight,331,layer4.1.conv1.weight_ch331,2.6491482257843018
layer4.0.conv3.weight,1795,layer4.0.conv3.weight_ch1795,2.6486423015594482
layer3.2.conv3.weight,66,layer3.2.conv3.weight_ch66,2.6483726501464844
layer4.0.conv3.weight,199,layer4.0.conv3.weight_ch199,2.6483561992645264
layer3.2.conv3.weight,649,layer3.2.conv3.weight_ch649,2.6475119590759277
layer3.3.conv3.weight,679,layer3.3.conv3.weight_ch679,2.6474688053131104
layer4.0.conv3.weight,785,layer4.0.conv3.weight_ch785,2.647066116333008
layer3.0.conv3.weight,512,layer3.0.conv3.weight_ch512,2.6469054222106934
layer3.0.conv2.weight,214,layer3.0.conv2.weight_ch214,2.646522045135498
layer4.0.conv3.weight,347,layer4.0.conv3.weight_ch347,2.646013021469116
layer3.0.conv3.weight,479,layer3.0.conv3.weight_ch479,2.6459288597106934
layer4.0.conv3.weight,1868,layer4.0.conv3.weight_ch1868,2.6449453830718994
layer3.5.conv3.weight,923,layer3.5.conv3.weight_ch923,2.644913673400879
layer3.0.conv2.weight,90,layer3.0.conv2.weight_ch90,2.644845962524414
layer4.0.conv3.weight,1362,layer4.0.conv3.weight_ch1362,2.644536256790161
layer3.0.conv3.weight,158,layer3.0.conv3.weight_ch158,2.6443288326263428
layer4.0.conv3.weight,1204,layer4.0.conv3.weight_ch1204,2.6430068016052246
layer3.0.conv3.weight,50,layer3.0.conv3.weight_ch50,2.642944097518921
layer4.1.conv1.weight,292,layer4.1.conv1.weight_ch292,2.642925262451172
layer3.5.conv3.weight,623,layer3.5.conv3.weight_ch623,2.6424384117126465
layer4.0.conv3.weight,248,layer4.0.conv3.weight_ch248,2.64237380027771
layer3.2.conv3.weight,513,layer3.2.conv3.weight_ch513,2.6417481899261475
layer3.3.conv3.weight,181,layer3.3.conv3.weight_ch181,2.6415445804595947
layer4.0.conv3.weight,1844,layer4.0.conv3.weight_ch1844,2.640820026397705
layer3.4.conv3.weight,17,layer3.4.conv3.weight_ch17,2.640639066696167
layer2.1.conv3.weight,107,layer2.1.conv3.weight_ch107,2.639198064804077
layer3.4.conv3.weight,130,layer3.4.conv3.weight_ch130,2.6379284858703613
layer3.4.conv3.weight,764,layer3.4.conv3.weight_ch764,2.637356996536255
layer3.1.conv3.weight,365,layer3.1.conv3.weight_ch365,2.6362600326538086
layer4.0.conv3.weight,1616,layer4.0.conv3.weight_ch1616,2.636223793029785
layer4.0.conv3.weight,1950,layer4.0.conv3.weight_ch1950,2.6344640254974365
layer4.0.conv3.weight,1940,layer4.0.conv3.weight_ch1940,2.6344456672668457
layer3.2.conv2.weight,107,layer3.2.conv2.weight_ch107,2.632960319519043
layer3.4.conv3.weight,103,layer3.4.conv3.weight_ch103,2.6326186656951904
layer2.1.conv3.weight,293,layer2.1.conv3.weight_ch293,2.631709575653076
layer3.3.conv3.weight,975,layer3.3.conv3.weight_ch975,2.6312005519866943
layer3.0.conv2.weight,221,layer3.0.conv2.weight_ch221,2.631021738052368
layer4.1.conv1.weight,497,layer4.1.conv1.weight_ch497,2.6309170722961426
layer3.3.conv3.weight,359,layer3.3.conv3.weight_ch359,2.630079746246338
layer3.5.conv3.weight,28,layer3.5.conv3.weight_ch28,2.6296985149383545
layer3.0.conv3.weight,621,layer3.0.conv3.weight_ch621,2.6293911933898926
layer4.0.conv3.weight,1548,layer4.0.conv3.weight_ch1548,2.627978563308716
layer3.2.conv3.weight,943,layer3.2.conv3.weight_ch943,2.6275503635406494
layer4.0.conv3.weight,583,layer4.0.conv3.weight_ch583,2.6268603801727295
layer4.0.conv3.weight,875,layer4.0.conv3.weight_ch875,2.6267282962799072
layer3.5.conv3.weight,68,layer3.5.conv3.weight_ch68,2.625875473022461
layer3.0.conv3.weight,878,layer3.0.conv3.weight_ch878,2.6246399879455566
layer3.1.conv3.weight,196,layer3.1.conv3.weight_ch196,2.623441219329834
layer2.1.conv3.weight,233,layer2.1.conv3.weight_ch233,2.6231184005737305
layer3.1.conv3.weight,184,layer3.1.conv3.weight_ch184,2.6228058338165283
layer3.5.conv3.weight,1,layer3.5.conv3.weight_ch1,2.6215097904205322
layer3.1.conv3.weight,602,layer3.1.conv3.weight_ch602,2.6202893257141113
layer4.0.conv3.weight,2009,layer4.0.conv3.weight_ch2009,2.6188535690307617
layer3.0.conv3.weight,393,layer3.0.conv3.weight_ch393,2.6185927391052246
layer3.1.conv3.weight,506,layer3.1.conv3.weight_ch506,2.617412805557251
layer3.4.conv3.weight,203,layer3.4.conv3.weight_ch203,2.6173717975616455
layer4.1.conv1.weight,290,layer4.1.conv1.weight_ch290,2.616908311843872
layer3.2.conv3.weight,27,layer3.2.conv3.weight_ch27,2.6155812740325928
layer4.0.conv3.weight,848,layer4.0.conv3.weight_ch848,2.614574670791626
layer4.0.conv3.weight,2016,layer4.0.conv3.weight_ch2016,2.6140708923339844
layer3.0.conv3.weight,855,layer3.0.conv3.weight_ch855,2.6135261058807373
layer4.0.conv3.weight,1820,layer4.0.conv3.weight_ch1820,2.613168954849243
layer3.3.conv3.weight,569,layer3.3.conv3.weight_ch569,2.613154888153076
layer4.0.conv3.weight,2000,layer4.0.conv3.weight_ch2000,2.612957000732422
layer3.1.conv3.weight,224,layer3.1.conv3.weight_ch224,2.612743854522705
layer3.3.conv3.weight,924,layer3.3.conv3.weight_ch924,2.6126222610473633
layer3.0.conv2.weight,43,layer3.0.conv2.weight_ch43,2.6112143993377686
layer4.0.conv3.weight,515,layer4.0.conv3.weight_ch515,2.610002040863037
layer3.0.conv3.weight,747,layer3.0.conv3.weight_ch747,2.6091384887695312
layer3.0.conv3.weight,971,layer3.0.conv3.weight_ch971,2.608384370803833
layer3.2.conv2.weight,228,layer3.2.conv2.weight_ch228,2.608370780944824
layer3.0.conv3.weight,113,layer3.0.conv3.weight_ch113,2.6077866554260254
layer4.0.conv3.weight,1503,layer4.0.conv3.weight_ch1503,2.6073389053344727
layer3.3.conv3.weight,532,layer3.3.conv3.weight_ch532,2.6067826747894287
layer3.4.conv3.weight,345,layer3.4.conv3.weight_ch345,2.6058900356292725
layer4.0.conv3.weight,1034,layer4.0.conv3.weight_ch1034,2.6040332317352295
layer4.0.conv3.weight,450,layer4.0.conv3.weight_ch450,2.6036314964294434
layer2.1.conv3.weight,286,layer2.1.conv3.weight_ch286,2.602193593978882
layer3.0.conv2.weight,205,layer3.0.conv2.weight_ch205,2.601374626159668
layer3.0.conv2.weight,51,layer3.0.conv2.weight_ch51,2.6013166904449463
layer3.0.conv2.weight,21,layer3.0.conv2.weight_ch21,2.6012256145477295
layer3.1.conv3.weight,75,layer3.1.conv3.weight_ch75,2.6007418632507324
layer3.2.conv2.weight,10,layer3.2.conv2.weight_ch10,2.600731134414673
layer2.1.conv3.weight,161,layer2.1.conv3.weight_ch161,2.600220203399658
layer2.1.conv3.weight,67,layer2.1.conv3.weight_ch67,2.59997296333313
layer4.0.conv3.weight,1818,layer4.0.conv3.weight_ch1818,2.5999271869659424
layer3.5.conv3.weight,30,layer3.5.conv3.weight_ch30,2.5992255210876465
layer3.5.conv3.weight,596,layer3.5.conv3.weight_ch596,2.598825454711914
layer3.2.conv2.weight,239,layer3.2.conv2.weight_ch239,2.5983564853668213
layer4.0.conv3.weight,959,layer4.0.conv3.weight_ch959,2.5982091426849365
layer3.0.conv3.weight,4,layer3.0.conv3.weight_ch4,2.597977876663208
layer3.2.conv3.weight,859,layer3.2.conv3.weight_ch859,2.5979583263397217
layer4.0.conv3.weight,674,layer4.0.conv3.weight_ch674,2.5976741313934326
layer3.2.conv2.weight,183,layer3.2.conv2.weight_ch183,2.5973575115203857
layer3.0.conv3.weight,526,layer3.0.conv3.weight_ch526,2.596752643585205
layer3.0.conv3.weight,469,layer3.0.conv3.weight_ch469,2.596677541732788
layer3.0.conv2.weight,81,layer3.0.conv2.weight_ch81,2.596609115600586
layer4.0.conv3.weight,1062,layer4.0.conv3.weight_ch1062,2.596583366394043
layer4.0.conv3.weight,1125,layer4.0.conv3.weight_ch1125,2.5953562259674072
layer4.0.conv3.weight,62,layer4.0.conv3.weight_ch62,2.5941975116729736
layer4.0.conv3.weight,665,layer4.0.conv3.weight_ch665,2.593599319458008
layer4.1.conv1.weight,231,layer4.1.conv1.weight_ch231,2.5928523540496826
layer3.1.conv3.weight,313,layer3.1.conv3.weight_ch313,2.5917344093322754
layer4.0.conv3.weight,491,layer4.0.conv3.weight_ch491,2.5910072326660156
layer4.0.conv3.weight,883,layer4.0.conv3.weight_ch883,2.5909388065338135
layer3.2.conv2.weight,17,layer3.2.conv2.weight_ch17,2.5904362201690674
layer4.1.conv1.weight,183,layer4.1.conv1.weight_ch183,2.5898749828338623
layer3.0.conv3.weight,478,layer3.0.conv3.weight_ch478,2.589773416519165
layer4.0.conv3.weight,431,layer4.0.conv3.weight_ch431,2.589688301086426
layer3.3.conv3.weight,238,layer3.3.conv3.weight_ch238,2.5892462730407715
layer2.1.conv3.weight,431,layer2.1.conv3.weight_ch431,2.589017152786255
layer4.1.conv1.weight,379,layer4.1.conv1.weight_ch379,2.5880215167999268
layer3.2.conv3.weight,92,layer3.2.conv3.weight_ch92,2.5872597694396973
layer3.5.conv3.weight,678,layer3.5.conv3.weight_ch678,2.5871777534484863
layer4.1.conv1.weight,391,layer4.1.conv1.weight_ch391,2.5869338512420654
layer3.3.conv3.weight,115,layer3.3.conv3.weight_ch115,2.5867979526519775
layer2.3.conv2.weight,17,layer2.3.conv2.weight_ch17,2.586223840713501
layer3.5.conv3.weight,795,layer3.5.conv3.weight_ch795,2.5854475498199463
layer3.4.conv3.weight,173,layer3.4.conv3.weight_ch173,2.5852437019348145
layer4.0.conv3.weight,473,layer4.0.conv3.weight_ch473,2.5840866565704346
layer3.5.conv3.weight,246,layer3.5.conv3.weight_ch246,2.5839762687683105
layer4.0.conv3.weight,1682,layer4.0.conv3.weight_ch1682,2.5836777687072754
layer3.0.conv3.weight,438,layer3.0.conv3.weight_ch438,2.5833423137664795
layer4.1.conv1.weight,370,layer4.1.conv1.weight_ch370,2.582383871078491
layer4.0.conv3.weight,542,layer4.0.conv3.weight_ch542,2.5821692943573
layer3.3.conv3.weight,632,layer3.3.conv3.weight_ch632,2.5816357135772705
layer4.0.conv3.weight,60,layer4.0.conv3.weight_ch60,2.5811192989349365
layer3.1.conv3.weight,151,layer3.1.conv3.weight_ch151,2.580990791320801
layer3.4.conv3.weight,199,layer3.4.conv3.weight_ch199,2.5807316303253174
layer2.0.conv1.weight,121,layer2.0.conv1.weight_ch121,2.5805768966674805
layer2.0.conv2.weight,94,layer2.0.conv2.weight_ch94,2.5804781913757324
layer3.0.conv2.weight,217,layer3.0.conv2.weight_ch217,2.5800960063934326
layer3.4.conv3.weight,725,layer3.4.conv3.weight_ch725,2.579721450805664
layer3.5.conv3.weight,670,layer3.5.conv3.weight_ch670,2.5796544551849365
layer4.0.conv3.weight,1090,layer4.0.conv3.weight_ch1090,2.5794427394866943
layer4.0.conv3.weight,406,layer4.0.conv3.weight_ch406,2.5785694122314453
layer3.5.conv3.weight,917,layer3.5.conv3.weight_ch917,2.5773370265960693
layer3.5.conv3.weight,74,layer3.5.conv3.weight_ch74,2.576328754425049
layer4.0.conv3.weight,1391,layer4.0.conv3.weight_ch1391,2.5762665271759033
layer3.2.conv3.weight,588,layer3.2.conv3.weight_ch588,2.5755555629730225
layer3.2.conv3.weight,205,layer3.2.conv3.weight_ch205,2.5750732421875
layer3.0.conv3.weight,376,layer3.0.conv3.weight_ch376,2.5744967460632324
layer3.4.conv3.weight,194,layer3.4.conv3.weight_ch194,2.573803186416626
layer3.3.conv3.weight,972,layer3.3.conv3.weight_ch972,2.5735623836517334
layer3.0.conv3.weight,237,layer3.0.conv3.weight_ch237,2.573484182357788
layer3.3.conv3.weight,132,layer3.3.conv3.weight_ch132,2.572176933288574
layer3.2.conv3.weight,960,layer3.2.conv3.weight_ch960,2.5721354484558105
layer2.0.conv2.weight,37,layer2.0.conv2.weight_ch37,2.5721263885498047
layer4.1.conv1.weight,295,layer4.1.conv1.weight_ch295,2.572122812271118
layer4.1.conv1.weight,496,layer4.1.conv1.weight_ch496,2.571173667907715
layer3.2.conv3.weight,925,layer3.2.conv3.weight_ch925,2.5704832077026367
layer2.0.conv2.weight,85,layer2.0.conv2.weight_ch85,2.570193290710449
layer4.0.conv3.weight,647,layer4.0.conv3.weight_ch647,2.5699779987335205
layer3.0.conv2.weight,145,layer3.0.conv2.weight_ch145,2.568552255630493
layer3.2.conv3.weight,1002,layer3.2.conv3.weight_ch1002,2.567791700363159
layer4.1.conv1.weight,7,layer4.1.conv1.weight_ch7,2.567789077758789
layer3.3.conv3.weight,547,layer3.3.conv3.weight_ch547,2.567551851272583
layer4.0.conv3.weight,964,layer4.0.conv3.weight_ch964,2.5669360160827637
layer4.1.conv1.weight,255,layer4.1.conv1.weight_ch255,2.5665533542633057
layer3.0.conv2.weight,11,layer3.0.conv2.weight_ch11,2.5652735233306885
layer2.1.conv3.weight,320,layer2.1.conv3.weight_ch320,2.5650975704193115
layer3.2.conv3.weight,547,layer3.2.conv3.weight_ch547,2.5644915103912354
layer4.1.conv1.weight,271,layer4.1.conv1.weight_ch271,2.5643296241760254
layer4.0.conv3.weight,938,layer4.0.conv3.weight_ch938,2.563136100769043
layer4.0.conv3.weight,1464,layer4.0.conv3.weight_ch1464,2.560490131378174
layer3.3.conv3.weight,32,layer3.3.conv3.weight_ch32,2.560155153274536
layer3.5.conv3.weight,559,layer3.5.conv3.weight_ch559,2.5601418018341064
layer4.0.conv3.weight,1724,layer4.0.conv3.weight_ch1724,2.558748245239258
layer4.0.conv3.weight,851,layer4.0.conv3.weight_ch851,2.5586135387420654
layer3.4.conv3.weight,351,layer3.4.conv3.weight_ch351,2.557729721069336
layer3.0.conv2.weight,253,layer3.0.conv2.weight_ch253,2.5573294162750244
layer3.3.conv3.weight,553,layer3.3.conv3.weight_ch553,2.5570812225341797
layer3.1.conv3.weight,854,layer3.1.conv3.weight_ch854,2.555446147918701
layer3.5.conv3.weight,580,layer3.5.conv3.weight_ch580,2.5546836853027344
layer3.1.conv3.weight,547,layer3.1.conv3.weight_ch547,2.5546000003814697
layer2.1.conv3.weight,13,layer2.1.conv3.weight_ch13,2.5542232990264893
layer3.5.conv3.weight,850,layer3.5.conv3.weight_ch850,2.5539257526397705
layer3.0.conv3.weight,272,layer3.0.conv3.weight_ch272,2.553542137145996
layer3.3.conv3.weight,860,layer3.3.conv3.weight_ch860,2.5534987449645996
layer3.2.conv3.weight,920,layer3.2.conv3.weight_ch920,2.552863121032715
layer3.5.conv3.weight,54,layer3.5.conv3.weight_ch54,2.552835464477539
layer3.5.conv3.weight,920,layer3.5.conv3.weight_ch920,2.551805257797241
layer2.1.conv3.weight,214,layer2.1.conv3.weight_ch214,2.5514354705810547
layer3.3.conv3.weight,89,layer3.3.conv3.weight_ch89,2.5497946739196777
layer3.2.conv2.weight,113,layer3.2.conv2.weight_ch113,2.5494377613067627
layer3.3.conv3.weight,255,layer3.3.conv3.weight_ch255,2.5487172603607178
layer3.2.conv2.weight,79,layer3.2.conv2.weight_ch79,2.5486090183258057
layer4.0.conv3.weight,1246,layer4.0.conv3.weight_ch1246,2.5479977130889893
layer3.0.conv3.weight,329,layer3.0.conv3.weight_ch329,2.547550916671753
layer3.4.conv3.weight,222,layer3.4.conv3.weight_ch222,2.5468297004699707
layer4.0.conv3.weight,657,layer4.0.conv3.weight_ch657,2.546800136566162
layer3.2.conv3.weight,748,layer3.2.conv3.weight_ch748,2.5464906692504883
layer3.3.conv3.weight,744,layer3.3.conv3.weight_ch744,2.545760154724121
layer3.5.conv3.weight,126,layer3.5.conv3.weight_ch126,2.5450282096862793
layer3.5.conv3.weight,922,layer3.5.conv3.weight_ch922,2.5448501110076904
layer4.0.conv3.weight,492,layer4.0.conv3.weight_ch492,2.544827699661255
layer4.0.conv3.weight,1166,layer4.0.conv3.weight_ch1166,2.544698715209961
layer3.0.conv2.weight,126,layer3.0.conv2.weight_ch126,2.5445282459259033
layer4.0.conv3.weight,462,layer4.0.conv3.weight_ch462,2.543980598449707
layer4.0.conv3.weight,1850,layer4.0.conv3.weight_ch1850,2.542309522628784
layer4.0.conv3.weight,1967,layer4.0.conv3.weight_ch1967,2.5421862602233887
layer3.1.conv3.weight,415,layer3.1.conv3.weight_ch415,2.5416224002838135
layer3.2.conv3.weight,548,layer3.2.conv3.weight_ch548,2.5408308506011963
layer3.5.conv3.weight,433,layer3.5.conv3.weight_ch433,2.540005683898926
layer3.2.conv3.weight,554,layer3.2.conv3.weight_ch554,2.5399951934814453
layer3.2.conv3.weight,746,layer3.2.conv3.weight_ch746,2.538074493408203
layer3.3.conv3.weight,248,layer3.3.conv3.weight_ch248,2.537990093231201
layer4.0.conv3.weight,290,layer4.0.conv3.weight_ch290,2.537369728088379
layer3.5.conv3.weight,908,layer3.5.conv3.weight_ch908,2.536968469619751
layer3.5.conv3.weight,933,layer3.5.conv3.weight_ch933,2.535770893096924
layer3.1.conv3.weight,25,layer3.1.conv3.weight_ch25,2.5356740951538086
layer3.0.conv2.weight,159,layer3.0.conv2.weight_ch159,2.535336494445801
layer4.0.conv3.weight,1360,layer4.0.conv3.weight_ch1360,2.535109281539917
layer3.0.conv2.weight,244,layer3.0.conv2.weight_ch244,2.534946918487549
layer3.3.conv3.weight,173,layer3.3.conv3.weight_ch173,2.5343966484069824
layer3.0.conv2.weight,32,layer3.0.conv2.weight_ch32,2.534099817276001
layer1.2.conv3.weight,220,layer1.2.conv3.weight_ch220,2.53378963470459
layer3.4.conv3.weight,960,layer3.4.conv3.weight_ch960,2.533503770828247
layer3.2.conv3.weight,469,layer3.2.conv3.weight_ch469,2.533489227294922
layer3.3.conv3.weight,995,layer3.3.conv3.weight_ch995,2.5329089164733887
layer4.0.conv3.weight,272,layer4.0.conv3.weight_ch272,2.5328586101531982
layer3.0.conv3.weight,938,layer3.0.conv3.weight_ch938,2.532344341278076
layer4.0.conv3.weight,1214,layer4.0.conv3.weight_ch1214,2.5322670936584473
layer3.4.conv3.weight,88,layer3.4.conv3.weight_ch88,2.5316247940063477
layer3.3.conv3.weight,950,layer3.3.conv3.weight_ch950,2.5314152240753174
layer3.4.conv3.weight,607,layer3.4.conv3.weight_ch607,2.53139066696167
layer3.4.conv3.weight,303,layer3.4.conv3.weight_ch303,2.5302677154541016
layer4.0.conv3.weight,2020,layer4.0.conv3.weight_ch2020,2.530195713043213
layer3.5.conv3.weight,138,layer3.5.conv3.weight_ch138,2.530104875564575
layer3.3.conv3.weight,183,layer3.3.conv3.weight_ch183,2.529292106628418
layer3.2.conv3.weight,616,layer3.2.conv3.weight_ch616,2.5290794372558594
layer3.3.conv3.weight,834,layer3.3.conv3.weight_ch834,2.52834153175354
layer4.0.conv3.weight,573,layer4.0.conv3.weight_ch573,2.528294324874878
layer4.0.conv3.weight,1987,layer4.0.conv3.weight_ch1987,2.52710223197937
layer4.0.conv3.weight,1180,layer4.0.conv3.weight_ch1180,2.526430368423462
layer3.3.conv3.weight,812,layer3.3.conv3.weight_ch812,2.5260725021362305
layer4.0.conv3.weight,804,layer4.0.conv3.weight_ch804,2.5249199867248535
layer3.2.conv3.weight,839,layer3.2.conv3.weight_ch839,2.523953914642334
layer3.5.conv3.weight,621,layer3.5.conv3.weight_ch621,2.522202491760254
layer4.0.conv3.weight,1283,layer4.0.conv3.weight_ch1283,2.5212574005126953
layer2.0.conv1.weight,124,layer2.0.conv1.weight_ch124,2.520981788635254
layer4.0.conv3.weight,524,layer4.0.conv3.weight_ch524,2.5208840370178223
layer3.0.conv3.weight,620,layer3.0.conv3.weight_ch620,2.5207700729370117
layer3.1.conv3.weight,856,layer3.1.conv3.weight_ch856,2.520554780960083
layer4.0.conv3.weight,805,layer4.0.conv3.weight_ch805,2.5189034938812256
layer3.1.conv3.weight,499,layer3.1.conv3.weight_ch499,2.5187788009643555
layer3.4.conv3.weight,887,layer3.4.conv3.weight_ch887,2.518775701522827
layer3.4.conv3.weight,309,layer3.4.conv3.weight_ch309,2.518484115600586
layer4.0.conv3.weight,605,layer4.0.conv3.weight_ch605,2.5182576179504395
layer3.4.conv3.weight,619,layer3.4.conv3.weight_ch619,2.5173473358154297
layer3.4.conv3.weight,812,layer3.4.conv3.weight_ch812,2.517148494720459
layer4.0.conv3.weight,1284,layer4.0.conv3.weight_ch1284,2.516403913497925
layer3.0.conv2.weight,112,layer3.0.conv2.weight_ch112,2.514285087585449
layer4.0.conv3.weight,1576,layer4.0.conv3.weight_ch1576,2.513683795928955
layer3.4.conv3.weight,230,layer3.4.conv3.weight_ch230,2.513679027557373
layer3.2.conv3.weight,864,layer3.2.conv3.weight_ch864,2.513415575027466
layer3.0.conv2.weight,249,layer3.0.conv2.weight_ch249,2.5129857063293457
layer3.5.conv3.weight,332,layer3.5.conv3.weight_ch332,2.512620687484741
layer3.3.conv3.weight,503,layer3.3.conv3.weight_ch503,2.51254940032959
layer3.3.conv3.weight,801,layer3.3.conv3.weight_ch801,2.5110840797424316
layer3.2.conv3.weight,283,layer3.2.conv3.weight_ch283,2.5107293128967285
layer4.0.conv3.weight,1545,layer4.0.conv3.weight_ch1545,2.5106334686279297
layer3.3.conv3.weight,827,layer3.3.conv3.weight_ch827,2.510576009750366
layer2.0.conv2.weight,98,layer2.0.conv2.weight_ch98,2.5103745460510254
layer3.0.conv2.weight,160,layer3.0.conv2.weight_ch160,2.510146141052246
layer4.0.conv3.weight,1302,layer4.0.conv3.weight_ch1302,2.50982928276062
layer4.1.conv1.weight,462,layer4.1.conv1.weight_ch462,2.50924015045166
layer3.4.conv3.weight,590,layer3.4.conv3.weight_ch590,2.508809804916382
layer2.3.conv2.weight,76,layer2.3.conv2.weight_ch76,2.508639335632324
layer3.0.conv2.weight,132,layer3.0.conv2.weight_ch132,2.5080935955047607
layer3.0.conv3.weight,45,layer3.0.conv3.weight_ch45,2.507655382156372
layer3.4.conv3.weight,42,layer3.4.conv3.weight_ch42,2.507340431213379
layer3.3.conv3.weight,315,layer3.3.conv3.weight_ch315,2.507174015045166
layer4.0.conv3.weight,707,layer4.0.conv3.weight_ch707,2.5070366859436035
layer3.5.conv3.weight,774,layer3.5.conv3.weight_ch774,2.5057895183563232
layer3.4.conv3.weight,169,layer3.4.conv3.weight_ch169,2.5056285858154297
layer3.4.conv3.weight,904,layer3.4.conv3.weight_ch904,2.505411148071289
layer3.2.conv3.weight,429,layer3.2.conv3.weight_ch429,2.5053906440734863
layer3.5.conv3.weight,403,layer3.5.conv3.weight_ch403,2.505307674407959
layer4.0.conv3.weight,1109,layer4.0.conv3.weight_ch1109,2.505253791809082
layer4.0.conv3.weight,1335,layer4.0.conv3.weight_ch1335,2.5052037239074707
layer3.0.conv2.weight,71,layer3.0.conv2.weight_ch71,2.5051965713500977
layer3.2.conv2.weight,202,layer3.2.conv2.weight_ch202,2.504889726638794
layer4.0.conv3.weight,1099,layer4.0.conv3.weight_ch1099,2.5043060779571533
layer3.4.conv3.weight,291,layer3.4.conv3.weight_ch291,2.5040528774261475
layer3.2.conv2.weight,83,layer3.2.conv2.weight_ch83,2.504002094268799
layer3.2.conv2.weight,163,layer3.2.conv2.weight_ch163,2.503971576690674
layer3.2.conv3.weight,432,layer3.2.conv3.weight_ch432,2.5039050579071045
layer4.0.conv3.weight,346,layer4.0.conv3.weight_ch346,2.5035595893859863
layer3.2.conv3.weight,277,layer3.2.conv3.weight_ch277,2.5035181045532227
layer3.0.conv3.weight,219,layer3.0.conv3.weight_ch219,2.5031392574310303
layer3.3.conv3.weight,511,layer3.3.conv3.weight_ch511,2.5020241737365723
layer3.4.conv3.weight,92,layer3.4.conv3.weight_ch92,2.501856803894043
layer4.0.conv3.weight,1344,layer4.0.conv3.weight_ch1344,2.501404285430908
layer3.0.conv3.weight,17,layer3.0.conv3.weight_ch17,2.501166820526123
layer4.0.conv3.weight,141,layer4.0.conv3.weight_ch141,2.4991602897644043
layer3.0.conv3.weight,281,layer3.0.conv3.weight_ch281,2.4989495277404785
layer4.0.conv3.weight,1749,layer4.0.conv3.weight_ch1749,2.4987058639526367
layer3.2.conv3.weight,370,layer3.2.conv3.weight_ch370,2.4974613189697266
layer3.2.conv3.weight,157,layer3.2.conv3.weight_ch157,2.497459650039673
layer3.1.conv3.weight,860,layer3.1.conv3.weight_ch860,2.4971065521240234
layer3.0.conv2.weight,35,layer3.0.conv2.weight_ch35,2.496431827545166
layer4.0.conv3.weight,1060,layer4.0.conv3.weight_ch1060,2.495293378829956
layer3.4.conv3.weight,270,layer3.4.conv3.weight_ch270,2.494983434677124
layer2.1.conv3.weight,167,layer2.1.conv3.weight_ch167,2.4947965145111084
layer4.1.conv1.weight,436,layer4.1.conv1.weight_ch436,2.4946022033691406
layer3.2.conv3.weight,476,layer3.2.conv3.weight_ch476,2.494316339492798
layer3.2.conv2.weight,229,layer3.2.conv2.weight_ch229,2.494048833847046
layer3.3.conv3.weight,186,layer3.3.conv3.weight_ch186,2.493807315826416
layer4.0.conv3.weight,1686,layer4.0.conv3.weight_ch1686,2.4929611682891846
layer4.1.conv1.weight,407,layer4.1.conv1.weight_ch407,2.492398738861084
layer4.0.conv3.weight,811,layer4.0.conv3.weight_ch811,2.4921579360961914
layer4.0.conv3.weight,297,layer4.0.conv3.weight_ch297,2.4920828342437744
layer4.1.conv1.weight,437,layer4.1.conv1.weight_ch437,2.491229772567749
layer3.0.conv2.weight,210,layer3.0.conv2.weight_ch210,2.491032600402832
layer3.3.conv3.weight,445,layer3.3.conv3.weight_ch445,2.490817070007324
layer4.1.conv1.weight,152,layer4.1.conv1.weight_ch152,2.489320755004883
layer3.3.conv3.weight,807,layer3.3.conv3.weight_ch807,2.4892897605895996
layer4.1.conv1.weight,115,layer4.1.conv1.weight_ch115,2.4887781143188477
layer3.2.conv3.weight,989,layer3.2.conv3.weight_ch989,2.4881293773651123
layer4.0.conv3.weight,1046,layer4.0.conv3.weight_ch1046,2.4876270294189453
layer1.2.conv3.weight,54,layer1.2.conv3.weight_ch54,2.4846253395080566
layer2.0.conv2.weight,35,layer2.0.conv2.weight_ch35,2.4836339950561523
layer4.0.conv3.weight,807,layer4.0.conv3.weight_ch807,2.4833011627197266
layer3.0.conv2.weight,122,layer3.0.conv2.weight_ch122,2.4830007553100586
layer3.4.conv3.weight,792,layer3.4.conv3.weight_ch792,2.482259750366211
layer3.0.conv3.weight,1008,layer3.0.conv3.weight_ch1008,2.481067657470703
layer4.0.conv3.weight,108,layer4.0.conv3.weight_ch108,2.480776786804199
layer3.2.conv3.weight,258,layer3.2.conv3.weight_ch258,2.4807558059692383
layer4.1.conv1.weight,44,layer4.1.conv1.weight_ch44,2.480600357055664
layer4.0.conv3.weight,681,layer4.0.conv3.weight_ch681,2.480504035949707
layer3.5.conv3.weight,571,layer3.5.conv3.weight_ch571,2.479503870010376
layer3.4.conv3.weight,908,layer3.4.conv3.weight_ch908,2.4787683486938477
layer4.0.conv3.weight,529,layer4.0.conv3.weight_ch529,2.478684663772583
layer2.1.conv3.weight,227,layer2.1.conv3.weight_ch227,2.4774138927459717
layer4.0.conv3.weight,1452,layer4.0.conv3.weight_ch1452,2.477273941040039
layer4.1.conv1.weight,433,layer4.1.conv1.weight_ch433,2.4770302772521973
layer3.4.conv3.weight,402,layer3.4.conv3.weight_ch402,2.476701259613037
layer4.0.conv3.weight,204,layer4.0.conv3.weight_ch204,2.476222515106201
layer3.5.conv3.weight,512,layer3.5.conv3.weight_ch512,2.4757721424102783
layer3.2.conv2.weight,213,layer3.2.conv2.weight_ch213,2.4753103256225586
layer3.5.conv3.weight,509,layer3.5.conv3.weight_ch509,2.4741628170013428
layer4.0.conv3.weight,1953,layer4.0.conv3.weight_ch1953,2.4732296466827393
layer4.0.conv3.weight,1447,layer4.0.conv3.weight_ch1447,2.4719669818878174
layer2.3.conv2.weight,113,layer2.3.conv2.weight_ch113,2.4710030555725098
layer3.0.conv3.weight,284,layer3.0.conv3.weight_ch284,2.470912218093872
layer4.0.conv3.weight,869,layer4.0.conv3.weight_ch869,2.469731092453003
layer4.0.conv3.weight,752,layer4.0.conv3.weight_ch752,2.4682412147521973
layer3.0.conv2.weight,247,layer3.0.conv2.weight_ch247,2.468142509460449
layer4.0.conv3.weight,1839,layer4.0.conv3.weight_ch1839,2.4678163528442383
layer3.5.conv3.weight,171,layer3.5.conv3.weight_ch171,2.4672305583953857
layer3.3.conv3.weight,789,layer3.3.conv3.weight_ch789,2.467113494873047
layer3.1.conv3.weight,801,layer3.1.conv3.weight_ch801,2.466961622238159
layer4.0.conv3.weight,1418,layer4.0.conv3.weight_ch1418,2.4666309356689453
layer2.1.conv3.weight,193,layer2.1.conv3.weight_ch193,2.466437339782715
layer3.0.conv3.weight,64,layer3.0.conv3.weight_ch64,2.4658851623535156
layer4.0.conv3.weight,901,layer4.0.conv3.weight_ch901,2.4654810428619385
layer2.0.conv2.weight,26,layer2.0.conv2.weight_ch26,2.4650068283081055
layer3.0.conv2.weight,26,layer3.0.conv2.weight_ch26,2.46500301361084
layer3.4.conv3.weight,810,layer3.4.conv3.weight_ch810,2.4637489318847656
layer3.3.conv3.weight,458,layer3.3.conv3.weight_ch458,2.463305950164795
layer3.1.conv3.weight,929,layer3.1.conv3.weight_ch929,2.463113307952881
layer4.1.conv1.weight,304,layer4.1.conv1.weight_ch304,2.4620556831359863
layer2.1.conv3.weight,511,layer2.1.conv3.weight_ch511,2.462015151977539
layer3.3.conv3.weight,154,layer3.3.conv3.weight_ch154,2.4616241455078125
layer3.5.conv3.weight,207,layer3.5.conv3.weight_ch207,2.4613375663757324
layer3.0.conv3.weight,527,layer3.0.conv3.weight_ch527,2.4601497650146484
layer3.2.conv3.weight,45,layer3.2.conv3.weight_ch45,2.4600374698638916
layer3.4.conv3.weight,719,layer3.4.conv3.weight_ch719,2.459832191467285
layer3.1.conv3.weight,565,layer3.1.conv3.weight_ch565,2.458928346633911
layer3.0.conv3.weight,144,layer3.0.conv3.weight_ch144,2.458878517150879
layer2.0.conv2.weight,97,layer2.0.conv2.weight_ch97,2.458646535873413
layer3.2.conv3.weight,427,layer3.2.conv3.weight_ch427,2.458266019821167
layer3.2.conv2.weight,49,layer3.2.conv2.weight_ch49,2.4581921100616455
layer2.1.conv3.weight,280,layer2.1.conv3.weight_ch280,2.4579827785491943
layer4.0.conv3.weight,497,layer4.0.conv3.weight_ch497,2.4572536945343018
layer3.0.conv3.weight,988,layer3.0.conv3.weight_ch988,2.456535577774048
layer2.1.conv3.weight,207,layer2.1.conv3.weight_ch207,2.4563584327697754
layer4.0.conv3.weight,1292,layer4.0.conv3.weight_ch1292,2.456303119659424
layer3.0.conv3.weight,8,layer3.0.conv3.weight_ch8,2.4560513496398926
layer3.1.conv3.weight,426,layer3.1.conv3.weight_ch426,2.4557735919952393
layer3.5.conv3.weight,910,layer3.5.conv3.weight_ch910,2.4552624225616455
layer4.0.conv3.weight,700,layer4.0.conv3.weight_ch700,2.4551899433135986
layer4.0.conv3.weight,1196,layer4.0.conv3.weight_ch1196,2.454364776611328
layer3.3.conv3.weight,99,layer3.3.conv3.weight_ch99,2.4537129402160645
layer4.0.conv3.weight,1110,layer4.0.conv3.weight_ch1110,2.4523730278015137
layer4.0.conv3.weight,414,layer4.0.conv3.weight_ch414,2.452268362045288
layer2.0.conv2.weight,122,layer2.0.conv2.weight_ch122,2.4505131244659424
layer4.0.conv3.weight,1260,layer4.0.conv3.weight_ch1260,2.4500138759613037
layer4.1.conv1.weight,273,layer4.1.conv1.weight_ch273,2.4499073028564453
layer4.0.conv3.weight,1836,layer4.0.conv3.weight_ch1836,2.44968318939209
layer3.3.conv3.weight,28,layer3.3.conv3.weight_ch28,2.449225902557373
layer4.0.conv3.weight,485,layer4.0.conv3.weight_ch485,2.4455184936523438
layer3.0.conv3.weight,24,layer3.0.conv3.weight_ch24,2.4454245567321777
layer4.0.conv3.weight,1351,layer4.0.conv3.weight_ch1351,2.445033073425293
layer4.0.conv3.weight,683,layer4.0.conv3.weight_ch683,2.4445319175720215
layer4.1.conv1.weight,138,layer4.1.conv1.weight_ch138,2.4442179203033447
layer3.1.conv3.weight,496,layer3.1.conv3.weight_ch496,2.44404935836792
layer3.1.conv3.weight,328,layer3.1.conv3.weight_ch328,2.4432342052459717
layer4.0.conv3.weight,352,layer4.0.conv3.weight_ch352,2.441424608230591
layer4.0.conv3.weight,415,layer4.0.conv3.weight_ch415,2.4414045810699463
layer3.2.conv3.weight,145,layer3.2.conv3.weight_ch145,2.4401683807373047
layer3.5.conv3.weight,552,layer3.5.conv3.weight_ch552,2.4395174980163574
layer3.1.conv3.weight,692,layer3.1.conv3.weight_ch692,2.4388389587402344
layer4.0.conv3.weight,334,layer4.0.conv3.weight_ch334,2.4366188049316406
layer2.1.conv3.weight,325,layer2.1.conv3.weight_ch325,2.4363882541656494
layer3.1.conv3.weight,71,layer3.1.conv3.weight_ch71,2.4362940788269043
layer2.1.conv3.weight,240,layer2.1.conv3.weight_ch240,2.4361228942871094
layer4.0.conv3.weight,1560,layer4.0.conv3.weight_ch1560,2.4357798099517822
layer4.0.conv3.weight,1772,layer4.0.conv3.weight_ch1772,2.435502767562866
layer3.0.conv3.weight,942,layer3.0.conv3.weight_ch942,2.4345812797546387
layer3.3.conv3.weight,61,layer3.3.conv3.weight_ch61,2.4345266819000244
layer4.0.conv3.weight,1145,layer4.0.conv3.weight_ch1145,2.4342854022979736
layer4.1.conv1.weight,374,layer4.1.conv1.weight_ch374,2.4334263801574707
layer3.1.conv3.weight,778,layer3.1.conv3.weight_ch778,2.4333925247192383
layer3.0.conv3.weight,736,layer3.0.conv3.weight_ch736,2.4330978393554688
layer3.4.conv3.weight,653,layer3.4.conv3.weight_ch653,2.4325108528137207
layer4.1.conv1.weight,93,layer4.1.conv1.weight_ch93,2.431849241256714
layer4.0.conv3.weight,789,layer4.0.conv3.weight_ch789,2.4313788414001465
layer3.2.conv3.weight,293,layer3.2.conv3.weight_ch293,2.4312613010406494
layer3.2.conv3.weight,435,layer3.2.conv3.weight_ch435,2.4292478561401367
layer3.4.conv3.weight,955,layer3.4.conv3.weight_ch955,2.4287405014038086
layer3.2.conv3.weight,95,layer3.2.conv3.weight_ch95,2.428708553314209
layer3.2.conv3.weight,709,layer3.2.conv3.weight_ch709,2.4278697967529297
layer2.1.conv3.weight,179,layer2.1.conv3.weight_ch179,2.427628993988037
layer1.2.conv3.weight,226,layer1.2.conv3.weight_ch226,2.427473306655884
layer4.0.conv3.weight,1733,layer4.0.conv3.weight_ch1733,2.4272406101226807
layer3.4.conv3.weight,861,layer3.4.conv3.weight_ch861,2.427130699157715
layer3.1.conv3.weight,792,layer3.1.conv3.weight_ch792,2.427006721496582
layer4.1.conv1.weight,141,layer4.1.conv1.weight_ch141,2.426795721054077
layer4.0.conv3.weight,122,layer4.0.conv3.weight_ch122,2.425398826599121
layer3.4.conv3.weight,91,layer3.4.conv3.weight_ch91,2.4253756999969482
layer3.2.conv3.weight,168,layer3.2.conv3.weight_ch168,2.425053119659424
layer4.0.conv3.weight,1857,layer4.0.conv3.weight_ch1857,2.424797296524048
layer3.2.conv3.weight,760,layer3.2.conv3.weight_ch760,2.424612522125244
layer4.0.conv3.weight,1378,layer4.0.conv3.weight_ch1378,2.4244608879089355
layer3.2.conv3.weight,827,layer3.2.conv3.weight_ch827,2.424384117126465
layer3.1.conv3.weight,58,layer3.1.conv3.weight_ch58,2.4231908321380615
layer3.5.conv3.weight,189,layer3.5.conv3.weight_ch189,2.422933340072632
layer3.1.conv3.weight,207,layer3.1.conv3.weight_ch207,2.422539472579956
layer3.5.conv3.weight,752,layer3.5.conv3.weight_ch752,2.4225094318389893
layer4.1.conv1.weight,458,layer4.1.conv1.weight_ch458,2.4222915172576904
layer3.3.conv3.weight,692,layer3.3.conv3.weight_ch692,2.4221293926239014
layer3.1.conv3.weight,695,layer3.1.conv3.weight_ch695,2.4216599464416504
layer3.4.conv3.weight,571,layer3.4.conv3.weight_ch571,2.4215052127838135
layer4.1.conv1.weight,311,layer4.1.conv1.weight_ch311,2.420628309249878
layer4.1.conv1.weight,248,layer4.1.conv1.weight_ch248,2.4198660850524902
layer3.2.conv3.weight,190,layer3.2.conv3.weight_ch190,2.419109582901001
layer4.0.conv3.weight,1122,layer4.0.conv3.weight_ch1122,2.4187088012695312
layer2.1.conv3.weight,412,layer2.1.conv3.weight_ch412,2.418393135070801
layer3.4.conv3.weight,96,layer3.4.conv3.weight_ch96,2.418091297149658
layer3.3.conv3.weight,623,layer3.3.conv3.weight_ch623,2.4177043437957764
layer3.2.conv3.weight,732,layer3.2.conv3.weight_ch732,2.417680025100708
layer4.0.conv3.weight,200,layer4.0.conv3.weight_ch200,2.4170596599578857
layer4.0.conv3.weight,602,layer4.0.conv3.weight_ch602,2.4169373512268066
layer2.1.conv3.weight,417,layer2.1.conv3.weight_ch417,2.4166088104248047
layer4.1.conv1.weight,196,layer4.1.conv1.weight_ch196,2.415334939956665
layer3.0.conv2.weight,17,layer3.0.conv2.weight_ch17,2.413872241973877
layer3.2.conv3.weight,466,layer3.2.conv3.weight_ch466,2.413339376449585
layer3.0.conv3.weight,292,layer3.0.conv3.weight_ch292,2.4130547046661377
layer4.0.conv3.weight,1079,layer4.0.conv3.weight_ch1079,2.412914991378784
layer4.0.conv3.weight,1900,layer4.0.conv3.weight_ch1900,2.4128036499023438
layer1.2.conv3.weight,104,layer1.2.conv3.weight_ch104,2.412281036376953
layer3.2.conv3.weight,436,layer3.2.conv3.weight_ch436,2.4121451377868652
layer4.0.conv3.weight,1201,layer4.0.conv3.weight_ch1201,2.4120278358459473
layer3.3.conv3.weight,258,layer3.3.conv3.weight_ch258,2.4117074012756348
layer3.3.conv3.weight,292,layer3.3.conv3.weight_ch292,2.4116790294647217
layer3.5.conv3.weight,315,layer3.5.conv3.weight_ch315,2.411482334136963
layer3.2.conv2.weight,81,layer3.2.conv2.weight_ch81,2.41105580329895
layer3.0.conv3.weight,80,layer3.0.conv3.weight_ch80,2.410142183303833
layer3.4.conv3.weight,881,layer3.4.conv3.weight_ch881,2.409796953201294
layer3.3.conv3.weight,920,layer3.3.conv3.weight_ch920,2.409374952316284
layer4.0.conv3.weight,1025,layer4.0.conv3.weight_ch1025,2.406357526779175
layer4.0.conv3.weight,54,layer4.0.conv3.weight_ch54,2.4049220085144043
layer3.0.conv3.weight,283,layer3.0.conv3.weight_ch283,2.4042346477508545
layer4.0.conv3.weight,324,layer4.0.conv3.weight_ch324,2.4038853645324707
layer3.5.conv3.weight,839,layer3.5.conv3.weight_ch839,2.403594732284546
layer3.3.conv3.weight,386,layer3.3.conv3.weight_ch386,2.4033761024475098
layer4.0.conv3.weight,1804,layer4.0.conv3.weight_ch1804,2.403264045715332
layer4.0.conv3.weight,668,layer4.0.conv3.weight_ch668,2.4031007289886475
layer3.3.conv3.weight,575,layer3.3.conv3.weight_ch575,2.402294874191284
layer3.5.conv3.weight,257,layer3.5.conv3.weight_ch257,2.4018025398254395
layer2.1.conv3.weight,187,layer2.1.conv3.weight_ch187,2.401419162750244
layer4.0.conv3.weight,1348,layer4.0.conv3.weight_ch1348,2.4007976055145264
layer3.3.conv3.weight,943,layer3.3.conv3.weight_ch943,2.400717258453369
layer4.0.conv3.weight,1266,layer4.0.conv3.weight_ch1266,2.4000368118286133
layer3.3.conv3.weight,1010,layer3.3.conv3.weight_ch1010,2.3999228477478027
layer3.4.conv3.weight,845,layer3.4.conv3.weight_ch845,2.399869441986084
layer2.1.conv3.weight,69,layer2.1.conv3.weight_ch69,2.3994500637054443
layer4.1.conv1.weight,326,layer4.1.conv1.weight_ch326,2.3994405269622803
layer3.4.conv3.weight,720,layer3.4.conv3.weight_ch720,2.399055004119873
layer2.0.conv2.weight,7,layer2.0.conv2.weight_ch7,2.3987042903900146
layer4.0.conv3.weight,819,layer4.0.conv3.weight_ch819,2.398005962371826
layer1.2.conv3.weight,244,layer1.2.conv3.weight_ch244,2.397155523300171
layer3.3.conv3.weight,688,layer3.3.conv3.weight_ch688,2.395721912384033
layer4.0.conv3.weight,1401,layer4.0.conv3.weight_ch1401,2.395714282989502
layer3.4.conv3.weight,809,layer3.4.conv3.weight_ch809,2.3956799507141113
layer4.0.conv3.weight,645,layer4.0.conv3.weight_ch645,2.3955440521240234
layer3.5.conv3.weight,451,layer3.5.conv3.weight_ch451,2.395188093185425
layer3.0.conv2.weight,251,layer3.0.conv2.weight_ch251,2.3951635360717773
layer4.1.conv1.weight,226,layer4.1.conv1.weight_ch226,2.3949081897735596
layer3.0.conv2.weight,84,layer3.0.conv2.weight_ch84,2.394792079925537
layer3.0.conv3.weight,872,layer3.0.conv3.weight_ch872,2.3941309452056885
layer3.1.conv3.weight,965,layer3.1.conv3.weight_ch965,2.3941125869750977
layer3.0.conv3.weight,321,layer3.0.conv3.weight_ch321,2.393094301223755
layer3.2.conv3.weight,153,layer3.2.conv3.weight_ch153,2.39302921295166
layer4.0.conv3.weight,310,layer4.0.conv3.weight_ch310,2.392057418823242
layer4.0.conv3.weight,541,layer4.0.conv3.weight_ch541,2.39180064201355
layer4.0.conv3.weight,1670,layer4.0.conv3.weight_ch1670,2.3914599418640137
layer2.1.conv3.weight,463,layer2.1.conv3.weight_ch463,2.3900041580200195
layer3.3.conv3.weight,734,layer3.3.conv3.weight_ch734,2.389995813369751
layer4.1.conv1.weight,249,layer4.1.conv1.weight_ch249,2.3895983695983887
layer3.2.conv3.weight,221,layer3.2.conv3.weight_ch221,2.3893587589263916
layer4.0.conv3.weight,710,layer4.0.conv3.weight_ch710,2.389096260070801
layer3.4.conv3.weight,678,layer3.4.conv3.weight_ch678,2.388821840286255
layer4.0.conv3.weight,1743,layer4.0.conv3.weight_ch1743,2.388643264770508
layer3.5.conv3.weight,5,layer3.5.conv3.weight_ch5,2.38850998878479
layer3.2.conv3.weight,372,layer3.2.conv3.weight_ch372,2.388099193572998
layer4.0.conv3.weight,1613,layer4.0.conv3.weight_ch1613,2.3864450454711914
layer3.1.conv3.weight,28,layer3.1.conv3.weight_ch28,2.386247158050537
layer4.0.conv3.weight,1417,layer4.0.conv3.weight_ch1417,2.385864019393921
layer4.0.conv3.weight,341,layer4.0.conv3.weight_ch341,2.385704517364502
layer3.3.conv3.weight,170,layer3.3.conv3.weight_ch170,2.3856046199798584
layer2.0.conv2.weight,32,layer2.0.conv2.weight_ch32,2.385575771331787
layer4.1.conv1.weight,351,layer4.1.conv1.weight_ch351,2.3847153186798096
layer3.2.conv3.weight,919,layer3.2.conv3.weight_ch919,2.384373903274536
layer4.0.conv3.weight,1754,layer4.0.conv3.weight_ch1754,2.3842215538024902
layer3.2.conv3.weight,539,layer3.2.conv3.weight_ch539,2.3837621212005615
layer3.2.conv3.weight,667,layer3.2.conv3.weight_ch667,2.383338689804077
layer3.1.conv3.weight,632,layer3.1.conv3.weight_ch632,2.382382869720459
layer3.3.conv3.weight,242,layer3.3.conv3.weight_ch242,2.382181406021118
layer3.2.conv3.weight,887,layer3.2.conv3.weight_ch887,2.382077217102051
layer4.1.conv1.weight,132,layer4.1.conv1.weight_ch132,2.3814356327056885
layer4.0.conv3.weight,20,layer4.0.conv3.weight_ch20,2.381359100341797
layer2.0.conv1.weight,106,layer2.0.conv1.weight_ch106,2.380925178527832
layer4.0.conv3.weight,232,layer4.0.conv3.weight_ch232,2.3807168006896973
layer3.0.conv2.weight,186,layer3.0.conv2.weight_ch186,2.380554437637329
layer4.0.conv3.weight,1066,layer4.0.conv3.weight_ch1066,2.380499839782715
layer4.0.conv3.weight,27,layer4.0.conv3.weight_ch27,2.380298137664795
layer1.2.conv3.weight,224,layer1.2.conv3.weight_ch224,2.380038022994995
layer4.1.conv1.weight,305,layer4.1.conv1.weight_ch305,2.3798584938049316
layer4.0.conv3.weight,1957,layer4.0.conv3.weight_ch1957,2.3795359134674072
layer3.4.conv3.weight,136,layer3.4.conv3.weight_ch136,2.3793156147003174
layer3.3.conv3.weight,932,layer3.3.conv3.weight_ch932,2.3788506984710693
layer3.2.conv3.weight,298,layer3.2.conv3.weight_ch298,2.3779408931732178
layer4.1.conv1.weight,176,layer4.1.conv1.weight_ch176,2.377870798110962
layer3.0.conv3.weight,285,layer3.0.conv3.weight_ch285,2.377636194229126
layer3.1.conv3.weight,901,layer3.1.conv3.weight_ch901,2.3773610591888428
layer4.0.conv3.weight,621,layer4.0.conv3.weight_ch621,2.377328634262085
layer4.0.conv3.weight,1345,layer4.0.conv3.weight_ch1345,2.3768465518951416
layer3.4.conv3.weight,570,layer3.4.conv3.weight_ch570,2.3763508796691895
layer3.2.conv2.weight,6,layer3.2.conv2.weight_ch6,2.375465154647827
layer3.2.conv2.weight,153,layer3.2.conv2.weight_ch153,2.3747546672821045
layer4.0.conv3.weight,83,layer4.0.conv3.weight_ch83,2.3746373653411865
layer4.1.conv1.weight,29,layer4.1.conv1.weight_ch29,2.3745005130767822
layer3.2.conv3.weight,150,layer3.2.conv3.weight_ch150,2.3743252754211426
layer4.0.conv3.weight,1620,layer4.0.conv3.weight_ch1620,2.3733930587768555
layer3.0.conv3.weight,257,layer3.0.conv3.weight_ch257,2.372929334640503
layer3.2.conv3.weight,956,layer3.2.conv3.weight_ch956,2.3720498085021973
layer3.2.conv2.weight,36,layer3.2.conv2.weight_ch36,2.3716623783111572
layer2.0.conv2.weight,124,layer2.0.conv2.weight_ch124,2.3698954582214355
layer3.2.conv3.weight,535,layer3.2.conv3.weight_ch535,2.3695156574249268
layer4.1.conv1.weight,357,layer4.1.conv1.weight_ch357,2.3694491386413574
layer3.0.conv3.weight,960,layer3.0.conv3.weight_ch960,2.3693289756774902
layer4.0.conv3.weight,1296,layer4.0.conv3.weight_ch1296,2.369288444519043
layer4.0.conv3.weight,1242,layer4.0.conv3.weight_ch1242,2.3692593574523926
layer3.0.conv3.weight,249,layer3.0.conv3.weight_ch249,2.368478775024414
layer4.0.conv3.weight,1910,layer4.0.conv3.weight_ch1910,2.3682937622070312
layer3.4.conv3.weight,254,layer3.4.conv3.weight_ch254,2.3682174682617188
layer4.1.conv1.weight,426,layer4.1.conv1.weight_ch426,2.367543935775757
layer3.2.conv3.weight,691,layer3.2.conv3.weight_ch691,2.3675286769866943
layer3.2.conv3.weight,615,layer3.2.conv3.weight_ch615,2.3663206100463867
layer3.1.conv3.weight,1011,layer3.1.conv3.weight_ch1011,2.365884304046631
layer4.0.conv3.weight,327,layer4.0.conv3.weight_ch327,2.365177869796753
layer3.5.conv3.weight,927,layer3.5.conv3.weight_ch927,2.36470365524292
layer3.0.conv3.weight,505,layer3.0.conv3.weight_ch505,2.364192485809326
layer3.1.conv3.weight,192,layer3.1.conv3.weight_ch192,2.3641746044158936
layer3.2.conv3.weight,573,layer3.2.conv3.weight_ch573,2.3638198375701904
layer3.1.conv3.weight,259,layer3.1.conv3.weight_ch259,2.3634214401245117
layer3.0.conv3.weight,536,layer3.0.conv3.weight_ch536,2.363114356994629
layer4.0.conv3.weight,1661,layer4.0.conv3.weight_ch1661,2.362990140914917
layer2.0.conv2.weight,72,layer2.0.conv2.weight_ch72,2.362598180770874
layer3.0.conv2.weight,34,layer3.0.conv2.weight_ch34,2.3623743057250977
layer4.1.conv1.weight,274,layer4.1.conv1.weight_ch274,2.362281322479248
layer3.3.conv3.weight,923,layer3.3.conv3.weight_ch923,2.362046957015991
layer3.3.conv3.weight,784,layer3.3.conv3.weight_ch784,2.3619813919067383
layer3.0.conv3.weight,450,layer3.0.conv3.weight_ch450,2.36161208152771
layer4.0.conv3.weight,1170,layer4.0.conv3.weight_ch1170,2.3598275184631348
layer4.0.conv3.weight,447,layer4.0.conv3.weight_ch447,2.357797145843506
layer4.0.conv3.weight,1569,layer4.0.conv3.weight_ch1569,2.3561134338378906
layer4.0.conv3.weight,1313,layer4.0.conv3.weight_ch1313,2.356048822402954
layer4.0.conv3.weight,1480,layer4.0.conv3.weight_ch1480,2.356006383895874
layer3.2.conv3.weight,713,layer3.2.conv3.weight_ch713,2.3557188510894775
layer4.0.conv3.weight,437,layer4.0.conv3.weight_ch437,2.3553855419158936
layer3.3.conv3.weight,741,layer3.3.conv3.weight_ch741,2.3545191287994385
layer3.3.conv3.weight,16,layer3.3.conv3.weight_ch16,2.3542585372924805
layer3.5.conv3.weight,1010,layer3.5.conv3.weight_ch1010,2.353848934173584
layer4.1.conv1.weight,173,layer4.1.conv1.weight_ch173,2.3535444736480713
layer3.2.conv3.weight,201,layer3.2.conv3.weight_ch201,2.3535406589508057
layer3.2.conv3.weight,71,layer3.2.conv3.weight_ch71,2.353468418121338
layer4.1.conv1.weight,429,layer4.1.conv1.weight_ch429,2.3528025150299072
layer3.3.conv3.weight,67,layer3.3.conv3.weight_ch67,2.352755308151245
layer4.0.conv3.weight,1572,layer4.0.conv3.weight_ch1572,2.352386236190796
layer4.0.conv3.weight,1925,layer4.0.conv3.weight_ch1925,2.3523664474487305
layer4.0.conv3.weight,825,layer4.0.conv3.weight_ch825,2.352133274078369
layer4.0.conv3.weight,1343,layer4.0.conv3.weight_ch1343,2.3521251678466797
layer3.2.conv3.weight,505,layer3.2.conv3.weight_ch505,2.35195255279541
layer2.1.conv3.weight,42,layer2.1.conv3.weight_ch42,2.3517022132873535
layer3.2.conv2.weight,18,layer3.2.conv2.weight_ch18,2.3516271114349365
layer2.0.conv1.weight,88,layer2.0.conv1.weight_ch88,2.351004123687744
layer3.3.conv3.weight,363,layer3.3.conv3.weight_ch363,2.3508107662200928
layer3.3.conv3.weight,685,layer3.3.conv3.weight_ch685,2.350740432739258
layer3.3.conv3.weight,436,layer3.3.conv3.weight_ch436,2.3506205081939697
layer4.0.conv3.weight,534,layer4.0.conv3.weight_ch534,2.350407123565674
layer4.0.conv3.weight,1527,layer4.0.conv3.weight_ch1527,2.349889039993286
layer4.0.conv3.weight,250,layer4.0.conv3.weight_ch250,2.3497567176818848
layer3.0.conv3.weight,168,layer3.0.conv3.weight_ch168,2.348785638809204
layer3.0.conv2.weight,6,layer3.0.conv2.weight_ch6,2.3483197689056396
layer3.5.conv3.weight,452,layer3.5.conv3.weight_ch452,2.3475186824798584
layer3.3.conv3.weight,635,layer3.3.conv3.weight_ch635,2.347029685974121
layer4.0.conv3.weight,1487,layer4.0.conv3.weight_ch1487,2.3468751907348633
layer4.1.conv1.weight,504,layer4.1.conv1.weight_ch504,2.346752405166626
layer3.1.conv3.weight,53,layer3.1.conv3.weight_ch53,2.346717596054077
layer4.0.conv3.weight,31,layer4.0.conv3.weight_ch31,2.346637725830078
layer3.0.conv3.weight,301,layer3.0.conv3.weight_ch301,2.3465676307678223
layer3.5.conv3.weight,242,layer3.5.conv3.weight_ch242,2.3455607891082764
layer4.0.conv3.weight,1085,layer4.0.conv3.weight_ch1085,2.345226526260376
layer3.5.conv3.weight,410,layer3.5.conv3.weight_ch410,2.344766855239868
layer3.0.conv2.weight,123,layer3.0.conv2.weight_ch123,2.3441076278686523
layer3.1.conv3.weight,236,layer3.1.conv3.weight_ch236,2.3431053161621094
layer4.0.conv3.weight,774,layer4.0.conv3.weight_ch774,2.3430278301239014
layer3.0.conv3.weight,328,layer3.0.conv3.weight_ch328,2.3428537845611572
layer2.3.conv2.weight,4,layer2.3.conv2.weight_ch4,2.342689037322998
layer3.3.conv3.weight,215,layer3.3.conv3.weight_ch215,2.3426880836486816
layer3.1.conv3.weight,383,layer3.1.conv3.weight_ch383,2.342663526535034
layer4.1.conv1.weight,395,layer4.1.conv1.weight_ch395,2.342592716217041
layer3.5.conv3.weight,694,layer3.5.conv3.weight_ch694,2.3424081802368164
layer2.0.conv1.weight,45,layer2.0.conv1.weight_ch45,2.3423826694488525
layer3.5.conv3.weight,64,layer3.5.conv3.weight_ch64,2.3410961627960205
layer4.0.conv3.weight,741,layer4.0.conv3.weight_ch741,2.340888023376465
layer3.0.conv3.weight,153,layer3.0.conv3.weight_ch153,2.3396480083465576
layer3.1.conv3.weight,662,layer3.1.conv3.weight_ch662,2.339047908782959
layer3.1.conv3.weight,575,layer3.1.conv3.weight_ch575,2.3387465476989746
layer3.2.conv3.weight,730,layer3.2.conv3.weight_ch730,2.3387157917022705
layer3.1.conv3.weight,879,layer3.1.conv3.weight_ch879,2.338571786880493
layer3.5.conv3.weight,114,layer3.5.conv3.weight_ch114,2.338383436203003
layer2.0.conv2.weight,20,layer2.0.conv2.weight_ch20,2.338028907775879
layer3.0.conv3.weight,477,layer3.0.conv3.weight_ch477,2.3377974033355713
layer3.4.conv3.weight,713,layer3.4.conv3.weight_ch713,2.337764263153076
layer3.1.conv3.weight,735,layer3.1.conv3.weight_ch735,2.337705135345459
layer3.3.conv3.weight,393,layer3.3.conv3.weight_ch393,2.3369948863983154
layer3.1.conv3.weight,80,layer3.1.conv3.weight_ch80,2.3366479873657227
layer4.1.conv1.weight,190,layer4.1.conv1.weight_ch190,2.3363535404205322
layer4.0.conv3.weight,833,layer4.0.conv3.weight_ch833,2.3359901905059814
layer3.2.conv3.weight,238,layer3.2.conv3.weight_ch238,2.3359124660491943
layer4.0.conv3.weight,558,layer4.0.conv3.weight_ch558,2.3357465267181396
layer4.0.conv3.weight,1134,layer4.0.conv3.weight_ch1134,2.3356480598449707
layer3.0.conv3.weight,28,layer3.0.conv3.weight_ch28,2.335571050643921
layer3.2.conv2.weight,193,layer3.2.conv2.weight_ch193,2.334693193435669
layer3.3.conv3.weight,411,layer3.3.conv3.weight_ch411,2.334625005722046
layer3.5.conv3.weight,222,layer3.5.conv3.weight_ch222,2.3342368602752686
layer3.4.conv3.weight,461,layer3.4.conv3.weight_ch461,2.333104133605957
layer4.0.conv3.weight,671,layer4.0.conv3.weight_ch671,2.3320767879486084
layer3.0.conv3.weight,959,layer3.0.conv3.weight_ch959,2.331840991973877
layer3.0.conv3.weight,403,layer3.0.conv3.weight_ch403,2.3311614990234375
layer3.0.conv3.weight,214,layer3.0.conv3.weight_ch214,2.3310468196868896
layer3.3.conv3.weight,656,layer3.3.conv3.weight_ch656,2.330906867980957
layer3.3.conv3.weight,653,layer3.3.conv3.weight_ch653,2.3299949169158936
layer3.5.conv3.weight,455,layer3.5.conv3.weight_ch455,2.329894542694092
layer3.4.conv3.weight,940,layer3.4.conv3.weight_ch940,2.328615188598633
layer3.2.conv3.weight,257,layer3.2.conv3.weight_ch257,2.328120470046997
layer4.0.conv3.weight,1829,layer4.0.conv3.weight_ch1829,2.3278329372406006
layer3.5.conv3.weight,625,layer3.5.conv3.weight_ch625,2.3277952671051025
layer3.3.conv3.weight,106,layer3.3.conv3.weight_ch106,2.3267316818237305
layer3.4.conv3.weight,726,layer3.4.conv3.weight_ch726,2.3260700702667236
layer3.5.conv3.weight,517,layer3.5.conv3.weight_ch517,2.3255090713500977
layer4.0.conv3.weight,435,layer4.0.conv3.weight_ch435,2.3252832889556885
layer3.0.conv3.weight,746,layer3.0.conv3.weight_ch746,2.325169324874878
layer4.0.conv3.weight,1203,layer4.0.conv3.weight_ch1203,2.324507713317871
layer4.0.conv3.weight,1700,layer4.0.conv3.weight_ch1700,2.323678731918335
layer3.0.conv2.weight,226,layer3.0.conv2.weight_ch226,2.3236138820648193
layer2.1.conv3.weight,177,layer2.1.conv3.weight_ch177,2.3234546184539795
layer4.0.conv3.weight,1087,layer4.0.conv3.weight_ch1087,2.3234143257141113
layer3.0.conv3.weight,352,layer3.0.conv3.weight_ch352,2.323118209838867
layer3.3.conv3.weight,379,layer3.3.conv3.weight_ch379,2.322092056274414
layer3.4.conv3.weight,744,layer3.4.conv3.weight_ch744,2.321504592895508
layer3.3.conv3.weight,863,layer3.3.conv3.weight_ch863,2.3204922676086426
layer3.2.conv2.weight,186,layer3.2.conv2.weight_ch186,2.3204050064086914
layer4.0.conv3.weight,4,layer4.0.conv3.weight_ch4,2.319974899291992
layer4.0.conv3.weight,1621,layer4.0.conv3.weight_ch1621,2.319821834564209
layer4.0.conv3.weight,1307,layer4.0.conv3.weight_ch1307,2.319786548614502
layer3.5.conv3.weight,963,layer3.5.conv3.weight_ch963,2.3185081481933594
layer3.0.conv3.weight,813,layer3.0.conv3.weight_ch813,2.3181703090667725
layer2.1.conv3.weight,194,layer2.1.conv3.weight_ch194,2.318103551864624
layer4.0.conv3.weight,207,layer4.0.conv3.weight_ch207,2.3176565170288086
layer3.3.conv3.weight,134,layer3.3.conv3.weight_ch134,2.3160762786865234
layer3.5.conv3.weight,891,layer3.5.conv3.weight_ch891,2.3156702518463135
layer4.0.conv3.weight,1165,layer4.0.conv3.weight_ch1165,2.3153836727142334
layer3.4.conv3.weight,341,layer3.4.conv3.weight_ch341,2.3152353763580322
layer4.1.conv1.weight,340,layer4.1.conv1.weight_ch340,2.315190553665161
layer3.1.conv3.weight,78,layer3.1.conv3.weight_ch78,2.3151636123657227
layer3.5.conv3.weight,247,layer3.5.conv3.weight_ch247,2.3150806427001953
layer3.4.conv3.weight,546,layer3.4.conv3.weight_ch546,2.315049171447754
layer3.5.conv3.weight,595,layer3.5.conv3.weight_ch595,2.314866542816162
layer4.0.conv3.weight,424,layer4.0.conv3.weight_ch424,2.3146650791168213
layer3.2.conv3.weight,122,layer3.2.conv3.weight_ch122,2.314602851867676
layer3.4.conv3.weight,485,layer3.4.conv3.weight_ch485,2.312807321548462
layer3.3.conv3.weight,148,layer3.3.conv3.weight_ch148,2.312429666519165
layer4.0.conv3.weight,1202,layer4.0.conv3.weight_ch1202,2.312373638153076
layer3.0.conv3.weight,841,layer3.0.conv3.weight_ch841,2.312349557876587
layer4.0.conv3.weight,106,layer4.0.conv3.weight_ch106,2.312088966369629
layer4.1.conv1.weight,123,layer4.1.conv1.weight_ch123,2.3119218349456787
layer4.0.conv3.weight,1687,layer4.0.conv3.weight_ch1687,2.3115968704223633
layer3.1.conv3.weight,461,layer3.1.conv3.weight_ch461,2.3114771842956543
layer3.2.conv3.weight,472,layer3.2.conv3.weight_ch472,2.3111021518707275
layer3.5.conv3.weight,755,layer3.5.conv3.weight_ch755,2.311053991317749
layer3.5.conv3.weight,683,layer3.5.conv3.weight_ch683,2.3098530769348145
layer3.3.conv3.weight,277,layer3.3.conv3.weight_ch277,2.309462308883667
layer3.5.conv3.weight,654,layer3.5.conv3.weight_ch654,2.3070037364959717
layer4.0.conv3.weight,1320,layer4.0.conv3.weight_ch1320,2.306896924972534
layer3.0.conv3.weight,440,layer3.0.conv3.weight_ch440,2.3068394660949707
layer3.0.conv3.weight,744,layer3.0.conv3.weight_ch744,2.3060450553894043
layer4.0.conv3.weight,870,layer4.0.conv3.weight_ch870,2.3055098056793213
layer3.4.conv3.weight,106,layer3.4.conv3.weight_ch106,2.3050448894500732
layer4.0.conv3.weight,425,layer4.0.conv3.weight_ch425,2.3046631813049316
layer2.0.conv2.weight,33,layer2.0.conv2.weight_ch33,2.3028974533081055
layer3.2.conv3.weight,169,layer3.2.conv3.weight_ch169,2.3027994632720947
layer4.0.conv3.weight,1535,layer4.0.conv3.weight_ch1535,2.302598714828491
layer2.1.conv3.weight,79,layer2.1.conv3.weight_ch79,2.3022379875183105
layer4.1.conv1.weight,234,layer4.1.conv1.weight_ch234,2.301947593688965
layer3.0.conv3.weight,442,layer3.0.conv3.weight_ch442,2.301377058029175
layer4.0.conv3.weight,1564,layer4.0.conv3.weight_ch1564,2.3012771606445312
layer4.0.conv3.weight,1799,layer4.0.conv3.weight_ch1799,2.301203727722168
layer3.3.conv3.weight,678,layer3.3.conv3.weight_ch678,2.3006768226623535
layer4.0.conv3.weight,1921,layer4.0.conv3.weight_ch1921,2.3006625175476074
layer4.1.conv1.weight,39,layer4.1.conv1.weight_ch39,2.3001489639282227
layer3.3.conv3.weight,104,layer3.3.conv3.weight_ch104,2.299700975418091
layer4.0.conv3.weight,798,layer4.0.conv3.weight_ch798,2.299360990524292
layer4.0.conv3.weight,18,layer4.0.conv3.weight_ch18,2.29911208152771
layer3.1.conv3.weight,86,layer3.1.conv3.weight_ch86,2.2990431785583496
layer3.3.conv3.weight,758,layer3.3.conv3.weight_ch758,2.2986810207366943
layer3.0.conv3.weight,932,layer3.0.conv3.weight_ch932,2.2986040115356445
layer3.1.conv3.weight,12,layer3.1.conv3.weight_ch12,2.2983908653259277
layer4.0.conv3.weight,519,layer4.0.conv3.weight_ch519,2.2982659339904785
layer4.0.conv3.weight,286,layer4.0.conv3.weight_ch286,2.297823905944824
layer3.0.conv3.weight,975,layer3.0.conv3.weight_ch975,2.2972207069396973
layer1.2.conv3.weight,61,layer1.2.conv3.weight_ch61,2.2969748973846436
layer4.0.conv3.weight,784,layer4.0.conv3.weight_ch784,2.296689748764038
layer3.1.conv3.weight,94,layer3.1.conv3.weight_ch94,2.2965869903564453
layer3.3.conv3.weight,501,layer3.3.conv3.weight_ch501,2.296539068222046
layer3.3.conv3.weight,19,layer3.3.conv3.weight_ch19,2.2960469722747803
layer3.2.conv3.weight,142,layer3.2.conv3.weight_ch142,2.2958853244781494
layer4.0.conv3.weight,1349,layer4.0.conv3.weight_ch1349,2.29585337638855
layer3.1.conv3.weight,618,layer3.1.conv3.weight_ch618,2.2955915927886963
layer3.5.conv3.weight,404,layer3.5.conv3.weight_ch404,2.2945783138275146
layer3.3.conv3.weight,859,layer3.3.conv3.weight_ch859,2.294477939605713
layer4.0.conv3.weight,264,layer4.0.conv3.weight_ch264,2.2942869663238525
layer4.0.conv3.weight,1551,layer4.0.conv3.weight_ch1551,2.2942421436309814
layer3.2.conv2.weight,86,layer3.2.conv2.weight_ch86,2.2940337657928467
layer4.1.conv1.weight,144,layer4.1.conv1.weight_ch144,2.2935683727264404
layer3.4.conv3.weight,880,layer3.4.conv3.weight_ch880,2.292675495147705
layer3.2.conv3.weight,549,layer3.2.conv3.weight_ch549,2.2926745414733887
layer3.0.conv3.weight,721,layer3.0.conv3.weight_ch721,2.29264760017395
layer3.1.conv3.weight,38,layer3.1.conv3.weight_ch38,2.2924487590789795
layer4.0.conv3.weight,234,layer4.0.conv3.weight_ch234,2.291660785675049
layer2.0.conv2.weight,116,layer2.0.conv2.weight_ch116,2.291213035583496
layer3.1.conv3.weight,450,layer3.1.conv3.weight_ch450,2.2910380363464355
layer4.0.conv3.weight,308,layer4.0.conv3.weight_ch308,2.2906036376953125
layer2.3.conv2.weight,42,layer2.3.conv2.weight_ch42,2.29042649269104
layer4.0.conv3.weight,1368,layer4.0.conv3.weight_ch1368,2.290303945541382
layer4.0.conv3.weight,489,layer4.0.conv3.weight_ch489,2.28962779045105
layer3.5.conv3.weight,256,layer3.5.conv3.weight_ch256,2.2885026931762695
layer4.0.conv3.weight,1863,layer4.0.conv3.weight_ch1863,2.2884321212768555
layer3.0.conv3.weight,806,layer3.0.conv3.weight_ch806,2.2883598804473877
layer4.0.conv3.weight,1420,layer4.0.conv3.weight_ch1420,2.2882866859436035
layer3.5.conv3.weight,581,layer3.5.conv3.weight_ch581,2.2882516384124756
layer4.0.conv3.weight,1896,layer4.0.conv3.weight_ch1896,2.2874491214752197
layer3.2.conv3.weight,718,layer3.2.conv3.weight_ch718,2.2870428562164307
layer3.0.conv3.weight,294,layer3.0.conv3.weight_ch294,2.2863619327545166
layer3.4.conv3.weight,688,layer3.4.conv3.weight_ch688,2.285752058029175
layer3.1.conv3.weight,587,layer3.1.conv3.weight_ch587,2.2854161262512207
layer3.1.conv3.weight,989,layer3.1.conv3.weight_ch989,2.285118341445923
layer4.1.conv1.weight,301,layer4.1.conv1.weight_ch301,2.2850141525268555
layer3.2.conv3.weight,996,layer3.2.conv3.weight_ch996,2.2843596935272217
layer3.4.conv3.weight,860,layer3.4.conv3.weight_ch860,2.2841858863830566
layer3.0.conv3.weight,252,layer3.0.conv3.weight_ch252,2.2841475009918213
layer3.4.conv3.weight,950,layer3.4.conv3.weight_ch950,2.2838969230651855
layer3.0.conv3.weight,564,layer3.0.conv3.weight_ch564,2.2836287021636963
layer4.0.conv3.weight,1384,layer4.0.conv3.weight_ch1384,2.283348560333252
layer4.1.conv1.weight,150,layer4.1.conv1.weight_ch150,2.2830142974853516
layer4.0.conv3.weight,1828,layer4.0.conv3.weight_ch1828,2.2825686931610107
layer3.0.conv2.weight,128,layer3.0.conv2.weight_ch128,2.2822489738464355
layer3.3.conv3.weight,228,layer3.3.conv3.weight_ch228,2.2817864418029785
layer4.1.conv1.weight,71,layer4.1.conv1.weight_ch71,2.281782388687134
layer3.1.conv3.weight,212,layer3.1.conv3.weight_ch212,2.281691789627075
layer3.0.conv3.weight,683,layer3.0.conv3.weight_ch683,2.2812137603759766
layer3.2.conv3.weight,162,layer3.2.conv3.weight_ch162,2.280972480773926
layer4.0.conv3.weight,1595,layer4.0.conv3.weight_ch1595,2.2806458473205566
layer3.4.conv3.weight,1012,layer3.4.conv3.weight_ch1012,2.280174732208252
layer4.0.conv3.weight,1755,layer4.0.conv3.weight_ch1755,2.2798030376434326
layer3.5.conv3.weight,308,layer3.5.conv3.weight_ch308,2.279752016067505
layer3.1.conv3.weight,441,layer3.1.conv3.weight_ch441,2.2776641845703125
layer3.2.conv3.weight,948,layer3.2.conv3.weight_ch948,2.277590751647949
layer4.0.conv3.weight,446,layer4.0.conv3.weight_ch446,2.2766919136047363
layer1.2.conv3.weight,114,layer1.2.conv3.weight_ch114,2.2765533924102783
layer3.2.conv3.weight,910,layer3.2.conv3.weight_ch910,2.2760815620422363
layer3.5.conv3.weight,630,layer3.5.conv3.weight_ch630,2.2757084369659424
layer4.0.conv3.weight,684,layer4.0.conv3.weight_ch684,2.275056838989258
layer4.0.conv3.weight,1922,layer4.0.conv3.weight_ch1922,2.2750487327575684
layer3.2.conv3.weight,428,layer3.2.conv3.weight_ch428,2.2749249935150146
layer3.4.conv3.weight,297,layer3.4.conv3.weight_ch297,2.2745375633239746
layer3.4.conv3.weight,755,layer3.4.conv3.weight_ch755,2.274527072906494
layer4.0.conv3.weight,1878,layer4.0.conv3.weight_ch1878,2.2744688987731934
layer3.2.conv3.weight,492,layer3.2.conv3.weight_ch492,2.2734575271606445
layer3.3.conv3.weight,413,layer3.3.conv3.weight_ch413,2.2724826335906982
layer2.1.conv3.weight,83,layer2.1.conv3.weight_ch83,2.2719075679779053
layer3.5.conv3.weight,118,layer3.5.conv3.weight_ch118,2.2713468074798584
layer3.2.conv2.weight,65,layer3.2.conv2.weight_ch65,2.271256446838379
layer3.4.conv3.weight,371,layer3.4.conv3.weight_ch371,2.2709012031555176
layer2.3.conv2.weight,87,layer2.3.conv2.weight_ch87,2.27077317237854
layer3.5.conv3.weight,810,layer3.5.conv3.weight_ch810,2.270772933959961
layer3.3.conv3.weight,282,layer3.3.conv3.weight_ch282,2.2698960304260254
layer3.4.conv3.weight,849,layer3.4.conv3.weight_ch849,2.2698304653167725
layer4.0.conv3.weight,1633,layer4.0.conv3.weight_ch1633,2.2697079181671143
layer3.5.conv3.weight,213,layer3.5.conv3.weight_ch213,2.2692954540252686
layer4.0.conv3.weight,183,layer4.0.conv3.weight_ch183,2.2687876224517822
layer4.0.conv3.weight,812,layer4.0.conv3.weight_ch812,2.268472909927368
layer3.4.conv3.weight,90,layer3.4.conv3.weight_ch90,2.2684311866760254
layer4.1.conv1.weight,359,layer4.1.conv1.weight_ch359,2.268399715423584
layer3.0.conv3.weight,59,layer3.0.conv3.weight_ch59,2.268305778503418
layer3.0.conv2.weight,246,layer3.0.conv2.weight_ch246,2.2679193019866943
layer2.1.conv3.weight,491,layer2.1.conv3.weight_ch491,2.2659854888916016
layer3.2.conv3.weight,237,layer3.2.conv3.weight_ch237,2.265690803527832
layer4.1.conv1.weight,414,layer4.1.conv1.weight_ch414,2.265561819076538
layer3.0.conv3.weight,561,layer3.0.conv3.weight_ch561,2.26528263092041
layer3.2.conv3.weight,242,layer3.2.conv3.weight_ch242,2.264939546585083
layer3.2.conv3.weight,460,layer3.2.conv3.weight_ch460,2.264927387237549
layer4.0.conv3.weight,1610,layer4.0.conv3.weight_ch1610,2.264622688293457
layer3.3.conv3.weight,492,layer3.3.conv3.weight_ch492,2.2643866539001465
layer3.0.conv3.weight,713,layer3.0.conv3.weight_ch713,2.2641103267669678
layer3.0.conv3.weight,354,layer3.0.conv3.weight_ch354,2.2634546756744385
layer2.1.conv3.weight,199,layer2.1.conv3.weight_ch199,2.2634098529815674
layer3.0.conv2.weight,45,layer3.0.conv2.weight_ch45,2.2632699012756348
layer4.1.conv1.weight,134,layer4.1.conv1.weight_ch134,2.262320041656494
layer3.2.conv3.weight,459,layer3.2.conv3.weight_ch459,2.2622013092041016
layer2.0.conv2.weight,107,layer2.0.conv2.weight_ch107,2.2618908882141113
layer4.0.conv3.weight,1982,layer4.0.conv3.weight_ch1982,2.261795997619629
layer1.2.conv3.weight,125,layer1.2.conv3.weight_ch125,2.2617335319519043
layer3.4.conv3.weight,611,layer3.4.conv3.weight_ch611,2.2615418434143066
layer3.3.conv3.weight,331,layer3.3.conv3.weight_ch331,2.2614588737487793
layer3.1.conv3.weight,74,layer3.1.conv3.weight_ch74,2.2609951496124268
layer2.1.conv3.weight,243,layer2.1.conv3.weight_ch243,2.260364532470703
layer3.3.conv3.weight,443,layer3.3.conv3.weight_ch443,2.260291576385498
layer4.1.conv1.weight,223,layer4.1.conv1.weight_ch223,2.2598867416381836
layer3.4.conv3.weight,242,layer3.4.conv3.weight_ch242,2.259347915649414
layer4.0.conv3.weight,1563,layer4.0.conv3.weight_ch1563,2.2593443393707275
layer3.0.conv3.weight,894,layer3.0.conv3.weight_ch894,2.259204626083374
layer3.2.conv3.weight,100,layer3.2.conv3.weight_ch100,2.2591185569763184
layer3.0.conv3.weight,204,layer3.0.conv3.weight_ch204,2.2587392330169678
layer4.0.conv3.weight,1077,layer4.0.conv3.weight_ch1077,2.2584445476531982
layer4.1.conv1.weight,206,layer4.1.conv1.weight_ch206,2.258227825164795
layer2.1.conv3.weight,82,layer2.1.conv3.weight_ch82,2.2574455738067627
layer4.1.conv1.weight,91,layer4.1.conv1.weight_ch91,2.2568092346191406
layer4.1.conv1.weight,219,layer4.1.conv1.weight_ch219,2.256340265274048
layer4.1.conv1.weight,121,layer4.1.conv1.weight_ch121,2.2562527656555176
layer3.1.conv3.weight,886,layer3.1.conv3.weight_ch886,2.2561135292053223
layer3.4.conv3.weight,373,layer3.4.conv3.weight_ch373,2.255857467651367
layer3.3.conv3.weight,369,layer3.3.conv3.weight_ch369,2.2556536197662354
layer3.1.conv3.weight,810,layer3.1.conv3.weight_ch810,2.2554931640625
layer4.0.conv3.weight,1768,layer4.0.conv3.weight_ch1768,2.2554097175598145
layer3.5.conv3.weight,664,layer3.5.conv3.weight_ch664,2.255204916000366
layer3.0.conv3.weight,700,layer3.0.conv3.weight_ch700,2.2545371055603027
layer3.0.conv3.weight,738,layer3.0.conv3.weight_ch738,2.2542099952697754
layer3.3.conv3.weight,468,layer3.3.conv3.weight_ch468,2.253539562225342
layer4.0.conv3.weight,382,layer4.0.conv3.weight_ch382,2.2518181800842285
layer3.0.conv3.weight,26,layer3.0.conv3.weight_ch26,2.251302480697632
layer3.4.conv3.weight,122,layer3.4.conv3.weight_ch122,2.2508909702301025
layer4.0.conv3.weight,596,layer4.0.conv3.weight_ch596,2.2508838176727295
layer4.0.conv3.weight,1188,layer4.0.conv3.weight_ch1188,2.2507615089416504
layer3.4.conv3.weight,576,layer3.4.conv3.weight_ch576,2.2503130435943604
layer3.0.conv3.weight,704,layer3.0.conv3.weight_ch704,2.2497739791870117
layer3.1.conv3.weight,106,layer3.1.conv3.weight_ch106,2.2495968341827393
layer3.3.conv3.weight,673,layer3.3.conv3.weight_ch673,2.2495908737182617
layer3.3.conv3.weight,108,layer3.3.conv3.weight_ch108,2.2492527961730957
layer1.2.conv3.weight,13,layer1.2.conv3.weight_ch13,2.2492432594299316
layer4.0.conv3.weight,1665,layer4.0.conv3.weight_ch1665,2.248762369155884
layer4.0.conv3.weight,85,layer4.0.conv3.weight_ch85,2.2485525608062744
layer4.0.conv3.weight,2026,layer4.0.conv3.weight_ch2026,2.2479097843170166
layer2.0.conv2.weight,108,layer2.0.conv2.weight_ch108,2.2478785514831543
layer3.2.conv3.weight,232,layer3.2.conv3.weight_ch232,2.24727725982666
layer3.1.conv3.weight,808,layer3.1.conv3.weight_ch808,2.2471683025360107
layer3.2.conv3.weight,795,layer3.2.conv3.weight_ch795,2.2469170093536377
layer3.5.conv3.weight,346,layer3.5.conv3.weight_ch346,2.246767044067383
layer4.0.conv3.weight,307,layer4.0.conv3.weight_ch307,2.246596574783325
layer4.0.conv3.weight,597,layer4.0.conv3.weight_ch597,2.246013879776001
layer4.0.conv3.weight,1744,layer4.0.conv3.weight_ch1744,2.245910882949829
layer3.1.conv3.weight,959,layer3.1.conv3.weight_ch959,2.245556354522705
layer3.3.conv3.weight,885,layer3.3.conv3.weight_ch885,2.245476007461548
layer4.1.conv1.weight,479,layer4.1.conv1.weight_ch479,2.245102882385254
layer4.1.conv1.weight,440,layer4.1.conv1.weight_ch440,2.2450594902038574
layer3.0.conv3.weight,33,layer3.0.conv3.weight_ch33,2.2447731494903564
layer3.0.conv3.weight,508,layer3.0.conv3.weight_ch508,2.244450569152832
layer4.1.conv1.weight,365,layer4.1.conv1.weight_ch365,2.2440719604492188
layer3.4.conv3.weight,326,layer3.4.conv3.weight_ch326,2.2438406944274902
layer3.2.conv3.weight,207,layer3.2.conv3.weight_ch207,2.2436375617980957
layer4.0.conv3.weight,762,layer4.0.conv3.weight_ch762,2.2434451580047607
layer3.3.conv3.weight,942,layer3.3.conv3.weight_ch942,2.2434165477752686
layer4.0.conv3.weight,298,layer4.0.conv3.weight_ch298,2.243100166320801
layer3.3.conv3.weight,86,layer3.3.conv3.weight_ch86,2.2427148818969727
layer4.0.conv3.weight,1167,layer4.0.conv3.weight_ch1167,2.2424020767211914
layer3.1.conv3.weight,109,layer3.1.conv3.weight_ch109,2.241903781890869
layer3.0.conv3.weight,768,layer3.0.conv3.weight_ch768,2.241518497467041
layer3.4.conv3.weight,787,layer3.4.conv3.weight_ch787,2.241312026977539
layer3.3.conv3.weight,1004,layer3.3.conv3.weight_ch1004,2.2409026622772217
layer4.0.conv3.weight,166,layer4.0.conv3.weight_ch166,2.240198850631714
layer4.0.conv3.weight,1411,layer4.0.conv3.weight_ch1411,2.2394862174987793
layer4.1.conv1.weight,145,layer4.1.conv1.weight_ch145,2.2394018173217773
layer3.0.conv3.weight,365,layer3.0.conv3.weight_ch365,2.2393908500671387
layer4.0.conv3.weight,146,layer4.0.conv3.weight_ch146,2.2393364906311035
layer2.3.conv2.weight,1,layer2.3.conv2.weight_ch1,2.2387170791625977
layer3.0.conv2.weight,209,layer3.0.conv2.weight_ch209,2.238471746444702
layer4.1.conv1.weight,15,layer4.1.conv1.weight_ch15,2.2383906841278076
layer4.1.conv1.weight,430,layer4.1.conv1.weight_ch430,2.2382400035858154
layer3.1.conv3.weight,629,layer3.1.conv3.weight_ch629,2.2380924224853516
layer4.0.conv3.weight,2039,layer4.0.conv3.weight_ch2039,2.2371456623077393
layer4.0.conv3.weight,494,layer4.0.conv3.weight_ch494,2.237041473388672
layer3.2.conv3.weight,988,layer3.2.conv3.weight_ch988,2.236877918243408
layer3.0.conv3.weight,504,layer3.0.conv3.weight_ch504,2.2366952896118164
layer3.2.conv3.weight,285,layer3.2.conv3.weight_ch285,2.235023021697998
layer3.2.conv2.weight,69,layer3.2.conv2.weight_ch69,2.2350120544433594
layer4.0.conv3.weight,443,layer4.0.conv3.weight_ch443,2.2349586486816406
layer3.0.conv3.weight,495,layer3.0.conv3.weight_ch495,2.2347073554992676
layer4.1.conv1.weight,193,layer4.1.conv1.weight_ch193,2.234699249267578
layer3.3.conv3.weight,232,layer3.3.conv3.weight_ch232,2.2346906661987305
layer4.1.conv1.weight,171,layer4.1.conv1.weight_ch171,2.234626531600952
layer3.0.conv2.weight,97,layer3.0.conv2.weight_ch97,2.2345380783081055
layer3.1.conv3.weight,615,layer3.1.conv3.weight_ch615,2.234121084213257
layer3.0.conv3.weight,615,layer3.0.conv3.weight_ch615,2.2339818477630615
layer3.4.conv3.weight,822,layer3.4.conv3.weight_ch822,2.233825206756592
layer4.0.conv3.weight,1309,layer4.0.conv3.weight_ch1309,2.2335641384124756
layer1.2.conv3.weight,209,layer1.2.conv3.weight_ch209,2.233358860015869
layer4.0.conv3.weight,1397,layer4.0.conv3.weight_ch1397,2.2330029010772705
layer4.1.conv1.weight,317,layer4.1.conv1.weight_ch317,2.231959104537964
layer3.2.conv3.weight,603,layer3.2.conv3.weight_ch603,2.231818199157715
layer3.0.conv3.weight,765,layer3.0.conv3.weight_ch765,2.2313947677612305
layer1.2.conv3.weight,22,layer1.2.conv3.weight_ch22,2.2308382987976074
layer3.5.conv3.weight,575,layer3.5.conv3.weight_ch575,2.2306337356567383
layer4.0.conv3.weight,1785,layer4.0.conv3.weight_ch1785,2.2306129932403564
layer4.0.conv3.weight,690,layer4.0.conv3.weight_ch690,2.2301244735717773
layer3.2.conv3.weight,284,layer3.2.conv3.weight_ch284,2.2299513816833496
layer3.1.conv3.weight,559,layer3.1.conv3.weight_ch559,2.2298758029937744
layer3.3.conv3.weight,197,layer3.3.conv3.weight_ch197,2.22969913482666
layer4.1.conv1.weight,148,layer4.1.conv1.weight_ch148,2.229447364807129
layer3.4.conv3.weight,154,layer3.4.conv3.weight_ch154,2.229173183441162
layer4.0.conv3.weight,1270,layer4.0.conv3.weight_ch1270,2.22910737991333
layer3.2.conv3.weight,597,layer3.2.conv3.weight_ch597,2.2282068729400635
layer3.2.conv3.weight,953,layer3.2.conv3.weight_ch953,2.2258379459381104
layer4.0.conv3.weight,1652,layer4.0.conv3.weight_ch1652,2.225562810897827
layer4.0.conv3.weight,1171,layer4.0.conv3.weight_ch1171,2.2247369289398193
layer3.0.conv2.weight,177,layer3.0.conv2.weight_ch177,2.224371910095215
layer3.3.conv3.weight,77,layer3.3.conv3.weight_ch77,2.2237043380737305
layer2.1.conv3.weight,117,layer2.1.conv3.weight_ch117,2.223294496536255
layer3.4.conv3.weight,909,layer3.4.conv3.weight_ch909,2.223179817199707
layer4.0.conv3.weight,861,layer4.0.conv3.weight_ch861,2.2218263149261475
layer2.3.conv2.weight,61,layer2.3.conv2.weight_ch61,2.2207753658294678
layer3.0.conv3.weight,236,layer3.0.conv3.weight_ch236,2.220066547393799
layer4.0.conv3.weight,903,layer4.0.conv3.weight_ch903,2.2193214893341064
layer3.3.conv3.weight,109,layer3.3.conv3.weight_ch109,2.219041347503662
layer3.5.conv3.weight,568,layer3.5.conv3.weight_ch568,2.2183644771575928
layer3.0.conv2.weight,46,layer3.0.conv2.weight_ch46,2.2182140350341797
layer4.0.conv3.weight,367,layer4.0.conv3.weight_ch367,2.217747926712036
layer3.3.conv3.weight,244,layer3.3.conv3.weight_ch244,2.2171268463134766
layer3.3.conv3.weight,17,layer3.3.conv3.weight_ch17,2.2168405055999756
layer3.1.conv3.weight,787,layer3.1.conv3.weight_ch787,2.216740608215332
layer2.1.conv3.weight,432,layer2.1.conv3.weight_ch432,2.2163782119750977
layer3.2.conv3.weight,407,layer3.2.conv3.weight_ch407,2.216165542602539
layer3.0.conv3.weight,262,layer3.0.conv3.weight_ch262,2.2153048515319824
layer4.0.conv3.weight,1017,layer4.0.conv3.weight_ch1017,2.214566230773926
layer3.2.conv3.weight,758,layer3.2.conv3.weight_ch758,2.214083433151245
layer4.0.conv3.weight,50,layer4.0.conv3.weight_ch50,2.214012861251831
layer3.1.conv3.weight,393,layer3.1.conv3.weight_ch393,2.213900566101074
layer2.0.conv1.weight,119,layer2.0.conv1.weight_ch119,2.2134435176849365
layer3.0.conv3.weight,840,layer3.0.conv3.weight_ch840,2.2133851051330566
layer3.4.conv3.weight,416,layer3.4.conv3.weight_ch416,2.2124035358428955
layer3.3.conv3.weight,31,layer3.3.conv3.weight_ch31,2.212346076965332
layer4.1.conv1.weight,461,layer4.1.conv1.weight_ch461,2.211954355239868
layer3.5.conv3.weight,599,layer3.5.conv3.weight_ch599,2.210573196411133
layer3.5.conv3.weight,63,layer3.5.conv3.weight_ch63,2.2104620933532715
layer3.0.conv3.weight,368,layer3.0.conv3.weight_ch368,2.2100894451141357
layer3.3.conv3.weight,498,layer3.3.conv3.weight_ch498,2.209977626800537
layer2.1.conv3.weight,158,layer2.1.conv3.weight_ch158,2.2094643115997314
layer3.2.conv3.weight,431,layer3.2.conv3.weight_ch431,2.20944881439209
layer4.0.conv3.weight,1554,layer4.0.conv3.weight_ch1554,2.2079110145568848
layer3.2.conv3.weight,791,layer3.2.conv3.weight_ch791,2.207768201828003
layer2.3.conv2.weight,47,layer2.3.conv2.weight_ch47,2.2076058387756348
layer4.1.conv1.weight,283,layer4.1.conv1.weight_ch283,2.207469940185547
layer3.2.conv3.weight,292,layer3.2.conv3.weight_ch292,2.205885171890259
layer4.0.conv3.weight,1777,layer4.0.conv3.weight_ch1777,2.205770492553711
layer4.0.conv3.weight,1947,layer4.0.conv3.weight_ch1947,2.205470085144043
layer3.0.conv3.weight,741,layer3.0.conv3.weight_ch741,2.2046525478363037
layer3.1.conv3.weight,93,layer3.1.conv3.weight_ch93,2.204291343688965
layer3.5.conv3.weight,357,layer3.5.conv3.weight_ch357,2.2042737007141113
layer3.2.conv3.weight,64,layer3.2.conv3.weight_ch64,2.203181743621826
layer4.0.conv3.weight,744,layer4.0.conv3.weight_ch744,2.2028684616088867
layer4.1.conv1.weight,442,layer4.1.conv1.weight_ch442,2.2023234367370605
layer3.1.conv3.weight,338,layer3.1.conv3.weight_ch338,2.202199697494507
layer4.0.conv3.weight,1015,layer4.0.conv3.weight_ch1015,2.2020061016082764
layer2.0.conv2.weight,10,layer2.0.conv2.weight_ch10,2.201474666595459
layer3.5.conv3.weight,173,layer3.5.conv3.weight_ch173,2.201429843902588
layer4.0.conv3.weight,1142,layer4.0.conv3.weight_ch1142,2.2010228633880615
layer3.4.conv3.weight,962,layer3.4.conv3.weight_ch962,2.1998913288116455
layer3.4.conv3.weight,694,layer3.4.conv3.weight_ch694,2.199544906616211
layer4.0.conv3.weight,1049,layer4.0.conv3.weight_ch1049,2.199321746826172
layer3.5.conv3.weight,945,layer3.5.conv3.weight_ch945,2.197402000427246
layer4.0.conv3.weight,218,layer4.0.conv3.weight_ch218,2.196627616882324
layer2.0.conv1.weight,86,layer2.0.conv1.weight_ch86,2.195674419403076
layer3.3.conv3.weight,797,layer3.3.conv3.weight_ch797,2.1952624320983887
layer3.0.conv3.weight,131,layer3.0.conv3.weight_ch131,2.1951980590820312
layer4.0.conv3.weight,1680,layer4.0.conv3.weight_ch1680,2.1947953701019287
layer4.0.conv3.weight,1316,layer4.0.conv3.weight_ch1316,2.1939749717712402
layer3.3.conv3.weight,556,layer3.3.conv3.weight_ch556,2.193942070007324
layer3.0.conv3.weight,468,layer3.0.conv3.weight_ch468,2.193596601486206
layer4.0.conv3.weight,1499,layer4.0.conv3.weight_ch1499,2.193570375442505
layer3.0.conv3.weight,563,layer3.0.conv3.weight_ch563,2.19280743598938
layer3.3.conv3.weight,696,layer3.3.conv3.weight_ch696,2.1922717094421387
layer3.4.conv3.weight,113,layer3.4.conv3.weight_ch113,2.192246913909912
layer4.0.conv3.weight,1998,layer4.0.conv3.weight_ch1998,2.1921305656433105
layer3.1.conv3.weight,752,layer3.1.conv3.weight_ch752,2.1920266151428223
layer3.2.conv3.weight,1021,layer3.2.conv3.weight_ch1021,2.191922664642334
layer3.3.conv3.weight,464,layer3.3.conv3.weight_ch464,2.1909003257751465
layer3.1.conv3.weight,849,layer3.1.conv3.weight_ch849,2.1906564235687256
layer3.1.conv3.weight,17,layer3.1.conv3.weight_ch17,2.1906352043151855
layer4.0.conv3.weight,1612,layer4.0.conv3.weight_ch1612,2.189465284347534
layer4.0.conv3.weight,1014,layer4.0.conv3.weight_ch1014,2.189300537109375
layer3.3.conv3.weight,899,layer3.3.conv3.weight_ch899,2.1885719299316406
layer3.0.conv2.weight,16,layer3.0.conv2.weight_ch16,2.188443183898926
layer3.5.conv3.weight,988,layer3.5.conv3.weight_ch988,2.1873555183410645
layer3.4.conv3.weight,93,layer3.4.conv3.weight_ch93,2.1872119903564453
layer4.0.conv3.weight,810,layer4.0.conv3.weight_ch810,2.1864004135131836
layer3.2.conv2.weight,152,layer3.2.conv2.weight_ch152,2.185764789581299
layer3.0.conv3.weight,46,layer3.0.conv3.weight_ch46,2.1857597827911377
layer3.5.conv3.weight,181,layer3.5.conv3.weight_ch181,2.183445453643799
layer4.0.conv3.weight,1646,layer4.0.conv3.weight_ch1646,2.183432102203369
layer4.1.conv1.weight,62,layer4.1.conv1.weight_ch62,2.182971954345703
layer3.5.conv3.weight,21,layer3.5.conv3.weight_ch21,2.1821086406707764
layer3.4.conv3.weight,255,layer3.4.conv3.weight_ch255,2.1818816661834717
layer2.1.conv3.weight,406,layer2.1.conv3.weight_ch406,2.1815052032470703
layer4.1.conv1.weight,266,layer4.1.conv1.weight_ch266,2.1807572841644287
layer3.0.conv3.weight,202,layer3.0.conv3.weight_ch202,2.180204391479492
layer2.1.conv3.weight,70,layer2.1.conv3.weight_ch70,2.1792116165161133
layer3.2.conv2.weight,218,layer3.2.conv2.weight_ch218,2.1792004108428955
layer3.0.conv3.weight,282,layer3.0.conv3.weight_ch282,2.1790902614593506
layer4.0.conv3.weight,642,layer4.0.conv3.weight_ch642,2.1783132553100586
layer4.0.conv3.weight,1984,layer4.0.conv3.weight_ch1984,2.178100347518921
layer3.0.conv3.weight,115,layer3.0.conv3.weight_ch115,2.177863121032715
layer3.0.conv3.weight,384,layer3.0.conv3.weight_ch384,2.1775951385498047
layer4.0.conv3.weight,1403,layer4.0.conv3.weight_ch1403,2.1774728298187256
layer3.2.conv3.weight,1023,layer3.2.conv3.weight_ch1023,2.177157163619995
layer3.0.conv2.weight,208,layer3.0.conv2.weight_ch208,2.177111864089966
layer3.1.conv3.weight,223,layer3.1.conv3.weight_ch223,2.1770551204681396
layer3.1.conv3.weight,815,layer3.1.conv3.weight_ch815,2.176170825958252
layer4.0.conv3.weight,600,layer4.0.conv3.weight_ch600,2.1754958629608154
layer3.4.conv3.weight,604,layer3.4.conv3.weight_ch604,2.1747989654541016
layer3.1.conv3.weight,326,layer3.1.conv3.weight_ch326,2.1746578216552734
layer3.0.conv3.weight,539,layer3.0.conv3.weight_ch539,2.1741209030151367
layer3.4.conv3.weight,833,layer3.4.conv3.weight_ch833,2.1736533641815186
layer3.1.conv3.weight,570,layer3.1.conv3.weight_ch570,2.1733827590942383
layer3.4.conv3.weight,356,layer3.4.conv3.weight_ch356,2.1730170249938965
layer3.2.conv3.weight,96,layer3.2.conv3.weight_ch96,2.1728742122650146
layer3.4.conv3.weight,243,layer3.4.conv3.weight_ch243,2.172703742980957
layer4.0.conv3.weight,618,layer4.0.conv3.weight_ch618,2.17207932472229
layer3.0.conv3.weight,730,layer3.0.conv3.weight_ch730,2.1718602180480957
layer3.0.conv3.weight,879,layer3.0.conv3.weight_ch879,2.170705795288086
layer2.3.conv2.weight,72,layer2.3.conv2.weight_ch72,2.1702589988708496
layer3.4.conv3.weight,608,layer3.4.conv3.weight_ch608,2.1702442169189453
layer4.1.conv1.weight,185,layer4.1.conv1.weight_ch185,2.169790506362915
layer3.3.conv3.weight,624,layer3.3.conv3.weight_ch624,2.169307231903076
layer4.0.conv3.weight,1011,layer4.0.conv3.weight_ch1011,2.169297695159912
layer3.1.conv3.weight,377,layer3.1.conv3.weight_ch377,2.168738603591919
layer2.1.conv3.weight,15,layer2.1.conv3.weight_ch15,2.167978286743164
layer3.0.conv3.weight,216,layer3.0.conv3.weight_ch216,2.167922019958496
layer3.0.conv3.weight,992,layer3.0.conv3.weight_ch992,2.1679060459136963
layer4.0.conv3.weight,1728,layer4.0.conv3.weight_ch1728,2.1677629947662354
layer3.0.conv2.weight,105,layer3.0.conv2.weight_ch105,2.1673073768615723
layer4.1.conv1.weight,54,layer4.1.conv1.weight_ch54,2.167285442352295
layer3.3.conv3.weight,233,layer3.3.conv3.weight_ch233,2.166771650314331
layer4.1.conv1.weight,235,layer4.1.conv1.weight_ch235,2.166428565979004
layer3.5.conv3.weight,363,layer3.5.conv3.weight_ch363,2.166081190109253
layer3.0.conv2.weight,196,layer3.0.conv2.weight_ch196,2.1652133464813232
layer3.1.conv3.weight,445,layer3.1.conv3.weight_ch445,2.1647276878356934
layer3.1.conv3.weight,402,layer3.1.conv3.weight_ch402,2.1646347045898438
layer3.4.conv3.weight,567,layer3.4.conv3.weight_ch567,2.1646323204040527
layer3.3.conv3.weight,703,layer3.3.conv3.weight_ch703,2.164388656616211
layer4.0.conv3.weight,211,layer4.0.conv3.weight_ch211,2.1643779277801514
layer3.1.conv3.weight,844,layer3.1.conv3.weight_ch844,2.1643354892730713
layer3.3.conv3.weight,964,layer3.3.conv3.weight_ch964,2.1643238067626953
layer3.0.conv3.weight,112,layer3.0.conv3.weight_ch112,2.163926362991333
layer3.3.conv3.weight,205,layer3.3.conv3.weight_ch205,2.163635492324829
layer3.0.conv3.weight,907,layer3.0.conv3.weight_ch907,2.163536310195923
layer3.0.conv3.weight,449,layer3.0.conv3.weight_ch449,2.1629292964935303
layer3.5.conv3.weight,225,layer3.5.conv3.weight_ch225,2.1628894805908203
layer3.2.conv3.weight,877,layer3.2.conv3.weight_ch877,2.162565231323242
layer1.2.conv3.weight,98,layer1.2.conv3.weight_ch98,2.162503957748413
layer3.0.conv3.weight,570,layer3.0.conv3.weight_ch570,2.1624178886413574
layer3.5.conv3.weight,742,layer3.5.conv3.weight_ch742,2.161590576171875
layer3.1.conv3.weight,280,layer3.1.conv3.weight_ch280,2.1614248752593994
layer3.3.conv3.weight,810,layer3.3.conv3.weight_ch810,2.1606924533843994
layer4.1.conv1.weight,270,layer4.1.conv1.weight_ch270,2.1606345176696777
layer4.0.conv3.weight,1688,layer4.0.conv3.weight_ch1688,2.1602799892425537
layer2.0.conv1.weight,127,layer2.0.conv1.weight_ch127,2.160036087036133
layer4.0.conv3.weight,1369,layer4.0.conv3.weight_ch1369,2.1599583625793457
layer2.0.conv2.weight,79,layer2.0.conv2.weight_ch79,2.1597883701324463
layer3.0.conv3.weight,288,layer3.0.conv3.weight_ch288,2.1596548557281494
layer3.2.conv3.weight,140,layer3.2.conv3.weight_ch140,2.1595330238342285
layer4.1.conv1.weight,227,layer4.1.conv1.weight_ch227,2.1590962409973145
layer3.4.conv3.weight,586,layer3.4.conv3.weight_ch586,2.1590332984924316
layer4.1.conv1.weight,334,layer4.1.conv1.weight_ch334,2.1584441661834717
layer3.0.conv3.weight,1004,layer3.0.conv3.weight_ch1004,2.1584219932556152
layer4.0.conv3.weight,1699,layer4.0.conv3.weight_ch1699,2.158383369445801
layer3.1.conv3.weight,200,layer3.1.conv3.weight_ch200,2.158015012741089
layer4.1.conv1.weight,338,layer4.1.conv1.weight_ch338,2.157992124557495
layer4.1.conv1.weight,224,layer4.1.conv1.weight_ch224,2.1577935218811035
layer2.1.conv3.weight,328,layer2.1.conv3.weight_ch328,2.1576199531555176
layer3.2.conv3.weight,873,layer3.2.conv3.weight_ch873,2.157574415206909
layer3.5.conv3.weight,765,layer3.5.conv3.weight_ch765,2.157541275024414
layer3.2.conv3.weight,957,layer3.2.conv3.weight_ch957,2.155975103378296
layer3.0.conv3.weight,41,layer3.0.conv3.weight_ch41,2.1559250354766846
layer3.4.conv3.weight,1020,layer3.4.conv3.weight_ch1020,2.155146837234497
layer4.0.conv3.weight,526,layer4.0.conv3.weight_ch526,2.1548430919647217
layer3.5.conv3.weight,70,layer3.5.conv3.weight_ch70,2.154419183731079
layer4.1.conv1.weight,180,layer4.1.conv1.weight_ch180,2.1539978981018066
layer2.0.conv2.weight,9,layer2.0.conv2.weight_ch9,2.1539955139160156
layer4.0.conv3.weight,1037,layer4.0.conv3.weight_ch1037,2.1538591384887695
layer3.0.conv3.weight,689,layer3.0.conv3.weight_ch689,2.153839349746704
layer3.0.conv3.weight,977,layer3.0.conv3.weight_ch977,2.1534698009490967
layer3.0.conv3.weight,761,layer3.0.conv3.weight_ch761,2.1532883644104004
layer3.5.conv3.weight,299,layer3.5.conv3.weight_ch299,2.1529202461242676
layer2.0.conv1.weight,51,layer2.0.conv1.weight_ch51,2.1528232097625732
layer1.2.conv3.weight,186,layer1.2.conv3.weight_ch186,2.152578115463257
layer3.0.conv2.weight,142,layer3.0.conv2.weight_ch142,2.152419090270996
layer3.1.conv3.weight,558,layer3.1.conv3.weight_ch558,2.152169704437256
layer3.0.conv3.weight,926,layer3.0.conv3.weight_ch926,2.152147054672241
layer3.3.conv3.weight,689,layer3.3.conv3.weight_ch689,2.1515800952911377
layer3.0.conv3.weight,710,layer3.0.conv3.weight_ch710,2.151426315307617
layer4.0.conv3.weight,874,layer4.0.conv3.weight_ch874,2.1512451171875
layer4.0.conv3.weight,1881,layer4.0.conv3.weight_ch1881,2.1511127948760986
layer3.4.conv3.weight,355,layer3.4.conv3.weight_ch355,2.1509180068969727
layer3.1.conv3.weight,828,layer3.1.conv3.weight_ch828,2.150850296020508
layer3.2.conv3.weight,84,layer3.2.conv3.weight_ch84,2.150689125061035
layer3.3.conv3.weight,914,layer3.3.conv3.weight_ch914,2.1505496501922607
layer3.5.conv3.weight,688,layer3.5.conv3.weight_ch688,2.1504857540130615
layer3.2.conv2.weight,147,layer3.2.conv2.weight_ch147,2.150351047515869
layer3.0.conv2.weight,108,layer3.0.conv2.weight_ch108,2.150116443634033
layer3.1.conv3.weight,419,layer3.1.conv3.weight_ch419,2.1500399112701416
layer3.2.conv3.weight,437,layer3.2.conv3.weight_ch437,2.1499345302581787
layer4.1.conv1.weight,469,layer4.1.conv1.weight_ch469,2.149721145629883
layer3.4.conv3.weight,281,layer3.4.conv3.weight_ch281,2.1490402221679688
layer3.4.conv3.weight,766,layer3.4.conv3.weight_ch766,2.1490345001220703
layer4.0.conv3.weight,512,layer4.0.conv3.weight_ch512,2.1471781730651855
layer2.3.conv2.weight,22,layer2.3.conv2.weight_ch22,2.1467931270599365
layer3.4.conv3.weight,421,layer3.4.conv3.weight_ch421,2.146749258041382
layer3.3.conv3.weight,174,layer3.3.conv3.weight_ch174,2.146214723587036
layer4.1.conv1.weight,263,layer4.1.conv1.weight_ch263,2.1453235149383545
layer3.4.conv3.weight,838,layer3.4.conv3.weight_ch838,2.1448826789855957
layer3.2.conv3.weight,776,layer3.2.conv3.weight_ch776,2.144707202911377
layer3.4.conv3.weight,926,layer3.4.conv3.weight_ch926,2.143690586090088
layer3.4.conv3.weight,614,layer3.4.conv3.weight_ch614,2.143609046936035
layer3.3.conv3.weight,976,layer3.3.conv3.weight_ch976,2.1435706615448
layer4.0.conv3.weight,1334,layer4.0.conv3.weight_ch1334,2.143145799636841
layer3.1.conv3.weight,857,layer3.1.conv3.weight_ch857,2.1430459022521973
layer4.0.conv3.weight,1808,layer4.0.conv3.weight_ch1808,2.1427834033966064
layer4.0.conv3.weight,806,layer4.0.conv3.weight_ch806,2.1406986713409424
layer3.2.conv3.weight,55,layer3.2.conv3.weight_ch55,2.1406326293945312
layer3.0.conv3.weight,15,layer3.0.conv3.weight_ch15,2.1405930519104004
layer1.2.conv3.weight,200,layer1.2.conv3.weight_ch200,2.140467882156372
layer3.0.conv2.weight,157,layer3.0.conv2.weight_ch157,2.1401844024658203
layer3.4.conv3.weight,857,layer3.4.conv3.weight_ch857,2.140184164047241
layer3.0.conv2.weight,185,layer3.0.conv2.weight_ch185,2.139826536178589
layer3.3.conv3.weight,708,layer3.3.conv3.weight_ch708,2.139565944671631
layer3.4.conv3.weight,359,layer3.4.conv3.weight_ch359,2.139482021331787
layer4.0.conv3.weight,407,layer4.0.conv3.weight_ch407,2.1393864154815674
layer4.0.conv3.weight,1819,layer4.0.conv3.weight_ch1819,2.1390316486358643
layer3.4.conv3.weight,350,layer3.4.conv3.weight_ch350,2.138244152069092
layer4.0.conv3.weight,624,layer4.0.conv3.weight_ch624,2.1363255977630615
layer4.0.conv3.weight,815,layer4.0.conv3.weight_ch815,2.1362383365631104
layer4.0.conv3.weight,1945,layer4.0.conv3.weight_ch1945,2.135969877243042
layer3.5.conv3.weight,813,layer3.5.conv3.weight_ch813,2.13584566116333
layer3.2.conv3.weight,815,layer3.2.conv3.weight_ch815,2.1355910301208496
layer3.5.conv3.weight,856,layer3.5.conv3.weight_ch856,2.1354362964630127
layer3.3.conv3.weight,475,layer3.3.conv3.weight_ch475,2.135169506072998
layer3.0.conv3.weight,823,layer3.0.conv3.weight_ch823,2.1351478099823
layer4.0.conv3.weight,366,layer4.0.conv3.weight_ch366,2.1346986293792725
layer4.0.conv3.weight,1436,layer4.0.conv3.weight_ch1436,2.1338939666748047
layer3.1.conv3.weight,341,layer3.1.conv3.weight_ch341,2.1338512897491455
layer4.0.conv3.weight,1152,layer4.0.conv3.weight_ch1152,2.133775234222412
layer3.4.conv3.weight,829,layer3.4.conv3.weight_ch829,2.133604049682617
layer3.4.conv3.weight,470,layer3.4.conv3.weight_ch470,2.133147954940796
layer3.1.conv3.weight,840,layer3.1.conv3.weight_ch840,2.13297176361084
layer3.0.conv3.weight,647,layer3.0.conv3.weight_ch647,2.132476329803467
layer3.3.conv3.weight,39,layer3.3.conv3.weight_ch39,2.1320924758911133
layer3.5.conv3.weight,570,layer3.5.conv3.weight_ch570,2.1320788860321045
layer3.3.conv3.weight,879,layer3.3.conv3.weight_ch879,2.1314053535461426
layer3.2.conv3.weight,335,layer3.2.conv3.weight_ch335,2.1312084197998047
layer4.0.conv3.weight,1083,layer4.0.conv3.weight_ch1083,2.130469560623169
layer4.0.conv3.weight,914,layer4.0.conv3.weight_ch914,2.130422592163086
layer3.3.conv3.weight,792,layer3.3.conv3.weight_ch792,2.1304099559783936
layer3.3.conv3.weight,619,layer3.3.conv3.weight_ch619,2.1291964054107666
layer4.1.conv1.weight,199,layer4.1.conv1.weight_ch199,2.129014730453491
layer4.0.conv3.weight,1119,layer4.0.conv3.weight_ch1119,2.128457546234131
layer3.0.conv3.weight,934,layer3.0.conv3.weight_ch934,2.1279351711273193
layer4.0.conv3.weight,1872,layer4.0.conv3.weight_ch1872,2.1274843215942383
layer3.1.conv3.weight,900,layer3.1.conv3.weight_ch900,2.127401828765869
layer3.4.conv3.weight,1013,layer3.4.conv3.weight_ch1013,2.1264488697052
layer3.2.conv3.weight,507,layer3.2.conv3.weight_ch507,2.1259729862213135
layer3.4.conv3.weight,914,layer3.4.conv3.weight_ch914,2.125337600708008
layer3.5.conv3.weight,426,layer3.5.conv3.weight_ch426,2.1244702339172363
layer4.0.conv3.weight,796,layer4.0.conv3.weight_ch796,2.1231751441955566
layer4.1.conv1.weight,511,layer4.1.conv1.weight_ch511,2.1223816871643066
layer4.0.conv3.weight,1493,layer4.0.conv3.weight_ch1493,2.12201189994812
layer4.1.conv1.weight,378,layer4.1.conv1.weight_ch378,2.1219141483306885
layer4.0.conv3.weight,1419,layer4.0.conv3.weight_ch1419,2.1218252182006836
layer3.3.conv3.weight,307,layer3.3.conv3.weight_ch307,2.1205456256866455
layer3.2.conv3.weight,951,layer3.2.conv3.weight_ch951,2.1201422214508057
layer3.1.conv3.weight,889,layer3.1.conv3.weight_ch889,2.1200296878814697
layer4.0.conv3.weight,1848,layer4.0.conv3.weight_ch1848,2.119962453842163
layer4.0.conv3.weight,1568,layer4.0.conv3.weight_ch1568,2.119875431060791
layer3.3.conv3.weight,604,layer3.3.conv3.weight_ch604,2.1192898750305176
layer3.1.conv3.weight,21,layer3.1.conv3.weight_ch21,2.119025230407715
layer4.1.conv1.weight,100,layer4.1.conv1.weight_ch100,2.117711305618286
layer4.1.conv1.weight,164,layer4.1.conv1.weight_ch164,2.1176302433013916
layer3.0.conv3.weight,190,layer3.0.conv3.weight_ch190,2.1175763607025146
layer4.0.conv3.weight,628,layer4.0.conv3.weight_ch628,2.11726975440979
layer3.0.conv3.weight,568,layer3.0.conv3.weight_ch568,2.117013931274414
layer3.0.conv2.weight,92,layer3.0.conv2.weight_ch92,2.1167614459991455
layer3.4.conv3.weight,896,layer3.4.conv3.weight_ch896,2.1163785457611084
layer3.3.conv3.weight,800,layer3.3.conv3.weight_ch800,2.115508556365967
layer3.1.conv3.weight,981,layer3.1.conv3.weight_ch981,2.113814115524292
layer3.0.conv2.weight,55,layer3.0.conv2.weight_ch55,2.113647699356079
layer3.0.conv3.weight,453,layer3.0.conv3.weight_ch453,2.1135339736938477
layer3.2.conv3.weight,594,layer3.2.conv3.weight_ch594,2.112265110015869
layer3.4.conv3.weight,410,layer3.4.conv3.weight_ch410,2.111887216567993
layer3.1.conv3.weight,823,layer3.1.conv3.weight_ch823,2.1116507053375244
layer3.2.conv3.weight,735,layer3.2.conv3.weight_ch735,2.1113369464874268
layer4.1.conv1.weight,101,layer4.1.conv1.weight_ch101,2.1112637519836426
layer3.5.conv3.weight,486,layer3.5.conv3.weight_ch486,2.110992670059204
layer4.0.conv3.weight,261,layer4.0.conv3.weight_ch261,2.1109464168548584
layer4.0.conv3.weight,1581,layer4.0.conv3.weight_ch1581,2.110753297805786
layer4.0.conv3.weight,1163,layer4.0.conv3.weight_ch1163,2.1107378005981445
layer4.1.conv1.weight,160,layer4.1.conv1.weight_ch160,2.1105501651763916
layer3.2.conv3.weight,1017,layer3.2.conv3.weight_ch1017,2.109849214553833
layer2.1.conv3.weight,145,layer2.1.conv3.weight_ch145,2.109513282775879
layer3.2.conv2.weight,34,layer3.2.conv2.weight_ch34,2.1092562675476074
layer4.1.conv1.weight,237,layer4.1.conv1.weight_ch237,2.1084465980529785
layer3.0.conv3.weight,714,layer3.0.conv3.weight_ch714,2.1081199645996094
layer4.0.conv3.weight,1040,layer4.0.conv3.weight_ch1040,2.107562303543091
layer3.1.conv3.weight,852,layer3.1.conv3.weight_ch852,2.107368230819702
layer3.0.conv3.weight,72,layer3.0.conv3.weight_ch72,2.1072986125946045
layer4.0.conv3.weight,615,layer4.0.conv3.weight_ch615,2.10671067237854
layer3.1.conv3.weight,474,layer3.1.conv3.weight_ch474,2.106433868408203
layer1.2.conv3.weight,191,layer1.2.conv3.weight_ch191,2.106415033340454
layer4.0.conv3.weight,119,layer4.0.conv3.weight_ch119,2.106381893157959
layer4.0.conv3.weight,1461,layer4.0.conv3.weight_ch1461,2.1063315868377686
layer4.0.conv3.weight,203,layer4.0.conv3.weight_ch203,2.106243371963501
layer4.0.conv3.weight,279,layer4.0.conv3.weight_ch279,2.1060338020324707
layer4.0.conv3.weight,1958,layer4.0.conv3.weight_ch1958,2.105832099914551
layer3.5.conv3.weight,701,layer3.5.conv3.weight_ch701,2.1055891513824463
layer3.3.conv3.weight,273,layer3.3.conv3.weight_ch273,2.1051993370056152
layer3.1.conv3.weight,381,layer3.1.conv3.weight_ch381,2.104556083679199
layer4.0.conv3.weight,1614,layer4.0.conv3.weight_ch1614,2.1044986248016357
layer3.0.conv2.weight,139,layer3.0.conv2.weight_ch139,2.1043479442596436
layer3.2.conv3.weight,950,layer3.2.conv3.weight_ch950,2.10418963432312
layer3.2.conv3.weight,698,layer3.2.conv3.weight_ch698,2.104156255722046
layer3.0.conv2.weight,29,layer3.0.conv2.weight_ch29,2.1039323806762695
layer4.1.conv1.weight,269,layer4.1.conv1.weight_ch269,2.103276491165161
layer3.1.conv3.weight,964,layer3.1.conv3.weight_ch964,2.103102684020996
layer3.0.conv2.weight,239,layer3.0.conv2.weight_ch239,2.102938652038574
layer4.0.conv3.weight,614,layer4.0.conv3.weight_ch614,2.1027894020080566
layer1.2.conv3.weight,176,layer1.2.conv3.weight_ch176,2.1026952266693115
layer3.4.conv3.weight,676,layer3.4.conv3.weight_ch676,2.1025547981262207
layer3.0.conv2.weight,12,layer3.0.conv2.weight_ch12,2.102330446243286
layer3.5.conv3.weight,604,layer3.5.conv3.weight_ch604,2.1022844314575195
layer3.0.conv3.weight,151,layer3.0.conv3.weight_ch151,2.1020710468292236
layer3.1.conv3.weight,610,layer3.1.conv3.weight_ch610,2.102020263671875
layer3.2.conv2.weight,204,layer3.2.conv2.weight_ch204,2.101893424987793
layer4.0.conv3.weight,936,layer4.0.conv3.weight_ch936,2.101841926574707
layer3.5.conv3.weight,22,layer3.5.conv3.weight_ch22,2.101693868637085
layer3.5.conv3.weight,267,layer3.5.conv3.weight_ch267,2.101632833480835
layer3.1.conv3.weight,0,layer3.1.conv3.weight_ch0,2.100585699081421
layer3.3.conv3.weight,637,layer3.3.conv3.weight_ch637,2.100576639175415
layer3.4.conv3.weight,75,layer3.4.conv3.weight_ch75,2.1005077362060547
layer3.4.conv3.weight,304,layer3.4.conv3.weight_ch304,2.100417137145996
layer3.4.conv3.weight,215,layer3.4.conv3.weight_ch215,2.100379467010498
layer4.1.conv1.weight,31,layer4.1.conv1.weight_ch31,2.1001553535461426
layer3.4.conv3.weight,506,layer3.4.conv3.weight_ch506,2.0990676879882812
layer4.0.conv3.weight,1890,layer4.0.conv3.weight_ch1890,2.098893165588379
layer3.0.conv3.weight,400,layer3.0.conv3.weight_ch400,2.0987279415130615
layer3.0.conv3.weight,132,layer3.0.conv3.weight_ch132,2.0987040996551514
layer3.4.conv3.weight,9,layer3.4.conv3.weight_ch9,2.0986320972442627
layer4.1.conv1.weight,348,layer4.1.conv1.weight_ch348,2.0983166694641113
layer3.1.conv3.weight,322,layer3.1.conv3.weight_ch322,2.0982913970947266
layer3.2.conv3.weight,964,layer3.2.conv3.weight_ch964,2.098019599914551
layer3.0.conv3.weight,585,layer3.0.conv3.weight_ch585,2.097844123840332
layer3.5.conv3.weight,567,layer3.5.conv3.weight_ch567,2.097475528717041
layer3.0.conv2.weight,201,layer3.0.conv2.weight_ch201,2.0973575115203857
layer4.0.conv3.weight,1238,layer4.0.conv3.weight_ch1238,2.0973076820373535
layer4.0.conv3.weight,375,layer4.0.conv3.weight_ch375,2.096280336380005
layer3.0.conv3.weight,764,layer3.0.conv3.weight_ch764,2.0956521034240723
layer4.0.conv3.weight,1233,layer4.0.conv3.weight_ch1233,2.095065116882324
layer4.0.conv3.weight,1935,layer4.0.conv3.weight_ch1935,2.094350576400757
layer3.2.conv3.weight,543,layer3.2.conv3.weight_ch543,2.0942702293395996
layer4.1.conv1.weight,19,layer4.1.conv1.weight_ch19,2.0942227840423584
layer4.1.conv1.weight,56,layer4.1.conv1.weight_ch56,2.0935752391815186
layer3.0.conv2.weight,180,layer3.0.conv2.weight_ch180,2.092348575592041
layer3.0.conv2.weight,241,layer3.0.conv2.weight_ch241,2.0923001766204834
layer3.1.conv3.weight,165,layer3.1.conv3.weight_ch165,2.0922179222106934
layer2.3.conv2.weight,101,layer2.3.conv2.weight_ch101,2.0903677940368652
layer3.4.conv3.weight,634,layer3.4.conv3.weight_ch634,2.0903351306915283
layer4.1.conv1.weight,294,layer4.1.conv1.weight_ch294,2.0901284217834473
layer2.1.conv3.weight,84,layer2.1.conv3.weight_ch84,2.089481830596924
layer4.0.conv3.weight,74,layer4.0.conv3.weight_ch74,2.0892648696899414
layer4.0.conv3.weight,465,layer4.0.conv3.weight_ch465,2.0892043113708496
layer3.1.conv3.weight,745,layer3.1.conv3.weight_ch745,2.088548421859741
layer2.0.conv1.weight,83,layer2.0.conv1.weight_ch83,2.0884013175964355
layer1.2.conv3.weight,175,layer1.2.conv3.weight_ch175,2.0883164405822754
layer4.0.conv3.weight,944,layer4.0.conv3.weight_ch944,2.087942361831665
layer4.0.conv3.weight,1617,layer4.0.conv3.weight_ch1617,2.0877084732055664
layer4.0.conv3.weight,490,layer4.0.conv3.weight_ch490,2.0864014625549316
layer3.1.conv3.weight,767,layer3.1.conv3.weight_ch767,2.085785150527954
layer4.0.conv3.weight,1713,layer4.0.conv3.weight_ch1713,2.0857038497924805
layer4.1.conv1.weight,59,layer4.1.conv1.weight_ch59,2.085507869720459
layer4.0.conv3.weight,1707,layer4.0.conv3.weight_ch1707,2.0854721069335938
layer4.0.conv3.weight,1494,layer4.0.conv3.weight_ch1494,2.0853841304779053
layer1.2.conv3.weight,97,layer1.2.conv3.weight_ch97,2.085359573364258
layer4.0.conv3.weight,1001,layer4.0.conv3.weight_ch1001,2.084738254547119
layer4.1.conv1.weight,332,layer4.1.conv1.weight_ch332,2.0845255851745605
layer2.1.conv3.weight,442,layer2.1.conv3.weight_ch442,2.0844733715057373
layer3.0.conv3.weight,678,layer3.0.conv3.weight_ch678,2.0843071937561035
layer3.0.conv2.weight,200,layer3.0.conv2.weight_ch200,2.0842525959014893
layer4.1.conv1.weight,372,layer4.1.conv1.weight_ch372,2.084160804748535
layer3.5.conv3.weight,79,layer3.5.conv3.weight_ch79,2.0836501121520996
layer3.5.conv3.weight,991,layer3.5.conv3.weight_ch991,2.0831947326660156
layer3.5.conv3.weight,409,layer3.5.conv3.weight_ch409,2.083167314529419
layer3.0.conv2.weight,101,layer3.0.conv2.weight_ch101,2.082456588745117
layer3.0.conv3.weight,127,layer3.0.conv3.weight_ch127,2.0823514461517334
layer4.0.conv3.weight,1054,layer4.0.conv3.weight_ch1054,2.0821242332458496
layer3.1.conv3.weight,574,layer3.1.conv3.weight_ch574,2.081955671310425
layer3.5.conv3.weight,137,layer3.5.conv3.weight_ch137,2.0814695358276367
layer3.4.conv3.weight,503,layer3.4.conv3.weight_ch503,2.0814602375030518
layer4.0.conv3.weight,1759,layer4.0.conv3.weight_ch1759,2.0810344219207764
layer3.1.conv3.weight,31,layer3.1.conv3.weight_ch31,2.0809738636016846
layer3.3.conv3.weight,952,layer3.3.conv3.weight_ch952,2.0797860622406006
layer4.0.conv3.weight,1875,layer4.0.conv3.weight_ch1875,2.0792036056518555
layer3.4.conv3.weight,1018,layer3.4.conv3.weight_ch1018,2.078538179397583
layer4.0.conv3.weight,849,layer4.0.conv3.weight_ch849,2.0780911445617676
layer3.4.conv3.weight,338,layer3.4.conv3.weight_ch338,2.0776257514953613
layer4.0.conv3.weight,1182,layer4.0.conv3.weight_ch1182,2.0770277976989746
layer4.0.conv3.weight,1516,layer4.0.conv3.weight_ch1516,2.0770163536071777
layer3.4.conv3.weight,975,layer3.4.conv3.weight_ch975,2.076659679412842
layer3.1.conv3.weight,122,layer3.1.conv3.weight_ch122,2.076507806777954
layer3.4.conv3.weight,139,layer3.4.conv3.weight_ch139,2.0763988494873047
layer2.0.conv1.weight,54,layer2.0.conv1.weight_ch54,2.0754692554473877
layer3.0.conv3.weight,174,layer3.0.conv3.weight_ch174,2.0752763748168945
layer3.4.conv3.weight,465,layer3.4.conv3.weight_ch465,2.0749356746673584
layer4.0.conv3.weight,1761,layer4.0.conv3.weight_ch1761,2.0741961002349854
layer3.0.conv3.weight,807,layer3.0.conv3.weight_ch807,2.0741066932678223
layer3.2.conv3.weight,49,layer3.2.conv3.weight_ch49,2.074019193649292
layer2.1.conv3.weight,497,layer2.1.conv3.weight_ch497,2.0734753608703613
layer4.0.conv3.weight,1346,layer4.0.conv3.weight_ch1346,2.072993040084839
layer4.1.conv1.weight,411,layer4.1.conv1.weight_ch411,2.0727314949035645
layer4.0.conv3.weight,755,layer4.0.conv3.weight_ch755,2.0725035667419434
layer2.1.conv3.weight,291,layer2.1.conv3.weight_ch291,2.0724430084228516
layer3.2.conv2.weight,70,layer3.2.conv2.weight_ch70,2.072263479232788
layer2.0.conv1.weight,95,layer2.0.conv1.weight_ch95,2.072115898132324
layer4.0.conv3.weight,103,layer4.0.conv3.weight_ch103,2.07200026512146
layer3.3.conv3.weight,545,layer3.3.conv3.weight_ch545,2.0719754695892334
layer3.2.conv3.weight,810,layer3.2.conv3.weight_ch810,2.071669340133667
layer4.0.conv3.weight,640,layer4.0.conv3.weight_ch640,2.0712456703186035
layer3.4.conv3.weight,430,layer3.4.conv3.weight_ch430,2.071063280105591
layer3.5.conv3.weight,790,layer3.5.conv3.weight_ch790,2.0707032680511475
layer3.0.conv3.weight,756,layer3.0.conv3.weight_ch756,2.070700168609619
layer3.1.conv3.weight,345,layer3.1.conv3.weight_ch345,2.0703306198120117
layer4.0.conv3.weight,709,layer4.0.conv3.weight_ch709,2.069162130355835
layer4.1.conv1.weight,108,layer4.1.conv1.weight_ch108,2.068411111831665
layer3.2.conv3.weight,62,layer3.2.conv3.weight_ch62,2.068371057510376
layer3.3.conv3.weight,732,layer3.3.conv3.weight_ch732,2.068223237991333
layer3.4.conv3.weight,551,layer3.4.conv3.weight_ch551,2.0679328441619873
layer3.4.conv3.weight,591,layer3.4.conv3.weight_ch591,2.067906379699707
layer4.1.conv1.weight,387,layer4.1.conv1.weight_ch387,2.0670268535614014
layer1.2.conv3.weight,63,layer1.2.conv3.weight_ch63,2.0667271614074707
layer3.0.conv2.weight,199,layer3.0.conv2.weight_ch199,2.0658793449401855
layer3.1.conv3.weight,42,layer3.1.conv3.weight_ch42,2.0658321380615234
layer3.2.conv2.weight,21,layer3.2.conv2.weight_ch21,2.06581711769104
layer3.3.conv3.weight,793,layer3.3.conv3.weight_ch793,2.0656511783599854
layer3.2.conv3.weight,319,layer3.2.conv3.weight_ch319,2.0655994415283203
layer3.0.conv3.weight,355,layer3.0.conv3.weight_ch355,2.0645322799682617
layer3.3.conv3.weight,921,layer3.3.conv3.weight_ch921,2.0644891262054443
layer3.2.conv3.weight,448,layer3.2.conv3.weight_ch448,2.0644803047180176
layer3.2.conv2.weight,198,layer3.2.conv2.weight_ch198,2.06439471244812
layer3.4.conv3.weight,584,layer3.4.conv3.weight_ch584,2.063488245010376
layer2.1.conv3.weight,190,layer2.1.conv3.weight_ch190,2.0634257793426514
layer3.0.conv3.weight,160,layer3.0.conv3.weight_ch160,2.062946081161499
layer3.4.conv3.weight,180,layer3.4.conv3.weight_ch180,2.0628247261047363
layer3.0.conv3.weight,599,layer3.0.conv3.weight_ch599,2.0622098445892334
layer3.3.conv3.weight,922,layer3.3.conv3.weight_ch922,2.0618033409118652
layer3.2.conv3.weight,673,layer3.2.conv3.weight_ch673,2.061628580093384
layer3.0.conv2.weight,138,layer3.0.conv2.weight_ch138,2.0616211891174316
layer3.2.conv2.weight,103,layer3.2.conv2.weight_ch103,2.0615956783294678
layer3.5.conv3.weight,115,layer3.5.conv3.weight_ch115,2.061408519744873
layer3.0.conv2.weight,9,layer3.0.conv2.weight_ch9,2.0609960556030273
layer3.2.conv3.weight,565,layer3.2.conv3.weight_ch565,2.0607757568359375
layer3.3.conv3.weight,735,layer3.3.conv3.weight_ch735,2.0601000785827637
layer4.0.conv3.weight,532,layer4.0.conv3.weight_ch532,2.059837579727173
layer4.0.conv3.weight,1173,layer4.0.conv3.weight_ch1173,2.0594942569732666
layer2.3.conv2.weight,68,layer2.3.conv2.weight_ch68,2.059296131134033
layer3.0.conv2.weight,7,layer3.0.conv2.weight_ch7,2.0591108798980713
layer3.5.conv3.weight,561,layer3.5.conv3.weight_ch561,2.0590741634368896
layer3.0.conv3.weight,951,layer3.0.conv3.weight_ch951,2.058943033218384
layer3.1.conv3.weight,90,layer3.1.conv3.weight_ch90,2.058748960494995
layer3.2.conv3.weight,705,layer3.2.conv3.weight_ch705,2.058553695678711
layer4.1.conv1.weight,162,layer4.1.conv1.weight_ch162,2.0583062171936035
layer4.0.conv3.weight,906,layer4.0.conv3.weight_ch906,2.0581235885620117
layer2.0.conv1.weight,116,layer2.0.conv1.weight_ch116,2.0571351051330566
layer2.0.conv2.weight,104,layer2.0.conv2.weight_ch104,2.0560617446899414
layer3.3.conv3.weight,1018,layer3.3.conv3.weight_ch1018,2.056053638458252
layer3.0.conv3.weight,167,layer3.0.conv3.weight_ch167,2.0558040142059326
layer3.0.conv3.weight,613,layer3.0.conv3.weight_ch613,2.0552685260772705
layer3.0.conv3.weight,435,layer3.0.conv3.weight_ch435,2.055170774459839
layer4.0.conv3.weight,1234,layer4.0.conv3.weight_ch1234,2.0548462867736816
layer4.0.conv3.weight,1938,layer4.0.conv3.weight_ch1938,2.054687976837158
layer4.0.conv3.weight,975,layer4.0.conv3.weight_ch975,2.054661750793457
layer3.3.conv3.weight,317,layer3.3.conv3.weight_ch317,2.0542876720428467
layer3.0.conv2.weight,66,layer3.0.conv2.weight_ch66,2.053591012954712
layer3.4.conv3.weight,565,layer3.4.conv3.weight_ch565,2.053314685821533
layer3.4.conv3.weight,238,layer3.4.conv3.weight_ch238,2.053074359893799
layer3.5.conv3.weight,269,layer3.5.conv3.weight_ch269,2.052971601486206
layer4.1.conv1.weight,505,layer4.1.conv1.weight_ch505,2.0525779724121094
layer3.2.conv3.weight,443,layer3.2.conv3.weight_ch443,2.052427291870117
layer4.0.conv3.weight,1582,layer4.0.conv3.weight_ch1582,2.052417278289795
layer3.0.conv3.weight,441,layer3.0.conv3.weight_ch441,2.0521914958953857
layer3.3.conv3.weight,871,layer3.3.conv3.weight_ch871,2.052086353302002
layer3.4.conv3.weight,28,layer3.4.conv3.weight_ch28,2.051929473876953
layer4.1.conv1.weight,1,layer4.1.conv1.weight_ch1,2.051755666732788
layer3.2.conv3.weight,467,layer3.2.conv3.weight_ch467,2.0510075092315674
layer3.4.conv3.weight,797,layer3.4.conv3.weight_ch797,2.0509486198425293
layer4.0.conv3.weight,1276,layer4.0.conv3.weight_ch1276,2.050738573074341
layer4.0.conv3.weight,1550,layer4.0.conv3.weight_ch1550,2.0507020950317383
layer3.2.conv3.weight,739,layer3.2.conv3.weight_ch739,2.050201416015625
layer3.1.conv3.weight,131,layer3.1.conv3.weight_ch131,2.0501937866210938
layer4.1.conv1.weight,161,layer4.1.conv1.weight_ch161,2.050086736679077
layer3.1.conv3.weight,54,layer3.1.conv3.weight_ch54,2.049889087677002
layer3.3.conv3.weight,88,layer3.3.conv3.weight_ch88,2.0497689247131348
layer3.0.conv3.weight,749,layer3.0.conv3.weight_ch749,2.0486185550689697
layer2.0.conv2.weight,119,layer2.0.conv2.weight_ch119,2.048614740371704
layer3.0.conv3.weight,919,layer3.0.conv3.weight_ch919,2.04834246635437
layer4.0.conv3.weight,650,layer4.0.conv3.weight_ch650,2.0481910705566406
layer3.0.conv3.weight,902,layer3.0.conv3.weight_ch902,2.047607898712158
layer4.0.conv3.weight,1002,layer4.0.conv3.weight_ch1002,2.0474541187286377
layer4.0.conv3.weight,2047,layer4.0.conv3.weight_ch2047,2.047255277633667
layer4.0.conv3.weight,1870,layer4.0.conv3.weight_ch1870,2.047116756439209
layer3.3.conv3.weight,717,layer3.3.conv3.weight_ch717,2.046734571456909
layer4.1.conv1.weight,336,layer4.1.conv1.weight_ch336,2.0464699268341064
layer3.2.conv2.weight,233,layer3.2.conv2.weight_ch233,2.045598268508911
layer4.0.conv3.weight,386,layer4.0.conv3.weight_ch386,2.04374361038208
layer3.2.conv3.weight,974,layer3.2.conv3.weight_ch974,2.043398380279541
layer4.0.conv3.weight,1577,layer4.0.conv3.weight_ch1577,2.043180227279663
layer3.2.conv3.weight,104,layer3.2.conv3.weight_ch104,2.0430421829223633
layer3.4.conv3.weight,417,layer3.4.conv3.weight_ch417,2.0425615310668945
layer4.0.conv3.weight,1392,layer4.0.conv3.weight_ch1392,2.0417497158050537
layer3.0.conv3.weight,486,layer3.0.conv3.weight_ch486,2.041670083999634
layer3.1.conv3.weight,510,layer3.1.conv3.weight_ch510,2.0415866374969482
layer3.1.conv3.weight,24,layer3.1.conv3.weight_ch24,2.041560173034668
layer4.1.conv1.weight,85,layer4.1.conv1.weight_ch85,2.0415401458740234
layer3.2.conv2.weight,179,layer3.2.conv2.weight_ch179,2.040133476257324
layer4.1.conv1.weight,88,layer4.1.conv1.weight_ch88,2.0397818088531494
layer3.1.conv3.weight,878,layer3.1.conv3.weight_ch878,2.0391972064971924
layer3.4.conv3.weight,301,layer3.4.conv3.weight_ch301,2.039005994796753
layer4.0.conv3.weight,483,layer4.0.conv3.weight_ch483,2.0388267040252686
layer3.2.conv3.weight,959,layer3.2.conv3.weight_ch959,2.0388236045837402
layer3.4.conv3.weight,592,layer3.4.conv3.weight_ch592,2.038814067840576
layer4.1.conv1.weight,10,layer4.1.conv1.weight_ch10,2.038811206817627
layer3.4.conv3.weight,94,layer3.4.conv3.weight_ch94,2.0387065410614014
layer3.5.conv3.weight,710,layer3.5.conv3.weight_ch710,2.0380563735961914
layer3.2.conv3.weight,659,layer3.2.conv3.weight_ch659,2.038010597229004
layer3.5.conv3.weight,816,layer3.5.conv3.weight_ch816,2.0377275943756104
layer4.0.conv3.weight,699,layer4.0.conv3.weight_ch699,2.037707567214966
layer3.0.conv2.weight,124,layer3.0.conv2.weight_ch124,2.037679433822632
layer4.1.conv1.weight,55,layer4.1.conv1.weight_ch55,2.0364744663238525
layer3.2.conv2.weight,76,layer3.2.conv2.weight_ch76,2.036013126373291
layer3.4.conv3.weight,282,layer3.4.conv3.weight_ch282,2.035508871078491
layer4.0.conv3.weight,1340,layer4.0.conv3.weight_ch1340,2.035369634628296
layer3.2.conv3.weight,845,layer3.2.conv3.weight_ch845,2.0350987911224365
layer4.0.conv3.weight,753,layer4.0.conv3.weight_ch753,2.033670425415039
layer3.4.conv3.weight,385,layer3.4.conv3.weight_ch385,2.033200263977051
layer3.2.conv3.weight,136,layer3.2.conv3.weight_ch136,2.0331339836120605
layer4.0.conv3.weight,1081,layer4.0.conv3.weight_ch1081,2.0328588485717773
layer3.4.conv3.weight,921,layer3.4.conv3.weight_ch921,2.0326290130615234
layer3.4.conv3.weight,1010,layer3.4.conv3.weight_ch1010,2.0324671268463135
layer3.0.conv2.weight,143,layer3.0.conv2.weight_ch143,2.0321686267852783
layer4.0.conv3.weight,940,layer4.0.conv3.weight_ch940,2.031935453414917
layer3.1.conv3.weight,397,layer3.1.conv3.weight_ch397,2.0319275856018066
layer4.0.conv3.weight,300,layer4.0.conv3.weight_ch300,2.031475782394409
layer3.2.conv3.weight,773,layer3.2.conv3.weight_ch773,2.0309391021728516
layer3.4.conv3.weight,72,layer3.4.conv3.weight_ch72,2.0307905673980713
layer4.0.conv3.weight,1852,layer4.0.conv3.weight_ch1852,2.030667543411255
layer3.5.conv3.weight,290,layer3.5.conv3.weight_ch290,2.0297837257385254
layer4.0.conv3.weight,827,layer4.0.conv3.weight_ch827,2.029677152633667
layer3.3.conv3.weight,851,layer3.3.conv3.weight_ch851,2.029284954071045
layer3.5.conv3.weight,1017,layer3.5.conv3.weight_ch1017,2.0286612510681152
layer4.1.conv1.weight,195,layer4.1.conv1.weight_ch195,2.027984857559204
layer3.4.conv3.weight,897,layer3.4.conv3.weight_ch897,2.027570962905884
layer3.0.conv3.weight,35,layer3.0.conv3.weight_ch35,2.0272319316864014
layer2.1.conv3.weight,192,layer2.1.conv3.weight_ch192,2.0272135734558105
layer4.0.conv3.weight,120,layer4.0.conv3.weight_ch120,2.0266659259796143
layer3.0.conv3.weight,410,layer3.0.conv3.weight_ch410,2.026413679122925
layer2.1.conv3.weight,345,layer2.1.conv3.weight_ch345,2.0261881351470947
layer4.1.conv1.weight,268,layer4.1.conv1.weight_ch268,2.0261762142181396
layer4.0.conv3.weight,1691,layer4.0.conv3.weight_ch1691,2.0260403156280518
layer3.0.conv3.weight,870,layer3.0.conv3.weight_ch870,2.025509834289551
layer2.0.conv2.weight,81,layer2.0.conv2.weight_ch81,2.024989128112793
layer4.0.conv3.weight,1897,layer4.0.conv3.weight_ch1897,2.0247364044189453
layer3.1.conv3.weight,284,layer3.1.conv3.weight_ch284,2.0246686935424805
layer3.0.conv3.weight,238,layer3.0.conv3.weight_ch238,2.024536371231079
layer3.4.conv3.weight,876,layer3.4.conv3.weight_ch876,2.0242695808410645
layer4.0.conv3.weight,1594,layer4.0.conv3.weight_ch1594,2.024121046066284
layer3.0.conv3.weight,183,layer3.0.conv3.weight_ch183,2.0239038467407227
layer4.0.conv3.weight,1854,layer4.0.conv3.weight_ch1854,2.0236270427703857
layer3.3.conv3.weight,1012,layer3.3.conv3.weight_ch1012,2.0235159397125244
layer3.1.conv3.weight,669,layer3.1.conv3.weight_ch669,2.0230002403259277
layer3.0.conv3.weight,1007,layer3.0.conv3.weight_ch1007,2.02207612991333
layer3.2.conv3.weight,886,layer3.2.conv3.weight_ch886,2.021719217300415
layer3.4.conv3.weight,627,layer3.4.conv3.weight_ch627,2.0215024948120117
layer4.1.conv1.weight,492,layer4.1.conv1.weight_ch492,2.020637273788452
layer3.1.conv3.weight,572,layer3.1.conv3.weight_ch572,2.020479917526245
layer3.0.conv3.weight,373,layer3.0.conv3.weight_ch373,2.0201900005340576
layer4.0.conv3.weight,1591,layer4.0.conv3.weight_ch1591,2.019904136657715
layer4.0.conv3.weight,236,layer4.0.conv3.weight_ch236,2.019850969314575
layer3.5.conv3.weight,841,layer3.5.conv3.weight_ch841,2.019639730453491
layer3.0.conv2.weight,163,layer3.0.conv2.weight_ch163,2.019613265991211
layer4.1.conv1.weight,126,layer4.1.conv1.weight_ch126,2.019411325454712
layer3.4.conv3.weight,710,layer3.4.conv3.weight_ch710,2.019289970397949
layer3.2.conv3.weight,271,layer3.2.conv3.weight_ch271,2.0192737579345703
layer4.0.conv3.weight,1889,layer4.0.conv3.weight_ch1889,2.0185585021972656
layer4.0.conv3.weight,1726,layer4.0.conv3.weight_ch1726,2.018448829650879
layer3.2.conv3.weight,685,layer3.2.conv3.weight_ch685,2.018397808074951
layer4.0.conv3.weight,230,layer4.0.conv3.weight_ch230,2.0180110931396484
layer3.3.conv3.weight,241,layer3.3.conv3.weight_ch241,2.0179738998413086
layer3.4.conv3.weight,682,layer3.4.conv3.weight_ch682,2.017923593521118
layer4.0.conv3.weight,949,layer4.0.conv3.weight_ch949,2.0177626609802246
layer4.0.conv3.weight,1769,layer4.0.conv3.weight_ch1769,2.0176990032196045
layer3.4.conv3.weight,267,layer3.4.conv3.weight_ch267,2.017366647720337
layer4.1.conv1.weight,189,layer4.1.conv1.weight_ch189,2.0173232555389404
layer3.3.conv3.weight,385,layer3.3.conv3.weight_ch385,2.0162389278411865
layer4.0.conv3.weight,1478,layer4.0.conv3.weight_ch1478,2.0155155658721924
layer3.3.conv3.weight,194,layer3.3.conv3.weight_ch194,2.0153229236602783
layer3.3.conv3.weight,7,layer3.3.conv3.weight_ch7,2.015225410461426
layer3.3.conv3.weight,647,layer3.3.conv3.weight_ch647,2.0151405334472656
layer2.1.conv3.weight,411,layer2.1.conv3.weight_ch411,2.015028476715088
layer4.0.conv3.weight,182,layer4.0.conv3.weight_ch182,2.015012264251709
layer4.0.conv3.weight,214,layer4.0.conv3.weight_ch214,2.0149667263031006
layer3.1.conv3.weight,757,layer3.1.conv3.weight_ch757,2.0148308277130127
layer3.0.conv2.weight,151,layer3.0.conv2.weight_ch151,2.0147738456726074
layer3.1.conv3.weight,563,layer3.1.conv3.weight_ch563,2.014752149581909
layer3.2.conv3.weight,368,layer3.2.conv3.weight_ch368,2.0143463611602783
layer3.1.conv3.weight,344,layer3.1.conv3.weight_ch344,2.014235496520996
layer4.0.conv3.weight,1562,layer4.0.conv3.weight_ch1562,2.0139999389648438
layer3.1.conv3.weight,60,layer3.1.conv3.weight_ch60,2.0137131214141846
layer2.0.conv1.weight,82,layer2.0.conv1.weight_ch82,2.013575553894043
layer3.0.conv3.weight,742,layer3.0.conv3.weight_ch742,2.013366937637329
layer3.2.conv3.weight,625,layer3.2.conv3.weight_ch625,2.0128893852233887
layer3.0.conv2.weight,69,layer3.0.conv2.weight_ch69,2.012864112854004
layer3.1.conv3.weight,730,layer3.1.conv3.weight_ch730,2.012468099594116
layer4.0.conv3.weight,1883,layer4.0.conv3.weight_ch1883,2.0124292373657227
layer3.4.conv3.weight,368,layer3.4.conv3.weight_ch368,2.012256622314453
layer3.5.conv3.weight,632,layer3.5.conv3.weight_ch632,2.011516809463501
layer4.0.conv3.weight,675,layer4.0.conv3.weight_ch675,2.0114948749542236
layer3.0.conv3.weight,802,layer3.0.conv3.weight_ch802,2.011265993118286
layer3.5.conv3.weight,392,layer3.5.conv3.weight_ch392,2.0112593173980713
layer3.1.conv3.weight,446,layer3.1.conv3.weight_ch446,2.010955810546875
layer4.0.conv3.weight,1224,layer4.0.conv3.weight_ch1224,2.010897159576416
layer4.0.conv3.weight,920,layer4.0.conv3.weight_ch920,2.0108399391174316
layer2.0.conv2.weight,62,layer2.0.conv2.weight_ch62,2.010331392288208
layer3.0.conv3.weight,531,layer3.0.conv3.weight_ch531,2.010263681411743
layer3.2.conv3.weight,869,layer3.2.conv3.weight_ch869,2.0102312564849854
layer3.3.conv3.weight,466,layer3.3.conv3.weight_ch466,2.0102081298828125
layer3.3.conv3.weight,738,layer3.3.conv3.weight_ch738,2.0091984272003174
layer3.5.conv3.weight,911,layer3.5.conv3.weight_ch911,2.0090129375457764
layer3.4.conv3.weight,866,layer3.4.conv3.weight_ch866,2.0084242820739746
layer3.3.conv3.weight,650,layer3.3.conv3.weight_ch650,2.0079166889190674
layer3.3.conv3.weight,783,layer3.3.conv3.weight_ch783,2.0073039531707764
layer2.0.conv2.weight,106,layer2.0.conv2.weight_ch106,2.007274627685547
layer4.0.conv3.weight,276,layer4.0.conv3.weight_ch276,2.0072033405303955
layer4.0.conv3.weight,1219,layer4.0.conv3.weight_ch1219,2.0069048404693604
layer3.1.conv3.weight,511,layer3.1.conv3.weight_ch511,2.0068600177764893
layer3.2.conv3.weight,752,layer3.2.conv3.weight_ch752,2.006608486175537
layer3.0.conv3.weight,122,layer3.0.conv3.weight_ch122,2.006336212158203
layer3.3.conv3.weight,180,layer3.3.conv3.weight_ch180,2.005585193634033
layer3.5.conv3.weight,97,layer3.5.conv3.weight_ch97,2.005498170852661
layer4.0.conv3.weight,1684,layer4.0.conv3.weight_ch1684,2.0054802894592285
layer3.0.conv3.weight,861,layer3.0.conv3.weight_ch861,2.0054149627685547
layer3.3.conv3.weight,329,layer3.3.conv3.weight_ch329,2.0053117275238037
layer3.2.conv3.weight,346,layer3.2.conv3.weight_ch346,2.0050933361053467
layer3.4.conv3.weight,995,layer3.4.conv3.weight_ch995,2.004755735397339
layer4.1.conv1.weight,111,layer4.1.conv1.weight_ch111,2.0047199726104736
layer1.2.conv3.weight,100,layer1.2.conv3.weight_ch100,2.0047178268432617
layer3.3.conv3.weight,356,layer3.3.conv3.weight_ch356,2.004714250564575
layer4.0.conv3.weight,1179,layer4.0.conv3.weight_ch1179,2.0045015811920166
layer4.0.conv3.weight,591,layer4.0.conv3.weight_ch591,2.0044476985931396
layer3.0.conv3.weight,657,layer3.0.conv3.weight_ch657,2.004431962966919
layer3.1.conv3.weight,954,layer3.1.conv3.weight_ch954,2.0043768882751465
layer3.3.conv3.weight,350,layer3.3.conv3.weight_ch350,2.0043184757232666
layer2.1.conv3.weight,448,layer2.1.conv3.weight_ch448,2.0042996406555176
layer3.1.conv3.weight,984,layer3.1.conv3.weight_ch984,2.0042176246643066
layer4.0.conv3.weight,1873,layer4.0.conv3.weight_ch1873,2.004155158996582
layer4.0.conv3.weight,1846,layer4.0.conv3.weight_ch1846,2.004122257232666
layer4.0.conv3.weight,1268,layer4.0.conv3.weight_ch1268,2.00382399559021
layer2.0.conv2.weight,76,layer2.0.conv2.weight_ch76,2.0027894973754883
layer3.0.conv3.weight,869,layer3.0.conv3.weight_ch869,2.002448558807373
layer4.1.conv1.weight,130,layer4.1.conv1.weight_ch130,2.002176284790039
layer3.1.conv3.weight,150,layer3.1.conv3.weight_ch150,2.002103805541992
layer4.1.conv1.weight,90,layer4.1.conv1.weight_ch90,2.001962184906006
layer4.0.conv3.weight,782,layer4.0.conv3.weight_ch782,2.0014774799346924
layer3.0.conv3.weight,105,layer3.0.conv3.weight_ch105,2.001358985900879
layer3.0.conv2.weight,24,layer3.0.conv2.weight_ch24,2.001103162765503
layer3.5.conv3.weight,507,layer3.5.conv3.weight_ch507,2.000009775161743
layer3.1.conv3.weight,107,layer3.1.conv3.weight_ch107,1.999987006187439
layer3.1.conv3.weight,190,layer3.1.conv3.weight_ch190,1.9995476007461548
layer4.0.conv3.weight,847,layer4.0.conv3.weight_ch847,1.9992215633392334
layer3.5.conv3.weight,734,layer3.5.conv3.weight_ch734,1.999009370803833
layer3.1.conv3.weight,507,layer3.1.conv3.weight_ch507,1.9987341165542603
layer3.5.conv3.weight,557,layer3.5.conv3.weight_ch557,1.9984291791915894
layer3.4.conv3.weight,61,layer3.4.conv3.weight_ch61,1.9976317882537842
layer3.2.conv3.weight,954,layer3.2.conv3.weight_ch954,1.9973969459533691
layer2.1.conv3.weight,298,layer2.1.conv3.weight_ch298,1.9968254566192627
layer4.0.conv3.weight,840,layer4.0.conv3.weight_ch840,1.996794581413269
layer3.0.conv2.weight,72,layer3.0.conv2.weight_ch72,1.9964452981948853
layer2.0.conv2.weight,123,layer2.0.conv2.weight_ch123,1.9964364767074585
layer2.1.conv3.weight,201,layer2.1.conv3.weight_ch201,1.9963253736495972
layer4.0.conv3.weight,1920,layer4.0.conv3.weight_ch1920,1.9961482286453247
layer3.0.conv3.weight,889,layer3.0.conv3.weight_ch889,1.995964765548706
layer4.0.conv3.weight,1830,layer4.0.conv3.weight_ch1830,1.9949986934661865
layer3.0.conv3.weight,73,layer3.0.conv3.weight_ch73,1.994962453842163
layer3.0.conv3.weight,779,layer3.0.conv3.weight_ch779,1.9948055744171143
layer2.1.conv3.weight,191,layer2.1.conv3.weight_ch191,1.9947254657745361
layer2.1.conv3.weight,171,layer2.1.conv3.weight_ch171,1.994642734527588
layer4.0.conv3.weight,1304,layer4.0.conv3.weight_ch1304,1.9936485290527344
layer2.3.conv2.weight,65,layer2.3.conv2.weight_ch65,1.9933738708496094
layer4.0.conv3.weight,2031,layer4.0.conv3.weight_ch2031,1.9933699369430542
layer3.4.conv3.weight,49,layer3.4.conv3.weight_ch49,1.993363380432129
layer3.2.conv3.weight,446,layer3.2.conv3.weight_ch446,1.992881417274475
layer3.2.conv2.weight,142,layer3.2.conv2.weight_ch142,1.9926166534423828
layer3.0.conv3.weight,538,layer3.0.conv3.weight_ch538,1.9918545484542847
layer3.1.conv3.weight,189,layer3.1.conv3.weight_ch189,1.991594672203064
layer3.2.conv3.weight,759,layer3.2.conv3.weight_ch759,1.9914710521697998
layer4.1.conv1.weight,216,layer4.1.conv1.weight_ch216,1.991464614868164
layer3.0.conv3.weight,218,layer3.0.conv3.weight_ch218,1.9906455278396606
layer4.1.conv1.weight,52,layer4.1.conv1.weight_ch52,1.9905877113342285
layer3.1.conv3.weight,557,layer3.1.conv3.weight_ch557,1.9902541637420654
layer4.0.conv3.weight,1775,layer4.0.conv3.weight_ch1775,1.989431619644165
layer3.0.conv3.weight,925,layer3.0.conv3.weight_ch925,1.9892711639404297
layer3.3.conv3.weight,401,layer3.3.conv3.weight_ch401,1.9884898662567139
layer2.0.conv1.weight,110,layer2.0.conv1.weight_ch110,1.9878215789794922
layer4.1.conv1.weight,275,layer4.1.conv1.weight_ch275,1.9877080917358398
layer4.0.conv3.weight,1517,layer4.0.conv3.weight_ch1517,1.9870139360427856
layer3.2.conv3.weight,933,layer3.2.conv3.weight_ch933,1.9868816137313843
layer3.5.conv3.weight,844,layer3.5.conv3.weight_ch844,1.986146092414856
layer4.0.conv3.weight,1917,layer4.0.conv3.weight_ch1917,1.9857949018478394
layer4.0.conv3.weight,835,layer4.0.conv3.weight_ch835,1.9855973720550537
layer2.3.conv2.weight,11,layer2.3.conv2.weight_ch11,1.9854011535644531
layer3.1.conv3.weight,864,layer3.1.conv3.weight_ch864,1.9851891994476318
layer4.0.conv3.weight,1571,layer4.0.conv3.weight_ch1571,1.9851869344711304
layer4.1.conv1.weight,203,layer4.1.conv1.weight_ch203,1.9850854873657227
layer3.2.conv3.weight,40,layer3.2.conv3.weight_ch40,1.9850473403930664
layer3.4.conv3.weight,902,layer3.4.conv3.weight_ch902,1.9849247932434082
layer4.1.conv1.weight,12,layer4.1.conv1.weight_ch12,1.9846221208572388
layer4.0.conv3.weight,1706,layer4.0.conv3.weight_ch1706,1.9845876693725586
layer3.4.conv3.weight,219,layer3.4.conv3.weight_ch219,1.9845138788223267
layer4.0.conv3.weight,254,layer4.0.conv3.weight_ch254,1.9840755462646484
layer3.5.conv3.weight,208,layer3.5.conv3.weight_ch208,1.983997106552124
layer2.1.conv3.weight,422,layer2.1.conv3.weight_ch422,1.9838265180587769
layer3.0.conv3.weight,757,layer3.0.conv3.weight_ch757,1.9835922718048096
layer2.3.conv2.weight,0,layer2.3.conv2.weight_ch0,1.9831624031066895
layer4.1.conv1.weight,406,layer4.1.conv1.weight_ch406,1.982994794845581
layer3.4.conv3.weight,248,layer3.4.conv3.weight_ch248,1.98215651512146
layer3.5.conv3.weight,1016,layer3.5.conv3.weight_ch1016,1.9815528392791748
layer3.1.conv3.weight,363,layer3.1.conv3.weight_ch363,1.9814345836639404
layer3.1.conv3.weight,826,layer3.1.conv3.weight_ch826,1.9813382625579834
layer2.1.conv3.weight,229,layer2.1.conv3.weight_ch229,1.9807660579681396
layer3.0.conv3.weight,705,layer3.0.conv3.weight_ch705,1.980525016784668
layer3.1.conv3.weight,153,layer3.1.conv3.weight_ch153,1.9804681539535522
layer1.2.conv3.weight,25,layer1.2.conv3.weight_ch25,1.9801431894302368
layer3.0.conv2.weight,89,layer3.0.conv2.weight_ch89,1.9800289869308472
layer4.0.conv3.weight,1538,layer4.0.conv3.weight_ch1538,1.9798874855041504
layer3.2.conv2.weight,52,layer3.2.conv2.weight_ch52,1.9798287153244019
layer3.0.conv3.weight,865,layer3.0.conv3.weight_ch865,1.9791052341461182
layer4.0.conv3.weight,592,layer4.0.conv3.weight_ch592,1.9787830114364624
layer4.0.conv3.weight,1996,layer4.0.conv3.weight_ch1996,1.9784594774246216
layer4.0.conv3.weight,1159,layer4.0.conv3.weight_ch1159,1.978190541267395
layer4.0.conv3.weight,537,layer4.0.conv3.weight_ch537,1.9770708084106445
layer3.5.conv3.weight,695,layer3.5.conv3.weight_ch695,1.9770594835281372
layer3.1.conv3.weight,726,layer3.1.conv3.weight_ch726,1.9770184755325317
layer4.0.conv3.weight,652,layer4.0.conv3.weight_ch652,1.9766498804092407
layer3.0.conv3.weight,606,layer3.0.conv3.weight_ch606,1.9765321016311646
layer3.2.conv2.weight,174,layer3.2.conv2.weight_ch174,1.9760856628417969
layer4.0.conv3.weight,853,layer4.0.conv3.weight_ch853,1.975956916809082
layer3.4.conv3.weight,455,layer3.4.conv3.weight_ch455,1.975684404373169
layer3.4.conv3.weight,618,layer3.4.conv3.weight_ch618,1.9756367206573486
layer3.1.conv3.weight,625,layer3.1.conv3.weight_ch625,1.9755229949951172
layer4.0.conv3.weight,451,layer4.0.conv3.weight_ch451,1.9754798412322998
layer4.0.conv3.weight,649,layer4.0.conv3.weight_ch649,1.975403070449829
layer3.2.conv2.weight,31,layer3.2.conv2.weight_ch31,1.9748971462249756
layer3.5.conv3.weight,764,layer3.5.conv3.weight_ch764,1.974780559539795
layer1.2.conv3.weight,194,layer1.2.conv3.weight_ch194,1.974623441696167
layer3.0.conv3.weight,581,layer3.0.conv3.weight_ch581,1.9745789766311646
layer2.3.conv2.weight,82,layer2.3.conv2.weight_ch82,1.9745750427246094
layer3.3.conv3.weight,280,layer3.3.conv3.weight_ch280,1.9740409851074219
layer3.2.conv3.weight,528,layer3.2.conv3.weight_ch528,1.9738556146621704
layer3.2.conv3.weight,935,layer3.2.conv3.weight_ch935,1.9737637042999268
layer3.3.conv3.weight,300,layer3.3.conv3.weight_ch300,1.9733269214630127
layer3.1.conv3.weight,35,layer3.1.conv3.weight_ch35,1.972703456878662
layer3.2.conv3.weight,620,layer3.2.conv3.weight_ch620,1.9725470542907715
layer3.4.conv3.weight,145,layer3.4.conv3.weight_ch145,1.9725285768508911
layer4.0.conv3.weight,1294,layer4.0.conv3.weight_ch1294,1.971670389175415
layer3.0.conv3.weight,998,layer3.0.conv3.weight_ch998,1.9711899757385254
layer3.4.conv3.weight,585,layer3.4.conv3.weight_ch585,1.97059166431427
layer3.1.conv3.weight,185,layer3.1.conv3.weight_ch185,1.970250129699707
layer4.0.conv3.weight,215,layer4.0.conv3.weight_ch215,1.9699398279190063
layer3.4.conv3.weight,454,layer3.4.conv3.weight_ch454,1.969303846359253
layer3.0.conv3.weight,569,layer3.0.conv3.weight_ch569,1.9690860509872437
layer4.0.conv3.weight,974,layer4.0.conv3.weight_ch974,1.9690065383911133
layer2.0.conv2.weight,42,layer2.0.conv2.weight_ch42,1.9680334329605103
layer3.0.conv3.weight,656,layer3.0.conv3.weight_ch656,1.9679698944091797
layer3.2.conv3.weight,1013,layer3.2.conv3.weight_ch1013,1.9679142236709595
layer4.0.conv3.weight,391,layer4.0.conv3.weight_ch391,1.9676127433776855
layer3.4.conv3.weight,498,layer3.4.conv3.weight_ch498,1.9669620990753174
layer3.5.conv3.weight,535,layer3.5.conv3.weight_ch535,1.966776728630066
layer4.0.conv3.weight,1310,layer4.0.conv3.weight_ch1310,1.9667292833328247
layer3.0.conv2.weight,25,layer3.0.conv2.weight_ch25,1.9665911197662354
layer3.2.conv3.weight,722,layer3.2.conv3.weight_ch722,1.9665478467941284
layer3.2.conv2.weight,45,layer3.2.conv2.weight_ch45,1.9664663076400757
layer3.1.conv3.weight,943,layer3.1.conv3.weight_ch943,1.9657038450241089
layer4.0.conv3.weight,1821,layer4.0.conv3.weight_ch1821,1.9655694961547852
layer3.4.conv3.weight,982,layer3.4.conv3.weight_ch982,1.965521216392517
layer2.1.conv3.weight,76,layer2.1.conv3.weight_ch76,1.9652258157730103
layer1.2.conv3.weight,59,layer1.2.conv3.weight_ch59,1.9651623964309692
layer3.1.conv3.weight,704,layer3.1.conv3.weight_ch704,1.9650540351867676
layer3.2.conv3.weight,593,layer3.2.conv3.weight_ch593,1.9648303985595703
layer3.2.conv3.weight,379,layer3.2.conv3.weight_ch379,1.9648005962371826
layer4.0.conv3.weight,667,layer4.0.conv3.weight_ch667,1.9646018743515015
layer2.3.conv2.weight,36,layer2.3.conv2.weight_ch36,1.9645696878433228
layer4.0.conv3.weight,1098,layer4.0.conv3.weight_ch1098,1.9645134210586548
layer1.2.conv3.weight,81,layer1.2.conv3.weight_ch81,1.9640820026397705
layer3.5.conv3.weight,827,layer3.5.conv3.weight_ch827,1.9626494646072388
layer4.0.conv3.weight,288,layer4.0.conv3.weight_ch288,1.9623949527740479
layer3.0.conv3.weight,550,layer3.0.conv3.weight_ch550,1.9617501497268677
layer4.0.conv3.weight,1431,layer4.0.conv3.weight_ch1431,1.9614973068237305
layer3.3.conv3.weight,30,layer3.3.conv3.weight_ch30,1.9614760875701904
layer3.3.conv3.weight,701,layer3.3.conv3.weight_ch701,1.9600580930709839
layer3.1.conv3.weight,937,layer3.1.conv3.weight_ch937,1.9596527814865112
layer2.1.conv3.weight,241,layer2.1.conv3.weight_ch241,1.959376335144043
layer3.5.conv3.weight,995,layer3.5.conv3.weight_ch995,1.9592353105545044
layer2.1.conv3.weight,46,layer2.1.conv3.weight_ch46,1.9590628147125244
layer4.0.conv3.weight,679,layer4.0.conv3.weight_ch679,1.9589468240737915
layer4.0.conv3.weight,262,layer4.0.conv3.weight_ch262,1.9585587978363037
layer4.0.conv3.weight,1557,layer4.0.conv3.weight_ch1557,1.958240270614624
layer3.4.conv3.weight,865,layer3.4.conv3.weight_ch865,1.9580928087234497
layer3.1.conv3.weight,742,layer3.1.conv3.weight_ch742,1.9572776556015015
layer3.1.conv3.weight,594,layer3.1.conv3.weight_ch594,1.9572597742080688
layer4.0.conv3.weight,763,layer4.0.conv3.weight_ch763,1.9569933414459229
layer4.1.conv1.weight,487,layer4.1.conv1.weight_ch487,1.9566583633422852
layer4.0.conv3.weight,1710,layer4.0.conv3.weight_ch1710,1.9566184282302856
layer3.1.conv3.weight,985,layer3.1.conv3.weight_ch985,1.9564871788024902
layer3.3.conv3.weight,484,layer3.3.conv3.weight_ch484,1.956472396850586
layer3.2.conv2.weight,236,layer3.2.conv2.weight_ch236,1.9562658071517944
layer3.2.conv3.weight,349,layer3.2.conv3.weight_ch349,1.9551351070404053
layer3.3.conv3.weight,941,layer3.3.conv3.weight_ch941,1.9551280736923218
layer4.0.conv3.weight,704,layer4.0.conv3.weight_ch704,1.954477071762085
layer4.0.conv3.weight,476,layer4.0.conv3.weight_ch476,1.954337477684021
layer4.0.conv3.weight,910,layer4.0.conv3.weight_ch910,1.9535837173461914
layer4.0.conv3.weight,225,layer4.0.conv3.weight_ch225,1.9529755115509033
layer3.5.conv3.weight,86,layer3.5.conv3.weight_ch86,1.9529629945755005
layer3.3.conv3.weight,584,layer3.3.conv3.weight_ch584,1.9529157876968384
layer3.0.conv2.weight,178,layer3.0.conv2.weight_ch178,1.9523934125900269
layer4.0.conv3.weight,277,layer4.0.conv3.weight_ch277,1.9520156383514404
layer4.0.conv3.weight,1907,layer4.0.conv3.weight_ch1907,1.9518934488296509
layer4.0.conv3.weight,1456,layer4.0.conv3.weight_ch1456,1.95183265209198
layer4.1.conv1.weight,335,layer4.1.conv1.weight_ch335,1.951828956604004
layer3.5.conv3.weight,928,layer3.5.conv3.weight_ch928,1.9515186548233032
layer4.1.conv1.weight,178,layer4.1.conv1.weight_ch178,1.951493263244629
layer4.0.conv3.weight,1600,layer4.0.conv3.weight_ch1600,1.9511609077453613
layer4.1.conv1.weight,214,layer4.1.conv1.weight_ch214,1.9510388374328613
layer3.5.conv3.weight,997,layer3.5.conv3.weight_ch997,1.950240969657898
layer4.0.conv3.weight,1774,layer4.0.conv3.weight_ch1774,1.9499702453613281
layer4.0.conv3.weight,1758,layer4.0.conv3.weight_ch1758,1.9492502212524414
layer4.1.conv1.weight,293,layer4.1.conv1.weight_ch293,1.949209451675415
layer3.2.conv2.weight,200,layer3.2.conv2.weight_ch200,1.9491896629333496
layer3.0.conv3.weight,943,layer3.0.conv3.weight_ch943,1.949041485786438
layer4.0.conv3.weight,894,layer4.0.conv3.weight_ch894,1.9489178657531738
layer3.1.conv3.weight,843,layer3.1.conv3.weight_ch843,1.9488890171051025
layer3.0.conv2.weight,237,layer3.0.conv2.weight_ch237,1.9488770961761475
layer4.1.conv1.weight,455,layer4.1.conv1.weight_ch455,1.9486989974975586
layer3.1.conv3.weight,715,layer3.1.conv3.weight_ch715,1.9486140012741089
layer3.5.conv3.weight,414,layer3.5.conv3.weight_ch414,1.94830322265625
layer4.1.conv1.weight,465,layer4.1.conv1.weight_ch465,1.9482651948928833
layer4.0.conv3.weight,1361,layer4.0.conv3.weight_ch1361,1.9481021165847778
layer4.0.conv3.weight,1094,layer4.0.conv3.weight_ch1094,1.9473360776901245
layer3.5.conv3.weight,178,layer3.5.conv3.weight_ch178,1.9472713470458984
layer3.2.conv3.weight,723,layer3.2.conv3.weight_ch723,1.9470216035842896
layer4.1.conv1.weight,257,layer4.1.conv1.weight_ch257,1.9467782974243164
layer3.5.conv3.weight,691,layer3.5.conv3.weight_ch691,1.9461991786956787
layer2.1.conv3.weight,71,layer2.1.conv3.weight_ch71,1.9461512565612793
layer3.2.conv3.weight,506,layer3.2.conv3.weight_ch506,1.9458842277526855
layer4.1.conv1.weight,319,layer4.1.conv1.weight_ch319,1.9453108310699463
layer3.0.conv3.weight,905,layer3.0.conv3.weight_ch905,1.9452776908874512
layer3.5.conv3.weight,684,layer3.5.conv3.weight_ch684,1.945251703262329
layer3.0.conv2.weight,77,layer3.0.conv2.weight_ch77,1.9450637102127075
layer4.0.conv3.weight,249,layer4.0.conv3.weight_ch249,1.9446542263031006
layer3.0.conv3.weight,337,layer3.0.conv3.weight_ch337,1.9442877769470215
layer3.1.conv3.weight,776,layer3.1.conv3.weight_ch776,1.9438961744308472
layer3.2.conv2.weight,245,layer3.2.conv2.weight_ch245,1.9434866905212402
layer4.1.conv1.weight,82,layer4.1.conv1.weight_ch82,1.943213939666748
layer2.1.conv3.weight,387,layer2.1.conv3.weight_ch387,1.942649006843567
layer3.1.conv3.weight,435,layer3.1.conv3.weight_ch435,1.9426422119140625
layer4.0.conv3.weight,1091,layer4.0.conv3.weight_ch1091,1.9424493312835693
layer3.2.conv3.weight,777,layer3.2.conv3.weight_ch777,1.942434310913086
layer4.1.conv1.weight,364,layer4.1.conv1.weight_ch364,1.9423809051513672
layer3.4.conv3.weight,696,layer3.4.conv3.weight_ch696,1.9423260688781738
layer4.0.conv3.weight,1426,layer4.0.conv3.weight_ch1426,1.9421582221984863
layer3.2.conv2.weight,185,layer3.2.conv2.weight_ch185,1.941361904144287
layer1.2.conv3.weight,231,layer1.2.conv3.weight_ch231,1.9411039352416992
layer4.0.conv3.weight,1261,layer4.0.conv3.weight_ch1261,1.9410357475280762
layer3.1.conv3.weight,1022,layer3.1.conv3.weight_ch1022,1.9409356117248535
layer3.0.conv3.weight,557,layer3.0.conv3.weight_ch557,1.9401706457138062
layer4.1.conv1.weight,355,layer4.1.conv1.weight_ch355,1.9400992393493652
layer3.2.conv3.weight,179,layer3.2.conv3.weight_ch179,1.9396848678588867
layer4.0.conv3.weight,363,layer4.0.conv3.weight_ch363,1.9388680458068848
layer4.0.conv3.weight,521,layer4.0.conv3.weight_ch521,1.9385099411010742
layer3.2.conv3.weight,564,layer3.2.conv3.weight_ch564,1.9382327795028687
layer3.3.conv3.weight,757,layer3.3.conv3.weight_ch757,1.938225269317627
layer4.0.conv3.weight,12,layer4.0.conv3.weight_ch12,1.9382048845291138
layer3.3.conv3.weight,378,layer3.3.conv3.weight_ch378,1.9381604194641113
layer4.0.conv3.weight,1232,layer4.0.conv3.weight_ch1232,1.9379920959472656
layer3.4.conv3.weight,375,layer3.4.conv3.weight_ch375,1.9379674196243286
layer3.5.conv3.weight,953,layer3.5.conv3.weight_ch953,1.9379239082336426
layer3.3.conv3.weight,80,layer3.3.conv3.weight_ch80,1.937851905822754
layer3.3.conv3.weight,832,layer3.3.conv3.weight_ch832,1.9377925395965576
layer3.5.conv3.weight,262,layer3.5.conv3.weight_ch262,1.9376589059829712
layer3.0.conv2.weight,38,layer3.0.conv2.weight_ch38,1.9375653266906738
layer3.0.conv3.weight,6,layer3.0.conv3.weight_ch6,1.9371026754379272
layer4.0.conv3.weight,1602,layer4.0.conv3.weight_ch1602,1.9370299577713013
layer4.0.conv3.weight,677,layer4.0.conv3.weight_ch677,1.9366906881332397
layer3.2.conv3.weight,934,layer3.2.conv3.weight_ch934,1.9362568855285645
layer3.1.conv3.weight,163,layer3.1.conv3.weight_ch163,1.9361923933029175
layer4.1.conv1.weight,43,layer4.1.conv1.weight_ch43,1.936183214187622
layer2.3.conv2.weight,78,layer2.3.conv2.weight_ch78,1.935669183731079
layer3.4.conv3.weight,389,layer3.4.conv3.weight_ch389,1.935601830482483
layer3.0.conv2.weight,182,layer3.0.conv2.weight_ch182,1.935201644897461
layer4.0.conv3.weight,977,layer4.0.conv3.weight_ch977,1.9345282316207886
layer4.0.conv3.weight,1303,layer4.0.conv3.weight_ch1303,1.9340660572052002
layer4.0.conv3.weight,1698,layer4.0.conv3.weight_ch1698,1.9340375661849976
layer3.4.conv3.weight,588,layer3.4.conv3.weight_ch588,1.933637261390686
layer3.2.conv3.weight,778,layer3.2.conv3.weight_ch778,1.9334187507629395
layer3.4.conv3.weight,663,layer3.4.conv3.weight_ch663,1.9327491521835327
layer2.1.conv3.weight,506,layer2.1.conv3.weight_ch506,1.9327077865600586
layer3.2.conv3.weight,501,layer3.2.conv3.weight_ch501,1.9325073957443237
layer3.1.conv3.weight,785,layer3.1.conv3.weight_ch785,1.9324407577514648
layer4.0.conv3.weight,1939,layer4.0.conv3.weight_ch1939,1.9321300983428955
layer3.3.conv3.weight,695,layer3.3.conv3.weight_ch695,1.9320977926254272
layer4.0.conv3.weight,882,layer4.0.conv3.weight_ch882,1.9319429397583008
layer3.0.conv3.weight,887,layer3.0.conv3.weight_ch887,1.9318922758102417
layer3.2.conv3.weight,361,layer3.2.conv3.weight_ch361,1.9312238693237305
layer4.0.conv3.weight,1601,layer4.0.conv3.weight_ch1601,1.9310216903686523
layer4.0.conv3.weight,1810,layer4.0.conv3.weight_ch1810,1.9307588338851929
layer3.0.conv3.weight,398,layer3.0.conv3.weight_ch398,1.930705189704895
layer4.0.conv3.weight,634,layer4.0.conv3.weight_ch634,1.929530382156372
layer3.1.conv3.weight,418,layer3.1.conv3.weight_ch418,1.9286502599716187
layer3.3.conv3.weight,770,layer3.3.conv3.weight_ch770,1.9284706115722656
layer4.0.conv3.weight,1932,layer4.0.conv3.weight_ch1932,1.9284148216247559
layer4.1.conv1.weight,232,layer4.1.conv1.weight_ch232,1.9274460077285767
layer3.1.conv3.weight,1,layer3.1.conv3.weight_ch1,1.9270894527435303
layer3.5.conv3.weight,395,layer3.5.conv3.weight_ch395,1.926895260810852
layer4.0.conv3.weight,48,layer4.0.conv3.weight_ch48,1.9267456531524658
layer3.1.conv3.weight,581,layer3.1.conv3.weight_ch581,1.9265220165252686
layer3.2.conv3.weight,812,layer3.2.conv3.weight_ch812,1.9264518022537231
layer3.4.conv3.weight,284,layer3.4.conv3.weight_ch284,1.9258933067321777
layer3.2.conv3.weight,816,layer3.2.conv3.weight_ch816,1.9257802963256836
layer3.5.conv3.weight,248,layer3.5.conv3.weight_ch248,1.9254887104034424
layer4.0.conv3.weight,1024,layer4.0.conv3.weight_ch1024,1.9254634380340576
layer4.0.conv3.weight,1006,layer4.0.conv3.weight_ch1006,1.9253202676773071
layer3.5.conv3.weight,227,layer3.5.conv3.weight_ch227,1.9248234033584595
layer4.0.conv3.weight,759,layer4.0.conv3.weight_ch759,1.9244822263717651
layer3.0.conv2.weight,20,layer3.0.conv2.weight_ch20,1.9243308305740356
layer3.4.conv3.weight,916,layer3.4.conv3.weight_ch916,1.9243232011795044
layer3.4.conv3.weight,533,layer3.4.conv3.weight_ch533,1.9241923093795776
layer3.2.conv2.weight,111,layer3.2.conv2.weight_ch111,1.9232251644134521
layer3.0.conv3.weight,126,layer3.0.conv3.weight_ch126,1.922909140586853
layer3.2.conv2.weight,155,layer3.2.conv2.weight_ch155,1.9228575229644775
layer3.1.conv3.weight,68,layer3.1.conv3.weight_ch68,1.922318458557129
layer4.0.conv3.weight,143,layer4.0.conv3.weight_ch143,1.9219558238983154
layer3.0.conv3.weight,161,layer3.0.conv3.weight_ch161,1.9213871955871582
layer3.1.conv3.weight,853,layer3.1.conv3.weight_ch853,1.9212709665298462
layer4.0.conv3.weight,885,layer4.0.conv3.weight_ch885,1.9208595752716064
layer3.0.conv2.weight,179,layer3.0.conv2.weight_ch179,1.9203327894210815
layer4.0.conv3.weight,1088,layer4.0.conv3.weight_ch1088,1.9195752143859863
layer3.0.conv3.weight,819,layer3.0.conv3.weight_ch819,1.9191920757293701
layer3.2.conv2.weight,40,layer3.2.conv2.weight_ch40,1.9190900325775146
layer4.0.conv3.weight,769,layer4.0.conv3.weight_ch769,1.9181209802627563
layer3.3.conv3.weight,857,layer3.3.conv3.weight_ch857,1.9180896282196045
layer4.0.conv3.weight,1047,layer4.0.conv3.weight_ch1047,1.9180474281311035
layer4.0.conv3.weight,1906,layer4.0.conv3.weight_ch1906,1.9179013967514038
layer3.3.conv3.weight,143,layer3.3.conv3.weight_ch143,1.9174339771270752
layer4.0.conv3.weight,660,layer4.0.conv3.weight_ch660,1.9170308113098145
layer4.0.conv3.weight,1126,layer4.0.conv3.weight_ch1126,1.9167455434799194
layer3.0.conv2.weight,192,layer3.0.conv2.weight_ch192,1.9164646863937378
layer3.2.conv3.weight,88,layer3.2.conv3.weight_ch88,1.916398525238037
layer3.2.conv3.weight,600,layer3.2.conv3.weight_ch600,1.9161319732666016
layer4.0.conv3.weight,877,layer4.0.conv3.weight_ch877,1.915834665298462
layer3.1.conv3.weight,775,layer3.1.conv3.weight_ch775,1.9155513048171997
layer3.3.conv3.weight,526,layer3.3.conv3.weight_ch526,1.9152419567108154
layer3.1.conv3.weight,682,layer3.1.conv3.weight_ch682,1.914536714553833
layer4.1.conv1.weight,228,layer4.1.conv1.weight_ch228,1.9144046306610107
layer4.0.conv3.weight,803,layer4.0.conv3.weight_ch803,1.9140969514846802
layer4.0.conv3.weight,1580,layer4.0.conv3.weight_ch1580,1.914030909538269
layer4.1.conv1.weight,122,layer4.1.conv1.weight_ch122,1.9139500856399536
layer3.4.conv3.weight,814,layer3.4.conv3.weight_ch814,1.9138439893722534
layer4.0.conv3.weight,1068,layer4.0.conv3.weight_ch1068,1.9135018587112427
layer3.4.conv3.weight,142,layer3.4.conv3.weight_ch142,1.9129036664962769
layer3.1.conv3.weight,622,layer3.1.conv3.weight_ch622,1.9127074480056763
layer3.3.conv3.weight,168,layer3.3.conv3.weight_ch168,1.912615180015564
layer3.0.conv3.weight,180,layer3.0.conv3.weight_ch180,1.9124300479888916
layer3.3.conv3.weight,224,layer3.3.conv3.weight_ch224,1.9120721817016602
layer3.2.conv3.weight,306,layer3.2.conv3.weight_ch306,1.9115679264068604
layer3.0.conv3.weight,119,layer3.0.conv3.weight_ch119,1.9109365940093994
layer3.0.conv2.weight,79,layer3.0.conv2.weight_ch79,1.9104180335998535
layer3.2.conv3.weight,560,layer3.2.conv3.weight_ch560,1.9104030132293701
layer3.1.conv3.weight,803,layer3.1.conv3.weight_ch803,1.910227656364441
layer3.0.conv3.weight,952,layer3.0.conv3.weight_ch952,1.9101899862289429
layer3.4.conv3.weight,258,layer3.4.conv3.weight_ch258,1.9100806713104248
layer2.0.conv1.weight,18,layer2.0.conv1.weight_ch18,1.909714937210083
layer2.3.conv2.weight,67,layer2.3.conv2.weight_ch67,1.9086812734603882
layer1.2.conv3.weight,223,layer1.2.conv3.weight_ch223,1.908607006072998
layer3.1.conv3.weight,285,layer3.1.conv3.weight_ch285,1.9082146883010864
layer4.0.conv3.weight,110,layer4.0.conv3.weight_ch110,1.9082096815109253
layer4.0.conv3.weight,1789,layer4.0.conv3.weight_ch1789,1.9079093933105469
layer3.0.conv3.weight,69,layer3.0.conv3.weight_ch69,1.9067213535308838
layer1.2.conv3.weight,251,layer1.2.conv3.weight_ch251,1.9066812992095947
layer3.5.conv3.weight,503,layer3.5.conv3.weight_ch503,1.9065420627593994
layer3.0.conv3.weight,133,layer3.0.conv3.weight_ch133,1.9059807062149048
layer3.4.conv3.weight,283,layer3.4.conv3.weight_ch283,1.9058347940444946
layer3.3.conv3.weight,629,layer3.3.conv3.weight_ch629,1.9051470756530762
layer3.5.conv3.weight,593,layer3.5.conv3.weight_ch593,1.9051203727722168
layer4.0.conv3.weight,1445,layer4.0.conv3.weight_ch1445,1.9050413370132446
layer3.3.conv3.weight,927,layer3.3.conv3.weight_ch927,1.9047431945800781
layer3.2.conv3.weight,323,layer3.2.conv3.weight_ch323,1.9043108224868774
layer3.5.conv3.weight,428,layer3.5.conv3.weight_ch428,1.9041903018951416
layer3.0.conv3.weight,610,layer3.0.conv3.weight_ch610,1.9038735628128052
layer3.0.conv3.weight,667,layer3.0.conv3.weight_ch667,1.9034794569015503
layer4.0.conv3.weight,408,layer4.0.conv3.weight_ch408,1.903422474861145
layer2.1.conv3.weight,230,layer2.1.conv3.weight_ch230,1.9031850099563599
layer3.2.conv2.weight,5,layer3.2.conv2.weight_ch5,1.9031401872634888
layer3.5.conv3.weight,714,layer3.5.conv3.weight_ch714,1.9030840396881104
layer4.0.conv3.weight,1291,layer4.0.conv3.weight_ch1291,1.9030539989471436
layer4.0.conv3.weight,387,layer4.0.conv3.weight_ch387,1.9026623964309692
layer3.1.conv3.weight,503,layer3.1.conv3.weight_ch503,1.90254545211792
layer3.1.conv3.weight,650,layer3.1.conv3.weight_ch650,1.9020365476608276
layer3.0.conv3.weight,408,layer3.0.conv3.weight_ch408,1.901819109916687
layer4.0.conv3.weight,1404,layer4.0.conv3.weight_ch1404,1.9015754461288452
layer3.3.conv3.weight,512,layer3.3.conv3.weight_ch512,1.9013327360153198
layer2.1.conv3.weight,208,layer2.1.conv3.weight_ch208,1.9012233018875122
layer4.1.conv1.weight,191,layer4.1.conv1.weight_ch191,1.9011341333389282
layer3.0.conv3.weight,448,layer3.0.conv3.weight_ch448,1.9008573293685913
layer4.0.conv3.weight,531,layer4.0.conv3.weight_ch531,1.9007734060287476
layer4.0.conv3.weight,989,layer4.0.conv3.weight_ch989,1.9005268812179565
layer4.0.conv3.weight,1814,layer4.0.conv3.weight_ch1814,1.9003503322601318
layer4.0.conv3.weight,1756,layer4.0.conv3.weight_ch1756,1.9002588987350464
layer3.0.conv3.weight,876,layer3.0.conv3.weight_ch876,1.8990745544433594
layer4.0.conv3.weight,662,layer4.0.conv3.weight_ch662,1.8987541198730469
layer3.4.conv3.weight,622,layer3.4.conv3.weight_ch622,1.8986870050430298
layer3.4.conv3.weight,989,layer3.4.conv3.weight_ch989,1.898611307144165
layer3.0.conv3.weight,551,layer3.0.conv3.weight_ch551,1.8986101150512695
layer3.3.conv3.weight,729,layer3.3.conv3.weight_ch729,1.8984301090240479
layer3.2.conv3.weight,287,layer3.2.conv3.weight_ch287,1.8983591794967651
layer3.0.conv3.weight,965,layer3.0.conv3.weight_ch965,1.8982452154159546
layer4.0.conv3.weight,1647,layer4.0.conv3.weight_ch1647,1.898075819015503
layer4.0.conv3.weight,1230,layer4.0.conv3.weight_ch1230,1.897890567779541
layer4.0.conv3.weight,1093,layer4.0.conv3.weight_ch1093,1.897794246673584
layer3.4.conv3.weight,1014,layer3.4.conv3.weight_ch1014,1.8977757692337036
layer3.3.conv3.weight,645,layer3.3.conv3.weight_ch645,1.8973215818405151
layer3.2.conv3.weight,296,layer3.2.conv3.weight_ch296,1.8971830606460571
layer4.1.conv1.weight,155,layer4.1.conv1.weight_ch155,1.8965580463409424
layer4.0.conv3.weight,1537,layer4.0.conv3.weight_ch1537,1.8963171243667603
layer3.2.conv3.weight,75,layer3.2.conv3.weight_ch75,1.896292805671692
layer3.4.conv3.weight,515,layer3.4.conv3.weight_ch515,1.895932674407959
layer2.0.conv1.weight,123,layer2.0.conv1.weight_ch123,1.8959171772003174
layer4.0.conv3.weight,1026,layer4.0.conv3.weight_ch1026,1.8958643674850464
layer3.3.conv3.weight,803,layer3.3.conv3.weight_ch803,1.8957369327545166
layer3.3.conv3.weight,49,layer3.3.conv3.weight_ch49,1.8955934047698975
layer3.3.conv3.weight,94,layer3.3.conv3.weight_ch94,1.895056962966919
layer3.1.conv3.weight,672,layer3.1.conv3.weight_ch672,1.894693374633789
layer4.0.conv3.weight,1105,layer4.0.conv3.weight_ch1105,1.8946871757507324
layer4.0.conv3.weight,360,layer4.0.conv3.weight_ch360,1.893738865852356
layer4.0.conv3.weight,984,layer4.0.conv3.weight_ch984,1.8934354782104492
layer4.0.conv3.weight,161,layer4.0.conv3.weight_ch161,1.8915457725524902
layer3.2.conv3.weight,883,layer3.2.conv3.weight_ch883,1.8914687633514404
layer4.1.conv1.weight,83,layer4.1.conv1.weight_ch83,1.8913748264312744
layer4.0.conv3.weight,915,layer4.0.conv3.weight_ch915,1.891294240951538
layer4.0.conv3.weight,712,layer4.0.conv3.weight_ch712,1.890524983406067
layer3.4.conv3.weight,646,layer3.4.conv3.weight_ch646,1.8901162147521973
layer3.2.conv3.weight,486,layer3.2.conv3.weight_ch486,1.890105962753296
layer2.3.conv2.weight,24,layer2.3.conv2.weight_ch24,1.8900930881500244
layer3.0.conv3.weight,635,layer3.0.conv3.weight_ch635,1.8900299072265625
layer3.1.conv3.weight,796,layer3.1.conv3.weight_ch796,1.889636516571045
layer3.5.conv3.weight,298,layer3.5.conv3.weight_ch298,1.8896350860595703
layer3.2.conv2.weight,120,layer3.2.conv2.weight_ch120,1.8892072439193726
layer4.0.conv3.weight,581,layer4.0.conv3.weight_ch581,1.889097809791565
layer3.3.conv3.weight,136,layer3.3.conv3.weight_ch136,1.889078140258789
layer2.1.conv3.weight,88,layer2.1.conv3.weight_ch88,1.888899326324463
layer4.1.conv1.weight,245,layer4.1.conv1.weight_ch245,1.8886237144470215
layer3.2.conv3.weight,369,layer3.2.conv3.weight_ch369,1.888399362564087
layer3.3.conv3.weight,43,layer3.3.conv3.weight_ch43,1.8883931636810303
layer3.2.conv3.weight,719,layer3.2.conv3.weight_ch719,1.887994647026062
layer3.2.conv2.weight,29,layer3.2.conv2.weight_ch29,1.8879386186599731
layer3.5.conv3.weight,48,layer3.5.conv3.weight_ch48,1.8878345489501953
layer3.4.conv3.weight,915,layer3.4.conv3.weight_ch915,1.8875408172607422
layer2.1.conv3.weight,318,layer2.1.conv3.weight_ch318,1.8875375986099243
layer3.0.conv3.weight,622,layer3.0.conv3.weight_ch622,1.8873058557510376
layer1.2.conv3.weight,150,layer1.2.conv3.weight_ch150,1.8870712518692017
layer3.1.conv3.weight,684,layer3.1.conv3.weight_ch684,1.8867855072021484
layer4.0.conv3.weight,445,layer4.0.conv3.weight_ch445,1.8863526582717896
layer4.0.conv3.weight,1584,layer4.0.conv3.weight_ch1584,1.8851293325424194
layer3.5.conv3.weight,901,layer3.5.conv3.weight_ch901,1.8850617408752441
layer3.0.conv3.weight,351,layer3.0.conv3.weight_ch351,1.8850542306900024
layer3.5.conv3.weight,824,layer3.5.conv3.weight_ch824,1.8845181465148926
layer3.1.conv3.weight,45,layer3.1.conv3.weight_ch45,1.8842741250991821
layer3.2.conv3.weight,702,layer3.2.conv3.weight_ch702,1.8841552734375
layer4.0.conv3.weight,2008,layer4.0.conv3.weight_ch2008,1.8838894367218018
layer2.3.conv2.weight,57,layer2.3.conv2.weight_ch57,1.8838814496994019
layer4.1.conv1.weight,120,layer4.1.conv1.weight_ch120,1.8838696479797363
layer4.0.conv3.weight,788,layer4.0.conv3.weight_ch788,1.8837003707885742
layer3.2.conv3.weight,941,layer3.2.conv3.weight_ch941,1.8835505247116089
layer4.0.conv3.weight,1666,layer4.0.conv3.weight_ch1666,1.8832237720489502
layer4.0.conv3.weight,1833,layer4.0.conv3.weight_ch1833,1.8831080198287964
layer3.2.conv3.weight,729,layer3.2.conv3.weight_ch729,1.882624864578247
layer3.5.conv3.weight,449,layer3.5.conv3.weight_ch449,1.882190227508545
layer3.2.conv3.weight,32,layer3.2.conv3.weight_ch32,1.8821170330047607
layer4.1.conv1.weight,53,layer4.1.conv1.weight_ch53,1.8821020126342773
layer2.1.conv3.weight,3,layer2.1.conv3.weight_ch3,1.8818378448486328
layer4.1.conv1.weight,382,layer4.1.conv1.weight_ch382,1.881786823272705
layer3.0.conv3.weight,860,layer3.0.conv3.weight_ch860,1.8817470073699951
layer3.1.conv3.weight,476,layer3.1.conv3.weight_ch476,1.8817318677902222
layer3.3.conv3.weight,728,layer3.3.conv3.weight_ch728,1.8816012144088745
layer3.2.conv3.weight,15,layer3.2.conv3.weight_ch15,1.8815287351608276
layer3.2.conv3.weight,902,layer3.2.conv3.weight_ch902,1.881526231765747
layer3.5.conv3.weight,61,layer3.5.conv3.weight_ch61,1.8809521198272705
layer3.3.conv3.weight,861,layer3.3.conv3.weight_ch861,1.8807244300842285
layer3.0.conv2.weight,170,layer3.0.conv2.weight_ch170,1.8806252479553223
layer4.0.conv3.weight,1460,layer4.0.conv3.weight_ch1460,1.8805855512619019
layer2.0.conv2.weight,67,layer2.0.conv2.weight_ch67,1.8805419206619263
layer3.3.conv3.weight,64,layer3.3.conv3.weight_ch64,1.8803067207336426
layer3.0.conv2.weight,82,layer3.0.conv2.weight_ch82,1.8802591562271118
layer3.5.conv3.weight,528,layer3.5.conv3.weight_ch528,1.880218744277954
layer4.1.conv1.weight,480,layer4.1.conv1.weight_ch480,1.8801472187042236
layer3.2.conv3.weight,876,layer3.2.conv3.weight_ch876,1.8799357414245605
layer3.5.conv3.weight,179,layer3.5.conv3.weight_ch179,1.8796980381011963
layer3.4.conv3.weight,396,layer3.4.conv3.weight_ch396,1.8795806169509888
layer3.4.conv3.weight,536,layer3.4.conv3.weight_ch536,1.8794269561767578
layer3.4.conv3.weight,469,layer3.4.conv3.weight_ch469,1.8794212341308594
layer4.0.conv3.weight,32,layer4.0.conv3.weight_ch32,1.8785526752471924
layer3.1.conv3.weight,1019,layer3.1.conv3.weight_ch1019,1.877801537513733
layer3.3.conv3.weight,954,layer3.3.conv3.weight_ch954,1.8776559829711914
layer4.0.conv3.weight,472,layer4.0.conv3.weight_ch472,1.877573847770691
layer2.1.conv3.weight,147,layer2.1.conv3.weight_ch147,1.8773462772369385
layer3.3.conv3.weight,177,layer3.3.conv3.weight_ch177,1.8773012161254883
layer3.0.conv3.weight,838,layer3.0.conv3.weight_ch838,1.876328468322754
layer3.3.conv3.weight,983,layer3.3.conv3.weight_ch983,1.8760727643966675
layer4.0.conv3.weight,1022,layer4.0.conv3.weight_ch1022,1.8756219148635864
layer3.2.conv3.weight,181,layer3.2.conv3.weight_ch181,1.875569462776184
layer4.1.conv1.weight,375,layer4.1.conv1.weight_ch375,1.8750572204589844
layer4.0.conv3.weight,1529,layer4.0.conv3.weight_ch1529,1.8746037483215332
layer1.2.conv3.weight,236,layer1.2.conv3.weight_ch236,1.8745568990707397
layer3.5.conv3.weight,951,layer3.5.conv3.weight_ch951,1.874123454093933
layer3.4.conv3.weight,404,layer3.4.conv3.weight_ch404,1.8740649223327637
layer4.0.conv3.weight,1153,layer4.0.conv3.weight_ch1153,1.8729904890060425
layer3.3.conv3.weight,451,layer3.3.conv3.weight_ch451,1.8725746870040894
layer3.2.conv2.weight,68,layer3.2.conv2.weight_ch68,1.8724561929702759
layer3.5.conv3.weight,245,layer3.5.conv3.weight_ch245,1.872241497039795
layer3.2.conv3.weight,675,layer3.2.conv3.weight_ch675,1.8718408346176147
layer3.0.conv3.weight,192,layer3.0.conv3.weight_ch192,1.871698021888733
layer4.0.conv3.weight,717,layer4.0.conv3.weight_ch717,1.8716027736663818
layer4.0.conv3.weight,1476,layer4.0.conv3.weight_ch1476,1.8689730167388916
layer3.5.conv3.weight,761,layer3.5.conv3.weight_ch761,1.868058204650879
layer4.0.conv3.weight,1937,layer4.0.conv3.weight_ch1937,1.8679718971252441
layer3.3.conv3.weight,328,layer3.3.conv3.weight_ch328,1.8672709465026855
layer3.2.conv3.weight,371,layer3.2.conv3.weight_ch371,1.8667829036712646
layer3.3.conv3.weight,62,layer3.3.conv3.weight_ch62,1.8667423725128174
layer3.4.conv3.weight,685,layer3.4.conv3.weight_ch685,1.8658958673477173
layer4.0.conv3.weight,1986,layer4.0.conv3.weight_ch1986,1.8656054735183716
layer4.1.conv1.weight,258,layer4.1.conv1.weight_ch258,1.865363359451294
layer3.0.conv3.weight,385,layer3.0.conv3.weight_ch385,1.8651906251907349
layer3.3.conv3.weight,958,layer3.3.conv3.weight_ch958,1.8649400472640991
layer4.0.conv3.weight,1627,layer4.0.conv3.weight_ch1627,1.8646372556686401
layer3.2.conv3.weight,329,layer3.2.conv3.weight_ch329,1.8642903566360474
layer4.0.conv3.weight,302,layer4.0.conv3.weight_ch302,1.8642443418502808
layer4.0.conv3.weight,1731,layer4.0.conv3.weight_ch1731,1.864150047302246
layer3.2.conv3.weight,700,layer3.2.conv3.weight_ch700,1.8641117811203003
layer3.0.conv3.weight,208,layer3.0.conv3.weight_ch208,1.8637481927871704
layer3.0.conv2.weight,140,layer3.0.conv2.weight_ch140,1.8636555671691895
layer4.1.conv1.weight,408,layer4.1.conv1.weight_ch408,1.8636430501937866
layer2.1.conv3.weight,134,layer2.1.conv3.weight_ch134,1.863577961921692
layer3.5.conv3.weight,656,layer3.5.conv3.weight_ch656,1.863399863243103
layer3.0.conv3.weight,503,layer3.0.conv3.weight_ch503,1.863323450088501
layer3.4.conv3.weight,225,layer3.4.conv3.weight_ch225,1.86319100856781
layer4.0.conv3.weight,1816,layer4.0.conv3.weight_ch1816,1.862349510192871
layer3.5.conv3.weight,351,layer3.5.conv3.weight_ch351,1.862321138381958
layer3.0.conv2.weight,176,layer3.0.conv2.weight_ch176,1.8614788055419922
layer4.0.conv3.weight,127,layer4.0.conv3.weight_ch127,1.8608739376068115
layer3.1.conv3.weight,520,layer3.1.conv3.weight_ch520,1.8604224920272827
layer3.2.conv2.weight,217,layer3.2.conv2.weight_ch217,1.8602638244628906
layer2.1.conv3.weight,263,layer2.1.conv3.weight_ch263,1.860201358795166
layer2.1.conv3.weight,440,layer2.1.conv3.weight_ch440,1.860084891319275
layer3.0.conv2.weight,94,layer3.0.conv2.weight_ch94,1.8599905967712402
layer3.2.conv3.weight,396,layer3.2.conv3.weight_ch396,1.859250545501709
layer3.5.conv3.weight,921,layer3.5.conv3.weight_ch921,1.8585915565490723
layer4.0.conv3.weight,1979,layer4.0.conv3.weight_ch1979,1.8585774898529053
layer3.0.conv3.weight,298,layer3.0.conv3.weight_ch298,1.8578741550445557
layer3.0.conv3.weight,230,layer3.0.conv3.weight_ch230,1.8576751947402954
layer3.3.conv3.weight,516,layer3.3.conv3.weight_ch516,1.8573790788650513
layer3.2.conv3.weight,538,layer3.2.conv3.weight_ch538,1.8568392992019653
layer3.5.conv3.weight,146,layer3.5.conv3.weight_ch146,1.8566325902938843
layer4.0.conv3.weight,1059,layer4.0.conv3.weight_ch1059,1.8565948009490967
layer3.1.conv3.weight,771,layer3.1.conv3.weight_ch771,1.8565919399261475
layer3.2.conv2.weight,126,layer3.2.conv2.weight_ch126,1.85611891746521
layer4.0.conv3.weight,1318,layer4.0.conv3.weight_ch1318,1.8559143543243408
layer3.0.conv3.weight,773,layer3.0.conv3.weight_ch773,1.8551942110061646
layer3.1.conv3.weight,834,layer3.1.conv3.weight_ch834,1.8551645278930664
layer4.1.conv1.weight,475,layer4.1.conv1.weight_ch475,1.8543647527694702
layer3.1.conv3.weight,231,layer3.1.conv3.weight_ch231,1.8542174100875854
layer3.5.conv3.weight,931,layer3.5.conv3.weight_ch931,1.8539819717407227
layer2.1.conv3.weight,367,layer2.1.conv3.weight_ch367,1.8539408445358276
layer3.2.conv3.weight,621,layer3.2.conv3.weight_ch621,1.8538222312927246
layer3.4.conv3.weight,323,layer3.4.conv3.weight_ch323,1.8537474870681763
layer3.1.conv3.weight,133,layer3.1.conv3.weight_ch133,1.8535592555999756
layer3.1.conv3.weight,254,layer3.1.conv3.weight_ch254,1.8530967235565186
layer2.3.conv2.weight,31,layer2.3.conv2.weight_ch31,1.853068470954895
layer3.2.conv3.weight,969,layer3.2.conv3.weight_ch969,1.8527470827102661
layer3.1.conv3.weight,298,layer3.1.conv3.weight_ch298,1.8516427278518677
layer4.0.conv3.weight,721,layer4.0.conv3.weight_ch721,1.8511351346969604
layer3.1.conv3.weight,530,layer3.1.conv3.weight_ch530,1.8506242036819458
layer2.0.conv1.weight,58,layer2.0.conv1.weight_ch58,1.8491780757904053
layer4.0.conv3.weight,1398,layer4.0.conv3.weight_ch1398,1.8489328622817993
layer1.2.conv3.weight,26,layer1.2.conv3.weight_ch26,1.8487200736999512
layer4.0.conv3.weight,1725,layer4.0.conv3.weight_ch1725,1.8482695817947388
layer4.1.conv1.weight,456,layer4.1.conv1.weight_ch456,1.8481864929199219
layer3.0.conv3.weight,18,layer3.0.conv3.weight_ch18,1.8481242656707764
layer4.0.conv3.weight,1486,layer4.0.conv3.weight_ch1486,1.847942590713501
layer4.0.conv3.weight,1509,layer4.0.conv3.weight_ch1509,1.8477272987365723
layer3.2.conv3.weight,828,layer3.2.conv3.weight_ch828,1.847558617591858
layer4.0.conv3.weight,1297,layer4.0.conv3.weight_ch1297,1.8469812870025635
layer3.3.conv3.weight,101,layer3.3.conv3.weight_ch101,1.8467062711715698
layer4.0.conv3.weight,1943,layer4.0.conv3.weight_ch1943,1.8461271524429321
layer4.0.conv3.weight,418,layer4.0.conv3.weight_ch418,1.8460456132888794
layer4.1.conv1.weight,97,layer4.1.conv1.weight_ch97,1.8454608917236328
layer3.4.conv3.weight,73,layer3.4.conv3.weight_ch73,1.8453336954116821
layer3.5.conv3.weight,1002,layer3.5.conv3.weight_ch1002,1.845240831375122
layer3.2.conv3.weight,889,layer3.2.conv3.weight_ch889,1.844953179359436
layer2.0.conv2.weight,95,layer2.0.conv2.weight_ch95,1.8447761535644531
layer3.1.conv3.weight,888,layer3.1.conv3.weight_ch888,1.8445180654525757
layer4.0.conv3.weight,224,layer4.0.conv3.weight_ch224,1.8439176082611084
layer3.5.conv3.weight,987,layer3.5.conv3.weight_ch987,1.8439106941223145
layer2.0.conv1.weight,84,layer2.0.conv1.weight_ch84,1.8436706066131592
layer3.5.conv3.weight,477,layer3.5.conv3.weight_ch477,1.843281865119934
layer4.0.conv3.weight,2030,layer4.0.conv3.weight_ch2030,1.8430129289627075
layer4.0.conv3.weight,632,layer4.0.conv3.weight_ch632,1.8427804708480835
layer4.0.conv3.weight,1931,layer4.0.conv3.weight_ch1931,1.8427786827087402
layer3.0.conv3.weight,278,layer3.0.conv3.weight_ch278,1.8426971435546875
layer3.3.conv3.weight,1011,layer3.3.conv3.weight_ch1011,1.8425819873809814
layer4.0.conv3.weight,952,layer4.0.conv3.weight_ch952,1.841986060142517
layer3.1.conv3.weight,39,layer3.1.conv3.weight_ch39,1.8416826725006104
layer3.3.conv3.weight,480,layer3.3.conv3.weight_ch480,1.8413549661636353
layer4.1.conv1.weight,114,layer4.1.conv1.weight_ch114,1.8411928415298462
layer3.5.conv3.weight,602,layer3.5.conv3.weight_ch602,1.841117024421692
layer3.3.conv3.weight,53,layer3.3.conv3.weight_ch53,1.8408125638961792
layer4.0.conv3.weight,369,layer4.0.conv3.weight_ch369,1.8408113718032837
layer3.5.conv3.weight,838,layer3.5.conv3.weight_ch838,1.840516448020935
layer4.0.conv3.weight,1329,layer4.0.conv3.weight_ch1329,1.8399989604949951
layer3.3.conv3.weight,50,layer3.3.conv3.weight_ch50,1.8396551609039307
layer4.0.conv3.weight,303,layer4.0.conv3.weight_ch303,1.8391212224960327
layer3.3.conv3.weight,38,layer3.3.conv3.weight_ch38,1.8388243913650513
layer3.2.conv3.weight,712,layer3.2.conv3.weight_ch712,1.8385753631591797
layer3.2.conv3.weight,365,layer3.2.conv3.weight_ch365,1.8381083011627197
layer2.1.conv3.weight,96,layer2.1.conv3.weight_ch96,1.8380727767944336
layer3.3.conv3.weight,274,layer3.3.conv3.weight_ch274,1.8378396034240723
layer3.3.conv3.weight,552,layer3.3.conv3.weight_ch552,1.8377681970596313
layer1.2.conv3.weight,245,layer1.2.conv3.weight_ch245,1.8374682664871216
layer3.0.conv3.weight,510,layer3.0.conv3.weight_ch510,1.8371880054473877
layer3.0.conv3.weight,305,layer3.0.conv3.weight_ch305,1.8368067741394043
layer3.4.conv3.weight,708,layer3.4.conv3.weight_ch708,1.8367857933044434
layer3.5.conv3.weight,4,layer3.5.conv3.weight_ch4,1.8367440700531006
layer4.0.conv3.weight,1694,layer4.0.conv3.weight_ch1694,1.8366444110870361
layer3.3.conv3.weight,246,layer3.3.conv3.weight_ch246,1.8362942934036255
layer3.5.conv3.weight,510,layer3.5.conv3.weight_ch510,1.8361899852752686
layer3.5.conv3.weight,697,layer3.5.conv3.weight_ch697,1.8356081247329712
layer3.4.conv3.weight,280,layer3.4.conv3.weight_ch280,1.8355588912963867
layer3.3.conv3.weight,754,layer3.3.conv3.weight_ch754,1.8354618549346924
layer3.2.conv3.weight,756,layer3.2.conv3.weight_ch756,1.8345425128936768
layer4.0.conv3.weight,1988,layer4.0.conv3.weight_ch1988,1.8344186544418335
layer3.1.conv3.weight,620,layer3.1.conv3.weight_ch620,1.834155797958374
layer3.4.conv3.weight,68,layer3.4.conv3.weight_ch68,1.8340574502944946
layer3.5.conv3.weight,754,layer3.5.conv3.weight_ch754,1.8340027332305908
layer3.3.conv3.weight,657,layer3.3.conv3.weight_ch657,1.8338909149169922
layer3.3.conv3.weight,309,layer3.3.conv3.weight_ch309,1.8337090015411377
layer4.0.conv3.weight,1107,layer4.0.conv3.weight_ch1107,1.8337057828903198
layer3.2.conv3.weight,656,layer3.2.conv3.weight_ch656,1.833619475364685
layer4.1.conv1.weight,483,layer4.1.conv1.weight_ch483,1.8336167335510254
layer3.1.conv3.weight,917,layer3.1.conv3.weight_ch917,1.833590030670166
layer3.0.conv2.weight,87,layer3.0.conv2.weight_ch87,1.8333649635314941
layer3.2.conv3.weight,880,layer3.2.conv3.weight_ch880,1.83335542678833
layer4.0.conv3.weight,399,layer4.0.conv3.weight_ch399,1.833326816558838
layer3.5.conv3.weight,944,layer3.5.conv3.weight_ch944,1.8326988220214844
layer2.3.conv2.weight,45,layer2.3.conv2.weight_ch45,1.832226276397705
layer3.4.conv3.weight,162,layer3.4.conv3.weight_ch162,1.8321385383605957
layer3.3.conv3.weight,377,layer3.3.conv3.weight_ch377,1.8320151567459106
layer4.0.conv3.weight,786,layer4.0.conv3.weight_ch786,1.831898808479309
layer3.4.conv3.weight,10,layer3.4.conv3.weight_ch10,1.8316359519958496
layer3.3.conv3.weight,715,layer3.3.conv3.weight_ch715,1.8314727544784546
layer4.0.conv3.weight,641,layer4.0.conv3.weight_ch641,1.831393837928772
layer3.3.conv3.weight,684,layer3.3.conv3.weight_ch684,1.8313695192337036
layer4.0.conv3.weight,801,layer4.0.conv3.weight_ch801,1.8308207988739014
layer4.0.conv3.weight,1364,layer4.0.conv3.weight_ch1364,1.830702304840088
layer3.1.conv3.weight,922,layer3.1.conv3.weight_ch922,1.83054518699646
layer3.0.conv3.weight,499,layer3.0.conv3.weight_ch499,1.8302868604660034
layer2.0.conv1.weight,10,layer2.0.conv1.weight_ch10,1.8293136358261108
layer3.2.conv2.weight,51,layer3.2.conv2.weight_ch51,1.8287408351898193
layer3.3.conv3.weight,155,layer3.3.conv3.weight_ch155,1.8281601667404175
layer4.1.conv1.weight,369,layer4.1.conv1.weight_ch369,1.8277950286865234
layer3.3.conv3.weight,820,layer3.3.conv3.weight_ch820,1.8276876211166382
layer2.0.conv2.weight,125,layer2.0.conv2.weight_ch125,1.8276206254959106
layer4.1.conv1.weight,508,layer4.1.conv1.weight_ch508,1.8274602890014648
layer3.5.conv3.weight,121,layer3.5.conv3.weight_ch121,1.827431082725525
layer4.0.conv3.weight,1805,layer4.0.conv3.weight_ch1805,1.827174425125122
layer3.2.conv3.weight,339,layer3.2.conv3.weight_ch339,1.8270018100738525
layer4.0.conv3.weight,501,layer4.0.conv3.weight_ch501,1.8268808126449585
layer4.1.conv1.weight,16,layer4.1.conv1.weight_ch16,1.8267033100128174
layer3.0.conv3.weight,913,layer3.0.conv3.weight_ch913,1.8264939785003662
layer3.4.conv3.weight,344,layer3.4.conv3.weight_ch344,1.8261160850524902
layer3.3.conv3.weight,433,layer3.3.conv3.weight_ch433,1.8259623050689697
layer4.1.conv1.weight,200,layer4.1.conv1.weight_ch200,1.8258873224258423
layer3.0.conv3.weight,383,layer3.0.conv3.weight_ch383,1.8257858753204346
layer1.2.conv3.weight,76,layer1.2.conv3.weight_ch76,1.8256628513336182
layer2.1.conv3.weight,278,layer2.1.conv3.weight_ch278,1.8256524801254272
layer3.2.conv3.weight,897,layer3.2.conv3.weight_ch897,1.8252365589141846
layer4.0.conv3.weight,2028,layer4.0.conv3.weight_ch2028,1.8251888751983643
layer4.1.conv1.weight,3,layer4.1.conv1.weight_ch3,1.8248625993728638
layer4.0.conv3.weight,59,layer4.0.conv3.weight_ch59,1.8239681720733643
layer4.0.conv3.weight,1177,layer4.0.conv3.weight_ch1177,1.8238846063613892
layer3.2.conv3.weight,544,layer3.2.conv3.weight_ch544,1.8238534927368164
layer3.2.conv3.weight,802,layer3.2.conv3.weight_ch802,1.823540210723877
layer3.4.conv3.weight,451,layer3.4.conv3.weight_ch451,1.8235254287719727
layer3.3.conv3.weight,904,layer3.3.conv3.weight_ch904,1.8234760761260986
layer4.0.conv3.weight,323,layer4.0.conv3.weight_ch323,1.8234469890594482
layer3.2.conv3.weight,322,layer3.2.conv3.weight_ch322,1.8233551979064941
layer4.0.conv3.weight,639,layer4.0.conv3.weight_ch639,1.8229584693908691
layer3.3.conv3.weight,877,layer3.3.conv3.weight_ch877,1.8229095935821533
layer4.0.conv3.weight,505,layer4.0.conv3.weight_ch505,1.8228769302368164
layer3.4.conv3.weight,414,layer3.4.conv3.weight_ch414,1.8227059841156006
layer3.4.conv3.weight,70,layer3.4.conv3.weight_ch70,1.822670340538025
layer3.4.conv3.weight,378,layer3.4.conv3.weight_ch378,1.8224891424179077
layer3.5.conv3.weight,316,layer3.5.conv3.weight_ch316,1.8220492601394653
layer4.1.conv1.weight,343,layer4.1.conv1.weight_ch343,1.8218934535980225
layer3.4.conv3.weight,452,layer3.4.conv3.weight_ch452,1.8218613862991333
layer3.2.conv2.weight,72,layer3.2.conv2.weight_ch72,1.8217964172363281
layer3.4.conv3.weight,518,layer3.4.conv3.weight_ch518,1.8216255903244019
layer3.1.conv3.weight,243,layer3.1.conv3.weight_ch243,1.820578932762146
layer3.1.conv3.weight,885,layer3.1.conv3.weight_ch885,1.820558786392212
layer3.1.conv3.weight,175,layer3.1.conv3.weight_ch175,1.8204457759857178
layer3.0.conv2.weight,2,layer3.0.conv2.weight_ch2,1.8204222917556763
layer3.1.conv3.weight,802,layer3.1.conv3.weight_ch802,1.8201931715011597
layer3.3.conv3.weight,44,layer3.3.conv3.weight_ch44,1.8200221061706543
layer3.5.conv3.weight,85,layer3.5.conv3.weight_ch85,1.8196375370025635
layer3.4.conv3.weight,695,layer3.4.conv3.weight_ch695,1.819539189338684
layer3.0.conv3.weight,808,layer3.0.conv3.weight_ch808,1.8187257051467896
layer4.0.conv3.weight,155,layer4.0.conv3.weight_ch155,1.8185176849365234
layer4.0.conv3.weight,1229,layer4.0.conv3.weight_ch1229,1.8181852102279663
layer3.1.conv3.weight,204,layer3.1.conv3.weight_ch204,1.8181838989257812
layer3.2.conv3.weight,901,layer3.2.conv3.weight_ch901,1.8179726600646973
layer3.3.conv3.weight,984,layer3.3.conv3.weight_ch984,1.817749261856079
layer2.0.conv2.weight,127,layer2.0.conv2.weight_ch127,1.8176875114440918
layer3.0.conv2.weight,127,layer3.0.conv2.weight_ch127,1.817547082901001
layer3.0.conv3.weight,982,layer3.0.conv3.weight_ch982,1.817307472229004
layer3.2.conv2.weight,189,layer3.2.conv2.weight_ch189,1.8169958591461182
layer2.1.conv3.weight,285,layer2.1.conv3.weight_ch285,1.8167551755905151
layer3.5.conv3.weight,491,layer3.5.conv3.weight_ch491,1.8167524337768555
layer3.3.conv3.weight,841,layer3.3.conv3.weight_ch841,1.8166794776916504
layer3.0.conv2.weight,215,layer3.0.conv2.weight_ch215,1.8165831565856934
layer3.5.conv3.weight,224,layer3.5.conv3.weight_ch224,1.8165373802185059
layer3.3.conv3.weight,209,layer3.3.conv3.weight_ch209,1.8165099620819092
layer3.4.conv3.weight,268,layer3.4.conv3.weight_ch268,1.8163456916809082
layer3.4.conv3.weight,296,layer3.4.conv3.weight_ch296,1.8162870407104492
layer4.0.conv3.weight,130,layer4.0.conv3.weight_ch130,1.8155120611190796
layer3.0.conv3.weight,369,layer3.0.conv3.weight_ch369,1.8154655694961548
layer1.2.conv3.weight,165,layer1.2.conv3.weight_ch165,1.8153879642486572
layer3.3.conv3.weight,5,layer3.3.conv3.weight_ch5,1.8149406909942627
layer3.4.conv3.weight,985,layer3.4.conv3.weight_ch985,1.8148525953292847
layer3.4.conv3.weight,170,layer3.4.conv3.weight_ch170,1.8146438598632812
layer2.1.conv3.weight,249,layer2.1.conv3.weight_ch249,1.8145908117294312
layer4.0.conv3.weight,926,layer4.0.conv3.weight_ch926,1.8145240545272827
layer3.2.conv3.weight,458,layer3.2.conv3.weight_ch458,1.8143848180770874
layer3.0.conv3.weight,591,layer3.0.conv3.weight_ch591,1.8139631748199463
layer4.0.conv3.weight,1975,layer4.0.conv3.weight_ch1975,1.8139564990997314
layer2.0.conv2.weight,18,layer2.0.conv2.weight_ch18,1.813801884651184
layer3.5.conv3.weight,1006,layer3.5.conv3.weight_ch1006,1.813733696937561
layer3.0.conv3.weight,579,layer3.0.conv3.weight_ch579,1.8136845827102661
layer3.2.conv2.weight,167,layer3.2.conv2.weight_ch167,1.8136132955551147
layer4.0.conv3.weight,1275,layer4.0.conv3.weight_ch1275,1.8130751848220825
layer4.1.conv1.weight,329,layer4.1.conv1.weight_ch329,1.8122607469558716
layer3.2.conv3.weight,25,layer3.2.conv3.weight_ch25,1.8115334510803223
layer3.3.conv3.weight,1021,layer3.3.conv3.weight_ch1021,1.8112910985946655
layer2.3.conv2.weight,13,layer2.3.conv2.weight_ch13,1.8111937046051025
layer3.0.conv2.weight,219,layer3.0.conv2.weight_ch219,1.8098691701889038
layer3.2.conv3.weight,382,layer3.2.conv3.weight_ch382,1.8095242977142334
layer4.1.conv1.weight,128,layer4.1.conv1.weight_ch128,1.8095167875289917
layer3.1.conv3.weight,970,layer3.1.conv3.weight_ch970,1.8094350099563599
layer3.3.conv3.weight,113,layer3.3.conv3.weight_ch113,1.8094258308410645
layer4.0.conv3.weight,771,layer4.0.conv3.weight_ch771,1.808976411819458
layer4.0.conv3.weight,775,layer4.0.conv3.weight_ch775,1.808836579322815
layer3.2.conv2.weight,73,layer3.2.conv2.weight_ch73,1.8087866306304932
layer3.5.conv3.weight,202,layer3.5.conv3.weight_ch202,1.8087745904922485
layer4.0.conv3.weight,1888,layer4.0.conv3.weight_ch1888,1.8084067106246948
layer3.2.conv3.weight,138,layer3.2.conv3.weight_ch138,1.8081583976745605
layer3.1.conv3.weight,716,layer3.1.conv3.weight_ch716,1.8081226348876953
layer3.1.conv3.weight,806,layer3.1.conv3.weight_ch806,1.8081210851669312
layer3.4.conv3.weight,641,layer3.4.conv3.weight_ch641,1.8079265356063843
layer4.1.conv1.weight,420,layer4.1.conv1.weight_ch420,1.8074917793273926
layer3.2.conv2.weight,50,layer3.2.conv2.weight_ch50,1.8072047233581543
layer3.0.conv3.weight,9,layer3.0.conv3.weight_ch9,1.8070976734161377
layer3.3.conv3.weight,454,layer3.3.conv3.weight_ch454,1.80702805519104
layer4.0.conv3.weight,22,layer4.0.conv3.weight_ch22,1.8065662384033203
layer2.1.conv3.weight,352,layer2.1.conv3.weight_ch352,1.805323839187622
layer2.1.conv3.weight,213,layer2.1.conv3.weight_ch213,1.8052952289581299
layer3.5.conv3.weight,555,layer3.5.conv3.weight_ch555,1.8049564361572266
layer4.0.conv3.weight,1654,layer4.0.conv3.weight_ch1654,1.8042068481445312
layer4.0.conv3.weight,1524,layer4.0.conv3.weight_ch1524,1.8035780191421509
layer3.0.conv2.weight,216,layer3.0.conv2.weight_ch216,1.8034559488296509
layer4.0.conv3.weight,599,layer4.0.conv3.weight_ch599,1.803271770477295
layer2.1.conv3.weight,493,layer2.1.conv3.weight_ch493,1.8027700185775757
layer4.1.conv1.weight,320,layer4.1.conv1.weight_ch320,1.8026026487350464
layer4.0.conv3.weight,1388,layer4.0.conv3.weight_ch1388,1.802584171295166
layer4.0.conv3.weight,2027,layer4.0.conv3.weight_ch2027,1.8025063276290894
layer3.1.conv3.weight,101,layer3.1.conv3.weight_ch101,1.802448034286499
layer4.0.conv3.weight,1522,layer4.0.conv3.weight_ch1522,1.8024011850357056
layer4.0.conv3.weight,724,layer4.0.conv3.weight_ch724,1.8023452758789062
layer2.1.conv3.weight,447,layer2.1.conv3.weight_ch447,1.8020659685134888
layer2.3.conv2.weight,32,layer2.3.conv2.weight_ch32,1.801941156387329
layer3.4.conv3.weight,514,layer3.4.conv3.weight_ch514,1.8018362522125244
layer4.0.conv3.weight,701,layer4.0.conv3.weight_ch701,1.8013373613357544
layer3.5.conv3.weight,3,layer3.5.conv3.weight_ch3,1.8011094331741333
layer3.1.conv3.weight,1012,layer3.1.conv3.weight_ch1012,1.8009551763534546
layer3.4.conv3.weight,55,layer3.4.conv3.weight_ch55,1.8006470203399658
layer3.0.conv3.weight,745,layer3.0.conv3.weight_ch745,1.800304889678955
layer3.2.conv3.weight,113,layer3.2.conv3.weight_ch113,1.8002334833145142
layer4.0.conv3.weight,1676,layer4.0.conv3.weight_ch1676,1.7999470233917236
layer4.0.conv3.weight,1603,layer4.0.conv3.weight_ch1603,1.7986335754394531
layer4.0.conv3.weight,105,layer4.0.conv3.weight_ch105,1.7982263565063477
layer3.2.conv3.weight,809,layer3.2.conv3.weight_ch809,1.798187494277954
layer4.0.conv3.weight,1415,layer4.0.conv3.weight_ch1415,1.797741413116455
layer2.1.conv3.weight,65,layer2.1.conv3.weight_ch65,1.7970350980758667
layer3.3.conv3.weight,806,layer3.3.conv3.weight_ch806,1.7966077327728271
layer4.0.conv3.weight,1559,layer4.0.conv3.weight_ch1559,1.7964849472045898
layer4.0.conv3.weight,928,layer4.0.conv3.weight_ch928,1.7957749366760254
layer3.2.conv3.weight,968,layer3.2.conv3.weight_ch968,1.7955899238586426
layer3.4.conv3.weight,513,layer3.4.conv3.weight_ch513,1.7946116924285889
layer2.3.conv2.weight,94,layer2.3.conv2.weight_ch94,1.7945256233215332
layer3.1.conv3.weight,115,layer3.1.conv3.weight_ch115,1.7943307161331177
layer3.5.conv3.weight,232,layer3.5.conv3.weight_ch232,1.7942922115325928
layer3.4.conv3.weight,195,layer3.4.conv3.weight_ch195,1.7942179441452026
layer3.2.conv3.weight,485,layer3.2.conv3.weight_ch485,1.7941211462020874
layer3.0.conv2.weight,238,layer3.0.conv2.weight_ch238,1.7940682172775269
layer3.5.conv3.weight,892,layer3.5.conv3.weight_ch892,1.7938235998153687
layer3.3.conv3.weight,63,layer3.3.conv3.weight_ch63,1.793732762336731
layer3.3.conv3.weight,220,layer3.3.conv3.weight_ch220,1.7935657501220703
layer3.4.conv3.weight,730,layer3.4.conv3.weight_ch730,1.7935535907745361
layer4.0.conv3.weight,1796,layer4.0.conv3.weight_ch1796,1.7931859493255615
layer4.0.conv3.weight,1151,layer4.0.conv3.weight_ch1151,1.7927324771881104
layer3.5.conv3.weight,78,layer3.5.conv3.weight_ch78,1.79265558719635
layer3.3.conv3.weight,551,layer3.3.conv3.weight_ch551,1.792327880859375
layer3.3.conv3.weight,268,layer3.3.conv3.weight_ch268,1.7917996644973755
layer2.1.conv3.weight,126,layer2.1.conv3.weight_ch126,1.7914938926696777
layer3.4.conv3.weight,630,layer3.4.conv3.weight_ch630,1.7912653684616089
layer4.0.conv3.weight,190,layer4.0.conv3.weight_ch190,1.7910706996917725
layer3.0.conv3.weight,493,layer3.0.conv3.weight_ch493,1.7906564474105835
layer3.0.conv2.weight,59,layer3.0.conv2.weight_ch59,1.790637731552124
layer4.0.conv3.weight,1356,layer4.0.conv3.weight_ch1356,1.7903070449829102
layer4.0.conv3.weight,829,layer4.0.conv3.weight_ch829,1.7902435064315796
layer2.3.conv2.weight,3,layer2.3.conv2.weight_ch3,1.7900445461273193
layer2.1.conv3.weight,19,layer2.1.conv3.weight_ch19,1.789898157119751
layer4.0.conv3.weight,571,layer4.0.conv3.weight_ch571,1.7894591093063354
layer3.2.conv3.weight,852,layer3.2.conv3.weight_ch852,1.7892496585845947
layer3.3.conv3.weight,819,layer3.3.conv3.weight_ch819,1.7891621589660645
layer3.3.conv3.weight,365,layer3.3.conv3.weight_ch365,1.7891349792480469
layer4.0.conv3.weight,844,layer4.0.conv3.weight_ch844,1.7891052961349487
layer2.0.conv2.weight,66,layer2.0.conv2.weight_ch66,1.78868567943573
layer3.5.conv3.weight,758,layer3.5.conv3.weight_ch758,1.7884526252746582
layer2.1.conv3.weight,62,layer2.1.conv3.weight_ch62,1.7884196043014526
layer3.2.conv3.weight,821,layer3.2.conv3.weight_ch821,1.7883254289627075
layer3.3.conv3.weight,542,layer3.3.conv3.weight_ch542,1.7881258726119995
layer3.5.conv3.weight,780,layer3.5.conv3.weight_ch780,1.7881112098693848
layer3.5.conv3.weight,67,layer3.5.conv3.weight_ch67,1.7877957820892334
layer3.3.conv3.weight,348,layer3.3.conv3.weight_ch348,1.7875914573669434
layer3.0.conv3.weight,835,layer3.0.conv3.weight_ch835,1.7875312566757202
layer3.0.conv3.weight,55,layer3.0.conv3.weight_ch55,1.7867070436477661
layer4.0.conv3.weight,197,layer4.0.conv3.weight_ch197,1.7865328788757324
layer3.0.conv3.weight,261,layer3.0.conv3.weight_ch261,1.7865219116210938
layer4.0.conv3.weight,878,layer4.0.conv3.weight_ch878,1.7855420112609863
layer3.3.conv3.weight,230,layer3.3.conv3.weight_ch230,1.785334825515747
layer3.2.conv3.weight,793,layer3.2.conv3.weight_ch793,1.785162329673767
layer1.2.conv3.weight,124,layer1.2.conv3.weight_ch124,1.7849605083465576
layer3.1.conv3.weight,343,layer3.1.conv3.weight_ch343,1.784893274307251
layer3.2.conv3.weight,899,layer3.2.conv3.weight_ch899,1.7848081588745117
layer3.5.conv3.weight,717,layer3.5.conv3.weight_ch717,1.7847555875778198
layer4.0.conv3.weight,809,layer4.0.conv3.weight_ch809,1.7843042612075806
layer4.0.conv3.weight,1174,layer4.0.conv3.weight_ch1174,1.7831318378448486
layer3.1.conv3.weight,580,layer3.1.conv3.weight_ch580,1.7827249765396118
layer3.4.conv3.weight,214,layer3.4.conv3.weight_ch214,1.7824680805206299
layer3.1.conv3.weight,271,layer3.1.conv3.weight_ch271,1.7823461294174194
layer3.2.conv3.weight,976,layer3.2.conv3.weight_ch976,1.7822468280792236
layer2.0.conv2.weight,120,layer2.0.conv2.weight_ch120,1.7817243337631226
layer2.0.conv1.weight,12,layer2.0.conv1.weight_ch12,1.7815390825271606
layer3.4.conv3.weight,370,layer3.4.conv3.weight_ch370,1.7812888622283936
layer3.1.conv3.weight,906,layer3.1.conv3.weight_ch906,1.7812548875808716
layer4.0.conv3.weight,1357,layer4.0.conv3.weight_ch1357,1.7811505794525146
layer3.4.conv3.weight,543,layer3.4.conv3.weight_ch543,1.7806450128555298
layer3.1.conv3.weight,703,layer3.1.conv3.weight_ch703,1.7806427478790283
layer3.2.conv3.weight,986,layer3.2.conv3.weight_ch986,1.7806144952774048
layer4.0.conv3.weight,1498,layer4.0.conv3.weight_ch1498,1.7804473638534546
layer3.2.conv2.weight,38,layer3.2.conv2.weight_ch38,1.780303955078125
layer4.0.conv3.weight,1350,layer4.0.conv3.weight_ch1350,1.780130386352539
layer4.0.conv3.weight,1885,layer4.0.conv3.weight_ch1885,1.7799636125564575
layer4.0.conv3.weight,1739,layer4.0.conv3.weight_ch1739,1.779849648475647
layer3.0.conv3.weight,661,layer3.0.conv3.weight_ch661,1.7797317504882812
layer3.2.conv3.weight,798,layer3.2.conv3.weight_ch798,1.7796194553375244
layer2.0.conv1.weight,75,layer2.0.conv1.weight_ch75,1.7795298099517822
layer3.3.conv3.weight,670,layer3.3.conv3.weight_ch670,1.779218077659607
layer3.0.conv2.weight,183,layer3.0.conv2.weight_ch183,1.779029369354248
layer3.2.conv3.weight,1014,layer3.2.conv3.weight_ch1014,1.778899908065796
layer4.0.conv3.weight,601,layer4.0.conv3.weight_ch601,1.7788690328598022
layer4.0.conv3.weight,1004,layer4.0.conv3.weight_ch1004,1.7785826921463013
layer4.0.conv3.weight,503,layer4.0.conv3.weight_ch503,1.7782018184661865
layer3.0.conv3.weight,643,layer3.0.conv3.weight_ch643,1.7779141664505005
layer3.5.conv3.weight,2,layer3.5.conv3.weight_ch2,1.7778422832489014
layer2.1.conv3.weight,413,layer2.1.conv3.weight_ch413,1.7777332067489624
layer4.0.conv3.weight,1495,layer4.0.conv3.weight_ch1495,1.7773112058639526
layer4.0.conv3.weight,176,layer4.0.conv3.weight_ch176,1.7771565914154053
layer4.0.conv3.weight,1716,layer4.0.conv3.weight_ch1716,1.7769829034805298
layer3.4.conv3.weight,457,layer3.4.conv3.weight_ch457,1.7769073247909546
layer3.4.conv3.weight,973,layer3.4.conv3.weight_ch973,1.7767765522003174
layer3.3.conv3.weight,674,layer3.3.conv3.weight_ch674,1.7763289213180542
layer3.3.conv3.weight,940,layer3.3.conv3.weight_ch940,1.7762858867645264
layer4.0.conv3.weight,653,layer4.0.conv3.weight_ch653,1.7758468389511108
layer3.5.conv3.weight,601,layer3.5.conv3.weight_ch601,1.775537371635437
layer3.5.conv3.weight,40,layer3.5.conv3.weight_ch40,1.7754606008529663
layer4.1.conv1.weight,220,layer4.1.conv1.weight_ch220,1.7750974893569946
layer3.2.conv3.weight,579,layer3.2.conv3.weight_ch579,1.7741951942443848
layer3.5.conv3.weight,748,layer3.5.conv3.weight_ch748,1.774185061454773
layer3.0.conv3.weight,580,layer3.0.conv3.weight_ch580,1.7741682529449463
layer4.0.conv3.weight,1457,layer4.0.conv3.weight_ch1457,1.7738674879074097
layer2.0.conv2.weight,39,layer2.0.conv2.weight_ch39,1.773855447769165
layer3.4.conv3.weight,547,layer3.4.conv3.weight_ch547,1.7737336158752441
layer3.0.conv3.weight,162,layer3.0.conv3.weight_ch162,1.7737109661102295
layer3.5.conv3.weight,398,layer3.5.conv3.weight_ch398,1.7735791206359863
layer3.4.conv3.weight,965,layer3.4.conv3.weight_ch965,1.7735131978988647
layer4.0.conv3.weight,777,layer4.0.conv3.weight_ch777,1.773329257965088
layer3.2.conv3.weight,399,layer3.2.conv3.weight_ch399,1.7729053497314453
layer3.2.conv3.weight,342,layer3.2.conv3.weight_ch342,1.772667646408081
layer3.2.conv3.weight,508,layer3.2.conv3.weight_ch508,1.7723326683044434
layer2.1.conv3.weight,135,layer2.1.conv3.weight_ch135,1.772301197052002
layer4.0.conv3.weight,99,layer4.0.conv3.weight_ch99,1.772212028503418
layer4.0.conv3.weight,1003,layer4.0.conv3.weight_ch1003,1.7717292308807373
layer4.1.conv1.weight,445,layer4.1.conv1.weight_ch445,1.7713261842727661
layer3.3.conv3.weight,27,layer3.3.conv3.weight_ch27,1.7711437940597534
layer4.0.conv3.weight,89,layer4.0.conv3.weight_ch89,1.7707463502883911
layer3.1.conv3.weight,640,layer3.1.conv3.weight_ch640,1.770625114440918
layer3.5.conv3.weight,226,layer3.5.conv3.weight_ch226,1.7700695991516113
layer3.3.conv3.weight,563,layer3.3.conv3.weight_ch563,1.7700276374816895
layer4.0.conv3.weight,1497,layer4.0.conv3.weight_ch1497,1.7697620391845703
layer3.0.conv2.weight,168,layer3.0.conv2.weight_ch168,1.769740104675293
layer4.0.conv3.weight,73,layer4.0.conv3.weight_ch73,1.768911361694336
layer3.0.conv3.weight,535,layer3.0.conv3.weight_ch535,1.7688789367675781
layer3.4.conv3.weight,529,layer3.4.conv3.weight_ch529,1.7680646181106567
layer3.0.conv3.weight,632,layer3.0.conv3.weight_ch632,1.7672268152236938
layer3.2.conv3.weight,202,layer3.2.conv3.weight_ch202,1.765910029411316
layer3.0.conv3.weight,196,layer3.0.conv3.weight_ch196,1.7658380270004272
layer4.0.conv3.weight,1840,layer4.0.conv3.weight_ch1840,1.7657015323638916
layer3.5.conv3.weight,840,layer3.5.conv3.weight_ch840,1.7656222581863403
layer3.4.conv3.weight,572,layer3.4.conv3.weight_ch572,1.7654331922531128
layer4.0.conv3.weight,1736,layer4.0.conv3.weight_ch1736,1.7651082277297974
layer3.5.conv3.weight,450,layer3.5.conv3.weight_ch450,1.7648146152496338
layer2.0.conv2.weight,2,layer2.0.conv2.weight_ch2,1.7646757364273071
layer3.2.conv2.weight,27,layer3.2.conv2.weight_ch27,1.764514446258545
layer4.0.conv3.weight,629,layer4.0.conv3.weight_ch629,1.7644600868225098
layer4.0.conv3.weight,184,layer4.0.conv3.weight_ch184,1.7641621828079224
layer3.1.conv3.weight,705,layer3.1.conv3.weight_ch705,1.7638474702835083
layer3.4.conv3.weight,644,layer3.4.conv3.weight_ch644,1.763794183731079
layer3.2.conv3.weight,406,layer3.2.conv3.weight_ch406,1.763521671295166
layer3.4.conv3.weight,26,layer3.4.conv3.weight_ch26,1.7633265256881714
layer3.2.conv3.weight,736,layer3.2.conv3.weight_ch736,1.7631601095199585
layer4.0.conv3.weight,1997,layer4.0.conv3.weight_ch1997,1.7629940509796143
layer4.0.conv3.weight,1705,layer4.0.conv3.weight_ch1705,1.7627348899841309
layer3.2.conv3.weight,172,layer3.2.conv3.weight_ch172,1.7626091241836548
layer2.3.conv2.weight,93,layer2.3.conv2.weight_ch93,1.7625007629394531
layer3.0.conv3.weight,5,layer3.0.conv3.weight_ch5,1.7618917226791382
layer4.0.conv3.weight,181,layer4.0.conv3.weight_ch181,1.7615153789520264
layer4.0.conv3.weight,916,layer4.0.conv3.weight_ch916,1.7612897157669067
layer4.0.conv3.weight,1668,layer4.0.conv3.weight_ch1668,1.7609801292419434
layer2.0.conv1.weight,101,layer2.0.conv1.weight_ch101,1.760672688484192
layer3.2.conv3.weight,650,layer3.2.conv3.weight_ch650,1.7606725692749023
layer3.2.conv3.weight,784,layer3.2.conv3.weight_ch784,1.7603269815444946
layer4.1.conv1.weight,441,layer4.1.conv1.weight_ch441,1.7601836919784546
layer3.1.conv3.weight,655,layer3.1.conv3.weight_ch655,1.7597835063934326
layer3.3.conv3.weight,189,layer3.3.conv3.weight_ch189,1.7597732543945312
layer3.2.conv3.weight,444,layer3.2.conv3.weight_ch444,1.7594109773635864
layer3.3.conv3.weight,690,layer3.3.conv3.weight_ch690,1.7594010829925537
layer3.0.conv2.weight,150,layer3.0.conv2.weight_ch150,1.759294033050537
layer2.1.conv3.weight,10,layer2.1.conv3.weight_ch10,1.7592451572418213
layer4.0.conv3.weight,1717,layer4.0.conv3.weight_ch1717,1.7591850757598877
layer4.0.conv3.weight,385,layer4.0.conv3.weight_ch385,1.7591102123260498
layer3.2.conv3.weight,204,layer3.2.conv3.weight_ch204,1.758816123008728
layer3.5.conv3.weight,939,layer3.5.conv3.weight_ch939,1.758239984512329
layer4.1.conv1.weight,104,layer4.1.conv1.weight_ch104,1.7581615447998047
layer2.0.conv2.weight,87,layer2.0.conv2.weight_ch87,1.7581515312194824
layer3.2.conv3.weight,129,layer3.2.conv3.weight_ch129,1.758052110671997
layer3.4.conv3.weight,919,layer3.4.conv3.weight_ch919,1.7579751014709473
layer3.0.conv3.weight,419,layer3.0.conv3.weight_ch419,1.757468342781067
layer3.1.conv3.weight,23,layer3.1.conv3.weight_ch23,1.7571794986724854
layer3.4.conv3.weight,409,layer3.4.conv3.weight_ch409,1.7571301460266113
layer3.1.conv3.weight,866,layer3.1.conv3.weight_ch866,1.757032871246338
layer3.0.conv2.weight,47,layer3.0.conv2.weight_ch47,1.7570295333862305
layer3.4.conv3.weight,819,layer3.4.conv3.weight_ch819,1.7568904161453247
layer3.5.conv3.weight,952,layer3.5.conv3.weight_ch952,1.7562780380249023
layer3.2.conv3.weight,710,layer3.2.conv3.weight_ch710,1.7560251951217651
layer3.3.conv3.weight,327,layer3.3.conv3.weight_ch327,1.7556198835372925
layer3.0.conv2.weight,48,layer3.0.conv2.weight_ch48,1.7551298141479492
layer3.0.conv3.weight,65,layer3.0.conv3.weight_ch65,1.7550746202468872
layer4.0.conv3.weight,454,layer4.0.conv3.weight_ch454,1.7549374103546143
layer2.1.conv3.weight,181,layer2.1.conv3.weight_ch181,1.754639744758606
layer3.2.conv3.weight,629,layer3.2.conv3.weight_ch629,1.7545487880706787
layer3.4.conv3.weight,938,layer3.4.conv3.weight_ch938,1.7532382011413574
layer3.4.conv3.weight,947,layer3.4.conv3.weight_ch947,1.7526469230651855
layer3.2.conv3.weight,386,layer3.2.conv3.weight_ch386,1.7525413036346436
layer4.1.conv1.weight,133,layer4.1.conv1.weight_ch133,1.7525179386138916
layer4.1.conv1.weight,68,layer4.1.conv1.weight_ch68,1.7522979974746704
layer3.0.conv3.weight,293,layer3.0.conv3.weight_ch293,1.7519075870513916
layer4.0.conv3.weight,939,layer4.0.conv3.weight_ch939,1.7516608238220215
layer3.3.conv3.weight,700,layer3.3.conv3.weight_ch700,1.751543402671814
layer3.1.conv3.weight,458,layer3.1.conv3.weight_ch458,1.7515175342559814
layer4.0.conv3.weight,1711,layer4.0.conv3.weight_ch1711,1.7509256601333618
layer3.2.conv2.weight,37,layer3.2.conv2.weight_ch37,1.7503764629364014
layer3.0.conv2.weight,194,layer3.0.conv2.weight_ch194,1.749388337135315
layer3.0.conv3.weight,798,layer3.0.conv3.weight_ch798,1.7493089437484741
layer3.3.conv3.weight,702,layer3.3.conv3.weight_ch702,1.7490360736846924
layer4.0.conv3.weight,179,layer4.0.conv3.weight_ch179,1.7488051652908325
layer3.3.conv3.weight,323,layer3.3.conv3.weight_ch323,1.748721957206726
layer3.4.conv3.weight,277,layer3.4.conv3.weight_ch277,1.74863600730896
layer3.4.conv3.weight,1004,layer3.4.conv3.weight_ch1004,1.7485389709472656
layer2.1.conv3.weight,385,layer2.1.conv3.weight_ch385,1.7485291957855225
layer3.2.conv2.weight,93,layer3.2.conv2.weight_ch93,1.7478587627410889
layer3.0.conv3.weight,67,layer3.0.conv3.weight_ch67,1.7478560209274292
layer3.0.conv3.weight,277,layer3.0.conv3.weight_ch277,1.7478008270263672
layer4.0.conv3.weight,943,layer4.0.conv3.weight_ch943,1.7470614910125732
layer3.2.conv3.weight,80,layer3.2.conv3.weight_ch80,1.7469176054000854
layer3.3.conv3.weight,598,layer3.3.conv3.weight_ch598,1.7468187808990479
layer3.2.conv3.weight,434,layer3.2.conv3.weight_ch434,1.74630868434906
layer3.5.conv3.weight,655,layer3.5.conv3.weight_ch655,1.7461154460906982
layer4.0.conv3.weight,946,layer4.0.conv3.weight_ch946,1.745787501335144
layer4.0.conv3.weight,269,layer4.0.conv3.weight_ch269,1.7455881834030151
layer3.3.conv3.weight,840,layer3.3.conv3.weight_ch840,1.7454782724380493
layer3.2.conv3.weight,574,layer3.2.conv3.weight_ch574,1.7454240322113037
layer4.0.conv3.weight,1664,layer4.0.conv3.weight_ch1664,1.745337724685669
layer3.0.conv3.weight,737,layer3.0.conv3.weight_ch737,1.7453198432922363
layer2.1.conv3.weight,25,layer2.1.conv3.weight_ch25,1.7451822757720947
layer3.0.conv3.weight,318,layer3.0.conv3.weight_ch318,1.74517023563385
layer4.0.conv3.weight,1817,layer4.0.conv3.weight_ch1817,1.7449997663497925
layer3.1.conv3.weight,702,layer3.1.conv3.weight_ch702,1.7441647052764893
layer3.3.conv3.weight,204,layer3.3.conv3.weight_ch204,1.7433809041976929
layer3.2.conv3.weight,611,layer3.2.conv3.weight_ch611,1.7433608770370483
layer3.2.conv3.weight,868,layer3.2.conv3.weight_ch868,1.7425252199172974
layer3.3.conv3.weight,850,layer3.3.conv3.weight_ch850,1.7424629926681519
layer3.5.conv3.weight,389,layer3.5.conv3.weight_ch389,1.7422795295715332
layer3.2.conv3.weight,463,layer3.2.conv3.weight_ch463,1.7422140836715698
layer3.0.conv2.weight,224,layer3.0.conv2.weight_ch224,1.7417763471603394
layer4.0.conv3.weight,458,layer4.0.conv3.weight_ch458,1.741599202156067
layer3.2.conv2.weight,252,layer3.2.conv2.weight_ch252,1.7415090799331665
layer3.5.conv3.weight,1018,layer3.5.conv3.weight_ch1018,1.7412115335464478
layer3.3.conv3.weight,33,layer3.3.conv3.weight_ch33,1.7411603927612305
layer3.1.conv3.weight,663,layer3.1.conv3.weight_ch663,1.740415096282959
layer3.5.conv3.weight,472,layer3.5.conv3.weight_ch472,1.7400695085525513
layer3.3.conv3.weight,979,layer3.3.conv3.weight_ch979,1.7398130893707275
layer4.0.conv3.weight,1195,layer4.0.conv3.weight_ch1195,1.739753007888794
layer4.0.conv3.weight,44,layer4.0.conv3.weight_ch44,1.7395012378692627
layer3.2.conv3.weight,992,layer3.2.conv3.weight_ch992,1.7394213676452637
layer3.0.conv3.weight,319,layer3.0.conv3.weight_ch319,1.7381912469863892
layer4.0.conv3.weight,969,layer4.0.conv3.weight_ch969,1.7378380298614502
layer3.1.conv3.weight,956,layer3.1.conv3.weight_ch956,1.7378164529800415
layer3.4.conv3.weight,279,layer3.4.conv3.weight_ch279,1.7376527786254883
layer3.4.conv3.weight,33,layer3.4.conv3.weight_ch33,1.7376110553741455
layer3.4.conv3.weight,148,layer3.4.conv3.weight_ch148,1.7374979257583618
layer3.0.conv3.weight,519,layer3.0.conv3.weight_ch519,1.737080454826355
layer3.0.conv3.weight,211,layer3.0.conv3.weight_ch211,1.737017035484314
layer3.5.conv3.weight,643,layer3.5.conv3.weight_ch643,1.7366970777511597
layer3.0.conv2.weight,144,layer3.0.conv2.weight_ch144,1.7366238832473755
layer3.5.conv3.weight,798,layer3.5.conv3.weight_ch798,1.7364357709884644
layer3.4.conv3.weight,153,layer3.4.conv3.weight_ch153,1.7360525131225586
layer4.0.conv3.weight,1625,layer4.0.conv3.weight_ch1625,1.7360234260559082
layer3.2.conv3.weight,421,layer3.2.conv3.weight_ch421,1.7359659671783447
layer3.3.conv3.weight,822,layer3.3.conv3.weight_ch822,1.7358920574188232
layer3.1.conv3.weight,545,layer3.1.conv3.weight_ch545,1.7356200218200684
layer3.0.conv3.weight,172,layer3.0.conv3.weight_ch172,1.7350118160247803
layer4.0.conv3.weight,1865,layer4.0.conv3.weight_ch1865,1.7345672845840454
layer2.0.conv2.weight,64,layer2.0.conv2.weight_ch64,1.734496831893921
layer3.5.conv3.weight,1019,layer3.5.conv3.weight_ch1019,1.7344532012939453
layer4.0.conv3.weight,1642,layer4.0.conv3.weight_ch1642,1.7344365119934082
layer3.5.conv3.weight,209,layer3.5.conv3.weight_ch209,1.7338134050369263
layer3.1.conv3.weight,998,layer3.1.conv3.weight_ch998,1.7333979606628418
layer3.4.conv3.weight,357,layer3.4.conv3.weight_ch357,1.7333941459655762
layer3.5.conv3.weight,639,layer3.5.conv3.weight_ch639,1.7331006526947021
layer3.2.conv2.weight,15,layer3.2.conv2.weight_ch15,1.732882022857666
layer4.0.conv3.weight,1544,layer4.0.conv3.weight_ch1544,1.732706069946289
layer4.0.conv3.weight,1911,layer4.0.conv3.weight_ch1911,1.7323130369186401
layer4.0.conv3.weight,1892,layer4.0.conv3.weight_ch1892,1.7315056324005127
layer3.4.conv3.weight,86,layer3.4.conv3.weight_ch86,1.7314574718475342
layer4.0.conv3.weight,823,layer4.0.conv3.weight_ch823,1.731201410293579
layer3.0.conv2.weight,173,layer3.0.conv2.weight_ch173,1.7308220863342285
layer3.2.conv3.weight,965,layer3.2.conv3.weight_ch965,1.730737566947937
layer3.3.conv3.weight,298,layer3.3.conv3.weight_ch298,1.7306492328643799
layer4.1.conv1.weight,390,layer4.1.conv1.weight_ch390,1.73020339012146
layer4.0.conv3.weight,1194,layer4.0.conv3.weight_ch1194,1.7301280498504639
layer4.0.conv3.weight,1827,layer4.0.conv3.weight_ch1827,1.7297797203063965
layer3.2.conv3.weight,571,layer3.2.conv3.weight_ch571,1.7296210527420044
layer3.2.conv3.weight,491,layer3.2.conv3.weight_ch491,1.7291914224624634
layer4.0.conv3.weight,56,layer4.0.conv3.weight_ch56,1.7284883260726929
layer4.0.conv3.weight,409,layer4.0.conv3.weight_ch409,1.7275482416152954
layer4.0.conv3.weight,880,layer4.0.conv3.weight_ch880,1.7271479368209839
layer3.4.conv3.weight,192,layer3.4.conv3.weight_ch192,1.7269634008407593
layer3.3.conv3.weight,544,layer3.3.conv3.weight_ch544,1.7267340421676636
layer3.0.conv3.weight,594,layer3.0.conv3.weight_ch594,1.7266037464141846
layer3.1.conv3.weight,356,layer3.1.conv3.weight_ch356,1.72622549533844
layer3.3.conv3.weight,788,layer3.3.conv3.weight_ch788,1.7253949642181396
layer4.0.conv3.weight,1043,layer4.0.conv3.weight_ch1043,1.725244164466858
layer2.1.conv3.weight,475,layer2.1.conv3.weight_ch475,1.7249629497528076
layer3.0.conv3.weight,684,layer3.0.conv3.weight_ch684,1.7249281406402588
layer3.1.conv3.weight,533,layer3.1.conv3.weight_ch533,1.7248826026916504
layer3.5.conv3.weight,356,layer3.5.conv3.weight_ch356,1.7247759103775024
layer3.4.conv3.weight,847,layer3.4.conv3.weight_ch847,1.7239009141921997
layer2.0.conv1.weight,64,layer2.0.conv1.weight_ch64,1.7236863374710083
layer3.0.conv3.weight,547,layer3.0.conv3.weight_ch547,1.72345769405365
layer4.0.conv3.weight,1382,layer4.0.conv3.weight_ch1382,1.723266839981079
layer3.1.conv3.weight,988,layer3.1.conv3.weight_ch988,1.7231236696243286
layer3.2.conv3.weight,300,layer3.2.conv3.weight_ch300,1.723035216331482
layer3.0.conv2.weight,110,layer3.0.conv2.weight_ch110,1.7228081226348877
layer3.2.conv2.weight,61,layer3.2.conv2.weight_ch61,1.7224416732788086
layer3.3.conv3.weight,630,layer3.3.conv3.weight_ch630,1.7224323749542236
layer3.2.conv2.weight,225,layer3.2.conv2.weight_ch225,1.722261905670166
layer4.0.conv3.weight,814,layer4.0.conv3.weight_ch814,1.721917748451233
layer3.5.conv3.weight,466,layer3.5.conv3.weight_ch466,1.7218525409698486
layer4.0.conv3.weight,696,layer4.0.conv3.weight_ch696,1.7217059135437012
layer4.0.conv3.weight,314,layer4.0.conv3.weight_ch314,1.721186876296997
layer3.2.conv3.weight,1011,layer3.2.conv3.weight_ch1011,1.7207757234573364
layer2.1.conv3.weight,261,layer2.1.conv3.weight_ch261,1.7202856540679932
layer3.0.conv3.weight,415,layer3.0.conv3.weight_ch415,1.7201341390609741
layer3.2.conv3.weight,632,layer3.2.conv3.weight_ch632,1.720133900642395
layer3.5.conv3.weight,603,layer3.5.conv3.weight_ch603,1.7201266288757324
layer2.3.conv2.weight,2,layer2.3.conv2.weight_ch2,1.7194243669509888
layer3.0.conv3.weight,718,layer3.0.conv3.weight_ch718,1.7194157838821411
layer3.4.conv3.weight,483,layer3.4.conv3.weight_ch483,1.7190167903900146
layer4.0.conv3.weight,1063,layer4.0.conv3.weight_ch1063,1.718902587890625
layer3.0.conv3.weight,475,layer3.0.conv3.weight_ch475,1.7188377380371094
layer3.2.conv3.weight,637,layer3.2.conv3.weight_ch637,1.718814730644226
layer3.4.conv3.weight,549,layer3.4.conv3.weight_ch549,1.7187223434448242
layer3.5.conv3.weight,533,layer3.5.conv3.weight_ch533,1.7185697555541992
layer4.0.conv3.weight,820,layer4.0.conv3.weight_ch820,1.718454122543335
layer3.1.conv3.weight,354,layer3.1.conv3.weight_ch354,1.7182453870773315
layer3.4.conv3.weight,721,layer3.4.conv3.weight_ch721,1.7181031703948975
layer4.0.conv3.weight,356,layer4.0.conv3.weight_ch356,1.7180685997009277
layer2.0.conv2.weight,99,layer2.0.conv2.weight_ch99,1.7178574800491333
layer3.1.conv3.weight,142,layer3.1.conv3.weight_ch142,1.7174123525619507
layer2.1.conv3.weight,99,layer2.1.conv3.weight_ch99,1.7173962593078613
layer4.0.conv3.weight,507,layer4.0.conv3.weight_ch507,1.7173633575439453
layer3.5.conv3.weight,745,layer3.5.conv3.weight_ch745,1.7172390222549438
layer3.4.conv3.weight,813,layer3.4.conv3.weight_ch813,1.7166463136672974
layer3.0.conv2.weight,236,layer3.0.conv2.weight_ch236,1.7166234254837036
layer4.0.conv3.weight,1211,layer4.0.conv3.weight_ch1211,1.7164374589920044
layer3.3.conv3.weight,1008,layer3.3.conv3.weight_ch1008,1.7164236307144165
layer2.1.conv3.weight,77,layer2.1.conv3.weight_ch77,1.7163965702056885
layer4.0.conv3.weight,1154,layer4.0.conv3.weight_ch1154,1.7161813974380493
layer4.0.conv3.weight,278,layer4.0.conv3.weight_ch278,1.7159864902496338
layer4.1.conv1.weight,309,layer4.1.conv1.weight_ch309,1.7154124975204468
layer3.0.conv2.weight,5,layer3.0.conv2.weight_ch5,1.7150458097457886
layer3.0.conv3.weight,146,layer3.0.conv3.weight_ch146,1.7149478197097778
layer3.2.conv3.weight,397,layer3.2.conv3.weight_ch397,1.714660406112671
layer3.4.conv3.weight,112,layer3.4.conv3.weight_ch112,1.7146327495574951
layer2.3.conv2.weight,97,layer2.3.conv2.weight_ch97,1.714406132698059
layer3.2.conv3.weight,239,layer3.2.conv3.weight_ch239,1.7142775058746338
layer3.4.conv3.weight,524,layer3.4.conv3.weight_ch524,1.7135729789733887
layer4.0.conv3.weight,81,layer4.0.conv3.weight_ch81,1.7135411500930786
layer3.1.conv3.weight,918,layer3.1.conv3.weight_ch918,1.7134596109390259
layer3.0.conv2.weight,187,layer3.0.conv2.weight_ch187,1.7130111455917358
layer3.2.conv3.weight,977,layer3.2.conv3.weight_ch977,1.7128337621688843
layer3.1.conv3.weight,614,layer3.1.conv3.weight_ch614,1.7127315998077393
layer3.5.conv3.weight,369,layer3.5.conv3.weight_ch369,1.7121073007583618
layer3.2.conv3.weight,31,layer3.2.conv3.weight_ch31,1.7120821475982666
layer3.1.conv3.weight,168,layer3.1.conv3.weight_ch168,1.7120184898376465
layer3.4.conv3.weight,801,layer3.4.conv3.weight_ch801,1.7119801044464111
layer3.3.conv3.weight,390,layer3.3.conv3.weight_ch390,1.7119336128234863
layer3.4.conv3.weight,690,layer3.4.conv3.weight_ch690,1.7114297151565552
layer3.4.conv3.weight,978,layer3.4.conv3.weight_ch978,1.7112867832183838
layer3.4.conv3.weight,1019,layer3.4.conv3.weight_ch1019,1.711195945739746
layer3.0.conv3.weight,497,layer3.0.conv3.weight_ch497,1.7111603021621704
layer4.1.conv1.weight,278,layer4.1.conv1.weight_ch278,1.7106118202209473
layer3.0.conv3.weight,733,layer3.0.conv3.weight_ch733,1.710486888885498
layer3.0.conv3.weight,181,layer3.0.conv3.weight_ch181,1.710344672203064
layer4.0.conv3.weight,412,layer4.0.conv3.weight_ch412,1.709985613822937
layer3.3.conv3.weight,26,layer3.3.conv3.weight_ch26,1.709931492805481
layer3.1.conv3.weight,930,layer3.1.conv3.weight_ch930,1.709649682044983
layer3.2.conv3.weight,175,layer3.2.conv3.weight_ch175,1.7093095779418945
layer3.2.conv3.weight,555,layer3.2.conv3.weight_ch555,1.7090407609939575
layer2.1.conv3.weight,433,layer2.1.conv3.weight_ch433,1.708945631980896
layer3.0.conv3.weight,484,layer3.0.conv3.weight_ch484,1.7085763216018677
layer3.2.conv3.weight,143,layer3.2.conv3.weight_ch143,1.7081427574157715
layer3.5.conv3.weight,372,layer3.5.conv3.weight_ch372,1.7080802917480469
layer4.0.conv3.weight,509,layer4.0.conv3.weight_ch509,1.7077772617340088
layer4.0.conv3.weight,477,layer4.0.conv3.weight_ch477,1.7076421976089478
layer3.0.conv2.weight,169,layer3.0.conv2.weight_ch169,1.7075304985046387
layer4.0.conv3.weight,1215,layer4.0.conv3.weight_ch1215,1.7071667909622192
layer4.0.conv3.weight,1542,layer4.0.conv3.weight_ch1542,1.707148551940918
layer4.0.conv3.weight,1482,layer4.0.conv3.weight_ch1482,1.7069671154022217
layer3.3.conv3.weight,895,layer3.3.conv3.weight_ch895,1.7065401077270508
layer4.1.conv1.weight,202,layer4.1.conv1.weight_ch202,1.706140160560608
layer3.2.conv2.weight,212,layer3.2.conv2.weight_ch212,1.7061104774475098
layer2.1.conv3.weight,368,layer2.1.conv3.weight_ch368,1.7057150602340698
layer2.0.conv2.weight,24,layer2.0.conv2.weight_ch24,1.705437183380127
layer3.0.conv3.weight,320,layer3.0.conv3.weight_ch320,1.7053630352020264
layer4.0.conv3.weight,478,layer4.0.conv3.weight_ch478,1.7051430940628052
layer3.3.conv3.weight,853,layer3.3.conv3.weight_ch853,1.704995036125183
layer3.2.conv3.weight,193,layer3.2.conv3.weight_ch193,1.7049522399902344
layer3.2.conv2.weight,127,layer3.2.conv2.weight_ch127,1.7046337127685547
layer4.1.conv1.weight,342,layer4.1.conv1.weight_ch342,1.704544186592102
layer3.4.conv3.weight,886,layer3.4.conv3.weight_ch886,1.7044768333435059
layer3.5.conv3.weight,360,layer3.5.conv3.weight_ch360,1.7040095329284668
layer4.0.conv3.weight,1325,layer4.0.conv3.weight_ch1325,1.7039457559585571
layer3.0.conv3.weight,221,layer3.0.conv3.weight_ch221,1.7038071155548096
layer3.3.conv3.weight,400,layer3.3.conv3.weight_ch400,1.7035963535308838
layer3.4.conv3.weight,957,layer3.4.conv3.weight_ch957,1.7028172016143799
layer3.4.conv3.weight,220,layer3.4.conv3.weight_ch220,1.702730417251587
layer3.3.conv3.weight,902,layer3.3.conv3.weight_ch902,1.7026019096374512
layer3.4.conv3.weight,850,layer3.4.conv3.weight_ch850,1.7026011943817139
layer4.0.conv3.weight,434,layer4.0.conv3.weight_ch434,1.7026010751724243
layer1.2.conv3.weight,55,layer1.2.conv3.weight_ch55,1.7025463581085205
layer3.2.conv3.weight,789,layer3.2.conv3.weight_ch789,1.7022532224655151
layer3.3.conv3.weight,823,layer3.3.conv3.weight_ch823,1.702229619026184
layer3.2.conv3.weight,51,layer3.2.conv3.weight_ch51,1.7021750211715698
layer3.2.conv3.weight,498,layer3.2.conv3.weight_ch498,1.7015535831451416
layer3.0.conv3.weight,380,layer3.0.conv3.weight_ch380,1.7013294696807861
layer3.1.conv3.weight,960,layer3.1.conv3.weight_ch960,1.7009950876235962
layer3.1.conv3.weight,979,layer3.1.conv3.weight_ch979,1.7008802890777588
layer3.0.conv3.weight,409,layer3.0.conv3.weight_ch409,1.7008346319198608
layer3.1.conv3.weight,123,layer3.1.conv3.weight_ch123,1.700444221496582
layer4.0.conv3.weight,1685,layer4.0.conv3.weight_ch1685,1.7003990411758423
layer3.1.conv3.weight,390,layer3.1.conv3.weight_ch390,1.7003562450408936
layer3.2.conv2.weight,53,layer3.2.conv2.weight_ch53,1.700249195098877
layer4.0.conv3.weight,1990,layer4.0.conv3.weight_ch1990,1.7002414464950562
layer3.5.conv3.weight,347,layer3.5.conv3.weight_ch347,1.7000597715377808
layer4.1.conv1.weight,363,layer4.1.conv1.weight_ch363,1.6999967098236084
layer3.1.conv3.weight,256,layer3.1.conv3.weight_ch256,1.6993952989578247
layer3.2.conv3.weight,518,layer3.2.conv3.weight_ch518,1.6991198062896729
layer4.1.conv1.weight,464,layer4.1.conv1.weight_ch464,1.6990622282028198
layer3.5.conv3.weight,853,layer3.5.conv3.weight_ch853,1.6988400220870972
layer3.2.conv3.weight,753,layer3.2.conv3.weight_ch753,1.6985691785812378
layer3.4.conv3.weight,4,layer3.4.conv3.weight_ch4,1.6984459161758423
layer3.5.conv3.weight,75,layer3.5.conv3.weight_ch75,1.698285460472107
layer2.3.conv2.weight,104,layer2.3.conv2.weight_ch104,1.6981264352798462
layer4.0.conv3.weight,1070,layer4.0.conv3.weight_ch1070,1.6977803707122803
layer4.0.conv3.weight,301,layer4.0.conv3.weight_ch301,1.697396993637085
layer3.4.conv3.weight,905,layer3.4.conv3.weight_ch905,1.6970930099487305
layer4.0.conv3.weight,711,layer4.0.conv3.weight_ch711,1.6970055103302002
layer3.4.conv3.weight,308,layer3.4.conv3.weight_ch308,1.6965463161468506
layer3.3.conv3.weight,122,layer3.3.conv3.weight_ch122,1.6964856386184692
layer3.0.conv3.weight,121,layer3.0.conv3.weight_ch121,1.6961560249328613
layer3.4.conv3.weight,808,layer3.4.conv3.weight_ch808,1.6960692405700684
layer4.1.conv1.weight,251,layer4.1.conv1.weight_ch251,1.6954911947250366
layer3.2.conv3.weight,160,layer3.2.conv3.weight_ch160,1.695420503616333
layer4.0.conv3.weight,202,layer4.0.conv3.weight_ch202,1.695243239402771
layer4.0.conv3.weight,396,layer4.0.conv3.weight_ch396,1.6951876878738403
layer3.2.conv3.weight,517,layer3.2.conv3.weight_ch517,1.6951420307159424
layer4.1.conv1.weight,307,layer4.1.conv1.weight_ch307,1.69511878490448
layer3.1.conv3.weight,709,layer3.1.conv3.weight_ch709,1.6947822570800781
layer3.5.conv3.weight,445,layer3.5.conv3.weight_ch445,1.6947264671325684
layer3.1.conv3.weight,621,layer3.1.conv3.weight_ch621,1.6944832801818848
layer3.4.conv3.weight,237,layer3.4.conv3.weight_ch237,1.6943871974945068
layer2.3.conv2.weight,98,layer2.3.conv2.weight_ch98,1.6943435668945312
layer3.1.conv3.weight,851,layer3.1.conv3.weight_ch851,1.6942473649978638
layer3.0.conv3.weight,114,layer3.0.conv3.weight_ch114,1.6942024230957031
layer3.2.conv3.weight,13,layer3.2.conv3.weight_ch13,1.6938709020614624
layer3.3.conv3.weight,518,layer3.3.conv3.weight_ch518,1.6938207149505615
layer3.0.conv3.weight,66,layer3.0.conv3.weight_ch66,1.6934102773666382
layer4.0.conv3.weight,1192,layer4.0.conv3.weight_ch1192,1.6931577920913696
layer3.5.conv3.weight,947,layer3.5.conv3.weight_ch947,1.6931043863296509
layer3.2.conv2.weight,237,layer3.2.conv2.weight_ch237,1.693063735961914
layer3.3.conv3.weight,312,layer3.3.conv3.weight_ch312,1.6930205821990967
layer4.0.conv3.weight,575,layer4.0.conv3.weight_ch575,1.6927762031555176
layer3.2.conv3.weight,445,layer3.2.conv3.weight_ch445,1.6923376321792603
layer3.2.conv3.weight,829,layer3.2.conv3.weight_ch829,1.6923072338104248
layer3.2.conv3.weight,716,layer3.2.conv3.weight_ch716,1.6921606063842773
layer3.4.conv3.weight,158,layer3.4.conv3.weight_ch158,1.6920888423919678
layer3.0.conv3.weight,99,layer3.0.conv3.weight_ch99,1.6919918060302734
layer1.2.conv3.weight,136,layer1.2.conv3.weight_ch136,1.6919755935668945
layer3.3.conv3.weight,587,layer3.3.conv3.weight_ch587,1.6914901733398438
layer4.0.conv3.weight,1057,layer4.0.conv3.weight_ch1057,1.6914262771606445
layer4.0.conv3.weight,2041,layer4.0.conv3.weight_ch2041,1.6913080215454102
layer3.5.conv3.weight,904,layer3.5.conv3.weight_ch904,1.6912908554077148
layer3.2.conv3.weight,17,layer3.2.conv3.weight_ch17,1.6911828517913818
layer3.0.conv3.weight,560,layer3.0.conv3.weight_ch560,1.6909924745559692
layer3.1.conv3.weight,339,layer3.1.conv3.weight_ch339,1.6904361248016357
layer4.0.conv3.weight,1607,layer4.0.conv3.weight_ch1607,1.6902443170547485
layer3.2.conv3.weight,660,layer3.2.conv3.weight_ch660,1.6901915073394775
layer3.4.conv3.weight,581,layer3.4.conv3.weight_ch581,1.6900062561035156
layer3.0.conv3.weight,101,layer3.0.conv3.weight_ch101,1.6898200511932373
layer4.0.conv3.weight,464,layer4.0.conv3.weight_ch464,1.6896883249282837
layer3.0.conv3.weight,666,layer3.0.conv3.weight_ch666,1.6896718740463257
layer4.0.conv3.weight,1638,layer4.0.conv3.weight_ch1638,1.6896567344665527
layer3.0.conv3.weight,897,layer3.0.conv3.weight_ch897,1.6891053915023804
layer4.0.conv3.weight,792,layer4.0.conv3.weight_ch792,1.688917636871338
layer2.1.conv3.weight,22,layer2.1.conv3.weight_ch22,1.6888680458068848
layer3.3.conv3.weight,497,layer3.3.conv3.weight_ch497,1.6886399984359741
layer4.0.conv3.weight,978,layer4.0.conv3.weight_ch978,1.6885772943496704
layer3.0.conv3.weight,686,layer3.0.conv3.weight_ch686,1.6885161399841309
layer4.0.conv3.weight,1683,layer4.0.conv3.weight_ch1683,1.6885157823562622
layer3.0.conv2.weight,73,layer3.0.conv2.weight_ch73,1.6885037422180176
layer3.3.conv3.weight,198,layer3.3.conv3.weight_ch198,1.6878304481506348
layer4.0.conv3.weight,338,layer4.0.conv3.weight_ch338,1.6870249509811401
layer2.0.conv1.weight,14,layer2.0.conv1.weight_ch14,1.686887264251709
layer3.5.conv3.weight,771,layer3.5.conv3.weight_ch771,1.6867785453796387
layer3.1.conv3.weight,469,layer3.1.conv3.weight_ch469,1.686532735824585
layer4.0.conv3.weight,1455,layer4.0.conv3.weight_ch1455,1.6865097284317017
layer2.1.conv3.weight,5,layer2.1.conv3.weight_ch5,1.6861258745193481
layer3.1.conv3.weight,373,layer3.1.conv3.weight_ch373,1.6858947277069092
layer4.0.conv3.weight,1782,layer4.0.conv3.weight_ch1782,1.6857104301452637
layer3.0.conv3.weight,228,layer3.0.conv3.weight_ch228,1.6855621337890625
layer4.0.conv3.weight,1139,layer4.0.conv3.weight_ch1139,1.6855332851409912
layer3.4.conv3.weight,609,layer3.4.conv3.weight_ch609,1.6852937936782837
layer4.0.conv3.weight,1299,layer4.0.conv3.weight_ch1299,1.684838056564331
layer3.3.conv3.weight,917,layer3.3.conv3.weight_ch917,1.684462070465088
layer3.1.conv3.weight,972,layer3.1.conv3.weight_ch972,1.6841025352478027
layer3.3.conv3.weight,580,layer3.3.conv3.weight_ch580,1.6840941905975342
layer3.5.conv3.weight,319,layer3.5.conv3.weight_ch319,1.6840863227844238
layer2.1.conv3.weight,486,layer2.1.conv3.weight_ch486,1.6840344667434692
layer3.3.conv3.weight,578,layer3.3.conv3.weight_ch578,1.683632254600525
layer2.3.conv2.weight,27,layer2.3.conv2.weight_ch27,1.6835501194000244
layer2.0.conv2.weight,91,layer2.0.conv2.weight_ch91,1.6832740306854248
layer3.2.conv3.weight,165,layer3.2.conv3.weight_ch165,1.6830923557281494
layer3.1.conv3.weight,627,layer3.1.conv3.weight_ch627,1.6830499172210693
layer3.2.conv3.weight,58,layer3.2.conv3.weight_ch58,1.6830253601074219
layer3.3.conv3.weight,504,layer3.3.conv3.weight_ch504,1.6830034255981445
layer3.2.conv2.weight,133,layer3.2.conv2.weight_ch133,1.6829862594604492
layer3.0.conv3.weight,108,layer3.0.conv3.weight_ch108,1.6825106143951416
layer3.4.conv3.weight,7,layer3.4.conv3.weight_ch7,1.6824698448181152
layer3.2.conv3.weight,841,layer3.2.conv3.weight_ch841,1.6824493408203125
layer4.1.conv1.weight,453,layer4.1.conv1.weight_ch453,1.682420015335083
layer4.0.conv3.weight,8,layer4.0.conv3.weight_ch8,1.6823248863220215
layer4.0.conv3.weight,275,layer4.0.conv3.weight_ch275,1.6818995475769043
layer4.0.conv3.weight,797,layer4.0.conv3.weight_ch797,1.6816257238388062
layer3.5.conv3.weight,996,layer3.5.conv3.weight_ch996,1.6815781593322754
layer1.2.conv3.weight,21,layer1.2.conv3.weight_ch21,1.6815407276153564
layer4.0.conv3.weight,112,layer4.0.conv3.weight_ch112,1.6810712814331055
layer3.2.conv3.weight,612,layer3.2.conv3.weight_ch612,1.6808573007583618
layer3.4.conv3.weight,841,layer3.4.conv3.weight_ch841,1.6803233623504639
layer3.3.conv3.weight,814,layer3.3.conv3.weight_ch814,1.6803011894226074
layer4.1.conv1.weight,347,layer4.1.conv1.weight_ch347,1.679561972618103
layer3.0.conv3.weight,608,layer3.0.conv3.weight_ch608,1.6793526411056519
layer2.3.conv2.weight,107,layer2.3.conv2.weight_ch107,1.679221272468567
layer3.1.conv3.weight,586,layer3.1.conv3.weight_ch586,1.6792160272598267
layer3.5.conv3.weight,132,layer3.5.conv3.weight_ch132,1.6792066097259521
layer3.3.conv3.weight,370,layer3.3.conv3.weight_ch370,1.6791462898254395
layer4.0.conv3.weight,982,layer4.0.conv3.weight_ch982,1.6791101694107056
layer3.4.conv3.weight,468,layer3.4.conv3.weight_ch468,1.6790302991867065
layer3.5.conv3.weight,633,layer3.5.conv3.weight_ch633,1.6784260272979736
layer4.0.conv3.weight,643,layer4.0.conv3.weight_ch643,1.6783726215362549
layer3.0.conv3.weight,266,layer3.0.conv3.weight_ch266,1.6782265901565552
layer3.2.conv2.weight,85,layer3.2.conv2.weight_ch85,1.6782054901123047
layer3.3.conv3.weight,919,layer3.3.conv3.weight_ch919,1.6781755685806274
layer3.5.conv3.weight,741,layer3.5.conv3.weight_ch741,1.6780651807785034
layer3.0.conv3.weight,1019,layer3.0.conv3.weight_ch1019,1.6776618957519531
layer3.0.conv2.weight,227,layer3.0.conv2.weight_ch227,1.6771702766418457
layer4.0.conv3.weight,889,layer4.0.conv3.weight_ch889,1.677169680595398
layer3.0.conv3.weight,371,layer3.0.conv3.weight_ch371,1.6768991947174072
layer3.0.conv2.weight,195,layer3.0.conv2.weight_ch195,1.6767513751983643
layer3.1.conv3.weight,429,layer3.1.conv3.weight_ch429,1.676638126373291
layer3.1.conv3.weight,395,layer3.1.conv3.weight_ch395,1.6765302419662476
layer1.2.conv3.weight,41,layer1.2.conv3.weight_ch41,1.6763314008712769
layer3.3.conv3.weight,190,layer3.3.conv3.weight_ch190,1.676100492477417
layer3.5.conv3.weight,650,layer3.5.conv3.weight_ch650,1.6760472059249878
layer4.1.conv1.weight,362,layer4.1.conv1.weight_ch362,1.6760305166244507
layer3.0.conv3.weight,395,layer3.0.conv3.weight_ch395,1.675965666770935
layer4.0.conv3.weight,1036,layer4.0.conv3.weight_ch1036,1.675960659980774
layer4.0.conv3.weight,309,layer4.0.conv3.weight_ch309,1.6757733821868896
layer2.0.conv2.weight,29,layer2.0.conv2.weight_ch29,1.6755872964859009
layer3.0.conv3.weight,692,layer3.0.conv3.weight_ch692,1.6755038499832153
layer4.0.conv3.weight,216,layer4.0.conv3.weight_ch216,1.6748998165130615
layer3.0.conv3.weight,778,layer3.0.conv3.weight_ch778,1.6748950481414795
layer1.2.conv3.weight,188,layer1.2.conv3.weight_ch188,1.674806833267212
layer2.3.conv2.weight,48,layer2.3.conv2.weight_ch48,1.6746516227722168
layer4.0.conv3.weight,1465,layer4.0.conv3.weight_ch1465,1.6745741367340088
layer4.0.conv3.weight,1590,layer4.0.conv3.weight_ch1590,1.6745508909225464
layer4.0.conv3.weight,172,layer4.0.conv3.weight_ch172,1.6744637489318848
layer3.2.conv3.weight,613,layer3.2.conv3.weight_ch613,1.6738355159759521
layer4.0.conv3.weight,479,layer4.0.conv3.weight_ch479,1.6737912893295288
layer3.1.conv3.weight,1007,layer3.1.conv3.weight_ch1007,1.6736321449279785
layer3.5.conv3.weight,785,layer3.5.conv3.weight_ch785,1.6734141111373901
layer3.0.conv3.weight,653,layer3.0.conv3.weight_ch653,1.6734086275100708
layer3.3.conv3.weight,149,layer3.3.conv3.weight_ch149,1.6733778715133667
layer3.4.conv3.weight,723,layer3.4.conv3.weight_ch723,1.6731253862380981
layer3.2.conv3.weight,697,layer3.2.conv3.weight_ch697,1.6730962991714478
layer3.1.conv3.weight,1003,layer3.1.conv3.weight_ch1003,1.6730828285217285
layer3.1.conv3.weight,839,layer3.1.conv3.weight_ch839,1.6728949546813965
layer4.0.conv3.weight,1826,layer4.0.conv3.weight_ch1826,1.6720048189163208
layer3.2.conv2.weight,192,layer3.2.conv2.weight_ch192,1.6717431545257568
layer4.0.conv3.weight,469,layer4.0.conv3.weight_ch469,1.6716089248657227
layer3.3.conv3.weight,562,layer3.3.conv3.weight_ch562,1.6713776588439941
layer3.1.conv3.weight,525,layer3.1.conv3.weight_ch525,1.6712102890014648
layer3.2.conv3.weight,981,layer3.2.conv3.weight_ch981,1.6711684465408325
layer3.4.conv3.weight,654,layer3.4.conv3.weight_ch654,1.6707675457000732
layer3.5.conv3.weight,92,layer3.5.conv3.weight_ch92,1.6706656217575073
layer4.0.conv3.weight,637,layer4.0.conv3.weight_ch637,1.6699438095092773
layer3.4.conv3.weight,698,layer3.4.conv3.weight_ch698,1.6694605350494385
layer4.0.conv3.weight,244,layer4.0.conv3.weight_ch244,1.6693086624145508
layer3.1.conv3.weight,4,layer3.1.conv3.weight_ch4,1.668977975845337
layer3.3.conv3.weight,743,layer3.3.conv3.weight_ch743,1.6688979864120483
layer2.1.conv3.weight,398,layer2.1.conv3.weight_ch398,1.668758749961853
layer3.5.conv3.weight,111,layer3.5.conv3.weight_ch111,1.6685959100723267
layer4.1.conv1.weight,129,layer4.1.conv1.weight_ch129,1.6681722402572632
layer3.1.conv3.weight,487,layer3.1.conv3.weight_ch487,1.6679147481918335
layer4.1.conv1.weight,225,layer4.1.conv1.weight_ch225,1.6675548553466797
layer3.2.conv3.weight,375,layer3.2.conv3.weight_ch375,1.6668766736984253
layer3.2.conv3.weight,924,layer3.2.conv3.weight_ch924,1.6667159795761108
layer3.1.conv3.weight,319,layer3.1.conv3.weight_ch319,1.6666184663772583
layer4.0.conv3.weight,794,layer4.0.conv3.weight_ch794,1.6664955615997314
layer3.0.conv3.weight,516,layer3.0.conv3.weight_ch516,1.6657664775848389
layer4.0.conv3.weight,514,layer4.0.conv3.weight_ch514,1.6651667356491089
layer4.0.conv3.weight,1206,layer4.0.conv3.weight_ch1206,1.6648409366607666
layer4.0.conv3.weight,1532,layer4.0.conv3.weight_ch1532,1.664595603942871
layer3.4.conv3.weight,735,layer3.4.conv3.weight_ch735,1.6642762422561646
layer3.5.conv3.weight,297,layer3.5.conv3.weight_ch297,1.6636772155761719
layer3.2.conv3.weight,817,layer3.2.conv3.weight_ch817,1.6631247997283936
layer2.1.conv3.weight,106,layer2.1.conv3.weight_ch106,1.6630525588989258
layer4.0.conv3.weight,958,layer4.0.conv3.weight_ch958,1.662649154663086
layer3.0.conv3.weight,300,layer3.0.conv3.weight_ch300,1.6620515584945679
layer3.0.conv3.weight,224,layer3.0.conv3.weight_ch224,1.6619832515716553
layer3.1.conv3.weight,437,layer3.1.conv3.weight_ch437,1.6619360446929932
layer3.2.conv3.weight,2,layer3.2.conv3.weight_ch2,1.6618837118148804
layer3.2.conv3.weight,220,layer3.2.conv3.weight_ch220,1.6618602275848389
layer3.0.conv3.weight,303,layer3.0.conv3.weight_ch303,1.6616113185882568
layer3.3.conv3.weight,798,layer3.3.conv3.weight_ch798,1.6614491939544678
layer3.1.conv3.weight,566,layer3.1.conv3.weight_ch566,1.6613950729370117
layer4.0.conv3.weight,2036,layer4.0.conv3.weight_ch2036,1.661359190940857
layer3.3.conv3.weight,351,layer3.3.conv3.weight_ch351,1.6613562107086182
layer4.0.conv3.weight,1855,layer4.0.conv3.weight_ch1855,1.6612776517868042
layer3.0.conv3.weight,896,layer3.0.conv3.weight_ch896,1.660813331604004
layer3.0.conv3.weight,414,layer3.0.conv3.weight_ch414,1.6603907346725464
layer3.2.conv3.weight,235,layer3.2.conv3.weight_ch235,1.6601122617721558
layer2.3.conv2.weight,30,layer2.3.conv2.weight_ch30,1.6600581407546997
layer3.4.conv3.weight,658,layer3.4.conv3.weight_ch658,1.660034418106079
layer2.1.conv3.weight,410,layer2.1.conv3.weight_ch410,1.6594589948654175
layer4.0.conv3.weight,457,layer4.0.conv3.weight_ch457,1.659430980682373
layer2.0.conv1.weight,36,layer2.0.conv1.weight_ch36,1.6592742204666138
layer3.5.conv3.weight,815,layer3.5.conv3.weight_ch815,1.6590960025787354
layer3.0.conv2.weight,125,layer3.0.conv2.weight_ch125,1.6581295728683472
layer3.2.conv3.weight,720,layer3.2.conv3.weight_ch720,1.6580315828323364
layer3.4.conv3.weight,480,layer3.4.conv3.weight_ch480,1.6576974391937256
layer3.2.conv3.weight,303,layer3.2.conv3.weight_ch303,1.6576911211013794
layer3.2.conv3.weight,687,layer3.2.conv3.weight_ch687,1.6570113897323608
layer3.1.conv3.weight,299,layer3.1.conv3.weight_ch299,1.6568342447280884
layer1.2.conv3.weight,208,layer1.2.conv3.weight_ch208,1.6567590236663818
layer2.0.conv2.weight,56,layer2.0.conv2.weight_ch56,1.6566132307052612
layer2.3.conv2.weight,38,layer2.3.conv2.weight_ch38,1.6565279960632324
layer3.1.conv3.weight,515,layer3.1.conv3.weight_ch515,1.6563833951950073
layer4.0.conv3.weight,283,layer4.0.conv3.weight_ch283,1.656085729598999
layer3.1.conv3.weight,781,layer3.1.conv3.weight_ch781,1.655705213546753
layer1.2.conv3.weight,211,layer1.2.conv3.weight_ch211,1.6553683280944824
layer3.1.conv3.weight,579,layer3.1.conv3.weight_ch579,1.6551241874694824
layer3.0.conv3.weight,513,layer3.0.conv3.weight_ch513,1.654976725578308
layer3.0.conv3.weight,672,layer3.0.conv3.weight_ch672,1.654213786125183
layer4.0.conv3.weight,540,layer4.0.conv3.weight_ch540,1.654107928276062
layer3.1.conv3.weight,306,layer3.1.conv3.weight_ch306,1.6536682844161987
layer3.2.conv2.weight,249,layer3.2.conv2.weight_ch249,1.6535546779632568
layer1.2.conv3.weight,253,layer1.2.conv3.weight_ch253,1.6535168886184692
layer3.5.conv3.weight,492,layer3.5.conv3.weight_ch492,1.6535115242004395
layer3.0.conv3.weight,629,layer3.0.conv3.weight_ch629,1.653430700302124
layer3.1.conv3.weight,762,layer3.1.conv3.weight_ch762,1.653364896774292
layer3.2.conv3.weight,144,layer3.2.conv3.weight_ch144,1.653342604637146
layer3.0.conv3.weight,14,layer3.0.conv3.weight_ch14,1.6533104181289673
layer3.2.conv2.weight,104,layer3.2.conv2.weight_ch104,1.6532219648361206
layer3.1.conv3.weight,589,layer3.1.conv3.weight_ch589,1.6530652046203613
layer3.5.conv3.weight,726,layer3.5.conv3.weight_ch726,1.6528059244155884
layer3.0.conv3.weight,877,layer3.0.conv3.weight_ch877,1.6524977684020996
layer3.4.conv3.weight,25,layer3.4.conv3.weight_ch25,1.6523723602294922
layer3.3.conv3.weight,364,layer3.3.conv3.weight_ch364,1.6523425579071045
layer3.3.conv3.weight,799,layer3.3.conv3.weight_ch799,1.6518000364303589
layer3.3.conv3.weight,267,layer3.3.conv3.weight_ch267,1.6513924598693848
layer3.0.conv2.weight,83,layer3.0.conv2.weight_ch83,1.651044487953186
layer4.0.conv3.weight,1013,layer4.0.conv3.weight_ch1013,1.6500862836837769
layer3.4.conv3.weight,612,layer3.4.conv3.weight_ch612,1.6500084400177002
layer3.4.conv3.weight,263,layer3.4.conv3.weight_ch263,1.649855136871338
layer3.2.conv3.weight,822,layer3.2.conv3.weight_ch822,1.6493797302246094
layer1.2.conv3.weight,52,layer1.2.conv3.weight_ch52,1.6493661403656006
layer3.1.conv3.weight,198,layer3.1.conv3.weight_ch198,1.6492507457733154
layer3.3.conv3.weight,76,layer3.3.conv3.weight_ch76,1.6490790843963623
layer3.0.conv3.weight,265,layer3.0.conv3.weight_ch265,1.6485539674758911
layer3.2.conv3.weight,259,layer3.2.conv3.weight_ch259,1.648524284362793
layer3.3.conv3.weight,726,layer3.3.conv3.weight_ch726,1.6484293937683105
layer4.0.conv3.weight,876,layer4.0.conv3.weight_ch876,1.6479456424713135
layer3.0.conv2.weight,19,layer3.0.conv2.weight_ch19,1.6479321718215942
layer4.0.conv3.weight,1618,layer4.0.conv3.weight_ch1618,1.6477277278900146
layer3.3.conv3.weight,167,layer3.3.conv3.weight_ch167,1.647451400756836
layer3.3.conv3.weight,558,layer3.3.conv3.weight_ch558,1.6473743915557861
layer2.0.conv2.weight,22,layer2.0.conv2.weight_ch22,1.6470417976379395
layer3.1.conv3.weight,436,layer3.1.conv3.weight_ch436,1.646989107131958
layer3.4.conv3.weight,638,layer3.4.conv3.weight_ch638,1.646955132484436
layer3.0.conv3.weight,366,layer3.0.conv3.weight_ch366,1.6468093395233154
layer3.1.conv3.weight,57,layer3.1.conv3.weight_ch57,1.6466683149337769
layer3.1.conv3.weight,89,layer3.1.conv3.weight_ch89,1.6463671922683716
layer3.3.conv3.weight,124,layer3.3.conv3.weight_ch124,1.6462359428405762
layer3.0.conv3.weight,71,layer3.0.conv3.weight_ch71,1.6456351280212402
layer3.0.conv3.weight,1001,layer3.0.conv3.weight_ch1001,1.645085334777832
layer2.1.conv3.weight,118,layer2.1.conv3.weight_ch118,1.6449036598205566
layer3.1.conv3.weight,895,layer3.1.conv3.weight_ch895,1.6446501016616821
layer4.0.conv3.weight,574,layer4.0.conv3.weight_ch574,1.6444404125213623
layer3.3.conv3.weight,496,layer3.3.conv3.weight_ch496,1.6444228887557983
layer3.3.conv3.weight,989,layer3.3.conv3.weight_ch989,1.6442667245864868
layer4.0.conv3.weight,186,layer4.0.conv3.weight_ch186,1.6442368030548096
layer3.4.conv3.weight,274,layer3.4.conv3.weight_ch274,1.6441819667816162
layer3.4.conv3.weight,35,layer3.4.conv3.weight_ch35,1.6438852548599243
layer3.5.conv3.weight,779,layer3.5.conv3.weight_ch779,1.6436591148376465
layer4.0.conv3.weight,1399,layer4.0.conv3.weight_ch1399,1.643623948097229
layer4.0.conv3.weight,554,layer4.0.conv3.weight_ch554,1.6435927152633667
layer3.0.conv3.weight,381,layer3.0.conv3.weight_ch381,1.6434507369995117
layer3.0.conv3.weight,821,layer3.0.conv3.weight_ch821,1.6432493925094604
layer3.0.conv3.weight,641,layer3.0.conv3.weight_ch641,1.6427738666534424
layer3.0.conv2.weight,113,layer3.0.conv2.weight_ch113,1.6427054405212402
layer2.0.conv2.weight,90,layer2.0.conv2.weight_ch90,1.6421265602111816
layer4.0.conv3.weight,676,layer4.0.conv3.weight_ch676,1.6420711278915405
layer3.0.conv3.weight,159,layer3.0.conv3.weight_ch159,1.6419894695281982
layer2.3.conv2.weight,83,layer2.3.conv2.weight_ch83,1.6414463520050049
layer4.1.conv1.weight,238,layer4.1.conv1.weight_ch238,1.641158938407898
layer3.0.conv3.weight,225,layer3.0.conv3.weight_ch225,1.6406733989715576
layer3.5.conv3.weight,898,layer3.5.conv3.weight_ch898,1.6405608654022217
layer3.5.conv3.weight,117,layer3.5.conv3.weight_ch117,1.6403794288635254
layer4.0.conv3.weight,1212,layer4.0.conv3.weight_ch1212,1.6403579711914062
layer3.1.conv3.weight,902,layer3.1.conv3.weight_ch902,1.6398957967758179
layer3.5.conv3.weight,1015,layer3.5.conv3.weight_ch1015,1.6398496627807617
layer3.5.conv3.weight,107,layer3.5.conv3.weight_ch107,1.6395018100738525
layer3.3.conv3.weight,432,layer3.3.conv3.weight_ch432,1.6392571926116943
layer3.3.conv3.weight,638,layer3.3.conv3.weight_ch638,1.639086127281189
layer2.1.conv3.weight,163,layer2.1.conv3.weight_ch163,1.6389400959014893
layer3.5.conv3.weight,58,layer3.5.conv3.weight_ch58,1.6388142108917236
layer4.0.conv3.weight,1078,layer4.0.conv3.weight_ch1078,1.6388062238693237
layer4.0.conv3.weight,1488,layer4.0.conv3.weight_ch1488,1.6385674476623535
layer3.4.conv3.weight,437,layer3.4.conv3.weight_ch437,1.638475775718689
layer4.1.conv1.weight,86,layer4.1.conv1.weight_ch86,1.6384556293487549
layer3.3.conv3.weight,687,layer3.3.conv3.weight_ch687,1.6376338005065918
layer2.3.conv2.weight,96,layer2.3.conv2.weight_ch96,1.637282371520996
layer3.0.conv3.weight,908,layer3.0.conv3.weight_ch908,1.637089729309082
layer3.5.conv3.weight,294,layer3.5.conv3.weight_ch294,1.6369004249572754
layer3.3.conv3.weight,649,layer3.3.conv3.weight_ch649,1.6367753744125366
layer2.1.conv3.weight,37,layer2.1.conv3.weight_ch37,1.6367472410202026
layer3.2.conv3.weight,583,layer3.2.conv3.weight_ch583,1.6365669965744019
layer3.5.conv3.weight,155,layer3.5.conv3.weight_ch155,1.6365500688552856
layer3.1.conv3.weight,79,layer3.1.conv3.weight_ch79,1.636372447013855
layer3.2.conv3.weight,102,layer3.2.conv3.weight_ch102,1.636272668838501
layer3.0.conv3.weight,862,layer3.0.conv3.weight_ch862,1.6359760761260986
layer3.5.conv3.weight,943,layer3.5.conv3.weight_ch943,1.6357346773147583
layer3.0.conv3.weight,548,layer3.0.conv3.weight_ch548,1.63548743724823
layer3.0.conv2.weight,158,layer3.0.conv2.weight_ch158,1.6352730989456177
layer3.2.conv3.weight,413,layer3.2.conv3.weight_ch413,1.6352382898330688
layer3.3.conv3.weight,409,layer3.3.conv3.weight_ch409,1.6343355178833008
layer3.2.conv3.weight,973,layer3.2.conv3.weight_ch973,1.6341005563735962
layer4.0.conv3.weight,1008,layer4.0.conv3.weight_ch1008,1.6339958906173706
layer3.2.conv2.weight,22,layer3.2.conv2.weight_ch22,1.6328505277633667
layer3.4.conv3.weight,432,layer3.4.conv3.weight_ch432,1.6326950788497925
layer4.0.conv3.weight,1893,layer4.0.conv3.weight_ch1893,1.6326851844787598
layer3.4.conv3.weight,217,layer3.4.conv3.weight_ch217,1.6325310468673706
layer3.0.conv3.weight,573,layer3.0.conv3.weight_ch573,1.6324057579040527
layer3.2.conv2.weight,230,layer3.2.conv2.weight_ch230,1.6319222450256348
layer3.1.conv3.weight,124,layer3.1.conv3.weight_ch124,1.6315184831619263
layer3.5.conv3.weight,166,layer3.5.conv3.weight_ch166,1.6313964128494263
layer2.3.conv2.weight,41,layer2.3.conv2.weight_ch41,1.6313921213150024
layer3.2.conv2.weight,175,layer3.2.conv2.weight_ch175,1.6313852071762085
layer4.1.conv1.weight,77,layer4.1.conv1.weight_ch77,1.6313334703445435
layer3.2.conv3.weight,634,layer3.2.conv3.weight_ch634,1.6310498714447021
layer3.1.conv3.weight,698,layer3.1.conv3.weight_ch698,1.631020188331604
layer3.0.conv3.weight,828,layer3.0.conv3.weight_ch828,1.631000280380249
layer3.5.conv3.weight,459,layer3.5.conv3.weight_ch459,1.630962610244751
layer3.1.conv3.weight,452,layer3.1.conv3.weight_ch452,1.630542278289795
layer3.0.conv3.weight,338,layer3.0.conv3.weight_ch338,1.6300344467163086
layer3.1.conv3.weight,664,layer3.1.conv3.weight_ch664,1.6300092935562134
layer2.1.conv3.weight,465,layer2.1.conv3.weight_ch465,1.6297321319580078
layer4.0.conv3.weight,1834,layer4.0.conv3.weight_ch1834,1.6296409368515015
layer3.2.conv3.weight,38,layer3.2.conv3.weight_ch38,1.6295053958892822
layer3.3.conv3.weight,459,layer3.3.conv3.weight_ch459,1.6291273832321167
layer3.0.conv3.weight,987,layer3.0.conv3.weight_ch987,1.6287733316421509
layer3.0.conv3.weight,455,layer3.0.conv3.weight_ch455,1.628728985786438
layer3.0.conv2.weight,3,layer3.0.conv2.weight_ch3,1.6284654140472412
layer3.2.conv3.weight,640,layer3.2.conv3.weight_ch640,1.6283637285232544
layer4.1.conv1.weight,242,layer4.1.conv1.weight_ch242,1.628243088722229
layer3.0.conv3.weight,974,layer3.0.conv3.weight_ch974,1.628005862236023
layer3.0.conv2.weight,232,layer3.0.conv2.weight_ch232,1.6274360418319702
layer4.0.conv3.weight,584,layer4.0.conv3.weight_ch584,1.627404808998108
layer4.0.conv3.weight,1285,layer4.0.conv3.weight_ch1285,1.6273860931396484
layer3.5.conv3.weight,896,layer3.5.conv3.weight_ch896,1.6271507740020752
layer3.0.conv3.weight,166,layer3.0.conv3.weight_ch166,1.6269605159759521
layer3.1.conv3.weight,861,layer3.1.conv3.weight_ch861,1.626837968826294
layer2.1.conv3.weight,321,layer2.1.conv3.weight_ch321,1.6267989873886108
layer3.0.conv3.weight,335,layer3.0.conv3.weight_ch335,1.6264623403549194
layer3.3.conv3.weight,676,layer3.3.conv3.weight_ch676,1.6262465715408325
layer4.0.conv3.weight,908,layer4.0.conv3.weight_ch908,1.6261769533157349
layer3.0.conv3.weight,617,layer3.0.conv3.weight_ch617,1.6259814500808716
layer3.2.conv3.weight,936,layer3.2.conv3.weight_ch936,1.6259377002716064
layer3.0.conv2.weight,152,layer3.0.conv2.weight_ch152,1.6250306367874146
layer3.2.conv3.weight,89,layer3.2.conv3.weight_ch89,1.624963641166687
layer3.2.conv3.weight,381,layer3.2.conv3.weight_ch381,1.6247329711914062
layer3.3.conv3.weight,957,layer3.3.conv3.weight_ch957,1.6244924068450928
layer3.2.conv2.weight,209,layer3.2.conv2.weight_ch209,1.6244559288024902
layer3.2.conv2.weight,23,layer3.2.conv2.weight_ch23,1.6243577003479004
layer3.4.conv3.weight,23,layer3.4.conv3.weight_ch23,1.6243455410003662
layer4.0.conv3.weight,405,layer4.0.conv3.weight_ch405,1.6242657899856567
layer3.5.conv3.weight,573,layer3.5.conv3.weight_ch573,1.6242334842681885
layer3.4.conv3.weight,949,layer3.4.conv3.weight_ch949,1.624099612236023
layer3.2.conv3.weight,680,layer3.2.conv3.weight_ch680,1.6237469911575317
layer3.0.conv3.weight,94,layer3.0.conv3.weight_ch94,1.6235164403915405
layer3.5.conv3.weight,24,layer3.5.conv3.weight_ch24,1.6234856843948364
layer3.1.conv3.weight,846,layer3.1.conv3.weight_ch846,1.6234450340270996
layer2.1.conv3.weight,350,layer2.1.conv3.weight_ch350,1.6233044862747192
layer3.2.conv3.weight,585,layer3.2.conv3.weight_ch585,1.6232776641845703
layer3.5.conv3.weight,296,layer3.5.conv3.weight_ch296,1.6231204271316528
layer3.0.conv3.weight,712,layer3.0.conv3.weight_ch712,1.6217916011810303
layer3.3.conv3.weight,664,layer3.3.conv3.weight_ch664,1.6217586994171143
layer3.0.conv3.weight,195,layer3.0.conv3.weight_ch195,1.6213139295578003
layer3.4.conv3.weight,54,layer3.4.conv3.weight_ch54,1.6212884187698364
layer3.2.conv2.weight,77,layer3.2.conv2.weight_ch77,1.6212114095687866
layer3.0.conv2.weight,250,layer3.0.conv2.weight_ch250,1.6211247444152832
layer3.3.conv3.weight,118,layer3.3.conv3.weight_ch118,1.6210960149765015
layer3.0.conv3.weight,572,layer3.0.conv3.weight_ch572,1.6210167407989502
layer4.0.conv3.weight,1176,layer4.0.conv3.weight_ch1176,1.6208300590515137
layer3.5.conv3.weight,915,layer3.5.conv3.weight_ch915,1.620803713798523
layer3.5.conv3.weight,458,layer3.5.conv3.weight_ch458,1.6207166910171509
layer4.0.conv3.weight,530,layer4.0.conv3.weight_ch530,1.620681881904602
layer3.5.conv3.weight,608,layer3.5.conv3.weight_ch608,1.6206260919570923
layer4.0.conv3.weight,1053,layer4.0.conv3.weight_ch1053,1.6203516721725464
layer3.2.conv2.weight,176,layer3.2.conv2.weight_ch176,1.6203473806381226
layer3.1.conv3.weight,646,layer3.1.conv3.weight_ch646,1.6202447414398193
layer3.2.conv3.weight,130,layer3.2.conv3.weight_ch130,1.620169758796692
layer3.0.conv3.weight,412,layer3.0.conv3.weight_ch412,1.6200952529907227
layer4.0.conv3.weight,1161,layer4.0.conv3.weight_ch1161,1.6198804378509521
layer3.2.conv2.weight,157,layer3.2.conv2.weight_ch157,1.6196784973144531
layer3.0.conv2.weight,164,layer3.0.conv2.weight_ch164,1.6195721626281738
layer3.5.conv3.weight,468,layer3.5.conv3.weight_ch468,1.6194865703582764
layer3.3.conv3.weight,839,layer3.3.conv3.weight_ch839,1.6193954944610596
layer4.0.conv3.weight,235,layer4.0.conv3.weight_ch235,1.6193374395370483
layer3.4.conv3.weight,573,layer3.4.conv3.weight_ch573,1.6190600395202637
layer3.3.conv3.weight,561,layer3.3.conv3.weight_ch561,1.6189957857131958
layer3.1.conv3.weight,932,layer3.1.conv3.weight_ch932,1.6189051866531372
layer3.4.conv3.weight,941,layer3.4.conv3.weight_ch941,1.6185407638549805
layer3.2.conv3.weight,0,layer3.2.conv3.weight_ch0,1.618478536605835
layer4.1.conv1.weight,212,layer4.1.conv1.weight_ch212,1.618245005607605
layer3.0.conv3.weight,953,layer3.0.conv3.weight_ch953,1.6182125806808472
layer3.1.conv3.weight,1008,layer3.1.conv3.weight_ch1008,1.6178382635116577
layer3.5.conv3.weight,942,layer3.5.conv3.weight_ch942,1.6176522970199585
layer2.1.conv3.weight,357,layer2.1.conv3.weight_ch357,1.6172610521316528
layer4.1.conv1.weight,49,layer4.1.conv1.weight_ch49,1.6170734167099
layer4.0.conv3.weight,517,layer4.0.conv3.weight_ch517,1.6170220375061035
layer3.4.conv3.weight,213,layer3.4.conv3.weight_ch213,1.6168781518936157
layer3.2.conv3.weight,525,layer3.2.conv3.weight_ch525,1.6167539358139038
layer3.5.conv3.weight,306,layer3.5.conv3.weight_ch306,1.6166614294052124
layer3.1.conv3.weight,631,layer3.1.conv3.weight_ch631,1.6161303520202637
layer3.0.conv2.weight,188,layer3.0.conv2.weight_ch188,1.6161059141159058
layer2.0.conv2.weight,30,layer2.0.conv2.weight_ch30,1.6157231330871582
layer3.0.conv3.weight,814,layer3.0.conv3.weight_ch814,1.615687608718872
layer3.4.conv3.weight,426,layer3.4.conv3.weight_ch426,1.6156742572784424
layer2.3.conv2.weight,69,layer2.3.conv2.weight_ch69,1.615661382675171
layer2.1.conv3.weight,499,layer2.1.conv3.weight_ch499,1.6152997016906738
layer3.2.conv3.weight,225,layer3.2.conv3.weight_ch225,1.615100383758545
layer3.3.conv3.weight,509,layer3.3.conv3.weight_ch509,1.6146968603134155
layer3.4.conv3.weight,613,layer3.4.conv3.weight_ch613,1.614519715309143
layer2.1.conv3.weight,462,layer2.1.conv3.weight_ch462,1.6132150888442993
layer3.2.conv3.weight,275,layer3.2.conv3.weight_ch275,1.6129744052886963
layer3.1.conv3.weight,697,layer3.1.conv3.weight_ch697,1.6129703521728516
layer3.2.conv3.weight,209,layer3.2.conv3.weight_ch209,1.61257803440094
layer4.0.conv3.weight,508,layer4.0.conv3.weight_ch508,1.6125364303588867
layer4.1.conv1.weight,361,layer4.1.conv1.weight_ch361,1.6120718717575073
layer3.2.conv3.weight,4,layer3.2.conv3.weight_ch4,1.611979603767395
layer3.3.conv3.weight,171,layer3.3.conv3.weight_ch171,1.6117725372314453
layer4.0.conv3.weight,1058,layer4.0.conv3.weight_ch1058,1.611768126487732
layer3.2.conv3.weight,173,layer3.2.conv3.weight_ch173,1.6115472316741943
layer4.0.conv3.weight,1228,layer4.0.conv3.weight_ch1228,1.6113617420196533
layer3.4.conv3.weight,260,layer3.4.conv3.weight_ch260,1.6112946271896362
layer3.4.conv3.weight,44,layer3.4.conv3.weight_ch44,1.610809326171875
layer4.0.conv3.weight,3,layer4.0.conv3.weight_ch3,1.610334873199463
layer3.1.conv3.weight,375,layer3.1.conv3.weight_ch375,1.610097885131836
layer3.2.conv2.weight,7,layer3.2.conv2.weight_ch7,1.6100318431854248
layer3.0.conv3.weight,53,layer3.0.conv3.weight_ch53,1.6097164154052734
layer3.1.conv3.weight,387,layer3.1.conv3.weight_ch387,1.6097118854522705
layer3.1.conv3.weight,995,layer3.1.conv3.weight_ch995,1.6096408367156982
layer3.3.conv3.weight,152,layer3.3.conv3.weight_ch152,1.6092064380645752
layer3.0.conv3.weight,880,layer3.0.conv3.weight_ch880,1.609135627746582
layer2.0.conv2.weight,27,layer2.0.conv2.weight_ch27,1.6090795993804932
layer4.0.conv3.weight,1375,layer4.0.conv3.weight_ch1375,1.6089022159576416
layer4.0.conv3.weight,1200,layer4.0.conv3.weight_ch1200,1.6086757183074951
layer3.1.conv3.weight,603,layer3.1.conv3.weight_ch603,1.6083167791366577
layer3.3.conv3.weight,119,layer3.3.conv3.weight_ch119,1.6082671880722046
layer3.3.conv3.weight,217,layer3.3.conv3.weight_ch217,1.6082061529159546
layer4.1.conv1.weight,459,layer4.1.conv1.weight_ch459,1.6075284481048584
layer4.0.conv3.weight,1971,layer4.0.conv3.weight_ch1971,1.6074836254119873
layer3.1.conv3.weight,8,layer3.1.conv3.weight_ch8,1.6074607372283936
layer3.3.conv3.weight,200,layer3.3.conv3.weight_ch200,1.6070468425750732
layer3.3.conv3.weight,1013,layer3.3.conv3.weight_ch1013,1.6069519519805908
layer3.5.conv3.weight,382,layer3.5.conv3.weight_ch382,1.606691837310791
layer3.1.conv3.weight,910,layer3.1.conv3.weight_ch910,1.6066867113113403
layer4.0.conv3.weight,1408,layer4.0.conv3.weight_ch1408,1.6061897277832031
layer1.2.conv3.weight,67,layer1.2.conv3.weight_ch67,1.6060808897018433
layer3.2.conv3.weight,118,layer3.2.conv3.weight_ch118,1.6059290170669556
layer4.0.conv3.weight,1277,layer4.0.conv3.weight_ch1277,1.6057569980621338
layer4.1.conv1.weight,418,layer4.1.conv1.weight_ch418,1.6057400703430176
layer3.0.conv2.weight,153,layer3.0.conv2.weight_ch153,1.6057193279266357
layer3.0.conv2.weight,118,layer3.0.conv2.weight_ch118,1.6055662631988525
layer2.1.conv3.weight,355,layer2.1.conv3.weight_ch355,1.6052546501159668
layer3.0.conv3.weight,461,layer3.0.conv3.weight_ch461,1.6051535606384277
layer3.3.conv3.weight,971,layer3.3.conv3.weight_ch971,1.6051418781280518
layer3.1.conv3.weight,822,layer3.1.conv3.weight_ch822,1.6050947904586792
layer3.2.conv3.weight,892,layer3.2.conv3.weight_ch892,1.60508131980896
layer4.0.conv3.weight,1441,layer4.0.conv3.weight_ch1441,1.6049998998641968
layer4.0.conv3.weight,97,layer4.0.conv3.weight_ch97,1.6049669981002808
layer3.5.conv3.weight,518,layer3.5.conv3.weight_ch518,1.6045440435409546
layer3.2.conv3.weight,305,layer3.2.conv3.weight_ch305,1.6040217876434326
layer3.2.conv2.weight,205,layer3.2.conv2.weight_ch205,1.6039010286331177
layer3.4.conv3.weight,742,layer3.4.conv3.weight_ch742,1.6037052869796753
layer3.0.conv3.weight,276,layer3.0.conv3.weight_ch276,1.6036498546600342
layer4.0.conv3.weight,738,layer4.0.conv3.weight_ch738,1.6035773754119873
layer3.5.conv3.weight,757,layer3.5.conv3.weight_ch757,1.6034400463104248
layer4.0.conv3.weight,997,layer4.0.conv3.weight_ch997,1.6024744510650635
layer4.0.conv3.weight,1877,layer4.0.conv3.weight_ch1877,1.602423906326294
layer4.0.conv3.weight,1052,layer4.0.conv3.weight_ch1052,1.6021281480789185
layer4.0.conv3.weight,1860,layer4.0.conv3.weight_ch1860,1.6017673015594482
layer3.5.conv3.weight,152,layer3.5.conv3.weight_ch152,1.6006343364715576
layer3.2.conv3.weight,755,layer3.2.conv3.weight_ch755,1.6003851890563965
layer4.0.conv3.weight,217,layer4.0.conv3.weight_ch217,1.6003375053405762
layer3.2.conv2.weight,180,layer3.2.conv2.weight_ch180,1.6001027822494507
layer3.4.conv3.weight,239,layer3.4.conv3.weight_ch239,1.5998969078063965
layer4.0.conv3.weight,377,layer4.0.conv3.weight_ch377,1.5997560024261475
layer3.4.conv3.weight,51,layer3.4.conv3.weight_ch51,1.5994226932525635
layer3.3.conv3.weight,742,layer3.3.conv3.weight_ch742,1.5985028743743896
layer4.1.conv1.weight,22,layer4.1.conv1.weight_ch22,1.598210334777832
layer3.5.conv3.weight,954,layer3.5.conv3.weight_ch954,1.5981098413467407
layer3.1.conv3.weight,764,layer3.1.conv3.weight_ch764,1.5979615449905396
layer3.4.conv3.weight,346,layer3.4.conv3.weight_ch346,1.5979194641113281
layer3.4.conv3.weight,318,layer3.4.conv3.weight_ch318,1.5976496934890747
layer3.4.conv3.weight,464,layer3.4.conv3.weight_ch464,1.5973771810531616
layer3.5.conv3.weight,220,layer3.5.conv3.weight_ch220,1.5968012809753418
layer4.0.conv3.weight,1518,layer4.0.conv3.weight_ch1518,1.596501111984253
layer3.3.conv3.weight,771,layer3.3.conv3.weight_ch771,1.5964363813400269
layer3.5.conv3.weight,792,layer3.5.conv3.weight_ch792,1.5963126420974731
layer4.0.conv3.weight,57,layer4.0.conv3.weight_ch57,1.5963006019592285
layer4.0.conv3.weight,1123,layer4.0.conv3.weight_ch1123,1.5961651802062988
layer3.0.conv2.weight,235,layer3.0.conv2.weight_ch235,1.595923662185669
layer2.1.conv3.weight,474,layer2.1.conv3.weight_ch474,1.595508337020874
layer3.0.conv3.weight,728,layer3.0.conv3.weight_ch728,1.595381736755371
layer4.0.conv3.weight,16,layer4.0.conv3.weight_ch16,1.5953683853149414
layer3.0.conv3.weight,954,layer3.0.conv3.weight_ch954,1.5951340198516846
layer3.2.conv3.weight,645,layer3.2.conv3.weight_ch645,1.595046043395996
layer2.1.conv3.weight,162,layer2.1.conv3.weight_ch162,1.5947436094284058
layer3.2.conv3.weight,108,layer3.2.conv3.weight_ch108,1.5942236185073853
layer3.2.conv3.weight,91,layer3.2.conv3.weight_ch91,1.5940256118774414
layer3.3.conv3.weight,944,layer3.3.conv3.weight_ch944,1.5939525365829468
layer3.1.conv3.weight,312,layer3.1.conv3.weight_ch312,1.5939075946807861
layer3.2.conv3.weight,942,layer3.2.conv3.weight_ch942,1.593562364578247
layer4.1.conv1.weight,285,layer4.1.conv1.weight_ch285,1.5934498310089111
layer1.2.conv3.weight,69,layer1.2.conv3.weight_ch69,1.5934224128723145
layer3.3.conv3.weight,540,layer3.3.conv3.weight_ch540,1.59340500831604
layer3.3.conv3.weight,537,layer3.3.conv3.weight_ch537,1.5933759212493896
layer3.4.conv3.weight,692,layer3.4.conv3.weight_ch692,1.593235969543457
layer3.2.conv3.weight,1003,layer3.2.conv3.weight_ch1003,1.5932244062423706
layer1.2.conv3.weight,197,layer1.2.conv3.weight_ch197,1.5929198265075684
layer3.1.conv3.weight,809,layer3.1.conv3.weight_ch809,1.5925428867340088
layer3.0.conv3.weight,681,layer3.0.conv3.weight_ch681,1.5923075675964355
layer4.0.conv3.weight,484,layer4.0.conv3.weight_ch484,1.59229576587677
layer4.0.conv3.weight,1042,layer4.0.conv3.weight_ch1042,1.5921975374221802
layer3.4.conv3.weight,190,layer3.4.conv3.weight_ch190,1.5920881032943726
layer3.4.conv3.weight,343,layer3.4.conv3.weight_ch343,1.5915910005569458
layer3.1.conv3.weight,913,layer3.1.conv3.weight_ch913,1.5909550189971924
layer3.0.conv3.weight,945,layer3.0.conv3.weight_ch945,1.590846300125122
layer4.0.conv3.weight,1573,layer4.0.conv3.weight_ch1573,1.5907745361328125
layer3.1.conv3.weight,414,layer3.1.conv3.weight_ch414,1.5902013778686523
layer3.2.conv3.weight,454,layer3.2.conv3.weight_ch454,1.5900310277938843
layer2.0.conv2.weight,50,layer2.0.conv2.weight_ch50,1.590018391609192
layer3.4.conv3.weight,824,layer3.4.conv3.weight_ch824,1.5900073051452637
layer3.0.conv3.weight,994,layer3.0.conv3.weight_ch994,1.5899772644042969
layer3.0.conv3.weight,772,layer3.0.conv3.weight_ch772,1.5896954536437988
layer4.0.conv3.weight,339,layer4.0.conv3.weight_ch339,1.589248538017273
layer2.1.conv3.weight,469,layer2.1.conv3.weight_ch469,1.5891824960708618
layer4.0.conv3.weight,1113,layer4.0.conv3.weight_ch1113,1.589069128036499
layer3.1.conv3.weight,758,layer3.1.conv3.weight_ch758,1.5888395309448242
layer4.0.conv3.weight,1547,layer4.0.conv3.weight_ch1547,1.5888234376907349
layer3.5.conv3.weight,513,layer3.5.conv3.weight_ch513,1.5885869264602661
layer3.4.conv3.weight,495,layer3.4.conv3.weight_ch495,1.5885593891143799
layer2.3.conv2.weight,77,layer2.3.conv2.weight_ch77,1.5882978439331055
layer1.2.conv3.weight,242,layer1.2.conv3.weight_ch242,1.5880993604660034
layer1.2.conv3.weight,204,layer1.2.conv3.weight_ch204,1.5878314971923828
layer3.1.conv3.weight,182,layer3.1.conv3.weight_ch182,1.587800145149231
layer4.0.conv3.weight,506,layer4.0.conv3.weight_ch506,1.5876401662826538
layer3.1.conv3.weight,275,layer3.1.conv3.weight_ch275,1.5873513221740723
layer3.3.conv3.weight,1007,layer3.3.conv3.weight_ch1007,1.587254524230957
layer3.4.conv3.weight,773,layer3.4.conv3.weight_ch773,1.587192416191101
layer4.0.conv3.weight,1181,layer4.0.conv3.weight_ch1181,1.586879014968872
layer2.0.conv2.weight,74,layer2.0.conv2.weight_ch74,1.5866559743881226
layer4.0.conv3.weight,1636,layer4.0.conv3.weight_ch1636,1.5866477489471436
layer4.0.conv3.weight,180,layer4.0.conv3.weight_ch180,1.5866341590881348
layer3.2.conv3.weight,423,layer3.2.conv3.weight_ch423,1.586395025253296
layer4.0.conv3.weight,1263,layer4.0.conv3.weight_ch1263,1.5862536430358887
layer4.1.conv1.weight,34,layer4.1.conv1.weight_ch34,1.5859085321426392
layer3.1.conv3.weight,870,layer3.1.conv3.weight_ch870,1.585322618484497
layer4.0.conv3.weight,604,layer4.0.conv3.weight_ch604,1.5849981307983398
layer3.1.conv3.weight,868,layer3.1.conv3.weight_ch868,1.5844221115112305
layer3.3.conv3.weight,935,layer3.3.conv3.weight_ch935,1.5843987464904785
layer3.3.conv3.weight,506,layer3.3.conv3.weight_ch506,1.5840011835098267
layer3.5.conv3.weight,735,layer3.5.conv3.weight_ch735,1.5839662551879883
layer4.1.conv1.weight,142,layer4.1.conv1.weight_ch142,1.5833673477172852
layer3.3.conv3.weight,482,layer3.3.conv3.weight_ch482,1.5830260515213013
layer3.4.conv3.weight,799,layer3.4.conv3.weight_ch799,1.5818039178848267
layer3.1.conv3.weight,348,layer3.1.conv3.weight_ch348,1.5817689895629883
layer4.0.conv3.weight,616,layer4.0.conv3.weight_ch616,1.581752061843872
layer3.0.conv3.weight,948,layer3.0.conv3.weight_ch948,1.581629753112793
layer3.1.conv3.weight,88,layer3.1.conv3.weight_ch88,1.5810928344726562
layer3.2.conv3.weight,856,layer3.2.conv3.weight_ch856,1.5810463428497314
layer3.0.conv3.weight,984,layer3.0.conv3.weight_ch984,1.5810261964797974
layer3.4.conv3.weight,294,layer3.4.conv3.weight_ch294,1.5808850526809692
layer2.1.conv3.weight,90,layer2.1.conv3.weight_ch90,1.5808337926864624
layer3.2.conv2.weight,28,layer3.2.conv2.weight_ch28,1.5806225538253784
layer3.5.conv3.weight,413,layer3.5.conv3.weight_ch413,1.5805009603500366
layer3.1.conv3.weight,121,layer3.1.conv3.weight_ch121,1.5804967880249023
layer2.3.conv2.weight,10,layer2.3.conv2.weight_ch10,1.5804492235183716
layer3.0.conv3.weight,25,layer3.0.conv3.weight_ch25,1.5802924633026123
layer4.0.conv3.weight,67,layer4.0.conv3.weight_ch67,1.579788088798523
layer3.5.conv3.weight,305,layer3.5.conv3.weight_ch305,1.5796209573745728
layer3.2.conv3.weight,255,layer3.2.conv3.weight_ch255,1.5791605710983276
layer3.3.conv3.weight,698,layer3.3.conv3.weight_ch698,1.5785942077636719
layer3.3.conv3.weight,795,layer3.3.conv3.weight_ch795,1.578526258468628
layer3.2.conv3.weight,94,layer3.2.conv3.weight_ch94,1.5782727003097534
layer3.0.conv3.weight,40,layer3.0.conv3.weight_ch40,1.577933669090271
layer2.3.conv2.weight,53,layer2.3.conv2.weight_ch53,1.5779190063476562
layer3.2.conv3.weight,299,layer3.2.conv3.weight_ch299,1.5779064893722534
layer3.5.conv3.weight,500,layer3.5.conv3.weight_ch500,1.5778850317001343
layer3.3.conv3.weight,577,layer3.3.conv3.weight_ch577,1.5777159929275513
layer4.0.conv3.weight,175,layer4.0.conv3.weight_ch175,1.5776809453964233
layer4.0.conv3.weight,1546,layer4.0.conv3.weight_ch1546,1.577627420425415
layer3.5.conv3.weight,192,layer3.5.conv3.weight_ch192,1.5775439739227295
layer4.0.conv3.weight,850,layer4.0.conv3.weight_ch850,1.5774781703948975
layer3.1.conv3.weight,562,layer3.1.conv3.weight_ch562,1.5774683952331543
layer3.2.conv3.weight,944,layer3.2.conv3.weight_ch944,1.5772207975387573
layer3.0.conv3.weight,141,layer3.0.conv3.weight_ch141,1.5771350860595703
layer3.1.conv3.weight,923,layer3.1.conv3.weight_ch923,1.5769153833389282
layer3.2.conv3.weight,483,layer3.2.conv3.weight_ch483,1.5769121646881104
layer3.4.conv3.weight,804,layer3.4.conv3.weight_ch804,1.5768098831176758
layer4.0.conv3.weight,240,layer4.0.conv3.weight_ch240,1.5757300853729248
layer4.0.conv3.weight,1764,layer4.0.conv3.weight_ch1764,1.5756791830062866
layer3.1.conv3.weight,977,layer3.1.conv3.weight_ch977,1.575595498085022
layer3.3.conv3.weight,127,layer3.3.conv3.weight_ch127,1.5755717754364014
layer4.0.conv3.weight,1693,layer4.0.conv3.weight_ch1693,1.5755549669265747
layer2.1.conv3.weight,428,layer2.1.conv3.weight_ch428,1.575214147567749
layer3.2.conv3.weight,289,layer3.2.conv3.weight_ch289,1.5751408338546753
layer3.2.conv3.weight,537,layer3.2.conv3.weight_ch537,1.5748661756515503
layer2.0.conv1.weight,7,layer2.0.conv1.weight_ch7,1.5741223096847534
layer4.0.conv3.weight,1619,layer4.0.conv3.weight_ch1619,1.5741122961044312
layer3.2.conv3.weight,762,layer3.2.conv3.weight_ch762,1.5741046667099
layer3.3.conv3.weight,472,layer3.3.conv3.weight_ch472,1.5738651752471924
layer3.2.conv3.weight,46,layer3.2.conv3.weight_ch46,1.573681116104126
layer3.5.conv3.weight,902,layer3.5.conv3.weight_ch902,1.5734093189239502
layer3.5.conv3.weight,672,layer3.5.conv3.weight_ch672,1.5731487274169922
layer3.1.conv3.weight,158,layer3.1.conv3.weight_ch158,1.5730289220809937
layer4.0.conv3.weight,500,layer4.0.conv3.weight_ch500,1.5727964639663696
layer3.0.conv3.weight,289,layer3.0.conv3.weight_ch289,1.5726797580718994
layer3.5.conv3.weight,364,layer3.5.conv3.weight_ch364,1.5725315809249878
layer2.0.conv2.weight,45,layer2.0.conv2.weight_ch45,1.572005033493042
layer3.5.conv3.weight,94,layer3.5.conv3.weight_ch94,1.5719321966171265
layer3.2.conv3.weight,124,layer3.2.conv3.weight_ch124,1.5714542865753174
layer3.5.conv3.weight,241,layer3.5.conv3.weight_ch241,1.5714335441589355
layer2.0.conv2.weight,57,layer2.0.conv2.weight_ch57,1.5713400840759277
layer3.3.conv3.weight,444,layer3.3.conv3.weight_ch444,1.5712974071502686
layer3.3.conv3.weight,959,layer3.3.conv3.weight_ch959,1.5712406635284424
layer3.2.conv2.weight,30,layer3.2.conv2.weight_ch30,1.5709588527679443
layer3.1.conv3.weight,410,layer3.1.conv3.weight_ch410,1.570889949798584
layer3.3.conv3.weight,519,layer3.3.conv3.weight_ch519,1.5706413984298706
layer3.3.conv3.weight,675,layer3.3.conv3.weight_ch675,1.5704213380813599
layer4.1.conv1.weight,76,layer4.1.conv1.weight_ch76,1.5704081058502197
layer4.0.conv3.weight,1901,layer4.0.conv3.weight_ch1901,1.5703973770141602
layer3.2.conv2.weight,88,layer3.2.conv2.weight_ch88,1.5703208446502686
layer4.0.conv3.weight,1454,layer4.0.conv3.weight_ch1454,1.5701375007629395
layer3.0.conv2.weight,155,layer3.0.conv2.weight_ch155,1.5699467658996582
layer3.0.conv3.weight,693,layer3.0.conv3.weight_ch693,1.569906234741211
layer3.3.conv3.weight,974,layer3.3.conv3.weight_ch974,1.5698870420455933
layer3.0.conv3.weight,589,layer3.0.conv3.weight_ch589,1.5698050260543823
layer4.0.conv3.weight,488,layer4.0.conv3.weight_ch488,1.5696977376937866
layer3.0.conv3.weight,57,layer3.0.conv3.weight_ch57,1.5694818496704102
layer3.2.conv3.weight,327,layer3.2.conv3.weight_ch327,1.569469928741455
layer3.2.conv2.weight,14,layer3.2.conv2.weight_ch14,1.5686694383621216
layer4.0.conv3.weight,43,layer4.0.conv3.weight_ch43,1.5684821605682373
layer3.1.conv3.weight,935,layer3.1.conv3.weight_ch935,1.5682998895645142
layer4.0.conv3.weight,1089,layer4.0.conv3.weight_ch1089,1.5681509971618652
layer3.4.conv3.weight,314,layer3.4.conv3.weight_ch314,1.568089246749878
layer3.5.conv3.weight,1020,layer3.5.conv3.weight_ch1020,1.5679415464401245
layer3.5.conv3.weight,598,layer3.5.conv3.weight_ch598,1.5677919387817383
layer3.0.conv3.weight,324,layer3.0.conv3.weight_ch324,1.5675820112228394
layer3.1.conv3.weight,904,layer3.1.conv3.weight_ch904,1.5674997568130493
layer3.3.conv3.weight,568,layer3.3.conv3.weight_ch568,1.5673158168792725
layer3.4.conv3.weight,209,layer3.4.conv3.weight_ch209,1.5672801733016968
layer3.2.conv2.weight,243,layer3.2.conv2.weight_ch243,1.567252278327942
layer3.5.conv3.weight,885,layer3.5.conv3.weight_ch885,1.5669291019439697
layer3.2.conv3.weight,982,layer3.2.conv3.weight_ch982,1.5669090747833252
layer2.1.conv3.weight,174,layer2.1.conv3.weight_ch174,1.566558599472046
layer4.0.conv3.weight,1295,layer4.0.conv3.weight_ch1295,1.5665466785430908
layer3.1.conv3.weight,301,layer3.1.conv3.weight_ch301,1.5662897825241089
layer3.5.conv3.weight,525,layer3.5.conv3.weight_ch525,1.5662691593170166
layer3.1.conv3.weight,524,layer3.1.conv3.weight_ch524,1.5662368535995483
layer3.1.conv3.weight,66,layer3.1.conv3.weight_ch66,1.5662362575531006
layer3.0.conv3.weight,1015,layer3.0.conv3.weight_ch1015,1.5660760402679443
layer4.0.conv3.weight,929,layer4.0.conv3.weight_ch929,1.56605863571167
layer4.0.conv3.weight,900,layer4.0.conv3.weight_ch900,1.56537663936615
layer3.0.conv3.weight,562,layer3.0.conv3.weight_ch562,1.5653679370880127
layer3.2.conv2.weight,199,layer3.2.conv2.weight_ch199,1.5651540756225586
layer4.0.conv3.weight,76,layer4.0.conv3.weight_ch76,1.5649795532226562
layer3.4.conv3.weight,756,layer3.4.conv3.weight_ch756,1.5649429559707642
layer1.2.conv3.weight,160,layer1.2.conv3.weight_ch160,1.5646482706069946
layer3.3.conv3.weight,184,layer3.3.conv3.weight_ch184,1.564072847366333
layer4.1.conv1.weight,447,layer4.1.conv1.weight_ch447,1.5640449523925781
layer4.0.conv3.weight,1061,layer4.0.conv3.weight_ch1061,1.5640134811401367
layer3.0.conv3.weight,451,layer3.0.conv3.weight_ch451,1.5638805627822876
layer3.0.conv3.weight,2,layer3.0.conv3.weight_ch2,1.5638480186462402
layer2.1.conv3.weight,246,layer2.1.conv3.weight_ch246,1.563768744468689
layer3.0.conv3.weight,399,layer3.0.conv3.weight_ch399,1.5636234283447266
layer3.4.conv3.weight,334,layer3.4.conv3.weight_ch334,1.563568115234375
layer3.0.conv2.weight,149,layer3.0.conv2.weight_ch149,1.563367247581482
layer3.5.conv3.weight,843,layer3.5.conv3.weight_ch843,1.5630507469177246
layer2.1.conv3.weight,391,layer2.1.conv3.weight_ch391,1.562949538230896
layer3.3.conv3.weight,737,layer3.3.conv3.weight_ch737,1.5629152059555054
layer3.0.conv3.weight,651,layer3.0.conv3.weight_ch651,1.5626040697097778
layer3.5.conv3.weight,834,layer3.5.conv3.weight_ch834,1.5623940229415894
layer1.2.conv3.weight,154,layer1.2.conv3.weight_ch154,1.562359094619751
layer4.1.conv1.weight,467,layer4.1.conv1.weight_ch467,1.5623348951339722
layer3.5.conv3.weight,81,layer3.5.conv3.weight_ch81,1.562329649925232
layer4.0.conv3.weight,164,layer4.0.conv3.weight_ch164,1.5618579387664795
layer3.3.conv3.weight,463,layer3.3.conv3.weight_ch463,1.5614643096923828
layer3.1.conv3.weight,512,layer3.1.conv3.weight_ch512,1.5613492727279663
layer3.0.conv3.weight,523,layer3.0.conv3.weight_ch523,1.5612179040908813
layer3.0.conv3.weight,500,layer3.0.conv3.weight_ch500,1.5610963106155396
layer3.1.conv3.weight,48,layer3.1.conv3.weight_ch48,1.560741662979126
layer1.2.conv3.weight,227,layer1.2.conv3.weight_ch227,1.560420274734497
layer3.2.conv2.weight,25,layer3.2.conv2.weight_ch25,1.560184121131897
layer4.0.conv3.weight,252,layer4.0.conv3.weight_ch252,1.559897541999817
layer2.3.conv2.weight,114,layer2.3.conv2.weight_ch114,1.5595735311508179
layer3.5.conv3.weight,233,layer3.5.conv3.weight_ch233,1.559014916419983
layer4.0.conv3.weight,1611,layer4.0.conv3.weight_ch1611,1.5587857961654663
layer3.3.conv3.weight,968,layer3.3.conv3.weight_ch968,1.5584297180175781
layer3.3.conv3.weight,216,layer3.3.conv3.weight_ch216,1.5584050416946411
layer3.3.conv3.weight,381,layer3.3.conv3.weight_ch381,1.5575965642929077
layer3.2.conv3.weight,561,layer3.2.conv3.weight_ch561,1.557523488998413
layer3.1.conv3.weight,216,layer3.1.conv3.weight_ch216,1.5574861764907837
layer4.0.conv3.weight,1468,layer4.0.conv3.weight_ch1468,1.5574113130569458
layer2.0.conv2.weight,31,layer2.0.conv2.weight_ch31,1.557111144065857
layer3.5.conv3.weight,618,layer3.5.conv3.weight_ch618,1.5569798946380615
layer3.1.conv3.weight,744,layer3.1.conv3.weight_ch744,1.5567972660064697
layer3.1.conv3.weight,431,layer3.1.conv3.weight_ch431,1.5567185878753662
layer4.0.conv3.weight,381,layer4.0.conv3.weight_ch381,1.5565959215164185
layer3.0.conv3.weight,1014,layer3.0.conv3.weight_ch1014,1.556391954421997
layer3.2.conv3.weight,388,layer3.2.conv3.weight_ch388,1.5561776161193848
layer4.0.conv3.weight,223,layer4.0.conv3.weight_ch223,1.5558363199234009
layer3.2.conv3.weight,354,layer3.2.conv3.weight_ch354,1.555617094039917
layer2.0.conv2.weight,65,layer2.0.conv2.weight_ch65,1.5552786588668823
layer3.4.conv3.weight,223,layer3.4.conv3.weight_ch223,1.5552115440368652
layer3.1.conv3.weight,941,layer3.1.conv3.weight_ch941,1.5543872117996216
layer2.1.conv3.weight,364,layer2.1.conv3.weight_ch364,1.553533911705017
layer2.1.conv3.weight,363,layer2.1.conv3.weight_ch363,1.553499460220337
layer3.2.conv2.weight,118,layer3.2.conv2.weight_ch118,1.5533051490783691
layer3.4.conv3.weight,471,layer3.4.conv3.weight_ch471,1.5532596111297607
layer3.5.conv3.weight,301,layer3.5.conv3.weight_ch301,1.553092360496521
layer4.0.conv3.weight,229,layer4.0.conv3.weight_ch229,1.5528666973114014
layer3.1.conv3.weight,166,layer3.1.conv3.weight_ch166,1.5527267456054688
layer3.3.conv3.weight,437,layer3.3.conv3.weight_ch437,1.5526885986328125
layer3.1.conv3.weight,992,layer3.1.conv3.weight_ch992,1.5525306463241577
layer2.1.conv3.weight,221,layer2.1.conv3.weight_ch221,1.5521063804626465
layer2.1.conv3.weight,58,layer2.1.conv3.weight_ch58,1.5518144369125366
layer2.0.conv2.weight,58,layer2.0.conv2.weight_ch58,1.5515532493591309
layer3.1.conv3.weight,421,layer3.1.conv3.weight_ch421,1.551453948020935
layer3.3.conv3.weight,763,layer3.3.conv3.weight_ch763,1.5514535903930664
layer3.1.conv3.weight,925,layer3.1.conv3.weight_ch925,1.5513622760772705
layer4.1.conv1.weight,439,layer4.1.conv1.weight_ch439,1.5511785745620728
layer3.5.conv3.weight,448,layer3.5.conv3.weight_ch448,1.5509834289550781
layer3.3.conv3.weight,405,layer3.3.conv3.weight_ch405,1.5509666204452515
layer3.5.conv3.weight,318,layer3.5.conv3.weight_ch318,1.5508251190185547
layer3.4.conv3.weight,640,layer3.4.conv3.weight_ch640,1.5507386922836304
layer3.5.conv3.weight,638,layer3.5.conv3.weight_ch638,1.5506682395935059
layer3.2.conv3.weight,156,layer3.2.conv3.weight_ch156,1.5506430864334106
layer3.0.conv2.weight,254,layer3.0.conv2.weight_ch254,1.5506253242492676
layer3.2.conv2.weight,215,layer3.2.conv2.weight_ch215,1.5504881143569946
layer3.3.conv3.weight,3,layer3.3.conv3.weight_ch3,1.550384283065796
layer3.0.conv2.weight,107,layer3.0.conv2.weight_ch107,1.5501563549041748
layer3.5.conv3.weight,488,layer3.5.conv3.weight_ch488,1.5500223636627197
layer3.2.conv2.weight,58,layer3.2.conv2.weight_ch58,1.549647331237793
layer2.3.conv2.weight,80,layer2.3.conv2.weight_ch80,1.549201250076294
layer3.5.conv3.weight,786,layer3.5.conv3.weight_ch786,1.5485632419586182
layer4.1.conv1.weight,244,layer4.1.conv1.weight_ch244,1.5481908321380615
layer3.4.conv3.weight,66,layer3.4.conv3.weight_ch66,1.54807710647583
layer3.5.conv3.weight,148,layer3.5.conv3.weight_ch148,1.5473169088363647
layer3.5.conv3.weight,335,layer3.5.conv3.weight_ch335,1.547261357307434
layer3.0.conv2.weight,119,layer3.0.conv2.weight_ch119,1.5463489294052124
layer4.0.conv3.weight,1599,layer4.0.conv3.weight_ch1599,1.5459390878677368
layer4.0.conv3.weight,1317,layer4.0.conv3.weight_ch1317,1.5454095602035522
layer3.4.conv3.weight,594,layer3.4.conv3.weight_ch594,1.5453169345855713
layer4.0.conv3.weight,1677,layer4.0.conv3.weight_ch1677,1.5451921224594116
layer3.4.conv3.weight,446,layer3.4.conv3.weight_ch446,1.544783592224121
layer3.4.conv3.weight,602,layer3.4.conv3.weight_ch602,1.5447381734848022
layer3.5.conv3.weight,916,layer3.5.conv3.weight_ch916,1.5445904731750488
layer3.0.conv3.weight,309,layer3.0.conv3.weight_ch309,1.544313907623291
layer2.0.conv1.weight,69,layer2.0.conv1.weight_ch69,1.544123649597168
layer3.4.conv3.weight,877,layer3.4.conv3.weight_ch877,1.5438612699508667
layer3.0.conv2.weight,230,layer3.0.conv2.weight_ch230,1.5435553789138794
layer4.0.conv3.weight,1069,layer4.0.conv3.weight_ch1069,1.5430705547332764
layer3.2.conv3.weight,59,layer3.2.conv3.weight_ch59,1.5430326461791992
layer1.2.conv3.weight,56,layer1.2.conv3.weight_ch56,1.5429961681365967
layer3.5.conv3.weight,880,layer3.5.conv3.weight_ch880,1.5429738759994507
layer3.5.conv3.weight,203,layer3.5.conv3.weight_ch203,1.5424035787582397
layer3.1.conv3.weight,286,layer3.1.conv3.weight_ch286,1.5423650741577148
layer3.1.conv3.weight,100,layer3.1.conv3.weight_ch100,1.542283535003662
layer3.0.conv2.weight,10,layer3.0.conv2.weight_ch10,1.5410876274108887
layer3.5.conv3.weight,659,layer3.5.conv3.weight_ch659,1.5408496856689453
layer3.0.conv3.weight,63,layer3.0.conv3.weight_ch63,1.5406913757324219
layer3.2.conv2.weight,170,layer3.2.conv2.weight_ch170,1.540515422821045
layer3.1.conv3.weight,946,layer3.1.conv3.weight_ch946,1.5403711795806885
layer3.4.conv3.weight,427,layer3.4.conv3.weight_ch427,1.5401479005813599
layer3.0.conv2.weight,41,layer3.0.conv2.weight_ch41,1.539919137954712
layer3.3.conv3.weight,681,layer3.3.conv3.weight_ch681,1.5392767190933228
layer3.5.conv3.weight,937,layer3.5.conv3.weight_ch937,1.5392587184906006
layer3.3.conv3.weight,24,layer3.3.conv3.weight_ch24,1.5388833284378052
layer3.0.conv3.weight,173,layer3.0.conv3.weight_ch173,1.5388290882110596
layer4.0.conv3.weight,1146,layer4.0.conv3.weight_ch1146,1.5385892391204834
layer3.5.conv3.weight,1013,layer3.5.conv3.weight_ch1013,1.5385568141937256
layer3.2.conv3.weight,161,layer3.2.conv3.weight_ch161,1.5383977890014648
layer3.4.conv3.weight,434,layer3.4.conv3.weight_ch434,1.5381801128387451
layer3.2.conv2.weight,206,layer3.2.conv2.weight_ch206,1.538102626800537
layer2.0.conv2.weight,60,layer2.0.conv2.weight_ch60,1.538062334060669
layer3.2.conv2.weight,9,layer3.2.conv2.weight_ch9,1.537555456161499
layer3.5.conv3.weight,240,layer3.5.conv3.weight_ch240,1.5374796390533447
layer2.1.conv3.weight,414,layer2.1.conv3.weight_ch414,1.5371493101119995
layer3.1.conv3.weight,933,layer3.1.conv3.weight_ch933,1.5371344089508057
layer3.2.conv2.weight,197,layer3.2.conv2.weight_ch197,1.5369192361831665
layer3.5.conv3.weight,729,layer3.5.conv3.weight_ch729,1.5369106531143188
layer1.2.conv3.weight,120,layer1.2.conv3.weight_ch120,1.5366781949996948
layer3.1.conv3.weight,821,layer3.1.conv3.weight_ch821,1.5365511178970337
layer3.0.conv3.weight,633,layer3.0.conv3.weight_ch633,1.5364500284194946
layer3.0.conv3.weight,793,layer3.0.conv3.weight_ch793,1.5362812280654907
layer3.1.conv3.weight,253,layer3.1.conv3.weight_ch253,1.536179780960083
layer3.1.conv3.weight,978,layer3.1.conv3.weight_ch978,1.53609037399292
layer3.0.conv2.weight,78,layer3.0.conv2.weight_ch78,1.5360150337219238
layer3.4.conv3.weight,620,layer3.4.conv3.weight_ch620,1.536008596420288
layer3.3.conv3.weight,388,layer3.3.conv3.weight_ch388,1.5358935594558716
layer3.0.conv3.weight,676,layer3.0.conv3.weight_ch676,1.5357446670532227
layer3.5.conv3.weight,658,layer3.5.conv3.weight_ch658,1.5355172157287598
layer3.5.conv3.weight,812,layer3.5.conv3.weight_ch812,1.5354595184326172
layer3.2.conv3.weight,212,layer3.2.conv3.weight_ch212,1.535313606262207
layer4.0.conv3.weight,239,layer4.0.conv3.weight_ch239,1.5351948738098145
layer2.1.conv3.weight,78,layer2.1.conv3.weight_ch78,1.5351313352584839
layer3.4.conv3.weight,643,layer3.4.conv3.weight_ch643,1.5350594520568848
layer3.0.conv3.weight,771,layer3.0.conv3.weight_ch771,1.534893274307251
layer3.2.conv2.weight,19,layer3.2.conv2.weight_ch19,1.534508466720581
layer4.0.conv3.weight,426,layer4.0.conv3.weight_ch426,1.5344797372817993
layer3.2.conv2.weight,168,layer3.2.conv2.weight_ch168,1.5342646837234497
layer4.0.conv3.weight,736,layer4.0.conv3.weight_ch736,1.5342137813568115
layer3.1.conv3.weight,29,layer3.1.conv3.weight_ch29,1.5340940952301025
layer4.0.conv3.weight,1954,layer4.0.conv3.weight_ch1954,1.534024953842163
layer4.0.conv3.weight,2005,layer4.0.conv3.weight_ch2005,1.5340009927749634
layer4.0.conv3.weight,1252,layer4.0.conv3.weight_ch1252,1.533859372138977
layer3.3.conv3.weight,333,layer3.3.conv3.weight_ch333,1.5334209203720093
layer2.1.conv3.weight,492,layer2.1.conv3.weight_ch492,1.5333012342453003
layer2.0.conv2.weight,86,layer2.0.conv2.weight_ch86,1.5321146249771118
layer3.3.conv3.weight,361,layer3.3.conv3.weight_ch361,1.5309066772460938
layer2.0.conv2.weight,55,layer2.0.conv2.weight_ch55,1.5299235582351685
layer3.2.conv3.weight,475,layer3.2.conv3.weight_ch475,1.5298610925674438
layer4.0.conv3.weight,1412,layer4.0.conv3.weight_ch1412,1.5297232866287231
layer3.0.conv3.weight,346,layer3.0.conv3.weight_ch346,1.5297163724899292
layer3.3.conv3.weight,414,layer3.3.conv3.weight_ch414,1.529560923576355
layer3.0.conv3.weight,849,layer3.0.conv3.weight_ch849,1.5295493602752686
layer4.1.conv1.weight,105,layer4.1.conv1.weight_ch105,1.5294110774993896
layer4.1.conv1.weight,472,layer4.1.conv1.weight_ch472,1.5291962623596191
layer3.4.conv3.weight,129,layer3.4.conv3.weight_ch129,1.5291615724563599
layer3.5.conv3.weight,663,layer3.5.conv3.weight_ch663,1.528610110282898
layer3.4.conv3.weight,424,layer3.4.conv3.weight_ch424,1.5285797119140625
layer3.4.conv3.weight,702,layer3.4.conv3.weight_ch702,1.5281474590301514
layer4.0.conv3.weight,429,layer4.0.conv3.weight_ch429,1.5281156301498413
layer2.3.conv2.weight,66,layer2.3.conv2.weight_ch66,1.5277228355407715
layer2.3.conv2.weight,120,layer2.3.conv2.weight_ch120,1.527354121208191
layer3.5.conv3.weight,17,layer3.5.conv3.weight_ch17,1.5271357297897339
layer3.2.conv3.weight,126,layer3.2.conv3.weight_ch126,1.5269904136657715
layer3.1.conv3.weight,232,layer3.1.conv3.weight_ch232,1.5268046855926514
layer4.0.conv3.weight,1964,layer4.0.conv3.weight_ch1964,1.5262744426727295
layer3.5.conv3.weight,436,layer3.5.conv3.weight_ch436,1.5258020162582397
layer3.5.conv3.weight,471,layer3.5.conv3.weight_ch471,1.5257242918014526
layer4.0.conv3.weight,1879,layer4.0.conv3.weight_ch1879,1.5256035327911377
layer3.4.conv3.weight,32,layer3.4.conv3.weight_ch32,1.5246049165725708
layer4.0.conv3.weight,404,layer4.0.conv3.weight_ch404,1.524309754371643
layer3.5.conv3.weight,99,layer3.5.conv3.weight_ch99,1.5241061449050903
layer4.1.conv1.weight,377,layer4.1.conv1.weight_ch377,1.5240839719772339
layer4.1.conv1.weight,146,layer4.1.conv1.weight_ch146,1.5239615440368652
layer4.0.conv3.weight,453,layer4.0.conv3.weight_ch453,1.5238838195800781
layer3.2.conv3.weight,607,layer3.2.conv3.weight_ch607,1.5237747430801392
layer4.0.conv3.weight,154,layer4.0.conv3.weight_ch154,1.523761510848999
layer3.2.conv3.weight,39,layer3.2.conv3.weight_ch39,1.5236992835998535
layer3.2.conv2.weight,224,layer3.2.conv2.weight_ch224,1.5234639644622803
layer3.1.conv3.weight,491,layer3.1.conv3.weight_ch491,1.5233840942382812
layer3.1.conv3.weight,643,layer3.1.conv3.weight_ch643,1.5233783721923828
layer3.3.conv3.weight,949,layer3.3.conv3.weight_ch949,1.5231366157531738
layer4.1.conv1.weight,384,layer4.1.conv1.weight_ch384,1.5229825973510742
layer3.3.conv3.weight,714,layer3.3.conv3.weight_ch714,1.5228816270828247
layer4.0.conv3.weight,1751,layer4.0.conv3.weight_ch1751,1.5227549076080322
layer3.1.conv3.weight,774,layer3.1.conv3.weight_ch774,1.5226516723632812
layer3.0.conv3.weight,597,layer3.0.conv3.weight_ch597,1.5226185321807861
layer4.0.conv3.weight,1328,layer4.0.conv3.weight_ch1328,1.5220956802368164
layer4.0.conv3.weight,1144,layer4.0.conv3.weight_ch1144,1.5219671726226807
layer3.5.conv3.weight,343,layer3.5.conv3.weight_ch343,1.5213537216186523
layer3.2.conv3.weight,294,layer3.2.conv3.weight_ch294,1.5212205648422241
layer3.2.conv2.weight,216,layer3.2.conv2.weight_ch216,1.5212056636810303
layer3.3.conv3.weight,46,layer3.3.conv3.weight_ch46,1.5210191011428833
layer2.0.conv2.weight,0,layer2.0.conv2.weight_ch0,1.520593285560608
layer3.0.conv3.weight,396,layer3.0.conv3.weight_ch396,1.5199017524719238
layer3.2.conv3.weight,861,layer3.2.conv3.weight_ch861,1.5197845697402954
layer3.0.conv3.weight,462,layer3.0.conv3.weight_ch462,1.519696593284607
layer4.0.conv3.weight,966,layer4.0.conv3.weight_ch966,1.5196948051452637
layer3.1.conv3.weight,899,layer3.1.conv3.weight_ch899,1.5194698572158813
layer3.1.conv3.weight,294,layer3.1.conv3.weight_ch294,1.5194231271743774
layer4.0.conv3.weight,1133,layer4.0.conv3.weight_ch1133,1.5193562507629395
layer3.2.conv3.weight,316,layer3.2.conv3.weight_ch316,1.5191317796707153
layer3.0.conv3.weight,931,layer3.0.conv3.weight_ch931,1.5189483165740967
layer3.0.conv2.weight,193,layer3.0.conv2.weight_ch193,1.5179872512817383
layer3.2.conv3.weight,945,layer3.2.conv3.weight_ch945,1.5176678895950317
layer4.0.conv3.weight,208,layer4.0.conv3.weight_ch208,1.517520546913147
layer3.2.conv3.weight,338,layer3.2.conv3.weight_ch338,1.5175081491470337
layer1.2.conv3.weight,156,layer1.2.conv3.weight_ch156,1.517358660697937
layer3.1.conv3.weight,411,layer3.1.conv3.weight_ch411,1.5172592401504517
layer3.0.conv2.weight,31,layer3.0.conv2.weight_ch31,1.5171475410461426
layer3.0.conv3.weight,734,layer3.0.conv3.weight_ch734,1.5171455144882202
layer3.0.conv3.weight,326,layer3.0.conv3.weight_ch326,1.5170515775680542
layer3.4.conv3.weight,39,layer3.4.conv3.weight_ch39,1.5168647766113281
layer3.3.conv3.weight,641,layer3.3.conv3.weight_ch641,1.5168269872665405
layer4.0.conv3.weight,703,layer4.0.conv3.weight_ch703,1.516471028327942
layer3.3.conv3.weight,594,layer3.3.conv3.weight_ch594,1.5162160396575928
layer4.0.conv3.weight,1626,layer4.0.conv3.weight_ch1626,1.5160605907440186
layer3.5.conv3.weight,728,layer3.5.conv3.weight_ch728,1.5157653093338013
layer2.1.conv3.weight,271,layer2.1.conv3.weight_ch271,1.5156917572021484
layer4.0.conv3.weight,1534,layer4.0.conv3.weight_ch1534,1.515505313873291
layer3.4.conv3.weight,736,layer3.4.conv3.weight_ch736,1.515224814414978
layer3.2.conv3.weight,324,layer3.2.conv3.weight_ch324,1.5150601863861084
layer4.0.conv3.weight,1927,layer4.0.conv3.weight_ch1927,1.5150108337402344
layer1.2.conv3.weight,138,layer1.2.conv3.weight_ch138,1.5149314403533936
layer3.3.conv3.weight,956,layer3.3.conv3.weight_ch956,1.5147857666015625
layer3.5.conv3.weight,211,layer3.5.conv3.weight_ch211,1.5147619247436523
layer3.1.conv3.weight,99,layer3.1.conv3.weight_ch99,1.5145405530929565
layer3.1.conv3.weight,544,layer3.1.conv3.weight_ch544,1.514359474182129
layer3.3.conv3.weight,557,layer3.3.conv3.weight_ch557,1.514350414276123
layer2.1.conv3.weight,306,layer2.1.conv3.weight_ch306,1.5143473148345947
layer3.5.conv3.weight,255,layer3.5.conv3.weight_ch255,1.514204978942871
layer3.5.conv3.weight,835,layer3.5.conv3.weight_ch835,1.514073371887207
layer3.2.conv3.weight,917,layer3.2.conv3.weight_ch917,1.5139631032943726
layer3.3.conv3.weight,483,layer3.3.conv3.weight_ch483,1.5138047933578491
layer4.0.conv3.weight,287,layer4.0.conv3.weight_ch287,1.5136750936508179
layer4.0.conv3.weight,518,layer4.0.conv3.weight_ch518,1.5135681629180908
layer2.0.conv1.weight,53,layer2.0.conv1.weight_ch53,1.5133006572723389
layer2.0.conv1.weight,30,layer2.0.conv1.weight_ch30,1.513138771057129
layer3.2.conv2.weight,184,layer3.2.conv2.weight_ch184,1.5130987167358398
layer3.0.conv3.weight,858,layer3.0.conv3.weight_ch858,1.5125386714935303
layer4.0.conv3.weight,1220,layer4.0.conv3.weight_ch1220,1.512526273727417
layer3.0.conv3.weight,731,layer3.0.conv3.weight_ch731,1.512143611907959
layer2.1.conv3.weight,421,layer2.1.conv3.weight_ch421,1.5121031999588013
layer3.3.conv3.weight,425,layer3.3.conv3.weight_ch425,1.5116603374481201
layer3.2.conv2.weight,116,layer3.2.conv2.weight_ch116,1.5116568803787231
layer3.3.conv3.weight,438,layer3.3.conv3.weight_ch438,1.5115119218826294
layer3.1.conv3.weight,824,layer3.1.conv3.weight_ch824,1.5110793113708496
layer3.5.conv3.weight,84,layer3.5.conv3.weight_ch84,1.5109431743621826
layer4.1.conv1.weight,64,layer4.1.conv1.weight_ch64,1.5109041929244995
layer3.0.conv3.weight,822,layer3.0.conv3.weight_ch822,1.5105743408203125
layer2.0.conv2.weight,59,layer2.0.conv2.weight_ch59,1.5102428197860718
layer3.4.conv3.weight,740,layer3.4.conv3.weight_ch740,1.5101497173309326
layer3.2.conv2.weight,26,layer3.2.conv2.weight_ch26,1.5100743770599365
layer2.1.conv3.weight,197,layer2.1.conv3.weight_ch197,1.5100324153900146
layer3.2.conv3.weight,997,layer3.2.conv3.weight_ch997,1.5097078084945679
layer3.1.conv3.weight,486,layer3.1.conv3.weight_ch486,1.509699821472168
layer3.3.conv3.weight,387,layer3.3.conv3.weight_ch387,1.509559154510498
layer3.1.conv3.weight,958,layer3.1.conv3.weight_ch958,1.5095525979995728
layer3.5.conv3.weight,113,layer3.5.conv3.weight_ch113,1.509325385093689
layer3.4.conv3.weight,675,layer3.4.conv3.weight_ch675,1.5093194246292114
layer3.0.conv3.weight,353,layer3.0.conv3.weight_ch353,1.50894296169281
layer4.0.conv3.weight,1876,layer4.0.conv3.weight_ch1876,1.5087218284606934
layer2.1.conv3.weight,18,layer2.1.conv3.weight_ch18,1.5086652040481567
layer2.0.conv2.weight,52,layer2.0.conv2.weight_ch52,1.5083503723144531
layer2.0.conv2.weight,41,layer2.0.conv2.weight_ch41,1.5082570314407349
layer4.0.conv3.weight,82,layer4.0.conv3.weight_ch82,1.5079748630523682
layer3.0.conv2.weight,171,layer3.0.conv2.weight_ch171,1.5076788663864136
layer2.3.conv2.weight,85,layer2.3.conv2.weight_ch85,1.5076664686203003
layer3.3.conv3.weight,288,layer3.3.conv3.weight_ch288,1.5076544284820557
layer4.0.conv3.weight,1757,layer4.0.conv3.weight_ch1757,1.507522702217102
layer3.2.conv3.weight,73,layer3.2.conv3.weight_ch73,1.5069122314453125
layer3.1.conv3.weight,135,layer3.1.conv3.weight_ch135,1.5069119930267334
layer3.5.conv3.weight,722,layer3.5.conv3.weight_ch722,1.5068080425262451
layer3.2.conv2.weight,57,layer3.2.conv2.weight_ch57,1.5067867040634155
layer3.4.conv3.weight,545,layer3.4.conv3.weight_ch545,1.506751298904419
layer3.2.conv2.weight,94,layer3.2.conv2.weight_ch94,1.5066943168640137
layer3.0.conv3.weight,537,layer3.0.conv3.weight_ch537,1.5066931247711182
layer3.0.conv3.weight,1017,layer3.0.conv3.weight_ch1017,1.506083369255066
layer3.4.conv3.weight,510,layer3.4.conv3.weight_ch510,1.505570888519287
layer4.0.conv3.weight,1525,layer4.0.conv3.weight_ch1525,1.505219578742981
layer3.1.conv3.weight,126,layer3.1.conv3.weight_ch126,1.5050710439682007
layer3.1.conv3.weight,56,layer3.1.conv3.weight_ch56,1.5049729347229004
layer3.3.conv3.weight,842,layer3.3.conv3.weight_ch842,1.5047063827514648
layer3.0.conv3.weight,188,layer3.0.conv3.weight_ch188,1.5047026872634888
layer3.3.conv3.weight,582,layer3.3.conv3.weight_ch582,1.5042474269866943
layer3.0.conv3.weight,867,layer3.0.conv3.weight_ch867,1.504117727279663
layer4.0.conv3.weight,311,layer4.0.conv3.weight_ch311,1.5039178133010864
layer4.0.conv3.weight,1138,layer4.0.conv3.weight_ch1138,1.5038604736328125
layer3.5.conv3.weight,90,layer3.5.conv3.weight_ch90,1.5036022663116455
layer3.3.conv3.weight,320,layer3.3.conv3.weight_ch320,1.5035159587860107
layer3.4.conv3.weight,1006,layer3.4.conv3.weight_ch1006,1.5031167268753052
layer2.3.conv2.weight,5,layer2.3.conv2.weight_ch5,1.5030419826507568
layer3.1.conv3.weight,170,layer3.1.conv3.weight_ch170,1.502972960472107
layer2.1.conv3.weight,29,layer2.1.conv3.weight_ch29,1.5027940273284912
layer3.3.conv3.weight,878,layer3.3.conv3.weight_ch878,1.5026860237121582
layer3.4.conv3.weight,257,layer3.4.conv3.weight_ch257,1.50263512134552
layer4.0.conv3.weight,460,layer4.0.conv3.weight_ch460,1.5025699138641357
layer3.3.conv3.weight,460,layer3.3.conv3.weight_ch460,1.5025588274002075
layer3.2.conv3.weight,584,layer3.2.conv3.weight_ch584,1.502506971359253
layer3.3.conv3.weight,79,layer3.3.conv3.weight_ch79,1.502328872680664
layer3.3.conv3.weight,554,layer3.3.conv3.weight_ch554,1.502248764038086
layer2.1.conv3.weight,384,layer2.1.conv3.weight_ch384,1.5022435188293457
layer3.2.conv3.weight,373,layer3.2.conv3.weight_ch373,1.5021179914474487
layer3.3.conv3.weight,126,layer3.3.conv3.weight_ch126,1.5015568733215332
layer3.1.conv3.weight,645,layer3.1.conv3.weight_ch645,1.501406192779541
layer3.0.conv3.weight,222,layer3.0.conv3.weight_ch222,1.5012129545211792
layer3.2.conv3.weight,250,layer3.2.conv3.weight_ch250,1.500748872756958
layer2.0.conv2.weight,38,layer2.0.conv2.weight_ch38,1.4999719858169556
layer3.2.conv3.weight,481,layer3.2.conv3.weight_ch481,1.4991556406021118
layer3.5.conv3.weight,41,layer3.5.conv3.weight_ch41,1.4985458850860596
layer2.0.conv1.weight,13,layer2.0.conv1.weight_ch13,1.498278021812439
layer3.4.conv3.weight,867,layer3.4.conv3.weight_ch867,1.4981557130813599
layer4.0.conv3.weight,47,layer4.0.conv3.weight_ch47,1.4977961778640747
layer4.0.conv3.weight,21,layer4.0.conv3.weight_ch21,1.4976881742477417
layer4.0.conv3.weight,1504,layer4.0.conv3.weight_ch1504,1.4973992109298706
layer3.0.conv3.weight,229,layer3.0.conv3.weight_ch229,1.4973655939102173
layer4.0.conv3.weight,222,layer4.0.conv3.weight_ch222,1.4973646402359009
layer3.4.conv3.weight,596,layer3.4.conv3.weight_ch596,1.4972949028015137
layer3.0.conv2.weight,64,layer3.0.conv2.weight_ch64,1.4971632957458496
layer3.2.conv3.weight,906,layer3.2.conv3.weight_ch906,1.4971420764923096
layer3.1.conv3.weight,270,layer3.1.conv3.weight_ch270,1.4969700574874878
layer3.3.conv3.weight,608,layer3.3.conv3.weight_ch608,1.496791124343872
layer2.0.conv1.weight,57,layer2.0.conv1.weight_ch57,1.4965825080871582
layer1.2.conv3.weight,6,layer1.2.conv3.weight_ch6,1.4961960315704346
layer3.3.conv3.weight,868,layer3.3.conv3.weight_ch868,1.4960567951202393
layer1.2.conv3.weight,222,layer1.2.conv3.weight_ch222,1.4959242343902588
layer2.1.conv3.weight,467,layer2.1.conv3.weight_ch467,1.4956448078155518
layer3.1.conv3.weight,261,layer3.1.conv3.weight_ch261,1.4951822757720947
layer3.1.conv3.weight,353,layer3.1.conv3.weight_ch353,1.495070219039917
layer2.0.conv2.weight,3,layer2.0.conv2.weight_ch3,1.4947004318237305
layer3.3.conv3.weight,541,layer3.3.conv3.weight_ch541,1.4945236444473267
layer3.2.conv3.weight,401,layer3.2.conv3.weight_ch401,1.4944870471954346
layer3.3.conv3.weight,324,layer3.3.conv3.weight_ch324,1.4944500923156738
layer3.0.conv3.weight,881,layer3.0.conv3.weight_ch881,1.4943997859954834
layer3.1.conv3.weight,307,layer3.1.conv3.weight_ch307,1.4941529035568237
layer4.1.conv1.weight,188,layer4.1.conv1.weight_ch188,1.4940470457077026
layer3.4.conv3.weight,183,layer3.4.conv3.weight_ch183,1.494024395942688
layer3.0.conv3.weight,709,layer3.0.conv3.weight_ch709,1.4938228130340576
layer3.1.conv3.weight,769,layer3.1.conv3.weight_ch769,1.4937914609909058
layer4.0.conv3.weight,68,layer4.0.conv3.weight_ch68,1.493468999862671
layer3.2.conv3.weight,651,layer3.2.conv3.weight_ch651,1.493385672569275
layer3.0.conv3.weight,843,layer3.0.conv3.weight_ch843,1.4933706521987915
layer4.0.conv3.weight,979,layer4.0.conv3.weight_ch979,1.4932843446731567
layer3.1.conv3.weight,814,layer3.1.conv3.weight_ch814,1.493213176727295
layer4.0.conv3.weight,896,layer4.0.conv3.weight_ch896,1.4927170276641846
layer3.4.conv3.weight,815,layer3.4.conv3.weight_ch815,1.492630958557129
layer2.1.conv3.weight,329,layer2.1.conv3.weight_ch329,1.4925137758255005
layer4.0.conv3.weight,1481,layer4.0.conv3.weight_ch1481,1.4924070835113525
layer1.2.conv3.weight,182,layer1.2.conv3.weight_ch182,1.4922130107879639
layer3.0.conv3.weight,685,layer3.0.conv3.weight_ch685,1.4921586513519287
layer4.0.conv3.weight,138,layer4.0.conv3.weight_ch138,1.4920225143432617
layer4.0.conv3.weight,1323,layer4.0.conv3.weight_ch1323,1.4920188188552856
layer3.0.conv3.weight,16,layer3.0.conv3.weight_ch16,1.4918792247772217
layer4.0.conv3.weight,245,layer4.0.conv3.weight_ch245,1.4915200471878052
layer3.1.conv3.weight,162,layer3.1.conv3.weight_ch162,1.4914931058883667
layer3.4.conv3.weight,62,layer3.4.conv3.weight_ch62,1.4913663864135742
layer1.2.conv3.weight,112,layer1.2.conv3.weight_ch112,1.4913580417633057
layer4.0.conv3.weight,1565,layer4.0.conv3.weight_ch1565,1.4913084506988525
layer3.0.conv3.weight,717,layer3.0.conv3.weight_ch717,1.4911525249481201
layer3.4.conv3.weight,779,layer3.4.conv3.weight_ch779,1.4911516904830933
layer3.3.conv3.weight,161,layer3.3.conv3.weight_ch161,1.4908866882324219
layer4.0.conv3.weight,1207,layer4.0.conv3.weight_ch1207,1.490699291229248
layer3.0.conv3.weight,972,layer3.0.conv3.weight_ch972,1.4904555082321167
layer3.4.conv3.weight,991,layer3.4.conv3.weight_ch991,1.4904403686523438
layer2.1.conv3.weight,272,layer2.1.conv3.weight_ch272,1.4904385805130005
layer3.4.conv3.weight,266,layer3.4.conv3.weight_ch266,1.4903507232666016
layer4.0.conv3.weight,757,layer4.0.conv3.weight_ch757,1.490236520767212
layer4.1.conv1.weight,187,layer4.1.conv1.weight_ch187,1.490227222442627
layer3.5.conv3.weight,38,layer3.5.conv3.weight_ch38,1.4899226427078247
layer3.0.conv3.weight,565,layer3.0.conv3.weight_ch565,1.4898762702941895
layer3.0.conv3.weight,863,layer3.0.conv3.weight_ch863,1.4896290302276611
layer3.2.conv3.weight,714,layer3.2.conv3.weight_ch714,1.4896247386932373
layer3.2.conv3.weight,308,layer3.2.conv3.weight_ch308,1.4895132780075073
layer3.2.conv3.weight,358,layer3.2.conv3.weight_ch358,1.4885145425796509
layer4.0.conv3.weight,673,layer4.0.conv3.weight_ch673,1.4880025386810303
layer3.1.conv3.weight,971,layer3.1.conv3.weight_ch971,1.4877938032150269
layer3.2.conv3.weight,274,layer3.2.conv3.weight_ch274,1.487691044807434
layer4.0.conv3.weight,1373,layer4.0.conv3.weight_ch1373,1.4876594543457031
layer3.0.conv3.weight,425,layer3.0.conv3.weight_ch425,1.4875638484954834
layer2.1.conv3.weight,128,layer2.1.conv3.weight_ch128,1.4875200986862183
layer3.5.conv3.weight,7,layer3.5.conv3.weight_ch7,1.4870811700820923
layer3.0.conv3.weight,92,layer3.0.conv3.weight_ch92,1.4870262145996094
layer2.0.conv2.weight,25,layer2.0.conv2.weight_ch25,1.4868484735488892
layer3.2.conv2.weight,59,layer3.2.conv2.weight_ch59,1.4865282773971558
layer3.5.conv3.weight,530,layer3.5.conv3.weight_ch530,1.486335039138794
layer3.5.conv3.weight,783,layer3.5.conv3.weight_ch783,1.4861284494400024
layer4.1.conv1.weight,350,layer4.1.conv1.weight_ch350,1.4859312772750854
layer4.0.conv3.weight,1438,layer4.0.conv3.weight_ch1438,1.4859167337417603
layer3.5.conv3.weight,662,layer3.5.conv3.weight_ch662,1.485838770866394
layer3.5.conv3.weight,456,layer3.5.conv3.weight_ch456,1.4856040477752686
layer4.1.conv1.weight,117,layer4.1.conv1.weight_ch117,1.4855884313583374
layer3.5.conv3.weight,628,layer3.5.conv3.weight_ch628,1.4853160381317139
layer3.1.conv3.weight,607,layer3.1.conv3.weight_ch607,1.4851173162460327
layer3.0.conv3.weight,739,layer3.0.conv3.weight_ch739,1.4849472045898438
layer3.0.conv3.weight,571,layer3.0.conv3.weight_ch571,1.4848136901855469
layer1.2.conv3.weight,32,layer1.2.conv3.weight_ch32,1.4844427108764648
layer3.2.conv3.weight,33,layer3.2.conv3.weight_ch33,1.4839715957641602
layer3.3.conv3.weight,567,layer3.3.conv3.weight_ch567,1.4838734865188599
layer3.5.conv3.weight,485,layer3.5.conv3.weight_ch485,1.4838600158691406
layer3.5.conv3.weight,462,layer3.5.conv3.weight_ch462,1.483683466911316
layer2.3.conv2.weight,127,layer2.3.conv2.weight_ch127,1.4835193157196045
layer3.0.conv2.weight,22,layer3.0.conv2.weight_ch22,1.4832953214645386
layer3.0.conv3.weight,769,layer3.0.conv3.weight_ch769,1.4829603433609009
layer4.0.conv3.weight,1198,layer4.0.conv3.weight_ch1198,1.482682704925537
layer3.5.conv3.weight,281,layer3.5.conv3.weight_ch281,1.4825810194015503
layer3.4.conv3.weight,496,layer3.4.conv3.weight_ch496,1.4823757410049438
layer3.4.conv3.weight,689,layer3.4.conv3.weight_ch689,1.482225775718689
layer4.0.conv3.weight,1773,layer4.0.conv3.weight_ch1773,1.4819402694702148
layer3.3.conv3.weight,335,layer3.3.conv3.weight_ch335,1.4815518856048584
layer2.1.conv3.weight,166,layer2.1.conv3.weight_ch166,1.4814528226852417
layer3.2.conv3.weight,200,layer3.2.conv3.weight_ch200,1.481307029724121
layer3.1.conv3.weight,721,layer3.1.conv3.weight_ch721,1.4804409742355347
layer2.0.conv1.weight,41,layer2.0.conv1.weight_ch41,1.4795001745224
layer4.0.conv3.weight,971,layer4.0.conv3.weight_ch971,1.4791630506515503
layer4.1.conv1.weight,446,layer4.1.conv1.weight_ch446,1.4790544509887695
layer3.0.conv3.weight,794,layer3.0.conv3.weight_ch794,1.4789602756500244
layer3.5.conv3.weight,100,layer3.5.conv3.weight_ch100,1.478897213935852
layer3.4.conv3.weight,79,layer3.4.conv3.weight_ch79,1.478723406791687
layer3.1.conv3.weight,598,layer3.1.conv3.weight_ch598,1.4780193567276
layer3.4.conv3.weight,236,layer3.4.conv3.weight_ch236,1.4778294563293457
layer3.2.conv3.weight,985,layer3.2.conv3.weight_ch985,1.4777727127075195
layer4.0.conv3.weight,1712,layer4.0.conv3.weight_ch1712,1.4774757623672485
layer3.3.conv3.weight,353,layer3.3.conv3.weight_ch353,1.4774597883224487
layer3.2.conv2.weight,33,layer3.2.conv2.weight_ch33,1.47737717628479
layer3.0.conv3.weight,476,layer3.0.conv3.weight_ch476,1.4770675897598267
layer3.2.conv3.weight,101,layer3.2.conv3.weight_ch101,1.4769927263259888
layer3.2.conv3.weight,913,layer3.2.conv3.weight_ch913,1.4769788980484009
layer3.5.conv3.weight,495,layer3.5.conv3.weight_ch495,1.4769312143325806
layer3.0.conv3.weight,213,layer3.0.conv3.weight_ch213,1.476912021636963
layer4.1.conv1.weight,454,layer4.1.conv1.weight_ch454,1.4767388105392456
layer1.2.conv3.weight,228,layer1.2.conv3.weight_ch228,1.4764188528060913
layer2.1.conv3.weight,119,layer2.1.conv3.weight_ch119,1.475683331489563
layer3.1.conv3.weight,661,layer3.1.conv3.weight_ch661,1.4753550291061401
layer2.0.conv1.weight,47,layer2.0.conv1.weight_ch47,1.4752452373504639
layer3.4.conv3.weight,831,layer3.4.conv3.weight_ch831,1.4752275943756104
layer3.4.conv3.weight,816,layer3.4.conv3.weight_ch816,1.4748053550720215
layer3.3.conv3.weight,289,layer3.3.conv3.weight_ch289,1.47458815574646
layer4.0.conv3.weight,1650,layer4.0.conv3.weight_ch1650,1.474489688873291
layer4.0.conv3.weight,739,layer4.0.conv3.weight_ch739,1.4744499921798706
layer3.4.conv3.weight,353,layer3.4.conv3.weight_ch353,1.4741944074630737
layer2.0.conv2.weight,34,layer2.0.conv2.weight_ch34,1.4741673469543457
layer3.2.conv3.weight,715,layer3.2.conv3.weight_ch715,1.4741008281707764
layer3.0.conv3.weight,273,layer3.0.conv3.weight_ch273,1.474036693572998
layer3.4.conv3.weight,568,layer3.4.conv3.weight_ch568,1.4739208221435547
layer3.4.conv3.weight,508,layer3.4.conv3.weight_ch508,1.473679542541504
layer3.4.conv3.weight,873,layer3.4.conv3.weight_ch873,1.4734210968017578
layer4.0.conv3.weight,552,layer4.0.conv3.weight_ch552,1.473364233970642
layer4.0.conv3.weight,2038,layer4.0.conv3.weight_ch2038,1.472933053970337
layer3.4.conv3.weight,652,layer3.4.conv3.weight_ch652,1.4728832244873047
layer3.1.conv3.weight,593,layer3.1.conv3.weight_ch593,1.4728667736053467
layer3.2.conv2.weight,114,layer3.2.conv2.weight_ch114,1.4727003574371338
layer3.5.conv3.weight,586,layer3.5.conv3.weight_ch586,1.4725539684295654
layer3.0.conv3.weight,432,layer3.0.conv3.weight_ch432,1.4724947214126587
layer4.0.conv3.weight,1781,layer4.0.conv3.weight_ch1781,1.471876621246338
layer3.3.conv3.weight,680,layer3.3.conv3.weight_ch680,1.471410870552063
layer3.2.conv3.weight,408,layer3.2.conv3.weight_ch408,1.4711971282958984
layer3.2.conv2.weight,143,layer3.2.conv2.weight_ch143,1.4710561037063599
layer3.0.conv3.weight,42,layer3.0.conv3.weight_ch42,1.4707704782485962
layer2.3.conv2.weight,23,layer2.3.conv2.weight_ch23,1.4707168340682983
layer3.0.conv3.weight,810,layer3.0.conv3.weight_ch810,1.4706549644470215
layer3.1.conv3.weight,471,layer3.1.conv3.weight_ch471,1.4705952405929565
layer3.0.conv3.weight,155,layer3.0.conv3.weight_ch155,1.4705767631530762
layer3.3.conv3.weight,250,layer3.3.conv3.weight_ch250,1.4705562591552734
layer4.0.conv3.weight,86,layer4.0.conv3.weight_ch86,1.4705207347869873
layer3.2.conv2.weight,195,layer3.2.conv2.weight_ch195,1.470439076423645
layer3.3.conv3.weight,809,layer3.3.conv3.weight_ch809,1.4702337980270386
layer3.3.conv3.weight,93,layer3.3.conv3.weight_ch93,1.4701168537139893
layer3.1.conv3.weight,1018,layer3.1.conv3.weight_ch1018,1.4699528217315674
layer4.0.conv3.weight,1186,layer4.0.conv3.weight_ch1186,1.4692955017089844
layer2.3.conv2.weight,21,layer2.3.conv2.weight_ch21,1.469180703163147
layer3.1.conv3.weight,1002,layer3.1.conv3.weight_ch1002,1.469143271446228
layer3.3.conv3.weight,740,layer3.3.conv3.weight_ch740,1.468929648399353
layer4.1.conv1.weight,236,layer4.1.conv1.weight_ch236,1.468475580215454
layer3.5.conv3.weight,562,layer3.5.conv3.weight_ch562,1.4678218364715576
layer3.2.conv3.weight,743,layer3.2.conv3.weight_ch743,1.4677873849868774
layer4.0.conv3.weight,1862,layer4.0.conv3.weight_ch1862,1.4677443504333496
layer3.2.conv2.weight,171,layer3.2.conv2.weight_ch171,1.4677001237869263
layer3.2.conv2.weight,32,layer3.2.conv2.weight_ch32,1.4675995111465454
layer3.4.conv3.weight,856,layer3.4.conv3.weight_ch856,1.4675688743591309
layer2.3.conv2.weight,109,layer2.3.conv2.weight_ch109,1.4673793315887451
layer3.2.conv3.weight,540,layer3.2.conv3.weight_ch540,1.4673447608947754
layer4.0.conv3.weight,1148,layer4.0.conv3.weight_ch1148,1.4671812057495117
layer3.4.conv3.weight,733,layer3.4.conv3.weight_ch733,1.4665275812149048
layer3.5.conv3.weight,326,layer3.5.conv3.weight_ch326,1.4660923480987549
layer1.2.conv3.weight,29,layer1.2.conv3.weight_ch29,1.466050148010254
layer3.4.conv3.weight,168,layer3.4.conv3.weight_ch168,1.4659268856048584
layer3.0.conv3.weight,145,layer3.0.conv3.weight_ch145,1.4656323194503784
layer3.4.conv3.weight,828,layer3.4.conv3.weight_ch828,1.4651644229888916
layer2.3.conv2.weight,55,layer2.3.conv2.weight_ch55,1.465107798576355
layer3.3.conv3.weight,429,layer3.3.conv3.weight_ch429,1.4650511741638184
layer3.3.conv3.weight,523,layer3.3.conv3.weight_ch523,1.4650338888168335
layer3.1.conv3.weight,797,layer3.1.conv3.weight_ch797,1.4649932384490967
layer3.0.conv2.weight,106,layer3.0.conv2.weight_ch106,1.4649733304977417
layer3.5.conv3.weight,243,layer3.5.conv3.weight_ch243,1.4648725986480713
layer3.1.conv3.weight,20,layer3.1.conv3.weight_ch20,1.4647142887115479
layer1.2.conv3.weight,126,layer1.2.conv3.weight_ch126,1.4645168781280518
layer3.2.conv3.weight,158,layer3.2.conv3.weight_ch158,1.4644577503204346
layer3.1.conv3.weight,255,layer3.1.conv3.weight_ch255,1.464429497718811
layer4.0.conv3.weight,64,layer4.0.conv3.weight_ch64,1.46426260471344
layer3.2.conv3.weight,1015,layer3.2.conv3.weight_ch1015,1.4640388488769531
layer3.2.conv2.weight,121,layer3.2.conv2.weight_ch121,1.4639490842819214
layer3.0.conv3.weight,927,layer3.0.conv3.weight_ch927,1.463930606842041
layer3.2.conv3.weight,648,layer3.2.conv3.weight_ch648,1.463471531867981
layer3.5.conv3.weight,96,layer3.5.conv3.weight_ch96,1.4633285999298096
layer4.0.conv3.weight,658,layer4.0.conv3.weight_ch658,1.463318943977356
layer3.4.conv3.weight,193,layer3.4.conv3.weight_ch193,1.462740421295166
layer3.2.conv3.weight,522,layer3.2.conv3.weight_ch522,1.4627313613891602
layer2.0.conv2.weight,71,layer2.0.conv2.weight_ch71,1.4627057313919067
layer4.1.conv1.weight,366,layer4.1.conv1.weight_ch366,1.4622985124588013
layer4.0.conv3.weight,2,layer4.0.conv3.weight_ch2,1.4622761011123657
layer3.3.conv3.weight,261,layer3.3.conv3.weight_ch261,1.4621988534927368
layer3.3.conv3.weight,846,layer3.3.conv3.weight_ch846,1.4621626138687134
layer4.0.conv3.weight,304,layer4.0.conv3.weight_ch304,1.4615998268127441
layer3.5.conv3.weight,574,layer3.5.conv3.weight_ch574,1.4614506959915161
layer3.5.conv3.weight,454,layer3.5.conv3.weight_ch454,1.4611084461212158
layer3.4.conv3.weight,144,layer3.4.conv3.weight_ch144,1.461012840270996
layer3.1.conv3.weight,881,layer3.1.conv3.weight_ch881,1.460066556930542
layer3.4.conv3.weight,218,layer3.4.conv3.weight_ch218,1.4595701694488525
layer3.5.conv3.weight,832,layer3.5.conv3.weight_ch832,1.4590336084365845
layer4.0.conv3.weight,706,layer4.0.conv3.weight_ch706,1.4590189456939697
layer4.0.conv3.weight,1449,layer4.0.conv3.weight_ch1449,1.4588470458984375
layer2.3.conv2.weight,52,layer2.3.conv2.weight_ch52,1.4584825038909912
layer3.2.conv2.weight,242,layer3.2.conv2.weight_ch242,1.458410620689392
layer3.5.conv3.weight,859,layer3.5.conv3.weight_ch859,1.4581711292266846
layer4.0.conv3.weight,633,layer4.0.conv3.weight_ch633,1.4580599069595337
layer4.0.conv3.weight,139,layer4.0.conv3.weight_ch139,1.4580062627792358
layer3.4.conv3.weight,320,layer3.4.conv3.weight_ch320,1.4579510688781738
layer3.1.conv3.weight,159,layer3.1.conv3.weight_ch159,1.457762598991394
layer3.3.conv3.weight,872,layer3.3.conv3.weight_ch872,1.457727313041687
layer3.4.conv3.weight,854,layer3.4.conv3.weight_ch854,1.4574246406555176
layer2.1.conv3.weight,322,layer2.1.conv3.weight_ch322,1.4573208093643188
layer4.0.conv3.weight,887,layer4.0.conv3.weight_ch887,1.4567375183105469
layer4.1.conv1.weight,95,layer4.1.conv1.weight_ch95,1.4567323923110962
layer2.1.conv3.weight,31,layer2.1.conv3.weight_ch31,1.4567010402679443
layer3.1.conv3.weight,213,layer3.1.conv3.weight_ch213,1.4565720558166504
layer3.0.conv3.weight,993,layer3.0.conv3.weight_ch993,1.4562214612960815
layer3.4.conv3.weight,645,layer3.4.conv3.weight_ch645,1.4561513662338257
layer3.5.conv3.weight,746,layer3.5.conv3.weight_ch746,1.456033706665039
layer3.4.conv3.weight,490,layer3.4.conv3.weight_ch490,1.4560095071792603
layer2.0.conv2.weight,43,layer2.0.conv2.weight_ch43,1.4559928178787231
layer4.0.conv3.weight,349,layer4.0.conv3.weight_ch349,1.455670714378357
layer2.1.conv3.weight,354,layer2.1.conv3.weight_ch354,1.4555339813232422
layer4.0.conv3.weight,1394,layer4.0.conv3.weight_ch1394,1.4551695585250854
layer3.0.conv3.weight,933,layer3.0.conv3.weight_ch933,1.4550986289978027
layer3.3.conv3.weight,90,layer3.3.conv3.weight_ch90,1.4540224075317383
layer4.0.conv3.weight,52,layer4.0.conv3.weight_ch52,1.4540120363235474
layer3.4.conv3.weight,507,layer3.4.conv3.weight_ch507,1.4536592960357666
layer3.2.conv3.weight,731,layer3.2.conv3.weight_ch731,1.4536181688308716
layer3.2.conv3.weight,745,layer3.2.conv3.weight_ch745,1.4534274339675903
layer4.1.conv1.weight,87,layer4.1.conv1.weight_ch87,1.4532709121704102
layer2.1.conv3.weight,218,layer2.1.conv3.weight_ch218,1.4531135559082031
layer3.0.conv3.weight,758,layer3.0.conv3.weight_ch758,1.4529848098754883
layer3.2.conv3.weight,68,layer3.2.conv3.weight_ch68,1.4529554843902588
layer4.0.conv3.weight,79,layer4.0.conv3.weight_ch79,1.4529242515563965
layer3.4.conv3.weight,796,layer3.4.conv3.weight_ch796,1.4528107643127441
layer3.2.conv2.weight,112,layer3.2.conv2.weight_ch112,1.4527713060379028
layer3.4.conv3.weight,553,layer3.4.conv3.weight_ch553,1.4522125720977783
layer4.0.conv3.weight,7,layer4.0.conv3.weight_ch7,1.4520595073699951
layer4.0.conv3.weight,1884,layer4.0.conv3.weight_ch1884,1.4517368078231812
layer3.4.conv3.weight,261,layer3.4.conv3.weight_ch261,1.4517364501953125
layer3.4.conv3.weight,563,layer3.4.conv3.weight_ch563,1.451534390449524
layer3.2.conv3.weight,419,layer3.2.conv3.weight_ch419,1.4515047073364258
layer3.0.conv3.weight,893,layer3.0.conv3.weight_ch893,1.4514827728271484
layer3.0.conv2.weight,240,layer3.0.conv2.weight_ch240,1.4514775276184082
layer3.2.conv3.weight,214,layer3.2.conv3.weight_ch214,1.4514356851577759
layer3.1.conv3.weight,269,layer3.1.conv3.weight_ch269,1.4512817859649658
layer3.1.conv3.weight,639,layer3.1.conv3.weight_ch639,1.4509878158569336
layer3.4.conv3.weight,433,layer3.4.conv3.weight_ch433,1.450621485710144
layer3.2.conv3.weight,86,layer3.2.conv3.weight_ch86,1.4503288269042969
layer3.2.conv3.weight,1008,layer3.2.conv3.weight_ch1008,1.4499895572662354
layer3.5.conv3.weight,637,layer3.5.conv3.weight_ch637,1.4499073028564453
layer4.1.conv1.weight,51,layer4.1.conv1.weight_ch51,1.4496638774871826
layer3.0.conv3.weight,646,layer3.0.conv3.weight_ch646,1.4490509033203125
layer4.0.conv3.weight,1253,layer4.0.conv3.weight_ch1253,1.4487634897232056
layer3.3.conv3.weight,440,layer3.3.conv3.weight_ch440,1.4485774040222168
layer3.4.conv3.weight,593,layer3.4.conv3.weight_ch593,1.448358178138733
layer4.0.conv3.weight,1475,layer4.0.conv3.weight_ch1475,1.4482189416885376
layer3.2.conv3.weight,260,layer3.2.conv3.weight_ch260,1.4471445083618164
layer3.4.conv3.weight,846,layer3.4.conv3.weight_ch846,1.446913480758667
layer3.1.conv3.weight,830,layer3.1.conv3.weight_ch830,1.4465903043746948
layer3.2.conv3.weight,740,layer3.2.conv3.weight_ch740,1.4464114904403687
layer3.2.conv3.weight,975,layer3.2.conv3.weight_ch975,1.4463783502578735
layer3.4.conv3.weight,487,layer3.4.conv3.weight_ch487,1.4462580680847168
layer3.5.conv3.weight,845,layer3.5.conv3.weight_ch845,1.4462443590164185
layer3.5.conv3.weight,461,layer3.5.conv3.weight_ch461,1.4460811614990234
layer3.4.conv3.weight,381,layer3.4.conv3.weight_ch381,1.4458669424057007
layer3.3.conv3.weight,397,layer3.3.conv3.weight_ch397,1.4457621574401855
layer4.0.conv3.weight,1797,layer4.0.conv3.weight_ch1797,1.4456161260604858
layer3.4.conv3.weight,635,layer3.4.conv3.weight_ch635,1.4453972578048706
layer3.1.conv3.weight,50,layer3.1.conv3.weight_ch50,1.4452269077301025
layer3.1.conv3.weight,720,layer3.1.conv3.weight_ch720,1.4451735019683838
layer3.4.conv3.weight,137,layer3.4.conv3.weight_ch137,1.4449424743652344
layer3.2.conv2.weight,101,layer3.2.conv2.weight_ch101,1.444873332977295
layer4.0.conv3.weight,1190,layer4.0.conv3.weight_ch1190,1.4445658922195435
layer3.4.conv3.weight,379,layer3.4.conv3.weight_ch379,1.4445393085479736
layer3.0.conv3.weight,804,layer3.0.conv3.weight_ch804,1.4438446760177612
layer3.1.conv3.weight,817,layer3.1.conv3.weight_ch817,1.443742275238037
layer4.0.conv3.weight,654,layer4.0.conv3.weight_ch654,1.4434915781021118
layer3.0.conv3.weight,566,layer3.0.conv3.weight_ch566,1.44284188747406
layer3.2.conv2.weight,117,layer3.2.conv2.weight_ch117,1.4423478841781616
layer3.1.conv3.weight,14,layer3.1.conv3.weight_ch14,1.442322015762329
layer3.2.conv2.weight,89,layer3.2.conv2.weight_ch89,1.4421348571777344
layer3.2.conv3.weight,184,layer3.2.conv3.weight_ch184,1.4419128894805908
layer3.0.conv2.weight,85,layer3.0.conv2.weight_ch85,1.441866159439087
layer3.4.conv3.weight,78,layer3.4.conv3.weight_ch78,1.4417611360549927
layer3.5.conv3.weight,564,layer3.5.conv3.weight_ch564,1.4416167736053467
layer4.0.conv3.weight,1570,layer4.0.conv3.weight_ch1570,1.441546082496643
layer2.0.conv1.weight,77,layer2.0.conv1.weight_ch77,1.441084623336792
layer4.0.conv3.weight,1183,layer4.0.conv3.weight_ch1183,1.4403995275497437
layer3.0.conv3.weight,991,layer3.0.conv3.weight_ch991,1.4399809837341309
layer3.2.conv2.weight,132,layer3.2.conv2.weight_ch132,1.4395278692245483
layer3.1.conv3.weight,293,layer3.1.conv3.weight_ch293,1.4392956495285034
layer3.3.conv3.weight,380,layer3.3.conv3.weight_ch380,1.439004898071289
layer3.4.conv3.weight,840,layer3.4.conv3.weight_ch840,1.4389289617538452
layer3.3.conv3.weight,597,layer3.3.conv3.weight_ch597,1.4389228820800781
layer3.4.conv3.weight,597,layer3.4.conv3.weight_ch597,1.4387718439102173
layer4.0.conv3.weight,410,layer4.0.conv3.weight_ch410,1.4384734630584717
layer3.5.conv3.weight,707,layer3.5.conv3.weight_ch707,1.4383692741394043
layer2.3.conv2.weight,125,layer2.3.conv2.weight_ch125,1.4378983974456787
layer3.2.conv2.weight,123,layer3.2.conv2.weight_ch123,1.4377740621566772
layer3.1.conv3.weight,619,layer3.1.conv3.weight_ch619,1.4376764297485352
layer3.1.conv3.weight,945,layer3.1.conv3.weight_ch945,1.4376496076583862
layer3.0.conv3.weight,90,layer3.0.conv3.weight_ch90,1.4374046325683594
layer1.2.conv3.weight,42,layer1.2.conv3.weight_ch42,1.4373291730880737
layer3.5.conv3.weight,142,layer3.5.conv3.weight_ch142,1.4370415210723877
layer3.2.conv2.weight,231,layer3.2.conv2.weight_ch231,1.4366512298583984
layer3.2.conv3.weight,152,layer3.2.conv3.weight_ch152,1.4364559650421143
layer2.0.conv2.weight,49,layer2.0.conv2.weight_ch49,1.4361672401428223
layer2.0.conv2.weight,111,layer2.0.conv2.weight_ch111,1.4357596635818481
layer3.0.conv3.weight,979,layer3.0.conv3.weight_ch979,1.4357284307479858
layer3.0.conv2.weight,27,layer3.0.conv2.weight_ch27,1.4352600574493408
layer3.0.conv3.weight,78,layer3.0.conv3.weight_ch78,1.435011386871338
layer3.1.conv3.weight,394,layer3.1.conv3.weight_ch394,1.4347772598266602
layer3.1.conv3.weight,761,layer3.1.conv3.weight_ch761,1.4347032308578491
layer3.5.conv3.weight,35,layer3.5.conv3.weight_ch35,1.434550166130066
layer3.5.conv3.weight,738,layer3.5.conv3.weight_ch738,1.434011697769165
layer3.0.conv3.weight,344,layer3.0.conv3.weight_ch344,1.4340062141418457
layer3.3.conv3.weight,276,layer3.3.conv3.weight_ch276,1.4339207410812378
layer4.0.conv3.weight,2042,layer4.0.conv3.weight_ch2042,1.4336930513381958
layer4.0.conv3.weight,1903,layer4.0.conv3.weight_ch1903,1.4333232641220093
layer3.5.conv3.weight,886,layer3.5.conv3.weight_ch886,1.4328808784484863
layer4.0.conv3.weight,471,layer4.0.conv3.weight_ch471,1.432321548461914
layer3.3.conv3.weight,291,layer3.3.conv3.weight_ch291,1.4320241212844849
layer4.0.conv3.weight,258,layer4.0.conv3.weight_ch258,1.4319202899932861
layer3.5.conv3.weight,806,layer3.5.conv3.weight_ch806,1.4316140413284302
layer4.0.conv3.weight,5,layer4.0.conv3.weight_ch5,1.431430459022522
layer3.4.conv3.weight,146,layer3.4.conv3.weight_ch146,1.4311959743499756
layer3.5.conv3.weight,808,layer3.5.conv3.weight_ch808,1.4311857223510742
layer2.1.conv3.weight,210,layer2.1.conv3.weight_ch210,1.4311461448669434
layer2.3.conv2.weight,126,layer2.3.conv2.weight_ch126,1.4310494661331177
layer3.4.conv3.weight,717,layer3.4.conv3.weight_ch717,1.4310485124588013
layer2.0.conv2.weight,13,layer2.0.conv2.weight_ch13,1.4308866262435913
layer2.1.conv3.weight,63,layer2.1.conv3.weight_ch63,1.4308615922927856
layer3.4.conv3.weight,684,layer3.4.conv3.weight_ch684,1.4307661056518555
layer3.4.conv3.weight,969,layer3.4.conv3.weight_ch969,1.430375576019287
layer4.1.conv1.weight,463,layer4.1.conv1.weight_ch463,1.4303076267242432
layer3.0.conv2.weight,212,layer3.0.conv2.weight_ch212,1.430127739906311
layer3.1.conv3.weight,104,layer3.1.conv3.weight_ch104,1.4301273822784424
layer3.0.conv3.weight,706,layer3.0.conv3.weight_ch706,1.4300328493118286
layer4.0.conv3.weight,1353,layer4.0.conv3.weight_ch1353,1.4299899339675903
layer1.2.conv3.weight,27,layer1.2.conv3.weight_ch27,1.429362416267395
layer3.3.conv3.weight,479,layer3.3.conv3.weight_ch479,1.4293532371520996
layer4.0.conv3.weight,1801,layer4.0.conv3.weight_ch1801,1.4291393756866455
layer4.0.conv3.weight,231,layer4.0.conv3.weight_ch231,1.4290223121643066
layer3.3.conv3.weight,752,layer3.3.conv3.weight_ch752,1.428917407989502
layer3.5.conv3.weight,665,layer3.5.conv3.weight_ch665,1.4281190633773804
layer3.2.conv2.weight,169,layer3.2.conv2.weight_ch169,1.427927851676941
layer3.5.conv3.weight,895,layer3.5.conv3.weight_ch895,1.426605224609375
layer3.0.conv3.weight,375,layer3.0.conv3.weight_ch375,1.4256103038787842
layer3.1.conv3.weight,3,layer3.1.conv3.weight_ch3,1.425366759300232
layer4.1.conv1.weight,328,layer4.1.conv1.weight_ch328,1.4251598119735718
layer4.0.conv3.weight,923,layer4.0.conv3.weight_ch923,1.4250653982162476
layer3.0.conv3.weight,935,layer3.0.conv3.weight_ch935,1.4249166250228882
layer2.1.conv3.weight,401,layer2.1.conv3.weight_ch401,1.4247316122055054
layer3.2.conv3.weight,520,layer3.2.conv3.weight_ch520,1.4247212409973145
layer3.4.conv3.weight,418,layer3.4.conv3.weight_ch418,1.4245342016220093
layer2.1.conv3.weight,4,layer2.1.conv3.weight_ch4,1.4244589805603027
layer4.0.conv3.weight,228,layer4.0.conv3.weight_ch228,1.4241496324539185
layer3.2.conv3.weight,415,layer3.2.conv3.weight_ch415,1.424090027809143
layer3.0.conv3.weight,614,layer3.0.conv3.weight_ch614,1.423770785331726
layer3.2.conv3.weight,908,layer3.2.conv3.weight_ch908,1.4235682487487793
layer3.1.conv3.weight,225,layer3.1.conv3.weight_ch225,1.4228084087371826
layer3.3.conv3.weight,322,layer3.3.conv3.weight_ch322,1.422577142715454
layer3.1.conv3.weight,77,layer3.1.conv3.weight_ch77,1.422451138496399
layer3.0.conv3.weight,91,layer3.0.conv3.weight_ch91,1.4222967624664307
layer3.2.conv3.weight,455,layer3.2.conv3.weight_ch455,1.4220077991485596
layer3.3.conv3.weight,720,layer3.3.conv3.weight_ch720,1.4219497442245483
layer3.2.conv3.weight,939,layer3.2.conv3.weight_ch939,1.4219304323196411
layer3.5.conv3.weight,145,layer3.5.conv3.weight_ch145,1.4219107627868652
layer4.0.conv3.weight,1150,layer4.0.conv3.weight_ch1150,1.4211015701293945
layer4.0.conv3.weight,2019,layer4.0.conv3.weight_ch2019,1.4208232164382935
layer3.2.conv3.weight,367,layer3.2.conv3.weight_ch367,1.4206956624984741
layer3.2.conv2.weight,130,layer3.2.conv2.weight_ch130,1.4203743934631348
layer2.0.conv2.weight,68,layer2.0.conv2.weight_ch68,1.4195047616958618
layer3.5.conv3.weight,230,layer3.5.conv3.weight_ch230,1.4193565845489502
layer4.0.conv3.weight,1474,layer4.0.conv3.weight_ch1474,1.4190764427185059
layer3.3.conv3.weight,646,layer3.3.conv3.weight_ch646,1.4186433553695679
layer3.3.conv3.weight,213,layer3.3.conv3.weight_ch213,1.4185817241668701
layer3.5.conv3.weight,314,layer3.5.conv3.weight_ch314,1.4185078144073486
layer3.3.conv3.weight,452,layer3.3.conv3.weight_ch452,1.4184561967849731
layer3.2.conv3.weight,502,layer3.2.conv3.weight_ch502,1.418386459350586
layer3.0.conv2.weight,198,layer3.0.conv2.weight_ch198,1.4182976484298706
layer3.1.conv3.weight,193,layer3.1.conv3.weight_ch193,1.417970895767212
layer3.5.conv3.weight,532,layer3.5.conv3.weight_ch532,1.417708396911621
layer3.0.conv3.weight,313,layer3.0.conv3.weight_ch313,1.4161931276321411
layer3.3.conv3.weight,586,layer3.3.conv3.weight_ch586,1.4160407781600952
layer3.1.conv3.weight,145,layer3.1.conv3.weight_ch145,1.416024088859558
layer2.3.conv2.weight,79,layer2.3.conv2.weight_ch79,1.4158371686935425
layer3.2.conv3.weight,219,layer3.2.conv3.weight_ch219,1.415549397468567
layer2.1.conv3.weight,439,layer2.1.conv3.weight_ch439,1.4155067205429077
layer3.1.conv3.weight,358,layer3.1.conv3.weight_ch358,1.4152432680130005
layer3.2.conv3.weight,866,layer3.2.conv3.weight_ch866,1.4152162075042725
layer3.2.conv2.weight,134,layer3.2.conv2.weight_ch134,1.4151428937911987
layer4.1.conv1.weight,2,layer4.1.conv1.weight_ch2,1.4150524139404297
layer3.0.conv3.weight,690,layer3.0.conv3.weight_ch690,1.4148651361465454
layer3.0.conv3.weight,511,layer3.0.conv3.weight_ch511,1.414705753326416
layer4.0.conv3.weight,907,layer4.0.conv3.weight_ch907,1.4144418239593506
layer3.0.conv3.weight,488,layer3.0.conv3.weight_ch488,1.4141018390655518
layer3.3.conv3.weight,15,layer3.3.conv3.weight_ch15,1.4136714935302734
layer3.2.conv3.weight,820,layer3.2.conv3.weight_ch820,1.413615345954895
layer4.0.conv3.weight,582,layer4.0.conv3.weight_ch582,1.4133723974227905
layer3.4.conv3.weight,179,layer3.4.conv3.weight_ch179,1.4132899045944214
layer3.1.conv3.weight,531,layer3.1.conv3.weight_ch531,1.413285493850708
layer3.1.conv3.weight,194,layer3.1.conv3.weight_ch194,1.4130163192749023
layer3.3.conv3.weight,960,layer3.3.conv3.weight_ch960,1.4129928350448608
layer3.5.conv3.weight,198,layer3.5.conv3.weight_ch198,1.4129834175109863
layer3.3.conv3.weight,201,layer3.3.conv3.weight_ch201,1.4129493236541748
layer2.0.conv2.weight,126,layer2.0.conv2.weight_ch126,1.4126601219177246
layer3.4.conv3.weight,362,layer3.4.conv3.weight_ch362,1.4123784303665161
layer3.4.conv3.weight,639,layer3.4.conv3.weight_ch639,1.4117636680603027
layer3.5.conv3.weight,725,layer3.5.conv3.weight_ch725,1.4113061428070068
layer3.1.conv3.weight,422,layer3.1.conv3.weight_ch422,1.4111603498458862
layer3.5.conv3.weight,388,layer3.5.conv3.weight_ch388,1.410923719406128
layer3.5.conv3.weight,807,layer3.5.conv3.weight_ch807,1.4108911752700806
layer3.5.conv3.weight,175,layer3.5.conv3.weight_ch175,1.4108591079711914
layer3.5.conv3.weight,397,layer3.5.conv3.weight_ch397,1.4107944965362549
layer3.4.conv3.weight,384,layer3.4.conv3.weight_ch384,1.410634160041809
layer3.0.conv3.weight,658,layer3.0.conv3.weight_ch658,1.410616397857666
layer3.0.conv3.weight,1023,layer3.0.conv3.weight_ch1023,1.4105238914489746
layer4.0.conv3.weight,1106,layer4.0.conv3.weight_ch1106,1.410159707069397
layer3.5.conv3.weight,235,layer3.5.conv3.weight_ch235,1.4101014137268066
layer4.0.conv3.weight,321,layer4.0.conv3.weight_ch321,1.4097568988800049
layer3.0.conv3.weight,598,layer3.0.conv3.weight_ch598,1.4088525772094727
layer3.0.conv3.weight,552,layer3.0.conv3.weight_ch552,1.4087741374969482
layer3.2.conv3.weight,116,layer3.2.conv3.weight_ch116,1.4085787534713745
layer3.2.conv3.weight,578,layer3.2.conv3.weight_ch578,1.4082919359207153
layer2.3.conv2.weight,122,layer2.3.conv2.weight_ch122,1.408217191696167
layer2.1.conv3.weight,444,layer2.1.conv3.weight_ch444,1.4080466032028198
layer3.0.conv3.weight,892,layer3.0.conv3.weight_ch892,1.4079902172088623
layer3.3.conv3.weight,234,layer3.3.conv3.weight_ch234,1.4079242944717407
layer2.1.conv3.weight,370,layer2.1.conv3.weight_ch370,1.407858967781067
layer3.1.conv3.weight,953,layer3.1.conv3.weight_ch953,1.407804250717163
layer3.1.conv3.weight,369,layer3.1.conv3.weight_ch369,1.407785415649414
layer3.4.conv3.weight,475,layer3.4.conv3.weight_ch475,1.4077056646347046
layer4.0.conv3.weight,1458,layer4.0.conv3.weight_ch1458,1.4076743125915527
layer3.3.conv3.weight,694,layer3.3.conv3.weight_ch694,1.4076303243637085
layer3.2.conv3.weight,987,layer3.2.conv3.weight_ch987,1.4074983596801758
layer4.0.conv3.weight,986,layer4.0.conv3.weight_ch986,1.4071228504180908
layer4.0.conv3.weight,1729,layer4.0.conv3.weight_ch1729,1.4070369005203247
layer4.0.conv3.weight,75,layer4.0.conv3.weight_ch75,1.4069634675979614
layer4.0.conv3.weight,1101,layer4.0.conv3.weight_ch1101,1.4069534540176392
layer3.5.conv3.weight,791,layer3.5.conv3.weight_ch791,1.4063453674316406
layer4.0.conv3.weight,1311,layer4.0.conv3.weight_ch1311,1.4061042070388794
layer3.5.conv3.weight,234,layer3.5.conv3.weight_ch234,1.4059147834777832
layer2.0.conv1.weight,9,layer2.0.conv1.weight_ch9,1.405543327331543
layer3.0.conv3.weight,128,layer3.0.conv3.weight_ch128,1.405454397201538
layer3.2.conv2.weight,84,layer3.2.conv2.weight_ch84,1.4053630828857422
layer3.3.conv3.weight,936,layer3.3.conv3.weight_ch936,1.4047253131866455
layer4.0.conv3.weight,1235,layer4.0.conv3.weight_ch1235,1.4046392440795898
layer2.3.conv2.weight,121,layer2.3.conv2.weight_ch121,1.4046177864074707
layer3.5.conv3.weight,811,layer3.5.conv3.weight_ch811,1.4043768644332886
layer1.2.conv3.weight,85,layer1.2.conv3.weight_ch85,1.4039397239685059
layer3.5.conv3.weight,649,layer3.5.conv3.weight_ch649,1.4035297632217407
layer3.4.conv3.weight,672,layer3.4.conv3.weight_ch672,1.4032704830169678
layer4.0.conv3.weight,1955,layer4.0.conv3.weight_ch1955,1.4032559394836426
layer3.4.conv3.weight,648,layer3.4.conv3.weight_ch648,1.4032269716262817
layer3.5.conv3.weight,365,layer3.5.conv3.weight_ch365,1.4030742645263672
layer3.1.conv3.weight,944,layer3.1.conv3.weight_ch944,1.4027938842773438
layer3.5.conv3.weight,860,layer3.5.conv3.weight_ch860,1.4027572870254517
layer4.0.conv3.weight,1124,layer4.0.conv3.weight_ch1124,1.4018492698669434
layer3.4.conv3.weight,502,layer3.4.conv3.weight_ch502,1.4016269445419312
layer3.0.conv3.weight,939,layer3.0.conv3.weight_ch939,1.4015960693359375
layer3.3.conv3.weight,1014,layer3.3.conv3.weight_ch1014,1.4015511274337769
layer2.1.conv3.weight,484,layer2.1.conv3.weight_ch484,1.4014639854431152
layer2.1.conv3.weight,14,layer2.1.conv3.weight_ch14,1.4014506340026855
layer3.4.conv3.weight,324,layer3.4.conv3.weight_ch324,1.401310682296753
layer3.4.conv3.weight,739,layer3.4.conv3.weight_ch739,1.40130615234375
layer2.0.conv1.weight,38,layer2.0.conv1.weight_ch38,1.4013011455535889
layer3.4.conv3.weight,971,layer3.4.conv3.weight_ch971,1.4010987281799316
layer3.3.conv3.weight,765,layer3.3.conv3.weight_ch765,1.4010425806045532
layer3.3.conv3.weight,318,layer3.3.conv3.weight_ch318,1.4008965492248535
layer3.0.conv3.weight,800,layer3.0.conv3.weight_ch800,1.400813341140747
layer4.0.conv3.weight,1021,layer4.0.conv3.weight_ch1021,1.4006842374801636
layer3.4.conv3.weight,24,layer3.4.conv3.weight_ch24,1.400668740272522
layer3.0.conv3.weight,891,layer3.0.conv3.weight_ch891,1.4001392126083374
layer3.2.conv3.weight,103,layer3.2.conv3.weight_ch103,1.4001291990280151
layer3.5.conv3.weight,340,layer3.5.conv3.weight_ch340,1.3995897769927979
layer3.5.conv3.weight,141,layer3.5.conv3.weight_ch141,1.3994158506393433
layer3.5.conv3.weight,620,layer3.5.conv3.weight_ch620,1.399337887763977
layer3.1.conv3.weight,177,layer3.1.conv3.weight_ch177,1.3990556001663208
layer3.1.conv3.weight,432,layer3.1.conv3.weight_ch432,1.3990397453308105
layer3.0.conv3.weight,701,layer3.0.conv3.weight_ch701,1.3988672494888306
layer4.0.conv3.weight,586,layer4.0.conv3.weight_ch586,1.398815631866455
layer2.0.conv2.weight,46,layer2.0.conv2.weight_ch46,1.3982967138290405
layer3.5.conv3.weight,327,layer3.5.conv3.weight_ch327,1.398154854774475
layer3.2.conv3.weight,837,layer3.2.conv3.weight_ch837,1.3981397151947021
layer3.0.conv3.weight,937,layer3.0.conv3.weight_ch937,1.3979443311691284
layer3.1.conv3.weight,241,layer3.1.conv3.weight_ch241,1.3978075981140137
layer3.2.conv2.weight,150,layer3.2.conv2.weight_ch150,1.397792935371399
layer1.2.conv3.weight,108,layer1.2.conv3.weight_ch108,1.3973487615585327
layer3.1.conv3.weight,278,layer3.1.conv3.weight_ch278,1.3973076343536377
layer3.0.conv3.weight,816,layer3.0.conv3.weight_ch816,1.3972833156585693
layer3.0.conv2.weight,135,layer3.0.conv2.weight_ch135,1.3972383737564087
layer3.0.conv3.weight,107,layer3.0.conv3.weight_ch107,1.3968677520751953
layer2.0.conv2.weight,88,layer2.0.conv2.weight_ch88,1.3968311548233032
layer4.0.conv3.weight,758,layer4.0.conv3.weight_ch758,1.39681875705719
layer2.3.conv2.weight,71,layer2.3.conv2.weight_ch71,1.396767258644104
layer3.5.conv3.weight,975,layer3.5.conv3.weight_ch975,1.396454930305481
layer4.0.conv3.weight,1825,layer4.0.conv3.weight_ch1825,1.396116852760315
layer4.0.conv3.weight,452,layer4.0.conv3.weight_ch452,1.3957922458648682
layer3.3.conv3.weight,780,layer3.3.conv3.weight_ch780,1.395542025566101
layer3.3.conv3.weight,625,layer3.3.conv3.weight_ch625,1.39541757106781
layer4.0.conv3.weight,336,layer4.0.conv3.weight_ch336,1.3947352170944214
layer3.2.conv2.weight,141,layer3.2.conv2.weight_ch141,1.3943498134613037
layer3.4.conv3.weight,250,layer3.4.conv3.weight_ch250,1.394242286682129
layer2.1.conv3.weight,335,layer2.1.conv3.weight_ch335,1.3941172361373901
layer4.0.conv3.weight,985,layer4.0.conv3.weight_ch985,1.393934965133667
layer3.2.conv3.weight,855,layer3.2.conv3.weight_ch855,1.393070936203003
layer3.0.conv3.weight,917,layer3.0.conv3.weight_ch917,1.3927192687988281
layer3.1.conv3.weight,768,layer3.1.conv3.weight_ch768,1.392577052116394
layer2.3.conv2.weight,9,layer2.3.conv2.weight_ch9,1.3925464153289795
layer3.1.conv3.weight,909,layer3.1.conv3.weight_ch909,1.392424464225769
layer2.1.conv3.weight,173,layer2.1.conv3.weight_ch173,1.3923542499542236
layer2.3.conv2.weight,119,layer2.3.conv2.weight_ch119,1.392283320426941
layer3.1.conv3.weight,238,layer3.1.conv3.weight_ch238,1.3922510147094727
layer4.0.conv3.weight,1983,layer4.0.conv3.weight_ch1983,1.3918378353118896
layer4.0.conv3.weight,289,layer4.0.conv3.weight_ch289,1.3908830881118774
layer4.0.conv3.weight,1843,layer4.0.conv3.weight_ch1843,1.3904991149902344
layer3.3.conv3.weight,237,layer3.3.conv3.weight_ch237,1.3903676271438599
layer4.0.conv3.weight,888,layer4.0.conv3.weight_ch888,1.390303611755371
layer3.5.conv3.weight,469,layer3.5.conv3.weight_ch469,1.3902525901794434
layer3.1.conv3.weight,72,layer3.1.conv3.weight_ch72,1.3899784088134766
layer3.4.conv3.weight,970,layer3.4.conv3.weight_ch970,1.3897950649261475
layer3.5.conv3.weight,614,layer3.5.conv3.weight_ch614,1.389743447303772
layer3.3.conv3.weight,830,layer3.3.conv3.weight_ch830,1.3894226551055908
layer3.5.conv3.weight,961,layer3.5.conv3.weight_ch961,1.3890912532806396
layer3.5.conv3.weight,419,layer3.5.conv3.weight_ch419,1.389050006866455
layer2.0.conv1.weight,48,layer2.0.conv1.weight_ch48,1.3889193534851074
layer1.2.conv3.weight,243,layer1.2.conv3.weight_ch243,1.388656735420227
layer3.5.conv3.weight,431,layer3.5.conv3.weight_ch431,1.3883944749832153
layer3.5.conv3.weight,711,layer3.5.conv3.weight_ch711,1.3882665634155273
layer3.5.conv3.weight,443,layer3.5.conv3.weight_ch443,1.3881535530090332
layer2.3.conv2.weight,112,layer2.3.conv2.weight_ch112,1.3878833055496216
layer3.0.conv3.weight,694,layer3.0.conv3.weight_ch694,1.3878408670425415
layer4.0.conv3.weight,1290,layer4.0.conv3.weight_ch1290,1.387708306312561
layer3.4.conv3.weight,667,layer3.4.conv3.weight_ch667,1.3876291513442993
layer1.2.conv3.weight,9,layer1.2.conv3.weight_ch9,1.3873690366744995
layer3.4.conv3.weight,523,layer3.4.conv3.weight_ch523,1.3873391151428223
layer3.1.conv3.weight,258,layer3.1.conv3.weight_ch258,1.3871641159057617
layer3.2.conv3.weight,882,layer3.2.conv3.weight_ch882,1.3871139287948608
layer3.5.conv3.weight,251,layer3.5.conv3.weight_ch251,1.3870869874954224
layer2.1.conv3.weight,72,layer2.1.conv3.weight_ch72,1.3866751194000244
layer2.0.conv2.weight,118,layer2.0.conv2.weight_ch118,1.3866310119628906
layer2.1.conv3.weight,170,layer2.1.conv3.weight_ch170,1.386615514755249
layer3.0.conv3.weight,782,layer3.0.conv3.weight_ch782,1.3865296840667725
layer4.0.conv3.weight,892,layer4.0.conv3.weight_ch892,1.3863462209701538
layer3.5.conv3.weight,585,layer3.5.conv3.weight_ch585,1.3863401412963867
layer2.1.conv3.weight,399,layer2.1.conv3.weight_ch399,1.3863039016723633
layer4.0.conv3.weight,622,layer4.0.conv3.weight_ch622,1.3861420154571533
layer2.0.conv1.weight,72,layer2.0.conv1.weight_ch72,1.38612699508667
layer4.0.conv3.weight,294,layer4.0.conv3.weight_ch294,1.3860116004943848
layer3.5.conv3.weight,610,layer3.5.conv3.weight_ch610,1.3857914209365845
layer3.5.conv3.weight,836,layer3.5.conv3.weight_ch836,1.3857530355453491
layer4.0.conv3.weight,871,layer4.0.conv3.weight_ch871,1.3857395648956299
layer2.1.conv3.weight,155,layer2.1.conv3.weight_ch155,1.3856836557388306
layer3.4.conv3.weight,12,layer3.4.conv3.weight_ch12,1.3856691122055054
layer3.3.conv3.weight,775,layer3.3.conv3.weight_ch775,1.3844799995422363
layer3.2.conv2.weight,39,layer3.2.conv2.weight_ch39,1.3844248056411743
layer2.3.conv2.weight,92,layer2.3.conv2.weight_ch92,1.3844085931777954
layer3.2.conv3.weight,674,layer3.2.conv3.weight_ch674,1.3837776184082031
layer3.3.conv3.weight,382,layer3.3.conv3.weight_ch382,1.383629560470581
layer3.3.conv3.weight,915,layer3.3.conv3.weight_ch915,1.3835957050323486
layer2.1.conv3.weight,400,layer2.1.conv3.weight_ch400,1.383276343345642
layer3.1.conv3.weight,772,layer3.1.conv3.weight_ch772,1.3828929662704468
layer3.3.conv3.weight,826,layer3.3.conv3.weight_ch826,1.3828387260437012
layer3.3.conv3.weight,372,layer3.3.conv3.weight_ch372,1.382825493812561
layer3.5.conv3.weight,406,layer3.5.conv3.weight_ch406,1.3828225135803223
layer3.5.conv3.weight,288,layer3.5.conv3.weight_ch288,1.382758378982544
layer3.3.conv3.weight,423,layer3.3.conv3.weight_ch423,1.3827486038208008
layer4.0.conv3.weight,177,layer4.0.conv3.weight_ch177,1.382729411125183
layer3.1.conv3.weight,690,layer3.1.conv3.weight_ch690,1.3825541734695435
layer3.4.conv3.weight,286,layer3.4.conv3.weight_ch286,1.3823928833007812
layer3.4.conv3.weight,34,layer3.4.conv3.weight_ch34,1.3822879791259766
layer3.3.conv3.weight,811,layer3.3.conv3.weight_ch811,1.3820726871490479
layer2.1.conv3.weight,32,layer2.1.conv3.weight_ch32,1.3820645809173584
layer4.0.conv3.weight,1628,layer4.0.conv3.weight_ch1628,1.3819833993911743
layer3.0.conv3.weight,394,layer3.0.conv3.weight_ch394,1.3819466829299927
layer3.2.conv2.weight,16,layer3.2.conv2.weight_ch16,1.381762981414795
layer3.2.conv3.weight,983,layer3.2.conv3.weight_ch983,1.381719946861267
layer2.1.conv3.weight,510,layer2.1.conv3.weight_ch510,1.3813514709472656
layer3.2.conv3.weight,823,layer3.2.conv3.weight_ch823,1.3812872171401978
layer4.0.conv3.weight,737,layer4.0.conv3.weight_ch737,1.3811732530593872
layer3.1.conv3.weight,289,layer3.1.conv3.weight_ch289,1.3810886144638062
layer3.2.conv2.weight,156,layer3.2.conv2.weight_ch156,1.3810124397277832
layer3.5.conv3.weight,958,layer3.5.conv3.weight_ch958,1.380802035331726
layer3.4.conv3.weight,580,layer3.4.conv3.weight_ch580,1.3807998895645142
layer3.3.conv3.weight,419,layer3.3.conv3.weight_ch419,1.380689024925232
layer3.0.conv3.weight,724,layer3.0.conv3.weight_ch724,1.3803726434707642
layer3.2.conv3.weight,187,layer3.2.conv3.weight_ch187,1.380285620689392
layer3.2.conv3.weight,529,layer3.2.conv3.weight_ch529,1.3802599906921387
layer3.4.conv3.weight,1021,layer3.4.conv3.weight_ch1021,1.3801921606063843
layer3.4.conv3.weight,380,layer3.4.conv3.weight_ch380,1.3801560401916504
layer4.0.conv3.weight,280,layer4.0.conv3.weight_ch280,1.3798444271087646
layer3.2.conv3.weight,562,layer3.2.conv3.weight_ch562,1.3794740438461304
layer3.5.conv3.weight,913,layer3.5.conv3.weight_ch913,1.3794220685958862
layer3.3.conv3.weight,362,layer3.3.conv3.weight_ch362,1.3793660402297974
layer3.3.conv3.weight,890,layer3.3.conv3.weight_ch890,1.3792698383331299
layer3.2.conv3.weight,248,layer3.2.conv3.weight_ch248,1.3790191411972046
layer3.2.conv3.weight,351,layer3.2.conv3.weight_ch351,1.3788937330245972
layer3.3.conv3.weight,121,layer3.3.conv3.weight_ch121,1.3788446187973022
layer4.0.conv3.weight,1239,layer4.0.conv3.weight_ch1239,1.378807544708252
layer2.1.conv3.weight,169,layer2.1.conv3.weight_ch169,1.3788001537322998
layer4.1.conv1.weight,310,layer4.1.conv1.weight_ch310,1.3782103061676025
layer3.0.conv3.weight,836,layer3.0.conv3.weight_ch836,1.3780159950256348
layer3.4.conv3.weight,748,layer3.4.conv3.weight_ch748,1.3779948949813843
layer3.2.conv3.weight,796,layer3.2.conv3.weight_ch796,1.377646803855896
layer3.2.conv3.weight,99,layer3.2.conv3.weight_ch99,1.377596378326416
layer3.2.conv3.weight,850,layer3.2.conv3.weight_ch850,1.3774852752685547
layer3.3.conv3.weight,208,layer3.3.conv3.weight_ch208,1.3773106336593628
layer3.0.conv3.weight,575,layer3.0.conv3.weight_ch575,1.3767814636230469
layer4.0.conv3.weight,1849,layer4.0.conv3.weight_ch1849,1.3767814636230469
layer3.1.conv3.weight,205,layer3.1.conv3.weight_ch205,1.3762314319610596
layer3.3.conv3.weight,495,layer3.3.conv3.weight_ch495,1.3760950565338135
layer3.4.conv3.weight,377,layer3.4.conv3.weight_ch377,1.3760825395584106
layer4.0.conv3.weight,93,layer4.0.conv3.weight_ch93,1.375935435295105
layer3.3.conv3.weight,677,layer3.3.conv3.weight_ch677,1.3758732080459595
layer3.0.conv3.weight,850,layer3.0.conv3.weight_ch850,1.3757362365722656
layer3.1.conv3.weight,1017,layer3.1.conv3.weight_ch1017,1.3755892515182495
layer1.2.conv3.weight,133,layer1.2.conv3.weight_ch133,1.3755769729614258
layer2.1.conv3.weight,252,layer2.1.conv3.weight_ch252,1.375417709350586
layer2.3.conv2.weight,115,layer2.3.conv2.weight_ch115,1.3750734329223633
layer3.5.conv3.weight,739,layer3.5.conv3.weight_ch739,1.3749672174453735
layer4.0.conv3.weight,996,layer4.0.conv3.weight_ch996,1.3748352527618408
layer3.2.conv3.weight,921,layer3.2.conv3.weight_ch921,1.374467134475708
layer4.0.conv3.weight,329,layer4.0.conv3.weight_ch329,1.3744592666625977
layer4.0.conv3.weight,764,layer4.0.conv3.weight_ch764,1.374409556388855
layer2.3.conv2.weight,26,layer2.3.conv2.weight_ch26,1.3741052150726318
layer3.3.conv3.weight,746,layer3.3.conv3.weight_ch746,1.3740462064743042
layer2.0.conv2.weight,84,layer2.0.conv2.weight_ch84,1.373873233795166
layer3.3.conv3.weight,671,layer3.3.conv3.weight_ch671,1.3738490343093872
layer4.0.conv3.weight,1007,layer4.0.conv3.weight_ch1007,1.3737008571624756
layer3.3.conv3.weight,176,layer3.3.conv3.weight_ch176,1.3733246326446533
layer3.1.conv3.weight,753,layer3.1.conv3.weight_ch753,1.3732601404190063
layer3.4.conv3.weight,587,layer3.4.conv3.weight_ch587,1.3732011318206787
layer3.2.conv2.weight,222,layer3.2.conv2.weight_ch222,1.3730950355529785
layer3.2.conv3.weight,589,layer3.2.conv3.weight_ch589,1.3730387687683105
layer3.3.conv3.weight,508,layer3.3.conv3.weight_ch508,1.372939944267273
layer4.0.conv3.weight,1960,layer4.0.conv3.weight_ch1960,1.372820496559143
layer4.0.conv3.weight,760,layer4.0.conv3.weight_ch760,1.3727432489395142
layer3.3.conv3.weight,45,layer3.3.conv3.weight_ch45,1.3726781606674194
layer4.0.conv3.weight,1598,layer4.0.conv3.weight_ch1598,1.3726212978363037
layer3.2.conv3.weight,109,layer3.2.conv3.weight_ch109,1.3724807500839233
layer3.3.conv3.weight,399,layer3.3.conv3.weight_ch399,1.3724753856658936
layer2.3.conv2.weight,29,layer2.3.conv2.weight_ch29,1.3724002838134766
layer3.4.conv3.weight,159,layer3.4.conv3.weight_ch159,1.371669054031372
layer3.2.conv2.weight,139,layer3.2.conv2.weight_ch139,1.3716589212417603
layer4.0.conv3.weight,1,layer4.0.conv3.weight_ch1,1.3716113567352295
layer2.0.conv1.weight,20,layer2.0.conv1.weight_ch20,1.371583342552185
layer3.2.conv2.weight,87,layer3.2.conv2.weight_ch87,1.3715749979019165
layer4.0.conv3.weight,42,layer4.0.conv3.weight_ch42,1.3715431690216064
layer3.5.conv3.weight,514,layer3.5.conv3.weight_ch514,1.3714606761932373
layer3.2.conv3.weight,938,layer3.2.conv3.weight_ch938,1.3713006973266602
layer3.5.conv3.weight,652,layer3.5.conv3.weight_ch652,1.371233582496643
layer3.4.conv3.weight,891,layer3.4.conv3.weight_ch891,1.3709490299224854
layer4.0.conv3.weight,726,layer4.0.conv3.weight_ch726,1.3708784580230713
layer3.2.conv2.weight,203,layer3.2.conv2.weight_ch203,1.3707163333892822
layer3.2.conv3.weight,490,layer3.2.conv3.weight_ch490,1.3702633380889893
layer3.4.conv3.weight,649,layer3.4.conv3.weight_ch649,1.3696073293685913
layer3.0.conv3.weight,529,layer3.0.conv3.weight_ch529,1.3695950508117676
layer3.4.conv3.weight,244,layer3.4.conv3.weight_ch244,1.3694807291030884
layer3.4.conv3.weight,422,layer3.4.conv3.weight_ch422,1.3690670728683472
layer3.2.conv3.weight,998,layer3.2.conv3.weight_ch998,1.3689618110656738
layer3.0.conv3.weight,447,layer3.0.conv3.weight_ch447,1.3689038753509521
layer3.3.conv3.weight,490,layer3.3.conv3.weight_ch490,1.368839979171753
layer3.3.conv3.weight,212,layer3.3.conv3.weight_ch212,1.3688328266143799
layer3.3.conv3.weight,750,layer3.3.conv3.weight_ch750,1.3687338829040527
layer3.5.conv3.weight,873,layer3.5.conv3.weight_ch873,1.3685977458953857
layer3.0.conv3.weight,39,layer3.0.conv3.weight_ch39,1.3685952425003052
layer3.1.conv3.weight,710,layer3.1.conv3.weight_ch710,1.3684298992156982
layer4.1.conv1.weight,166,layer4.1.conv1.weight_ch166,1.3683078289031982
layer3.4.conv3.weight,348,layer3.4.conv3.weight_ch348,1.3681702613830566
layer3.4.conv3.weight,750,layer3.4.conv3.weight_ch750,1.3677620887756348
layer3.3.conv3.weight,192,layer3.3.conv3.weight_ch192,1.3677585124969482
layer2.1.conv3.weight,427,layer2.1.conv3.weight_ch427,1.367501974105835
layer3.4.conv3.weight,895,layer3.4.conv3.weight_ch895,1.3674418926239014
layer3.5.conv3.weight,282,layer3.5.conv3.weight_ch282,1.3671188354492188
layer3.4.conv3.weight,716,layer3.4.conv3.weight_ch716,1.366868495941162
layer3.4.conv3.weight,372,layer3.4.conv3.weight_ch372,1.3668237924575806
layer3.5.conv3.weight,778,layer3.5.conv3.weight_ch778,1.3667027950286865
layer1.2.conv3.weight,215,layer1.2.conv3.weight_ch215,1.3666634559631348
layer3.2.conv3.weight,453,layer3.2.conv3.weight_ch453,1.3663382530212402
layer3.5.conv3.weight,606,layer3.5.conv3.weight_ch606,1.3661683797836304
layer3.1.conv3.weight,303,layer3.1.conv3.weight_ch303,1.365936517715454
layer3.5.conv3.weight,645,layer3.5.conv3.weight_ch645,1.365748643875122
layer4.0.conv3.weight,1794,layer4.0.conv3.weight_ch1794,1.3657068014144897
layer4.0.conv3.weight,1459,layer4.0.conv3.weight_ch1459,1.365703821182251
layer4.0.conv3.weight,372,layer4.0.conv3.weight_ch372,1.3656116724014282
layer4.0.conv3.weight,2043,layer4.0.conv3.weight_ch2043,1.3655660152435303
layer3.2.conv3.weight,1007,layer3.2.conv3.weight_ch1007,1.3655551671981812
layer2.0.conv1.weight,56,layer2.0.conv1.weight_ch56,1.3655409812927246
layer4.0.conv3.weight,1451,layer4.0.conv3.weight_ch1451,1.3653497695922852
layer3.5.conv3.weight,32,layer3.5.conv3.weight_ch32,1.3652031421661377
layer3.1.conv3.weight,987,layer3.1.conv3.weight_ch987,1.365179419517517
layer4.0.conv3.weight,159,layer4.0.conv3.weight_ch159,1.36517333984375
layer3.2.conv3.weight,568,layer3.2.conv3.weight_ch568,1.364985466003418
layer4.0.conv3.weight,163,layer4.0.conv3.weight_ch163,1.3648895025253296
layer3.4.conv3.weight,240,layer3.4.conv3.weight_ch240,1.36454439163208
layer3.0.conv3.weight,833,layer3.0.conv3.weight_ch833,1.3643391132354736
layer4.0.conv3.weight,613,layer4.0.conv3.weight_ch613,1.36430025100708
layer3.0.conv3.weight,186,layer3.0.conv3.weight_ch186,1.3642934560775757
layer4.0.conv3.weight,913,layer4.0.conv3.weight_ch913,1.363494873046875
layer2.3.conv2.weight,89,layer2.3.conv2.weight_ch89,1.3631844520568848
layer4.0.conv3.weight,1770,layer4.0.conv3.weight_ch1770,1.3629496097564697
layer4.0.conv3.weight,413,layer4.0.conv3.weight_ch413,1.362878680229187
layer3.5.conv3.weight,338,layer3.5.conv3.weight_ch338,1.3628607988357544
layer3.0.conv3.weight,644,layer3.0.conv3.weight_ch644,1.3623123168945312
layer3.5.conv3.weight,993,layer3.5.conv3.weight_ch993,1.3623050451278687
layer3.1.conv3.weight,51,layer3.1.conv3.weight_ch51,1.362066626548767
layer3.1.conv3.weight,138,layer3.1.conv3.weight_ch138,1.3620291948318481
layer3.4.conv3.weight,22,layer3.4.conv3.weight_ch22,1.3620003461837769
layer4.1.conv1.weight,48,layer4.1.conv1.weight_ch48,1.3619672060012817
layer4.0.conv3.weight,659,layer4.0.conv3.weight_ch659,1.3619489669799805
layer4.0.conv3.weight,1240,layer4.0.conv3.weight_ch1240,1.3616232872009277
layer3.3.conv3.weight,999,layer3.3.conv3.weight_ch999,1.3614141941070557
layer3.2.conv3.weight,577,layer3.2.conv3.weight_ch577,1.3613759279251099
layer3.3.conv3.weight,339,layer3.3.conv3.weight_ch339,1.3613739013671875
layer2.1.conv3.weight,458,layer2.1.conv3.weight_ch458,1.3612468242645264
layer3.4.conv3.weight,901,layer3.4.conv3.weight_ch901,1.360896348953247
layer3.2.conv3.weight,890,layer3.2.conv3.weight_ch890,1.3605105876922607
layer4.0.conv3.weight,2011,layer4.0.conv3.weight_ch2011,1.3602911233901978
layer3.3.conv3.weight,428,layer3.3.conv3.weight_ch428,1.3600162267684937
layer3.4.conv3.weight,135,layer3.4.conv3.weight_ch135,1.3599361181259155
layer3.5.conv3.weight,640,layer3.5.conv3.weight_ch640,1.3596781492233276
layer3.4.conv3.weight,43,layer3.4.conv3.weight_ch43,1.3596572875976562
layer4.0.conv3.weight,118,layer4.0.conv3.weight_ch118,1.3595399856567383
layer4.0.conv3.weight,480,layer4.0.conv3.weight_ch480,1.3594008684158325
layer3.5.conv3.weight,821,layer3.5.conv3.weight_ch821,1.3586238622665405
layer3.2.conv3.weight,631,layer3.2.conv3.weight_ch631,1.3580348491668701
layer3.5.conv3.weight,263,layer3.5.conv3.weight_ch263,1.3578927516937256
layer3.0.conv3.weight,390,layer3.0.conv3.weight_ch390,1.3578647375106812
layer3.5.conv3.weight,273,layer3.5.conv3.weight_ch273,1.3576710224151611
layer3.0.conv3.weight,274,layer3.0.conv3.weight_ch274,1.3575068712234497
layer3.0.conv3.weight,350,layer3.0.conv3.weight_ch350,1.3574877977371216
layer2.0.conv2.weight,70,layer2.0.conv2.weight_ch70,1.3573634624481201
layer2.0.conv2.weight,92,layer2.0.conv2.weight_ch92,1.3573110103607178
layer3.0.conv2.weight,245,layer3.0.conv2.weight_ch245,1.3572651147842407
layer3.2.conv3.weight,488,layer3.2.conv3.weight_ch488,1.3570181131362915
layer3.1.conv3.weight,112,layer3.1.conv3.weight_ch112,1.357016921043396
layer4.1.conv1.weight,300,layer4.1.conv1.weight_ch300,1.356682300567627
layer3.5.conv3.weight,153,layer3.5.conv3.weight_ch153,1.3564071655273438
layer2.1.conv3.weight,487,layer2.1.conv3.weight_ch487,1.3555150032043457
layer3.5.conv3.weight,250,layer3.5.conv3.weight_ch250,1.3554531335830688
layer3.4.conv3.weight,264,layer3.4.conv3.weight_ch264,1.3552712202072144
layer4.1.conv1.weight,302,layer4.1.conv1.weight_ch302,1.3552420139312744
layer3.0.conv3.weight,93,layer3.0.conv3.weight_ch93,1.355191946029663
layer3.0.conv3.weight,545,layer3.0.conv3.weight_ch545,1.3551263809204102
layer3.3.conv3.weight,349,layer3.3.conv3.weight_ch349,1.3551185131072998
layer3.4.conv3.weight,400,layer3.4.conv3.weight_ch400,1.3550751209259033
layer2.1.conv3.weight,111,layer2.1.conv3.weight_ch111,1.354870319366455
layer3.3.conv3.weight,193,layer3.3.conv3.weight_ch193,1.3546558618545532
layer3.2.conv3.weight,684,layer3.2.conv3.weight_ch684,1.3545602560043335
layer3.2.conv3.weight,54,layer3.2.conv3.weight_ch54,1.3545321226119995
layer2.1.conv3.weight,0,layer2.1.conv3.weight_ch0,1.354430913925171
layer3.0.conv3.weight,423,layer3.0.conv3.weight_ch423,1.3540890216827393
layer3.0.conv3.weight,255,layer3.0.conv3.weight_ch255,1.3540836572647095
layer3.4.conv3.weight,387,layer3.4.conv3.weight_ch387,1.3540722131729126
layer3.4.conv3.weight,354,layer3.4.conv3.weight_ch354,1.3539000749588013
layer3.3.conv3.weight,252,layer3.3.conv3.weight_ch252,1.3537698984146118
layer4.0.conv3.weight,1184,layer4.0.conv3.weight_ch1184,1.353682041168213
layer4.0.conv3.weight,838,layer4.0.conv3.weight_ch838,1.3536250591278076
layer3.1.conv3.weight,111,layer3.1.conv3.weight_ch111,1.3536218404769897
layer3.0.conv3.weight,75,layer3.0.conv3.weight_ch75,1.3533568382263184
layer3.3.conv3.weight,500,layer3.3.conv3.weight_ch500,1.3532646894454956
layer3.1.conv3.weight,372,layer3.1.conv3.weight_ch372,1.3530316352844238
layer3.0.conv3.weight,233,layer3.0.conv3.weight_ch233,1.3530181646347046
layer2.1.conv3.weight,231,layer2.1.conv3.weight_ch231,1.3528467416763306
layer3.0.conv3.weight,775,layer3.0.conv3.weight_ch775,1.352599024772644
layer4.0.conv3.weight,816,layer4.0.conv3.weight_ch816,1.3522160053253174
layer3.1.conv3.weight,96,layer3.1.conv3.weight_ch96,1.3511755466461182
layer3.2.conv3.weight,599,layer3.2.conv3.weight_ch599,1.3509713411331177
layer4.1.conv1.weight,181,layer4.1.conv1.weight_ch181,1.3508185148239136
layer3.0.conv3.weight,809,layer3.0.conv3.weight_ch809,1.3505463600158691
layer3.5.conv3.weight,925,layer3.5.conv3.weight_ch925,1.3499903678894043
layer3.2.conv3.weight,493,layer3.2.conv3.weight_ch493,1.3499672412872314
layer2.0.conv2.weight,15,layer2.0.conv2.weight_ch15,1.3499289751052856
layer3.5.conv3.weight,18,layer3.5.conv3.weight_ch18,1.3498830795288086
layer4.0.conv3.weight,455,layer4.0.conv3.weight_ch455,1.3498201370239258
layer3.1.conv3.weight,641,layer3.1.conv3.weight_ch641,1.3497984409332275
layer3.1.conv3.weight,689,layer3.1.conv3.weight_ch689,1.3490562438964844
layer3.0.conv3.weight,295,layer3.0.conv3.weight_ch295,1.348982810974121
layer3.3.conv3.weight,905,layer3.3.conv3.weight_ch905,1.3488805294036865
layer3.4.conv3.weight,462,layer3.4.conv3.weight_ch462,1.348879337310791
layer3.1.conv3.weight,920,layer3.1.conv3.weight_ch920,1.3485924005508423
layer3.2.conv3.weight,830,layer3.2.conv3.weight_ch830,1.3485831022262573
layer3.5.conv3.weight,964,layer3.5.conv3.weight_ch964,1.3484216928482056
layer2.1.conv3.weight,507,layer2.1.conv3.weight_ch507,1.3483003377914429
layer3.4.conv3.weight,207,layer3.4.conv3.weight_ch207,1.3481147289276123
layer3.1.conv3.weight,274,layer3.1.conv3.weight_ch274,1.3480238914489746
layer4.0.conv3.weight,123,layer4.0.conv3.weight_ch123,1.347538948059082
layer4.0.conv3.weight,1473,layer4.0.conv3.weight_ch1473,1.3473944664001465
layer3.4.conv3.weight,186,layer3.4.conv3.weight_ch186,1.3473470211029053
layer2.0.conv1.weight,2,layer2.0.conv1.weight_ch2,1.3471623659133911
layer3.0.conv3.weight,696,layer3.0.conv3.weight_ch696,1.3471269607543945
layer3.3.conv3.weight,383,layer3.3.conv3.weight_ch383,1.3463401794433594
layer3.4.conv3.weight,479,layer3.4.conv3.weight_ch479,1.3462592363357544
layer3.4.conv3.weight,271,layer3.4.conv3.weight_ch271,1.3462488651275635
layer4.0.conv3.weight,954,layer4.0.conv3.weight_ch954,1.3456144332885742
layer3.4.conv3.weight,104,layer3.4.conv3.weight_ch104,1.3454545736312866
layer4.0.conv3.weight,1490,layer4.0.conv3.weight_ch1490,1.3453689813613892
layer4.1.conv1.weight,494,layer4.1.conv1.weight_ch494,1.3453080654144287
layer3.4.conv3.weight,450,layer3.4.conv3.weight_ch450,1.345123529434204
layer3.2.conv3.weight,790,layer3.2.conv3.weight_ch790,1.3449642658233643
layer3.0.conv3.weight,135,layer3.0.conv3.weight_ch135,1.3449450731277466
layer3.4.conv3.weight,18,layer3.4.conv3.weight_ch18,1.344939112663269
layer3.2.conv3.weight,581,layer3.2.conv3.weight_ch581,1.3448023796081543
layer3.0.conv3.weight,792,layer3.0.conv3.weight_ch792,1.344228744506836
layer3.2.conv2.weight,187,layer3.2.conv2.weight_ch187,1.3442139625549316
layer4.0.conv3.weight,1644,layer4.0.conv3.weight_ch1644,1.3438732624053955
layer3.4.conv3.weight,212,layer3.4.conv3.weight_ch212,1.343833565711975
layer3.4.conv3.weight,519,layer3.4.conv3.weight_ch519,1.3436905145645142
layer3.4.conv3.weight,505,layer3.4.conv3.weight_ch505,1.343504548072815
layer3.2.conv3.weight,794,layer3.2.conv3.weight_ch794,1.3434287309646606
layer3.3.conv3.weight,596,layer3.3.conv3.weight_ch596,1.3432660102844238
layer4.0.conv3.weight,1095,layer4.0.conv3.weight_ch1095,1.3431955575942993
layer3.1.conv3.weight,765,layer3.1.conv3.weight_ch765,1.342989206314087
layer3.4.conv3.weight,27,layer3.4.conv3.weight_ch27,1.3428272008895874
layer2.1.conv3.weight,316,layer2.1.conv3.weight_ch316,1.3427659273147583
layer3.0.conv3.weight,559,layer3.0.conv3.weight_ch559,1.3426103591918945
layer3.4.conv3.weight,937,layer3.4.conv3.weight_ch937,1.3424323797225952
layer3.4.conv3.weight,342,layer3.4.conv3.weight_ch342,1.3423027992248535
layer3.1.conv3.weight,538,layer3.1.conv3.weight_ch538,1.3421634435653687
layer2.0.conv2.weight,12,layer2.0.conv2.weight_ch12,1.3421459197998047
layer4.0.conv3.weight,1936,layer4.0.conv3.weight_ch1936,1.3419277667999268
layer3.0.conv3.weight,392,layer3.0.conv3.weight_ch392,1.3417778015136719
layer3.5.conv3.weight,912,layer3.5.conv3.weight_ch912,1.3414827585220337
layer3.5.conv3.weight,473,layer3.5.conv3.weight_ch473,1.3414764404296875
layer3.4.conv3.weight,705,layer3.4.conv3.weight_ch705,1.3414400815963745
layer3.5.conv3.weight,216,layer3.5.conv3.weight_ch216,1.3409775495529175
layer3.4.conv3.weight,800,layer3.4.conv3.weight_ch800,1.3407442569732666
layer2.1.conv3.weight,186,layer2.1.conv3.weight_ch186,1.340553641319275
layer3.4.conv3.weight,439,layer3.4.conv3.weight_ch439,1.340325117111206
layer3.1.conv3.weight,308,layer3.1.conv3.weight_ch308,1.3402409553527832
layer4.0.conv3.weight,1622,layer4.0.conv3.weight_ch1622,1.3401325941085815
layer3.2.conv3.weight,661,layer3.2.conv3.weight_ch661,1.3401049375534058
layer3.4.conv3.weight,817,layer3.4.conv3.weight_ch817,1.3400901556015015
layer3.2.conv2.weight,219,layer3.2.conv2.weight_ch219,1.3397690057754517
layer3.0.conv3.weight,509,layer3.0.conv3.weight_ch509,1.33957839012146
layer3.0.conv3.weight,698,layer3.0.conv3.weight_ch698,1.3394627571105957
layer3.2.conv3.weight,726,layer3.2.conv3.weight_ch726,1.3393750190734863
layer3.0.conv2.weight,166,layer3.0.conv2.weight_ch166,1.3392444849014282
layer4.0.conv3.weight,2046,layer4.0.conv3.weight_ch2046,1.3387730121612549
layer3.3.conv3.weight,286,layer3.3.conv3.weight_ch286,1.33869469165802
layer3.1.conv3.weight,592,layer3.1.conv3.weight_ch592,1.3386942148208618
layer3.2.conv3.weight,706,layer3.2.conv3.weight_ch706,1.3384698629379272
layer4.0.conv3.weight,1000,layer4.0.conv3.weight_ch1000,1.3384170532226562
layer3.0.conv3.weight,401,layer3.0.conv3.weight_ch401,1.3383828401565552
layer3.1.conv3.weight,199,layer3.1.conv3.weight_ch199,1.3381190299987793
layer2.0.conv2.weight,103,layer2.0.conv2.weight_ch103,1.3377281427383423
layer4.0.conv3.weight,212,layer4.0.conv3.weight_ch212,1.3375543355941772
layer4.1.conv1.weight,344,layer4.1.conv1.weight_ch344,1.337471604347229
layer3.1.conv3.weight,386,layer3.1.conv3.weight_ch386,1.3374247550964355
layer3.2.conv3.weight,699,layer3.2.conv3.weight_ch699,1.3373123407363892
layer3.2.conv2.weight,247,layer3.2.conv2.weight_ch247,1.3370177745819092
layer4.0.conv3.weight,1502,layer4.0.conv3.weight_ch1502,1.336371898651123
layer3.1.conv3.weight,1009,layer3.1.conv3.weight_ch1009,1.335844874382019
layer3.1.conv3.weight,638,layer3.1.conv3.weight_ch638,1.3356155157089233
layer1.2.conv3.weight,122,layer1.2.conv3.weight_ch122,1.3355908393859863
layer3.5.conv3.weight,10,layer3.5.conv3.weight_ch10,1.3354791402816772
layer3.3.conv3.weight,319,layer3.3.conv3.weight_ch319,1.3354510068893433
layer3.0.conv3.weight,89,layer3.0.conv3.weight_ch89,1.3353910446166992
layer3.1.conv3.weight,681,layer3.1.conv3.weight_ch681,1.3349549770355225
layer3.2.conv3.weight,970,layer3.2.conv3.weight_ch970,1.334205985069275
layer4.1.conv1.weight,98,layer4.1.conv1.weight_ch98,1.3341604471206665
layer3.0.conv3.weight,260,layer3.0.conv3.weight_ch260,1.3340752124786377
layer4.1.conv1.weight,243,layer4.1.conv1.weight_ch243,1.3339903354644775
layer3.3.conv3.weight,117,layer3.3.conv3.weight_ch117,1.3339569568634033
layer3.1.conv3.weight,829,layer3.1.conv3.weight_ch829,1.3339450359344482
layer3.4.conv3.weight,791,layer3.4.conv3.weight_ch791,1.3338710069656372
layer4.0.conv3.weight,1812,layer4.0.conv3.weight_ch1812,1.3338587284088135
layer3.3.conv3.weight,873,layer3.3.conv3.weight_ch873,1.333820104598999
layer4.1.conv1.weight,376,layer4.1.conv1.weight_ch376,1.3337515592575073
layer3.5.conv3.weight,1008,layer3.5.conv3.weight_ch1008,1.3335587978363037
layer3.1.conv3.weight,132,layer3.1.conv3.weight_ch132,1.3334792852401733
layer3.0.conv3.weight,474,layer3.0.conv3.weight_ch474,1.3332263231277466
layer3.0.conv3.weight,842,layer3.0.conv3.weight_ch842,1.333217740058899
layer3.2.conv3.weight,609,layer3.2.conv3.weight_ch609,1.3324233293533325
layer3.4.conv3.weight,58,layer3.4.conv3.weight_ch58,1.3323190212249756
layer3.2.conv3.weight,90,layer3.2.conv3.weight_ch90,1.3320666551589966
layer3.1.conv3.weight,820,layer3.1.conv3.weight_ch820,1.3319705724716187
layer3.2.conv2.weight,78,layer3.2.conv2.weight_ch78,1.331942081451416
layer3.1.conv3.weight,367,layer3.1.conv3.weight_ch367,1.3311456441879272
layer3.4.conv3.weight,531,layer3.4.conv3.weight_ch531,1.3311125040054321
layer3.4.conv3.weight,386,layer3.4.conv3.weight_ch386,1.3309946060180664
layer3.0.conv3.weight,820,layer3.0.conv3.weight_ch820,1.3308055400848389
layer3.2.conv3.weight,389,layer3.2.conv3.weight_ch389,1.330575942993164
layer3.1.conv3.weight,125,layer3.1.conv3.weight_ch125,1.3304885625839233
layer3.3.conv3.weight,129,layer3.3.conv3.weight_ch129,1.3304630517959595
layer2.0.conv1.weight,15,layer2.0.conv1.weight_ch15,1.3304566144943237
layer3.5.conv3.weight,676,layer3.5.conv3.weight_ch676,1.330431580543518
layer3.2.conv3.weight,1005,layer3.2.conv3.weight_ch1005,1.3302161693572998
layer3.2.conv3.weight,261,layer3.2.conv3.weight_ch261,1.3297913074493408
layer2.0.conv2.weight,69,layer2.0.conv2.weight_ch69,1.3297380208969116
layer3.5.conv3.weight,368,layer3.5.conv3.weight_ch368,1.3297109603881836
layer4.0.conv3.weight,17,layer4.0.conv3.weight_ch17,1.3296945095062256
layer3.0.conv3.weight,297,layer3.0.conv3.weight_ch297,1.3296746015548706
layer3.0.conv3.weight,966,layer3.0.conv3.weight_ch966,1.3295902013778687
layer3.0.conv3.weight,521,layer3.0.conv3.weight_ch521,1.3294281959533691
layer3.5.conv3.weight,427,layer3.5.conv3.weight_ch427,1.3292113542556763
layer3.1.conv3.weight,576,layer3.1.conv3.weight_ch576,1.328859806060791
layer1.2.conv3.weight,44,layer1.2.conv3.weight_ch44,1.3288564682006836
layer4.0.conv3.weight,1339,layer4.0.conv3.weight_ch1339,1.3286875486373901
layer4.0.conv3.weight,331,layer4.0.conv3.weight_ch331,1.3283262252807617
layer3.4.conv3.weight,108,layer3.4.conv3.weight_ch108,1.3282291889190674
layer3.1.conv3.weight,222,layer3.1.conv3.weight_ch222,1.3282244205474854
layer3.3.conv3.weight,862,layer3.3.conv3.weight_ch862,1.3278043270111084
layer3.2.conv3.weight,267,layer3.2.conv3.weight_ch267,1.3276208639144897
layer3.0.conv2.weight,146,layer3.0.conv2.weight_ch146,1.327219843864441
layer3.3.conv3.weight,651,layer3.3.conv3.weight_ch651,1.3267261981964111
layer3.4.conv3.weight,932,layer3.4.conv3.weight_ch932,1.3265069723129272
layer3.0.conv3.weight,524,layer3.0.conv3.weight_ch524,1.326154351234436
layer3.1.conv3.weight,331,layer3.1.conv3.weight_ch331,1.3258384466171265
layer3.3.conv3.weight,489,layer3.3.conv3.weight_ch489,1.3257319927215576
layer3.2.conv3.weight,1006,layer3.2.conv3.weight_ch1006,1.3256232738494873
layer4.0.conv3.weight,852,layer4.0.conv3.weight_ch852,1.3255966901779175
layer3.0.conv3.weight,788,layer3.0.conv3.weight_ch788,1.3251579999923706
layer4.0.conv3.weight,353,layer4.0.conv3.weight_ch353,1.3251487016677856
layer3.3.conv3.weight,538,layer3.3.conv3.weight_ch538,1.3250598907470703
layer3.5.conv3.weight,341,layer3.5.conv3.weight_ch341,1.32485830783844
layer3.5.conv3.weight,897,layer3.5.conv3.weight_ch897,1.3246521949768066
layer3.0.conv3.weight,930,layer3.0.conv3.weight_ch930,1.3244143724441528
layer3.3.conv3.weight,66,layer3.3.conv3.weight_ch66,1.3243290185928345
layer3.1.conv3.weight,611,layer3.1.conv3.weight_ch611,1.3243050575256348
layer2.1.conv3.weight,504,layer2.1.conv3.weight_ch504,1.3241629600524902
layer3.5.conv3.weight,244,layer3.5.conv3.weight_ch244,1.3241400718688965
layer4.1.conv1.weight,322,layer4.1.conv1.weight_ch322,1.3241314888000488
layer4.0.conv3.weight,931,layer4.0.conv3.weight_ch931,1.3240669965744019
layer4.0.conv3.weight,1367,layer4.0.conv3.weight_ch1367,1.3239343166351318
layer3.3.conv3.weight,621,layer3.3.conv3.weight_ch621,1.3237134218215942
layer3.2.conv2.weight,238,layer3.2.conv2.weight_ch238,1.323662281036377
layer3.0.conv3.weight,185,layer3.0.conv3.weight_ch185,1.3236465454101562
layer4.0.conv3.weight,378,layer4.0.conv3.weight_ch378,1.3233369588851929
layer3.5.conv3.weight,307,layer3.5.conv3.weight_ch307,1.3231701850891113
layer3.5.conv3.weight,965,layer3.5.conv3.weight_ch965,1.322718858718872
layer3.0.conv3.weight,912,layer3.0.conv3.weight_ch912,1.3226830959320068
layer3.0.conv3.weight,242,layer3.0.conv3.weight_ch242,1.3226006031036377
layer3.4.conv3.weight,235,layer3.4.conv3.weight_ch235,1.322571039199829
layer3.4.conv3.weight,767,layer3.4.conv3.weight_ch767,1.3223862648010254
layer2.1.conv3.weight,332,layer2.1.conv3.weight_ch332,1.322312593460083
layer3.0.conv3.weight,583,layer3.0.conv3.weight_ch583,1.3221644163131714
layer3.3.conv3.weight,23,layer3.3.conv3.weight_ch23,1.3216955661773682
layer3.5.conv3.weight,91,layer3.5.conv3.weight_ch91,1.3216288089752197
layer3.2.conv3.weight,36,layer3.2.conv3.weight_ch36,1.3215389251708984
layer3.0.conv3.weight,754,layer3.0.conv3.weight_ch754,1.3212727308273315
layer3.2.conv3.weight,133,layer3.2.conv3.weight_ch133,1.3210185766220093
layer3.5.conv3.weight,970,layer3.5.conv3.weight_ch970,1.3208749294281006
layer4.0.conv3.weight,162,layer4.0.conv3.weight_ch162,1.3208742141723633
layer3.5.conv3.weight,1001,layer3.5.conv3.weight_ch1001,1.3206236362457275
layer3.3.conv3.weight,969,layer3.3.conv3.weight_ch969,1.3203312158584595
layer3.5.conv3.weight,83,layer3.5.conv3.weight_ch83,1.320117473602295
layer3.4.conv3.weight,117,layer3.4.conv3.weight_ch117,1.319980502128601
layer3.5.conv3.weight,556,layer3.5.conv3.weight_ch556,1.3198493719100952
layer3.0.conv2.weight,133,layer3.0.conv2.weight_ch133,1.3196566104888916
layer3.5.conv3.weight,540,layer3.5.conv3.weight_ch540,1.319619059562683
layer2.1.conv3.weight,101,layer2.1.conv3.weight_ch101,1.3193979263305664
layer3.2.conv3.weight,30,layer3.2.conv3.weight_ch30,1.319050669670105
layer3.5.conv3.weight,104,layer3.5.conv3.weight_ch104,1.3189038038253784
layer4.1.conv1.weight,493,layer4.1.conv1.weight_ch493,1.3186801671981812
layer3.3.conv3.weight,2,layer3.3.conv3.weight_ch2,1.3186414241790771
layer3.5.conv3.weight,381,layer3.5.conv3.weight_ch381,1.31853187084198
layer4.0.conv3.weight,1469,layer4.0.conv3.weight_ch1469,1.3180625438690186
layer3.2.conv2.weight,177,layer3.2.conv2.weight_ch177,1.3178678750991821
layer2.1.conv3.weight,330,layer2.1.conv3.weight_ch330,1.317718505859375
layer3.3.conv3.weight,20,layer3.3.conv3.weight_ch20,1.3175938129425049
layer3.5.conv3.weight,66,layer3.5.conv3.weight_ch66,1.3175761699676514
layer4.0.conv3.weight,1579,layer4.0.conv3.weight_ch1579,1.3175426721572876
layer3.0.conv3.weight,51,layer3.0.conv3.weight_ch51,1.3172273635864258
layer3.0.conv3.weight,372,layer3.0.conv3.weight_ch372,1.316930890083313
layer4.1.conv1.weight,131,layer4.1.conv1.weight_ch131,1.3163608312606812
layer4.0.conv3.weight,1919,layer4.0.conv3.weight_ch1919,1.3159207105636597
layer3.4.conv3.weight,925,layer3.4.conv3.weight_ch925,1.315691351890564
layer3.3.conv3.weight,13,layer3.3.conv3.weight_ch13,1.315584421157837
layer4.0.conv3.weight,1205,layer4.0.conv3.weight_ch1205,1.3155640363693237
layer3.1.conv3.weight,623,layer3.1.conv3.weight_ch623,1.3153795003890991
layer3.3.conv3.weight,1006,layer3.3.conv3.weight_ch1006,1.3153764009475708
layer3.2.conv2.weight,97,layer3.2.conv2.weight_ch97,1.3151572942733765
layer3.1.conv3.weight,465,layer3.1.conv3.weight_ch465,1.3151259422302246
layer2.1.conv3.weight,264,layer2.1.conv3.weight_ch264,1.3147326707839966
layer3.4.conv3.weight,577,layer3.4.conv3.weight_ch577,1.3141381740570068
layer3.5.conv3.weight,646,layer3.5.conv3.weight_ch646,1.3137538433074951
layer3.0.conv3.weight,968,layer3.0.conv3.weight_ch968,1.3136049509048462
layer3.0.conv2.weight,100,layer3.0.conv2.weight_ch100,1.3134233951568604
layer4.0.conv3.weight,546,layer4.0.conv3.weight_ch546,1.3133974075317383
layer2.0.conv2.weight,115,layer2.0.conv2.weight_ch115,1.3133726119995117
layer3.5.conv3.weight,660,layer3.5.conv3.weight_ch660,1.3131096363067627
layer3.0.conv3.weight,868,layer3.0.conv3.weight_ch868,1.3129984140396118
layer3.3.conv3.weight,618,layer3.3.conv3.weight_ch618,1.3127473592758179
layer3.0.conv3.weight,832,layer3.0.conv3.weight_ch832,1.3126471042633057
layer3.5.conv3.weight,712,layer3.5.conv3.weight_ch712,1.3126459121704102
layer3.0.conv3.weight,348,layer3.0.conv3.weight_ch348,1.3125239610671997
layer3.3.conv3.weight,1,layer3.3.conv3.weight_ch1,1.3121411800384521
layer3.3.conv3.weight,581,layer3.3.conv3.weight_ch581,1.3120485544204712
layer3.3.conv3.weight,852,layer3.3.conv3.weight_ch852,1.3119264841079712
layer3.1.conv3.weight,679,layer3.1.conv3.weight_ch679,1.31182861328125
layer3.3.conv3.weight,346,layer3.3.conv3.weight_ch346,1.3113067150115967
layer2.0.conv2.weight,83,layer2.0.conv2.weight_ch83,1.3108941316604614
layer2.0.conv1.weight,65,layer2.0.conv1.weight_ch65,1.31076180934906
layer2.1.conv3.weight,296,layer2.1.conv3.weight_ch296,1.3106839656829834
layer3.4.conv3.weight,724,layer3.4.conv3.weight_ch724,1.3105847835540771
layer4.0.conv3.weight,1962,layer4.0.conv3.weight_ch1962,1.3102257251739502
layer3.5.conv3.weight,23,layer3.5.conv3.weight_ch23,1.3097355365753174
layer3.5.conv3.weight,591,layer3.5.conv3.weight_ch591,1.3096392154693604
layer3.5.conv3.weight,674,layer3.5.conv3.weight_ch674,1.3095179796218872
layer4.0.conv3.weight,569,layer4.0.conv3.weight_ch569,1.3092796802520752
layer3.4.conv3.weight,979,layer3.4.conv3.weight_ch979,1.3092491626739502
layer3.3.conv3.weight,907,layer3.3.conv3.weight_ch907,1.3090571165084839
layer3.2.conv2.weight,100,layer3.2.conv2.weight_ch100,1.3090267181396484
layer3.5.conv3.weight,768,layer3.5.conv3.weight_ch768,1.308674931526184
layer3.0.conv3.weight,980,layer3.0.conv3.weight_ch980,1.3086305856704712
layer3.1.conv3.weight,529,layer3.1.conv3.weight_ch529,1.3084681034088135
layer4.0.conv3.weight,1609,layer4.0.conv3.weight_ch1609,1.3082634210586548
layer1.2.conv3.weight,192,layer1.2.conv3.weight_ch192,1.3081752061843872
layer3.2.conv3.weight,395,layer3.2.conv3.weight_ch395,1.3080174922943115
layer4.0.conv3.weight,1023,layer4.0.conv3.weight_ch1023,1.3079975843429565
layer3.5.conv3.weight,671,layer3.5.conv3.weight_ch671,1.307924747467041
layer3.2.conv3.weight,119,layer3.2.conv3.weight_ch119,1.3077356815338135
layer3.2.conv3.weight,278,layer3.2.conv3.weight_ch278,1.3075344562530518
layer3.5.conv3.weight,352,layer3.5.conv3.weight_ch352,1.306951880455017
layer2.1.conv3.weight,52,layer2.1.conv3.weight_ch52,1.3068208694458008
layer3.2.conv3.weight,78,layer3.2.conv3.weight_ch78,1.30681312084198
layer3.1.conv3.weight,813,layer3.1.conv3.weight_ch813,1.3066151142120361
layer3.3.conv3.weight,135,layer3.3.conv3.weight_ch135,1.3065125942230225
layer3.2.conv3.weight,495,layer3.2.conv3.weight_ch495,1.3058193922042847
layer2.0.conv1.weight,79,layer2.0.conv1.weight_ch79,1.3052313327789307
layer2.1.conv3.weight,255,layer2.1.conv3.weight_ch255,1.3051815032958984
layer3.3.conv3.weight,938,layer3.3.conv3.weight_ch938,1.3048758506774902
layer3.0.conv3.weight,899,layer3.0.conv3.weight_ch899,1.3047431707382202
layer3.2.conv2.weight,201,layer3.2.conv2.weight_ch201,1.3046746253967285
layer3.0.conv3.weight,340,layer3.0.conv3.weight_ch340,1.3046296834945679
layer2.3.conv2.weight,35,layer2.3.conv2.weight_ch35,1.3043519258499146
layer3.2.conv3.weight,550,layer3.2.conv3.weight_ch550,1.3041902780532837
layer3.1.conv3.weight,352,layer3.1.conv3.weight_ch352,1.3039454221725464
layer3.1.conv3.weight,845,layer3.1.conv3.weight_ch845,1.3039451837539673
layer4.0.conv3.weight,663,layer4.0.conv3.weight_ch663,1.3038840293884277
layer3.0.conv3.weight,312,layer3.0.conv3.weight_ch312,1.3036811351776123
layer3.5.conv3.weight,723,layer3.5.conv3.weight_ch723,1.3036422729492188
layer4.1.conv1.weight,40,layer4.1.conv1.weight_ch40,1.3036103248596191
layer4.1.conv1.weight,316,layer4.1.conv1.weight_ch316,1.3032941818237305
layer4.0.conv3.weight,963,layer4.0.conv3.weight_ch963,1.3032872676849365
layer2.0.conv1.weight,35,layer2.0.conv1.weight_ch35,1.3031405210494995
layer1.2.conv3.weight,111,layer1.2.conv3.weight_ch111,1.3029028177261353
layer3.5.conv3.weight,412,layer3.5.conv3.weight_ch412,1.302635908126831
layer3.2.conv3.weight,333,layer3.2.conv3.weight_ch333,1.3026188611984253
layer3.3.conv3.weight,627,layer3.3.conv3.weight_ch627,1.302253246307373
layer3.3.conv3.weight,517,layer3.3.conv3.weight_ch517,1.3021705150604248
layer3.2.conv3.weight,355,layer3.2.conv3.weight_ch355,1.3017361164093018
layer3.0.conv2.weight,56,layer3.0.conv2.weight_ch56,1.3017019033432007
layer3.5.conv3.weight,863,layer3.5.conv3.weight_ch863,1.3015938997268677
layer3.2.conv3.weight,216,layer3.2.conv3.weight_ch216,1.3014494180679321
layer2.1.conv3.weight,468,layer2.1.conv3.weight_ch468,1.3011376857757568
layer3.2.conv2.weight,151,layer3.2.conv2.weight_ch151,1.3010648488998413
layer3.1.conv3.weight,371,layer3.1.conv3.weight_ch371,1.300919532775879
layer3.1.conv3.weight,675,layer3.1.conv3.weight_ch675,1.3007619380950928
layer3.5.conv3.weight,71,layer3.5.conv3.weight_ch71,1.300447940826416
layer3.4.conv3.weight,769,layer3.4.conv3.weight_ch769,1.300140619277954
layer2.1.conv3.weight,313,layer2.1.conv3.weight_ch313,1.3000186681747437
layer3.4.conv3.weight,1016,layer3.4.conv3.weight_ch1016,1.299333095550537
layer3.2.conv3.weight,835,layer3.2.conv3.weight_ch835,1.299168348312378
layer3.3.conv3.weight,499,layer3.3.conv3.weight_ch499,1.299038290977478
layer3.3.conv3.weight,87,layer3.3.conv3.weight_ch87,1.2988978624343872
layer3.5.conv3.weight,905,layer3.5.conv3.weight_ch905,1.2987289428710938
layer3.4.conv3.weight,71,layer3.4.conv3.weight_ch71,1.298267126083374
layer4.0.conv3.weight,1641,layer4.0.conv3.weight_ch1641,1.2981326580047607
layer3.5.conv3.weight,689,layer3.5.conv3.weight_ch689,1.29812490940094
layer3.4.conv3.weight,924,layer3.4.conv3.weight_ch924,1.2975223064422607
layer3.5.conv3.weight,546,layer3.5.conv3.weight_ch546,1.2973607778549194
layer3.4.conv3.weight,1005,layer3.4.conv3.weight_ch1005,1.2972899675369263
layer2.3.conv2.weight,59,layer2.3.conv2.weight_ch59,1.2965513467788696
layer3.5.conv3.weight,186,layer3.5.conv3.weight_ch186,1.295880675315857
layer3.3.conv3.weight,415,layer3.3.conv3.weight_ch415,1.2958240509033203
layer3.1.conv3.weight,211,layer3.1.conv3.weight_ch211,1.2955057621002197
layer3.1.conv3.weight,518,layer3.1.conv3.weight_ch518,1.295062780380249
layer3.4.conv3.weight,958,layer3.4.conv3.weight_ch958,1.294663906097412
layer4.0.conv3.weight,417,layer4.0.conv3.weight_ch417,1.2945353984832764
layer3.0.conv3.weight,494,layer3.0.conv3.weight_ch494,1.294527530670166
layer2.1.conv3.weight,300,layer2.1.conv3.weight_ch300,1.2944014072418213
layer3.5.conv3.weight,386,layer3.5.conv3.weight_ch386,1.2940099239349365
layer4.0.conv3.weight,1433,layer4.0.conv3.weight_ch1433,1.2937688827514648
layer4.0.conv3.weight,1450,layer4.0.conv3.weight_ch1450,1.2931230068206787
layer3.5.conv3.weight,182,layer3.5.conv3.weight_ch182,1.292741060256958
layer3.4.conv3.weight,758,layer3.4.conv3.weight_ch758,1.2920552492141724
layer3.5.conv3.weight,560,layer3.5.conv3.weight_ch560,1.2920541763305664
layer3.0.conv3.weight,722,layer3.0.conv3.weight_ch722,1.2917449474334717
layer4.0.conv3.weight,1374,layer4.0.conv3.weight_ch1374,1.2916655540466309
layer4.0.conv3.weight,1913,layer4.0.conv3.weight_ch1913,1.291307806968689
layer3.2.conv3.weight,174,layer3.2.conv3.weight_ch174,1.2912201881408691
layer3.2.conv3.weight,642,layer3.2.conv3.weight_ch642,1.290327548980713
layer3.4.conv3.weight,181,layer3.4.conv3.weight_ch181,1.2900636196136475
layer1.2.conv3.weight,3,layer1.2.conv3.weight_ch3,1.2899781465530396
layer3.2.conv3.weight,807,layer3.2.conv3.weight_ch807,1.289384126663208
layer3.3.conv3.weight,417,layer3.3.conv3.weight_ch417,1.289374589920044
layer3.2.conv3.weight,811,layer3.2.conv3.weight_ch811,1.2890983819961548
layer3.2.conv3.weight,840,layer3.2.conv3.weight_ch840,1.2888749837875366
layer2.0.conv1.weight,112,layer2.0.conv1.weight_ch112,1.2885408401489258
layer3.2.conv3.weight,163,layer3.2.conv3.weight_ch163,1.2881879806518555
layer4.0.conv3.weight,1866,layer4.0.conv3.weight_ch1866,1.288116216659546
layer4.0.conv3.weight,63,layer4.0.conv3.weight_ch63,1.2878050804138184
layer3.1.conv3.weight,505,layer3.1.conv3.weight_ch505,1.2875382900238037
layer1.2.conv3.weight,73,layer1.2.conv3.weight_ch73,1.2874189615249634
layer3.5.conv3.weight,955,layer3.5.conv3.weight_ch955,1.2873872518539429
layer3.0.conv3.weight,137,layer3.0.conv3.weight_ch137,1.287134051322937
layer3.1.conv3.weight,380,layer3.1.conv3.weight_ch380,1.2870690822601318
layer3.1.conv3.weight,568,layer3.1.conv3.weight_ch568,1.2867786884307861
layer2.1.conv3.weight,35,layer2.1.conv3.weight_ch35,1.2866121530532837
layer4.0.conv3.weight,315,layer4.0.conv3.weight_ch315,1.2863805294036865
layer2.1.conv3.weight,61,layer2.1.conv3.weight_ch61,1.2858221530914307
layer3.1.conv3.weight,999,layer3.1.conv3.weight_ch999,1.285789966583252
layer4.0.conv3.weight,550,layer4.0.conv3.weight_ch550,1.2855710983276367
layer3.1.conv3.weight,245,layer3.1.conv3.weight_ch245,1.2853784561157227
layer4.0.conv3.weight,37,layer4.0.conv3.weight_ch37,1.2848827838897705
layer3.3.conv3.weight,631,layer3.3.conv3.weight_ch631,1.284584879875183
layer1.2.conv3.weight,230,layer1.2.conv3.weight_ch230,1.2845710515975952
layer3.2.conv3.weight,914,layer3.2.conv3.weight_ch914,1.2844995260238647
layer3.1.conv3.weight,578,layer3.1.conv3.weight_ch578,1.2844979763031006
layer2.1.conv3.weight,138,layer2.1.conv3.weight_ch138,1.2844171524047852
layer3.3.conv3.weight,91,layer3.3.conv3.weight_ch91,1.2842828035354614
layer3.0.conv3.weight,829,layer3.0.conv3.weight_ch829,1.2841763496398926
layer3.5.conv3.weight,377,layer3.5.conv3.weight_ch377,1.2840790748596191
layer2.1.conv3.weight,168,layer2.1.conv3.weight_ch168,1.2840385437011719
layer2.0.conv1.weight,50,layer2.0.conv1.weight_ch50,1.2839478254318237
layer4.0.conv3.weight,1635,layer4.0.conv3.weight_ch1635,1.2834011316299438
layer3.3.conv3.weight,449,layer3.3.conv3.weight_ch449,1.283005952835083
layer3.1.conv3.weight,807,layer3.1.conv3.weight_ch807,1.282904863357544
layer3.1.conv3.weight,382,layer3.1.conv3.weight_ch382,1.2824903726577759
layer3.3.conv3.weight,203,layer3.3.conv3.weight_ch203,1.2822726964950562
layer3.2.conv3.weight,385,layer3.2.conv3.weight_ch385,1.282261848449707
layer2.0.conv2.weight,61,layer2.0.conv2.weight_ch61,1.2822295427322388
layer3.5.conv3.weight,624,layer3.5.conv3.weight_ch624,1.281943917274475
layer3.3.conv3.weight,42,layer3.3.conv3.weight_ch42,1.2818024158477783
layer3.1.conv3.weight,927,layer3.1.conv3.weight_ch927,1.2817630767822266
layer3.5.conv3.weight,867,layer3.5.conv3.weight_ch867,1.2816716432571411
layer2.0.conv1.weight,17,layer2.0.conv1.weight_ch17,1.2811248302459717
layer3.2.conv3.weight,340,layer3.2.conv3.weight_ch340,1.280893087387085
layer2.1.conv3.weight,75,layer2.1.conv3.weight_ch75,1.2808102369308472
layer3.2.conv3.weight,524,layer3.2.conv3.weight_ch524,1.2807872295379639
layer3.4.conv3.weight,11,layer3.4.conv3.weight_ch11,1.2806886434555054
layer3.5.conv3.weight,702,layer3.5.conv3.weight_ch702,1.2806689739227295
layer3.5.conv3.weight,825,layer3.5.conv3.weight_ch825,1.280471682548523
layer2.0.conv1.weight,39,layer2.0.conv1.weight_ch39,1.2799357175827026
layer3.0.conv3.weight,817,layer3.0.conv3.weight_ch817,1.279877781867981
layer3.1.conv3.weight,30,layer3.1.conv3.weight_ch30,1.2798585891723633
layer3.0.conv3.weight,363,layer3.0.conv3.weight_ch363,1.2798542976379395
layer3.0.conv2.weight,52,layer3.0.conv2.weight_ch52,1.2795758247375488
layer3.4.conv3.weight,500,layer3.4.conv3.weight_ch500,1.2793775796890259
layer3.3.conv3.weight,768,layer3.3.conv3.weight_ch768,1.2791827917099
layer3.3.conv3.weight,912,layer3.3.conv3.weight_ch912,1.2791544198989868
layer3.0.conv3.weight,253,layer3.0.conv3.weight_ch253,1.27899169921875
layer4.0.conv3.weight,1074,layer4.0.conv3.weight_ch1074,1.2788422107696533
layer3.2.conv3.weight,1010,layer3.2.conv3.weight_ch1010,1.2787795066833496
layer3.4.conv3.weight,474,layer3.4.conv3.weight_ch474,1.278573989868164
layer3.2.conv3.weight,785,layer3.2.conv3.weight_ch785,1.2782129049301147
layer3.1.conv3.weight,264,layer3.1.conv3.weight_ch264,1.2779608964920044
layer2.0.conv1.weight,99,layer2.0.conv1.weight_ch99,1.2775241136550903
layer3.3.conv3.weight,513,layer3.3.conv3.weight_ch513,1.2774298191070557
layer3.3.conv3.weight,546,layer3.3.conv3.weight_ch546,1.2774189710617065
layer3.2.conv3.weight,595,layer3.2.conv3.weight_ch595,1.2766550779342651
layer4.0.conv3.weight,316,layer4.0.conv3.weight_ch316,1.2766399383544922
layer1.2.conv3.weight,35,layer1.2.conv3.weight_ch35,1.2766292095184326
layer2.0.conv1.weight,23,layer2.0.conv1.weight_ch23,1.276524543762207
layer3.3.conv3.weight,733,layer3.3.conv3.weight_ch733,1.2762534618377686
layer3.2.conv3.weight,67,layer3.2.conv3.weight_ch67,1.2761561870574951
layer3.3.conv3.weight,56,layer3.3.conv3.weight_ch56,1.275724172592163
layer3.3.conv3.weight,257,layer3.3.conv3.weight_ch257,1.275641679763794
layer3.3.conv3.weight,446,layer3.3.conv3.weight_ch446,1.275500774383545
layer3.0.conv3.weight,404,layer3.0.conv3.weight_ch404,1.275499939918518
layer3.3.conv3.weight,588,layer3.3.conv3.weight_ch588,1.2753827571868896
layer3.0.conv3.weight,370,layer3.0.conv3.weight_ch370,1.274990200996399
layer3.0.conv3.weight,846,layer3.0.conv3.weight_ch846,1.2749322652816772
layer4.0.conv3.weight,1477,layer4.0.conv3.weight_ch1477,1.2745203971862793
layer4.1.conv1.weight,501,layer4.1.conv1.weight_ch501,1.2743067741394043
layer2.1.conv3.weight,334,layer2.1.conv3.weight_ch334,1.2741352319717407
layer3.3.conv3.weight,8,layer3.3.conv3.weight_ch8,1.274099588394165
layer3.1.conv3.weight,793,layer3.1.conv3.weight_ch793,1.2735174894332886
layer3.0.conv3.weight,165,layer3.0.conv3.weight_ch165,1.2729785442352295
layer3.2.conv3.weight,738,layer3.2.conv3.weight_ch738,1.272634744644165
layer3.0.conv3.weight,239,layer3.0.conv3.weight_ch239,1.2725169658660889
layer3.5.conv3.weight,673,layer3.5.conv3.weight_ch673,1.2719038724899292
layer3.0.conv3.weight,929,layer3.0.conv3.weight_ch929,1.2717618942260742
layer2.0.conv1.weight,109,layer2.0.conv1.weight_ch109,1.2717227935791016
layer4.0.conv3.weight,779,layer4.0.conv3.weight_ch779,1.271637201309204
layer3.3.conv3.weight,643,layer3.3.conv3.weight_ch643,1.2716220617294312
layer3.1.conv3.weight,7,layer3.1.conv3.weight_ch7,1.2716156244277954
layer3.3.conv3.weight,299,layer3.3.conv3.weight_ch299,1.271482229232788
layer3.0.conv3.weight,361,layer3.0.conv3.weight_ch361,1.2713308334350586
layer3.3.conv3.weight,985,layer3.3.conv3.weight_ch985,1.271281123161316
layer3.1.conv3.weight,948,layer3.1.conv3.weight_ch948,1.2709884643554688
layer3.5.conv3.weight,893,layer3.5.conv3.weight_ch893,1.270888328552246
layer3.1.conv3.weight,18,layer3.1.conv3.weight_ch18,1.2707618474960327
layer3.5.conv3.weight,127,layer3.5.conv3.weight_ch127,1.2701202630996704
layer3.2.conv3.weight,273,layer3.2.conv3.weight_ch273,1.2700191736221313
layer3.0.conv3.weight,434,layer3.0.conv3.weight_ch434,1.2697101831436157
layer3.0.conv3.weight,986,layer3.0.conv3.weight_ch986,1.269363522529602
layer4.0.conv3.weight,559,layer4.0.conv3.weight_ch559,1.269210696220398
layer3.2.conv3.weight,804,layer3.2.conv3.weight_ch804,1.2689565420150757
layer3.5.conv3.weight,277,layer3.5.conv3.weight_ch277,1.268815279006958
layer3.2.conv2.weight,136,layer3.2.conv2.weight_ch136,1.2687658071517944
layer3.3.conv3.weight,110,layer3.3.conv3.weight_ch110,1.2686635255813599
layer3.2.conv3.weight,519,layer3.2.conv3.weight_ch519,1.2684705257415771
layer3.0.conv3.weight,199,layer3.0.conv3.weight_ch199,1.2681952714920044
layer3.5.conv3.weight,642,layer3.5.conv3.weight_ch642,1.267052412033081
layer4.0.conv3.weight,1708,layer4.0.conv3.weight_ch1708,1.2663649320602417
layer3.0.conv3.weight,339,layer3.0.conv3.weight_ch339,1.265926480293274
layer3.0.conv3.weight,96,layer3.0.conv3.weight_ch96,1.2659200429916382
layer4.0.conv3.weight,10,layer4.0.conv3.weight_ch10,1.265296459197998
layer3.3.conv3.weight,398,layer3.3.conv3.weight_ch398,1.2652263641357422
layer3.4.conv3.weight,624,layer3.4.conv3.weight_ch624,1.2639641761779785
layer3.3.conv3.weight,559,layer3.3.conv3.weight_ch559,1.2638847827911377
layer4.0.conv3.weight,126,layer4.0.conv3.weight_ch126,1.2635071277618408
layer3.3.conv3.weight,845,layer3.3.conv3.weight_ch845,1.2633724212646484
layer3.5.conv3.weight,515,layer3.5.conv3.weight_ch515,1.2632815837860107
layer3.5.conv3.weight,668,layer3.5.conv3.weight_ch668,1.2624343633651733
layer3.2.conv3.weight,11,layer3.2.conv3.weight_ch11,1.2622095346450806
layer3.5.conv3.weight,777,layer3.5.conv3.weight_ch777,1.2621349096298218
layer4.0.conv3.weight,285,layer4.0.conv3.weight_ch285,1.2617069482803345
layer3.0.conv3.weight,456,layer3.0.conv3.weight_ch456,1.2615807056427002
layer3.1.conv3.weight,407,layer3.1.conv3.weight_ch407,1.2614045143127441
layer3.2.conv2.weight,4,layer3.2.conv2.weight_ch4,1.2611876726150513
layer3.1.conv3.weight,732,layer3.1.conv3.weight_ch732,1.261168360710144
layer3.1.conv3.weight,282,layer3.1.conv3.weight_ch282,1.2609913349151611
layer3.4.conv3.weight,1002,layer3.4.conv3.weight_ch1002,1.2609280347824097
layer3.1.conv3.weight,526,layer3.1.conv3.weight_ch526,1.2607488632202148
layer3.4.conv3.weight,191,layer3.4.conv3.weight_ch191,1.2607139348983765
layer3.0.conv3.weight,134,layer3.0.conv3.weight_ch134,1.2606627941131592
layer4.0.conv3.weight,227,layer4.0.conv3.weight_ch227,1.2606300115585327
layer3.2.conv3.weight,610,layer3.2.conv3.weight_ch610,1.2606241703033447
layer3.0.conv3.weight,963,layer3.0.conv3.weight_ch963,1.260381817817688
layer3.2.conv3.weight,1016,layer3.2.conv3.weight_ch1016,1.2602996826171875
layer3.3.conv3.weight,880,layer3.3.conv3.weight_ch880,1.2602993249893188
layer2.1.conv3.weight,274,layer2.1.conv3.weight_ch274,1.2597832679748535
layer3.1.conv3.weight,176,layer3.1.conv3.weight_ch176,1.2596749067306519
layer2.1.conv3.weight,276,layer2.1.conv3.weight_ch276,1.2594127655029297
layer4.0.conv3.weight,132,layer4.0.conv3.weight_ch132,1.259201169013977
layer3.2.conv3.weight,441,layer3.2.conv3.weight_ch441,1.259141206741333
layer3.1.conv3.weight,117,layer3.1.conv3.weight_ch117,1.2589176893234253
layer3.5.conv3.weight,870,layer3.5.conv3.weight_ch870,1.2588683366775513
layer2.1.conv3.weight,60,layer2.1.conv3.weight_ch60,1.2585177421569824
layer4.0.conv3.weight,140,layer4.0.conv3.weight_ch140,1.2583296298980713
layer4.0.conv3.weight,374,layer4.0.conv3.weight_ch374,1.2583085298538208
layer3.2.conv2.weight,80,layer3.2.conv2.weight_ch80,1.2580804824829102
layer3.5.conv3.weight,170,layer3.5.conv3.weight_ch170,1.258033037185669
layer3.4.conv3.weight,393,layer3.4.conv3.weight_ch393,1.2579655647277832
layer3.5.conv3.weight,6,layer3.5.conv3.weight_ch6,1.257331371307373
layer3.2.conv3.weight,263,layer3.2.conv3.weight_ch263,1.2571282386779785
layer3.2.conv3.weight,9,layer3.2.conv3.weight_ch9,1.2571218013763428
layer3.4.conv3.weight,160,layer3.4.conv3.weight_ch160,1.2568188905715942
layer3.1.conv3.weight,827,layer3.1.conv3.weight_ch827,1.256735920906067
layer3.2.conv3.weight,424,layer3.2.conv3.weight_ch424,1.25665283203125
layer3.4.conv3.weight,953,layer3.4.conv3.weight_ch953,1.2566437721252441
layer3.2.conv3.weight,416,layer3.2.conv3.weight_ch416,1.2563517093658447
layer3.1.conv3.weight,513,layer3.1.conv3.weight_ch513,1.256169080734253
layer4.0.conv3.weight,1286,layer4.0.conv3.weight_ch1286,1.256030797958374
layer2.0.conv1.weight,94,layer2.0.conv1.weight_ch94,1.2558242082595825
layer3.5.conv3.weight,405,layer3.5.conv3.weight_ch405,1.25552499294281
layer1.2.conv3.weight,24,layer1.2.conv3.weight_ch24,1.255503535270691
layer2.1.conv3.weight,339,layer2.1.conv3.weight_ch339,1.2553949356079102
layer3.3.conv3.weight,658,layer3.3.conv3.weight_ch658,1.2552134990692139
layer3.4.conv3.weight,964,layer3.4.conv3.weight_ch964,1.2552049160003662
layer3.2.conv3.weight,930,layer3.2.conv3.weight_ch930,1.2551943063735962
layer3.1.conv3.weight,605,layer3.1.conv3.weight_ch605,1.2545560598373413
layer3.5.conv3.weight,1009,layer3.5.conv3.weight_ch1009,1.2544196844100952
layer3.1.conv3.weight,916,layer3.1.conv3.weight_ch916,1.2543123960494995
layer3.3.conv3.weight,937,layer3.3.conv3.weight_ch937,1.2542474269866943
layer4.0.conv3.weight,2035,layer4.0.conv3.weight_ch2035,1.2541813850402832
layer3.3.conv3.weight,6,layer3.3.conv3.weight_ch6,1.2540390491485596
layer3.1.conv3.weight,297,layer3.1.conv3.weight_ch297,1.2539827823638916
layer3.2.conv3.weight,559,layer3.2.conv3.weight_ch559,1.2538291215896606
layer3.4.conv3.weight,295,layer3.4.conv3.weight_ch295,1.2534737586975098
layer3.0.conv3.weight,593,layer3.0.conv3.weight_ch593,1.2533674240112305
layer3.0.conv2.weight,229,layer3.0.conv2.weight_ch229,1.2532329559326172
layer3.0.conv2.weight,191,layer3.0.conv2.weight_ch191,1.2529765367507935
layer3.4.conv3.weight,697,layer3.4.conv3.weight_ch697,1.2529547214508057
layer3.2.conv3.weight,148,layer3.2.conv3.weight_ch148,1.2529209852218628
layer3.4.conv3.weight,522,layer3.4.conv3.weight_ch522,1.252028465270996
layer3.5.conv3.weight,370,layer3.5.conv3.weight_ch370,1.2519680261611938
layer3.3.conv3.weight,833,layer3.3.conv3.weight_ch833,1.2519094944000244
layer3.5.conv3.weight,1011,layer3.5.conv3.weight_ch1011,1.251746654510498
layer2.1.conv3.weight,160,layer2.1.conv3.weight_ch160,1.2515344619750977
layer3.0.conv3.weight,264,layer3.0.conv3.weight_ch264,1.251363754272461
layer3.1.conv3.weight,687,layer3.1.conv3.weight_ch687,1.251123309135437
layer3.4.conv3.weight,714,layer3.4.conv3.weight_ch714,1.250657558441162
layer3.3.conv3.weight,736,layer3.3.conv3.weight_ch736,1.2501137256622314
layer3.5.conv3.weight,279,layer3.5.conv3.weight_ch279,1.249477744102478
layer3.5.conv3.weight,476,layer3.5.conv3.weight_ch476,1.249005675315857
layer3.0.conv3.weight,411,layer3.0.conv3.weight_ch411,1.2489312887191772
layer3.3.conv3.weight,939,layer3.3.conv3.weight_ch939,1.2488869428634644
layer2.0.conv2.weight,102,layer2.0.conv2.weight_ch102,1.2485193014144897
layer4.0.conv3.weight,598,layer4.0.conv3.weight_ch598,1.2471944093704224
layer3.3.conv3.weight,704,layer3.3.conv3.weight_ch704,1.2470731735229492
layer3.4.conv3.weight,903,layer3.4.conv3.weight_ch903,1.2468197345733643
layer3.1.conv3.weight,263,layer3.1.conv3.weight_ch263,1.2467803955078125
layer3.3.conv3.weight,777,layer3.3.conv3.weight_ch777,1.2463678121566772
layer3.0.conv3.weight,471,layer3.0.conv3.weight_ch471,1.2463558912277222
layer3.0.conv3.weight,473,layer3.0.conv3.weight_ch473,1.2457456588745117
layer2.0.conv1.weight,40,layer2.0.conv1.weight_ch40,1.2454209327697754
layer2.1.conv3.weight,425,layer2.1.conv3.weight_ch425,1.2453398704528809
layer2.1.conv3.weight,295,layer2.1.conv3.weight_ch295,1.2451088428497314
layer2.3.conv2.weight,34,layer2.3.conv2.weight_ch34,1.2446764707565308
layer3.5.conv3.weight,924,layer3.5.conv3.weight_ch924,1.2446699142456055
layer3.3.conv3.weight,759,layer3.3.conv3.weight_ch759,1.2444846630096436
layer3.2.conv3.weight,683,layer3.2.conv3.weight_ch683,1.2442924976348877
layer1.2.conv3.weight,101,layer1.2.conv3.weight_ch101,1.2442922592163086
layer3.3.conv3.weight,953,layer3.3.conv3.weight_ch953,1.2439520359039307
layer3.0.conv3.weight,752,layer3.0.conv3.weight_ch752,1.2437866926193237
layer4.0.conv3.weight,539,layer4.0.conv3.weight_ch539,1.2437411546707153
layer3.2.conv3.weight,377,layer3.2.conv3.weight_ch377,1.2436802387237549
layer3.1.conv3.weight,783,layer3.1.conv3.weight_ch783,1.2430520057678223
layer3.3.conv3.weight,406,layer3.3.conv3.weight_ch406,1.243003249168396
layer3.0.conv3.weight,533,layer3.0.conv3.weight_ch533,1.242387294769287
layer3.4.conv3.weight,52,layer3.4.conv3.weight_ch52,1.2415287494659424
layer3.1.conv3.weight,52,layer3.1.conv3.weight_ch52,1.2413495779037476
layer3.0.conv3.weight,200,layer3.0.conv3.weight_ch200,1.2412320375442505
layer2.3.conv2.weight,12,layer2.3.conv2.weight_ch12,1.2408068180084229
layer4.0.conv3.weight,1864,layer4.0.conv3.weight_ch1864,1.2408013343811035
layer3.2.conv2.weight,47,layer3.2.conv2.weight_ch47,1.2403897047042847
layer1.2.conv3.weight,241,layer1.2.conv3.weight_ch241,1.2402148246765137
layer3.1.conv3.weight,438,layer3.1.conv3.weight_ch438,1.2400964498519897
layer4.0.conv3.weight,2003,layer4.0.conv3.weight_ch2003,1.2397778034210205
layer3.0.conv3.weight,148,layer3.0.conv3.weight_ch148,1.2396419048309326
layer2.1.conv3.weight,93,layer2.1.conv3.weight_ch93,1.239454746246338
layer3.4.conv3.weight,998,layer3.4.conv3.weight_ch998,1.2391936779022217
layer3.3.conv3.weight,876,layer3.3.conv3.weight_ch876,1.2383391857147217
layer3.5.conv3.weight,781,layer3.5.conv3.weight_ch781,1.2379748821258545
layer3.0.conv3.weight,783,layer3.0.conv3.weight_ch783,1.2377182245254517
layer3.4.conv3.weight,878,layer3.4.conv3.weight_ch878,1.2375011444091797
layer1.2.conv3.weight,68,layer1.2.conv3.weight_ch68,1.2373746633529663
layer3.3.conv3.weight,371,layer3.3.conv3.weight_ch371,1.2373393774032593
layer3.4.conv3.weight,176,layer3.4.conv3.weight_ch176,1.2366993427276611
layer3.0.conv3.weight,152,layer3.0.conv3.weight_ch152,1.2366211414337158
layer4.0.conv3.weight,1587,layer4.0.conv3.weight_ch1587,1.236616611480713
layer4.1.conv1.weight,41,layer4.1.conv1.weight_ch41,1.2363531589508057
layer3.5.conv3.weight,285,layer3.5.conv3.weight_ch285,1.2362335920333862
layer3.1.conv3.weight,208,layer3.1.conv3.weight_ch208,1.2360601425170898
layer3.4.conv3.weight,187,layer3.4.conv3.weight_ch187,1.2359750270843506
layer3.2.conv2.weight,24,layer3.2.conv2.weight_ch24,1.2359676361083984
layer3.2.conv3.weight,681,layer3.2.conv3.weight_ch681,1.2357957363128662
layer3.3.conv3.weight,55,layer3.3.conv3.weight_ch55,1.235751748085022
layer2.1.conv3.weight,327,layer2.1.conv3.weight_ch327,1.2357197999954224
layer3.1.conv3.weight,6,layer3.1.conv3.weight_ch6,1.2354451417922974
layer3.5.conv3.weight,801,layer3.5.conv3.weight_ch801,1.2352975606918335
layer3.1.conv3.weight,968,layer3.1.conv3.weight_ch968,1.2350038290023804
layer3.2.conv3.weight,247,layer3.2.conv3.weight_ch247,1.234853982925415
layer2.0.conv2.weight,53,layer2.0.conv2.weight_ch53,1.2347041368484497
layer3.1.conv3.weight,83,layer3.1.conv3.weight_ch83,1.234598994255066
layer3.4.conv3.weight,81,layer3.4.conv3.weight_ch81,1.2345330715179443
layer2.1.conv3.weight,157,layer2.1.conv3.weight_ch157,1.2341792583465576
layer3.5.conv3.weight,249,layer3.5.conv3.weight_ch249,1.234076738357544
layer3.3.conv3.weight,1005,layer3.3.conv3.weight_ch1005,1.2340149879455566
layer3.1.conv3.weight,340,layer3.1.conv3.weight_ch340,1.2339930534362793
layer3.0.conv3.weight,356,layer3.0.conv3.weight_ch356,1.233914852142334
layer3.3.conv3.weight,330,layer3.3.conv3.weight_ch330,1.2338539361953735
layer3.4.conv3.weight,408,layer3.4.conv3.weight_ch408,1.2338242530822754
layer3.2.conv3.weight,801,layer3.2.conv3.weight_ch801,1.233634352684021
layer4.0.conv3.weight,1508,layer4.0.conv3.weight_ch1508,1.2336093187332153
layer4.0.conv3.weight,937,layer4.0.conv3.weight_ch937,1.23350191116333
layer4.0.conv3.weight,1750,layer4.0.conv3.weight_ch1750,1.2334266901016235
layer2.0.conv1.weight,70,layer2.0.conv1.weight_ch70,1.2334133386611938
layer4.0.conv3.weight,2034,layer4.0.conv3.weight_ch2034,1.233245849609375
layer1.2.conv3.weight,173,layer1.2.conv3.weight_ch173,1.2331385612487793
layer2.3.conv2.weight,44,layer2.3.conv2.weight_ch44,1.2328910827636719
layer3.2.conv3.weight,652,layer3.2.conv3.weight_ch652,1.232886791229248
layer3.1.conv3.weight,780,layer3.1.conv3.weight_ch780,1.232377052307129
layer2.0.conv1.weight,60,layer2.0.conv1.weight_ch60,1.2322930097579956
layer2.3.conv2.weight,111,layer2.3.conv2.weight_ch111,1.23215651512146
layer3.1.conv3.weight,290,layer3.1.conv3.weight_ch290,1.231675386428833
layer2.1.conv3.weight,225,layer2.1.conv3.weight_ch225,1.2316175699234009
layer3.4.conv3.weight,996,layer3.4.conv3.weight_ch996,1.2315585613250732
layer3.4.conv3.weight,221,layer3.4.conv3.weight_ch221,1.2310075759887695
layer3.3.conv3.weight,301,layer3.3.conv3.weight_ch301,1.2309621572494507
layer3.1.conv3.weight,480,layer3.1.conv3.weight_ch480,1.2309582233428955
layer3.1.conv3.weight,951,layer3.1.conv3.weight_ch951,1.230406403541565
layer3.4.conv3.weight,460,layer3.4.conv3.weight_ch460,1.2303849458694458
layer2.1.conv3.weight,358,layer2.1.conv3.weight_ch358,1.2303791046142578
layer3.0.conv3.weight,507,layer3.0.conv3.weight_ch507,1.230309009552002
layer3.4.conv3.weight,331,layer3.4.conv3.weight_ch331,1.2300180196762085
layer3.1.conv3.weight,921,layer3.1.conv3.weight_ch921,1.2297316789627075
layer3.5.conv3.weight,826,layer3.5.conv3.weight_ch826,1.2295341491699219
layer2.1.conv3.weight,256,layer2.1.conv3.weight_ch256,1.2291702032089233
layer3.2.conv3.weight,1001,layer3.2.conv3.weight_ch1001,1.2290923595428467
layer3.4.conv3.weight,1009,layer3.4.conv3.weight_ch1009,1.2286629676818848
layer3.1.conv3.weight,876,layer3.1.conv3.weight_ch876,1.2283844947814941
layer4.0.conv3.weight,69,layer4.0.conv3.weight_ch69,1.2272601127624512
layer3.0.conv3.weight,612,layer3.0.conv3.weight_ch612,1.2270448207855225
layer3.5.conv3.weight,183,layer3.5.conv3.weight_ch183,1.2270344495773315
layer4.0.conv3.weight,1734,layer4.0.conv3.weight_ch1734,1.2269797325134277
layer2.1.conv3.weight,47,layer2.1.conv3.weight_ch47,1.2268524169921875
layer3.4.conv3.weight,403,layer3.4.conv3.weight_ch403,1.2265722751617432
layer3.5.conv3.weight,984,layer3.5.conv3.weight_ch984,1.2265210151672363
layer3.0.conv3.weight,903,layer3.0.conv3.weight_ch903,1.2264018058776855
layer3.3.conv3.weight,634,layer3.3.conv3.weight_ch634,1.2262063026428223
layer3.2.conv3.weight,665,layer3.2.conv3.weight_ch665,1.2259025573730469
layer1.2.conv3.weight,137,layer1.2.conv3.weight_ch137,1.2256547212600708
layer3.5.conv3.weight,504,layer3.5.conv3.weight_ch504,1.225638747215271
layer4.0.conv3.weight,611,layer4.0.conv3.weight_ch611,1.2256138324737549
layer4.0.conv3.weight,1948,layer4.0.conv3.weight_ch1948,1.2250198125839233
layer1.2.conv3.weight,50,layer1.2.conv3.weight_ch50,1.2244842052459717
layer4.0.conv3.weight,299,layer4.0.conv3.weight_ch299,1.2244102954864502
layer3.5.conv3.weight,465,layer3.5.conv3.weight_ch465,1.224401831626892
layer3.4.conv3.weight,820,layer3.4.conv3.weight_ch820,1.2242600917816162
layer2.1.conv3.weight,383,layer2.1.conv3.weight_ch383,1.2234541177749634
layer4.0.conv3.weight,23,layer4.0.conv3.weight_ch23,1.2234430313110352
layer3.1.conv3.weight,1013,layer3.1.conv3.weight_ch1013,1.2230980396270752
layer3.1.conv3.weight,667,layer3.1.conv3.weight_ch667,1.2229145765304565
layer3.0.conv3.weight,1000,layer3.0.conv3.weight_ch1000,1.2226718664169312
layer4.0.conv3.weight,1336,layer4.0.conv3.weight_ch1336,1.222602128982544
layer3.5.conv3.weight,641,layer3.5.conv3.weight_ch641,1.2224551439285278
layer3.0.conv3.weight,884,layer3.0.conv3.weight_ch884,1.2222020626068115
layer3.2.conv2.weight,64,layer3.2.conv2.weight_ch64,1.2214257717132568
layer3.0.conv3.weight,763,layer3.0.conv3.weight_ch763,1.2208446264266968
layer4.0.conv3.weight,1949,layer4.0.conv3.weight_ch1949,1.2203102111816406
layer3.0.conv3.weight,428,layer3.0.conv3.weight_ch428,1.2200496196746826
layer3.1.conv3.weight,700,layer3.1.conv3.weight_ch700,1.2196934223175049
layer4.0.conv3.weight,80,layer4.0.conv3.weight_ch80,1.2195587158203125
layer3.2.conv3.weight,515,layer3.2.conv3.weight_ch515,1.2194989919662476
layer2.0.conv1.weight,125,layer2.0.conv1.weight_ch125,1.219313383102417
layer3.4.conv3.weight,869,layer3.4.conv3.weight_ch869,1.2191871404647827
layer3.5.conv3.weight,882,layer3.5.conv3.weight_ch882,1.2191200256347656
layer3.0.conv3.weight,674,layer3.0.conv3.weight_ch674,1.2188482284545898
layer2.1.conv3.weight,494,layer2.1.conv3.weight_ch494,1.2187912464141846
layer2.1.conv3.weight,336,layer2.1.conv3.weight_ch336,1.2184215784072876
layer3.1.conv3.weight,649,layer3.1.conv3.weight_ch649,1.2182074785232544
layer3.4.conv3.weight,615,layer3.4.conv3.weight_ch615,1.2180614471435547
layer3.5.conv3.weight,204,layer3.5.conv3.weight_ch204,1.2178382873535156
layer3.0.conv3.weight,171,layer3.0.conv3.weight_ch171,1.2178375720977783
layer2.1.conv3.weight,36,layer2.1.conv3.weight_ch36,1.2177495956420898
layer3.3.conv3.weight,930,layer3.3.conv3.weight_ch930,1.2176839113235474
layer3.5.conv3.weight,191,layer3.5.conv3.weight_ch191,1.2173550128936768
layer3.1.conv3.weight,146,layer3.1.conv3.weight_ch146,1.2172017097473145
layer2.3.conv2.weight,81,layer2.3.conv2.weight_ch81,1.2168712615966797
layer3.0.conv3.weight,241,layer3.0.conv3.weight_ch241,1.2165597677230835
layer2.1.conv3.weight,376,layer2.1.conv3.weight_ch376,1.216509461402893
layer2.3.conv2.weight,39,layer2.3.conv2.weight_ch39,1.2161592245101929
layer3.0.conv3.weight,958,layer3.0.conv3.weight_ch958,1.215881109237671
layer3.1.conv3.weight,584,layer3.1.conv3.weight_ch584,1.2155563831329346
layer3.1.conv3.weight,389,layer3.1.conv3.weight_ch389,1.2154743671417236
layer2.0.conv1.weight,108,layer2.0.conv1.weight_ch108,1.215327262878418
layer2.1.conv3.weight,102,layer2.1.conv3.weight_ch102,1.2152730226516724
layer3.0.conv3.weight,1,layer3.0.conv3.weight_ch1,1.2145143747329712
layer3.3.conv3.weight,910,layer3.3.conv3.weight_ch910,1.2143378257751465
layer4.0.conv3.weight,678,layer4.0.conv3.weight_ch678,1.2143205404281616
layer3.3.conv3.weight,574,layer3.3.conv3.weight_ch574,1.214200735092163
layer3.2.conv3.weight,438,layer3.2.conv3.weight_ch438,1.2141348123550415
layer3.0.conv3.weight,143,layer3.0.conv3.weight_ch143,1.2140494585037231
layer3.4.conv3.weight,15,layer3.4.conv3.weight_ch15,1.2140192985534668
layer3.3.conv3.weight,947,layer3.3.conv3.weight_ch947,1.2136695384979248
layer3.0.conv3.weight,639,layer3.0.conv3.weight_ch639,1.2131956815719604
layer3.1.conv3.weight,708,layer3.1.conv3.weight_ch708,1.2131415605545044
layer3.0.conv3.weight,31,layer3.0.conv3.weight_ch31,1.2130417823791504
layer4.1.conv1.weight,288,layer4.1.conv1.weight_ch288,1.212846040725708
layer4.0.conv3.weight,2037,layer4.0.conv3.weight_ch2037,1.2126696109771729
layer3.3.conv3.weight,705,layer3.3.conv3.weight_ch705,1.2126545906066895
layer3.5.conv3.weight,861,layer3.5.conv3.weight_ch861,1.2125164270401
layer2.1.conv3.weight,149,layer2.1.conv3.weight_ch149,1.2125157117843628
layer3.5.conv3.weight,15,layer3.5.conv3.weight_ch15,1.2124096155166626
layer3.4.conv3.weight,598,layer3.4.conv3.weight_ch598,1.212180733680725
layer3.5.conv3.weight,184,layer3.5.conv3.weight_ch184,1.2118239402770996
layer3.4.conv3.weight,376,layer3.4.conv3.weight_ch376,1.2118034362792969
layer1.2.conv3.weight,39,layer1.2.conv3.weight_ch39,1.2113357782363892
layer3.4.conv3.weight,398,layer3.4.conv3.weight_ch398,1.2112356424331665
layer3.5.conv3.weight,57,layer3.5.conv3.weight_ch57,1.211164116859436
layer3.1.conv3.weight,736,layer3.1.conv3.weight_ch736,1.2111413478851318
layer2.0.conv1.weight,118,layer2.0.conv1.weight_ch118,1.2108631134033203
layer3.4.conv3.weight,340,layer3.4.conv3.weight_ch340,1.210652470588684
layer4.0.conv3.weight,439,layer4.0.conv3.weight_ch439,1.2104352712631226
layer3.3.conv3.weight,357,layer3.3.conv3.weight_ch357,1.2103581428527832
layer3.3.conv3.weight,95,layer3.3.conv3.weight_ch95,1.2103195190429688
layer3.3.conv3.weight,965,layer3.3.conv3.weight_ch965,1.2102845907211304
layer1.2.conv3.weight,31,layer1.2.conv3.weight_ch31,1.2099817991256714
layer3.1.conv3.weight,273,layer3.1.conv3.weight_ch273,1.2097594738006592
layer3.1.conv3.weight,833,layer3.1.conv3.weight_ch833,1.2096354961395264
layer3.2.conv3.weight,757,layer3.2.conv3.weight_ch757,1.2095171213150024
layer2.0.conv1.weight,43,layer2.0.conv1.weight_ch43,1.209155797958374
layer3.4.conv3.weight,101,layer3.4.conv3.weight_ch101,1.2089753150939941
layer3.4.conv3.weight,8,layer3.4.conv3.weight_ch8,1.2089265584945679
layer3.1.conv3.weight,181,layer3.1.conv3.weight_ch181,1.2086323499679565
layer2.3.conv2.weight,63,layer2.3.conv2.weight_ch63,1.2082489728927612
layer3.0.conv3.weight,950,layer3.0.conv3.weight_ch950,1.2075726985931396
layer3.0.conv3.weight,732,layer3.0.conv3.weight_ch732,1.207388162612915
layer3.3.conv3.weight,896,layer3.3.conv3.weight_ch896,1.2073578834533691
layer3.5.conv3.weight,823,layer3.5.conv3.weight_ch823,1.2073501348495483
layer3.5.conv3.weight,594,layer3.5.conv3.weight_ch594,1.2072571516036987
layer3.3.conv3.weight,897,layer3.3.conv3.weight_ch897,1.2072198390960693
layer3.3.conv3.weight,389,layer3.3.conv3.weight_ch389,1.2072126865386963
layer3.0.conv3.weight,604,layer3.0.conv3.weight_ch604,1.2071436643600464
layer3.4.conv3.weight,319,layer3.4.conv3.weight_ch319,1.2070426940917969
layer3.2.conv3.weight,345,layer3.2.conv3.weight_ch345,1.2065575122833252
layer3.4.conv3.weight,760,layer3.4.conv3.weight_ch760,1.2058618068695068
layer3.0.conv3.weight,315,layer3.0.conv3.weight_ch315,1.2052943706512451
layer3.4.conv3.weight,534,layer3.4.conv3.weight_ch534,1.2052226066589355
layer3.4.conv3.weight,974,layer3.4.conv3.weight_ch974,1.204857587814331
layer3.5.conv3.weight,89,layer3.5.conv3.weight_ch89,1.2047771215438843
layer2.0.conv1.weight,28,layer2.0.conv1.weight_ch28,1.2047371864318848
layer3.3.conv3.weight,813,layer3.3.conv3.weight_ch813,1.204607605934143
layer3.5.conv3.weight,519,layer3.5.conv3.weight_ch519,1.204576015472412
layer3.2.conv2.weight,173,layer3.2.conv2.weight_ch173,1.2044317722320557
layer4.0.conv3.weight,1639,layer4.0.conv3.weight_ch1639,1.2043888568878174
layer4.0.conv3.weight,1632,layer4.0.conv3.weight_ch1632,1.2043801546096802
layer3.3.conv3.weight,560,layer3.3.conv3.weight_ch560,1.2037209272384644
layer4.0.conv3.weight,376,layer4.0.conv3.weight_ch376,1.2036235332489014
layer3.2.conv3.weight,641,layer3.2.conv3.weight_ch641,1.2034460306167603
layer3.0.conv3.weight,675,layer3.0.conv3.weight_ch675,1.2031335830688477
layer3.3.conv3.weight,275,layer3.3.conv3.weight_ch275,1.203101634979248
layer4.0.conv3.weight,1306,layer4.0.conv3.weight_ch1306,1.203031301498413
layer3.1.conv3.weight,546,layer3.1.conv3.weight_ch546,1.2027931213378906
layer4.1.conv1.weight,425,layer4.1.conv1.weight_ch425,1.2027342319488525
layer3.5.conv3.weight,721,layer3.5.conv3.weight_ch721,1.202295184135437
layer3.4.conv3.weight,537,layer3.4.conv3.weight_ch537,1.2021828889846802
layer3.1.conv3.weight,874,layer3.1.conv3.weight_ch874,1.201197624206543
layer3.4.conv3.weight,709,layer3.4.conv3.weight_ch709,1.2011970281600952
layer4.0.conv3.weight,274,layer4.0.conv3.weight_ch274,1.2008705139160156
layer2.1.conv3.weight,44,layer2.1.conv3.weight_ch44,1.2007255554199219
layer3.4.conv3.weight,728,layer3.4.conv3.weight_ch728,1.200673222541809
layer3.4.conv3.weight,234,layer3.4.conv3.weight_ch234,1.2003846168518066
layer4.0.conv3.weight,411,layer4.0.conv3.weight_ch411,1.200241208076477
layer4.0.conv3.weight,1407,layer4.0.conv3.weight_ch1407,1.2001546621322632
layer3.4.conv3.weight,233,layer3.4.conv3.weight_ch233,1.2000895738601685
layer3.5.conv3.weight,129,layer3.5.conv3.weight_ch129,1.2000731229782104
layer2.1.conv3.weight,408,layer2.1.conv3.weight_ch408,1.1999176740646362
layer4.0.conv3.weight,2006,layer4.0.conv3.weight_ch2006,1.1998310089111328
layer3.3.conv3.weight,59,layer3.3.conv3.weight_ch59,1.199709415435791
layer3.5.conv3.weight,698,layer3.5.conv3.weight_ch698,1.1996418237686157
layer4.0.conv3.weight,528,layer4.0.conv3.weight_ch528,1.1994919776916504
layer3.3.conv3.weight,264,layer3.3.conv3.weight_ch264,1.1994421482086182
layer3.4.conv3.weight,753,layer3.4.conv3.weight_ch753,1.1994261741638184
layer4.1.conv1.weight,42,layer4.1.conv1.weight_ch42,1.1994134187698364
layer3.0.conv3.weight,1011,layer3.0.conv3.weight_ch1011,1.198964238166809
layer4.0.conv3.weight,238,layer4.0.conv3.weight_ch238,1.1987262964248657
layer3.0.conv3.weight,3,layer3.0.conv3.weight_ch3,1.1986838579177856
layer2.3.conv2.weight,14,layer2.3.conv2.weight_ch14,1.1985076665878296
layer3.3.conv3.weight,229,layer3.3.conv3.weight_ch229,1.1983681917190552
layer3.3.conv3.weight,1002,layer3.3.conv3.weight_ch1002,1.197934865951538
layer3.5.conv3.weight,544,layer3.5.conv3.weight_ch544,1.197421908378601
layer3.4.conv3.weight,76,layer3.4.conv3.weight_ch76,1.1972098350524902
layer4.0.conv3.weight,1501,layer4.0.conv3.weight_ch1501,1.1971536874771118
layer2.0.conv1.weight,98,layer2.0.conv1.weight_ch98,1.197137475013733
layer3.0.conv3.weight,460,layer3.0.conv3.weight_ch460,1.1970415115356445
layer3.5.conv3.weight,706,layer3.5.conv3.weight_ch706,1.196880578994751
layer3.5.conv3.weight,110,layer3.5.conv3.weight_ch110,1.1968611478805542
layer3.0.conv3.weight,459,layer3.0.conv3.weight_ch459,1.1962785720825195
layer3.5.conv3.weight,292,layer3.5.conv3.weight_ch292,1.1961601972579956
layer3.4.conv3.weight,628,layer3.4.conv3.weight_ch628,1.1960562467575073
layer3.1.conv3.weight,660,layer3.1.conv3.weight_ch660,1.195969820022583
layer3.1.conv3.weight,239,layer3.1.conv3.weight_ch239,1.1958484649658203
layer3.3.conv3.weight,100,layer3.3.conv3.weight_ch100,1.1957511901855469
layer3.0.conv3.weight,697,layer3.0.conv3.weight_ch697,1.1957077980041504
layer2.3.conv2.weight,124,layer2.3.conv2.weight_ch124,1.1954805850982666
layer3.2.conv3.weight,402,layer3.2.conv3.weight_ch402,1.1954327821731567
layer3.3.conv3.weight,549,layer3.3.conv3.weight_ch549,1.1952744722366333
layer3.0.conv3.weight,983,layer3.0.conv3.weight_ch983,1.1949868202209473
layer3.0.conv3.weight,330,layer3.0.conv3.weight_ch330,1.194780707359314
layer3.3.conv3.weight,448,layer3.3.conv3.weight_ch448,1.1944801807403564
layer4.0.conv3.weight,695,layer4.0.conv3.weight_ch695,1.194115161895752
layer4.0.conv3.weight,463,layer4.0.conv3.weight_ch463,1.1931028366088867
layer2.0.conv2.weight,23,layer2.0.conv2.weight_ch23,1.1927247047424316
layer3.0.conv3.weight,723,layer3.0.conv3.weight_ch723,1.1927073001861572
layer2.0.conv1.weight,71,layer2.0.conv1.weight_ch71,1.1926957368850708
layer4.0.conv3.weight,1824,layer4.0.conv3.weight_ch1824,1.192392349243164
layer3.2.conv3.weight,105,layer3.2.conv3.weight_ch105,1.1917855739593506
layer3.1.conv3.weight,514,layer3.1.conv3.weight_ch514,1.1912899017333984
layer4.0.conv3.weight,1178,layer4.0.conv3.weight_ch1178,1.1907145977020264
layer3.5.conv3.weight,661,layer3.5.conv3.weight_ch661,1.1906260251998901
layer3.2.conv2.weight,226,layer3.2.conv2.weight_ch226,1.1905617713928223
layer3.1.conv3.weight,40,layer3.1.conv3.weight_ch40,1.1904432773590088
layer3.5.conv3.weight,589,layer3.5.conv3.weight_ch589,1.1901419162750244
layer3.1.conv3.weight,673,layer3.1.conv3.weight_ch673,1.190085530281067
layer3.2.conv3.weight,878,layer3.2.conv3.weight_ch878,1.1898022890090942
layer3.0.conv3.weight,20,layer3.0.conv3.weight_ch20,1.1897934675216675
layer3.0.conv3.weight,997,layer3.0.conv3.weight_ch997,1.189737319946289
layer3.1.conv3.weight,2,layer3.1.conv3.weight_ch2,1.189620852470398
layer3.0.conv3.weight,922,layer3.0.conv3.weight_ch922,1.1894159317016602
layer3.1.conv3.weight,336,layer3.1.conv3.weight_ch336,1.1893024444580078
layer3.1.conv3.weight,148,layer3.1.conv3.weight_ch148,1.188920497894287
layer3.2.conv3.weight,484,layer3.2.conv3.weight_ch484,1.1889032125473022
layer4.0.conv3.weight,1629,layer4.0.conv3.weight_ch1629,1.1886783838272095
layer4.0.conv3.weight,776,layer4.0.conv3.weight_ch776,1.1885991096496582
layer3.0.conv2.weight,202,layer3.0.conv2.weight_ch202,1.188524842262268
layer3.4.conv3.weight,208,layer3.4.conv3.weight_ch208,1.1884515285491943
layer3.1.conv3.weight,537,layer3.1.conv3.weight_ch537,1.1877615451812744
layer3.2.conv3.weight,357,layer3.2.conv3.weight_ch357,1.1872398853302002
layer3.2.conv2.weight,56,layer3.2.conv2.weight_ch56,1.187180519104004
layer3.5.conv3.weight,37,layer3.5.conv3.weight_ch37,1.1868940591812134
layer3.1.conv3.weight,1021,layer3.1.conv3.weight_ch1021,1.1868277788162231
layer3.2.conv3.weight,728,layer3.2.conv3.weight_ch728,1.1867953538894653
layer3.4.conv3.weight,390,layer3.4.conv3.weight_ch390,1.1860814094543457
layer3.5.conv3.weight,162,layer3.5.conv3.weight_ch162,1.1860015392303467
layer3.0.conv3.weight,454,layer3.0.conv3.weight_ch454,1.1858514547348022
layer2.3.conv2.weight,123,layer2.3.conv2.weight_ch123,1.1856884956359863
layer3.0.conv3.weight,920,layer3.0.conv3.weight_ch920,1.1853911876678467
layer3.4.conv3.weight,19,layer3.4.conv3.weight_ch19,1.1853277683258057
layer4.1.conv1.weight,267,layer4.1.conv1.weight_ch267,1.185144305229187
layer3.2.conv2.weight,96,layer3.2.conv2.weight_ch96,1.1851040124893188
layer3.3.conv3.weight,699,layer3.3.conv3.weight_ch699,1.1845043897628784
layer1.2.conv3.weight,78,layer1.2.conv3.weight_ch78,1.1842246055603027
layer4.0.conv3.weight,635,layer4.0.conv3.weight_ch635,1.184174656867981
layer2.3.conv2.weight,108,layer2.3.conv2.weight_ch108,1.184094786643982
layer4.0.conv3.weight,291,layer4.0.conv3.weight_ch291,1.184092402458191
layer4.1.conv1.weight,389,layer4.1.conv1.weight_ch389,1.18401300907135
layer3.0.conv3.weight,703,layer3.0.conv3.weight_ch703,1.1840072870254517
layer1.2.conv3.weight,94,layer1.2.conv3.weight_ch94,1.183977723121643
layer3.5.conv3.weight,847,layer3.5.conv3.weight_ch847,1.1838860511779785
layer3.1.conv3.weight,169,layer3.1.conv3.weight_ch169,1.1838397979736328
layer3.2.conv2.weight,62,layer3.2.conv2.weight_ch62,1.1835373640060425
layer3.0.conv3.weight,426,layer3.0.conv3.weight_ch426,1.1831755638122559
layer3.2.conv3.weight,503,layer3.2.conv3.weight_ch503,1.1831490993499756
layer3.3.conv3.weight,457,layer3.3.conv3.weight_ch457,1.1830899715423584
layer3.5.conv3.weight,73,layer3.5.conv3.weight_ch73,1.1829330921173096
layer2.1.conv3.weight,481,layer2.1.conv3.weight_ch481,1.1828579902648926
layer3.3.conv3.weight,620,layer3.3.conv3.weight_ch620,1.182569980621338
layer3.4.conv3.weight,671,layer3.4.conv3.weight_ch671,1.182503342628479
layer3.5.conv3.weight,703,layer3.5.conv3.weight_ch703,1.1824110746383667
layer4.0.conv3.weight,795,layer4.0.conv3.weight_ch795,1.18173348903656
layer3.4.conv3.weight,894,layer3.4.conv3.weight_ch894,1.1816543340682983
layer2.0.conv2.weight,105,layer2.0.conv2.weight_ch105,1.1815582513809204
layer3.2.conv3.weight,733,layer3.2.conv3.weight_ch733,1.1804323196411133
layer3.4.conv3.weight,803,layer3.4.conv3.weight_ch803,1.1804107427597046
layer3.1.conv3.weight,406,layer3.1.conv3.weight_ch406,1.1795417070388794
layer3.3.conv3.weight,804,layer3.3.conv3.weight_ch804,1.179473638534546
layer3.0.conv3.weight,753,layer3.0.conv3.weight_ch753,1.1793965101242065
layer2.0.conv1.weight,16,layer2.0.conv1.weight_ch16,1.1791259050369263
layer3.5.conv3.weight,108,layer3.5.conv3.weight_ch108,1.1791101694107056
layer4.0.conv3.weight,837,layer4.0.conv3.weight_ch837,1.1790132522583008
layer3.2.conv3.weight,61,layer3.2.conv3.weight_ch61,1.1789286136627197
layer3.5.conv3.weight,772,layer3.5.conv3.weight_ch772,1.1787136793136597
layer3.2.conv3.weight,134,layer3.2.conv3.weight_ch134,1.178273320198059
layer3.2.conv2.weight,158,layer3.2.conv2.weight_ch158,1.178256869316101
layer2.0.conv1.weight,11,layer2.0.conv1.weight_ch11,1.1780778169631958
layer3.0.conv3.weight,831,layer3.0.conv3.weight_ch831,1.1779779195785522
layer3.5.conv3.weight,407,layer3.5.conv3.weight_ch407,1.1778610944747925
layer3.5.conv3.weight,112,layer3.5.conv3.weight_ch112,1.1775985956192017
layer3.1.conv3.weight,127,layer3.1.conv3.weight_ch127,1.1774660348892212
layer3.1.conv3.weight,642,layer3.1.conv3.weight_ch642,1.1774307489395142
layer3.3.conv3.weight,185,layer3.3.conv3.weight_ch185,1.177202582359314
layer3.5.conv3.weight,597,layer3.5.conv3.weight_ch597,1.177087664604187
layer3.4.conv3.weight,655,layer3.4.conv3.weight_ch655,1.1770309209823608
layer3.5.conv3.weight,396,layer3.5.conv3.weight_ch396,1.1768473386764526
layer3.2.conv3.weight,929,layer3.2.conv3.weight_ch929,1.176213264465332
layer2.0.conv2.weight,28,layer2.0.conv2.weight_ch28,1.1760896444320679
layer3.3.conv3.weight,144,layer3.3.conv3.weight_ch144,1.175748586654663
layer3.0.conv3.weight,421,layer3.0.conv3.weight_ch421,1.1756925582885742
layer3.1.conv3.weight,172,layer3.1.conv3.weight_ch172,1.1754670143127441
layer3.1.conv3.weight,644,layer3.1.conv3.weight_ch644,1.175363540649414
layer3.4.conv3.weight,538,layer3.4.conv3.weight_ch538,1.174828290939331
layer4.0.conv3.weight,983,layer4.0.conv3.weight_ch983,1.1747466325759888
layer3.4.conv3.weight,890,layer3.4.conv3.weight_ch890,1.1745567321777344
layer1.2.conv3.weight,146,layer1.2.conv3.weight_ch146,1.1744438409805298
layer3.3.conv3.weight,869,layer3.3.conv3.weight_ch869,1.1743919849395752
layer3.4.conv3.weight,287,layer3.4.conv3.weight_ch287,1.174246072769165
layer3.0.conv3.weight,118,layer3.0.conv3.weight_ch118,1.1739482879638672
layer3.2.conv3.weight,392,layer3.2.conv3.weight_ch392,1.1736546754837036
layer4.1.conv1.weight,20,layer4.1.conv1.weight_ch20,1.1735258102416992
layer3.4.conv3.weight,20,layer3.4.conv3.weight_ch20,1.1730914115905762
layer4.0.conv3.weight,720,layer4.0.conv3.weight_ch720,1.1730140447616577
layer2.1.conv3.weight,373,layer2.1.conv3.weight_ch373,1.1729965209960938
layer3.1.conv3.weight,391,layer3.1.conv3.weight_ch391,1.17289400100708
layer3.0.conv3.weight,457,layer3.0.conv3.weight_ch457,1.1727718114852905
layer3.5.conv3.weight,957,layer3.5.conv3.weight_ch957,1.172513723373413
layer3.2.conv3.weight,911,layer3.2.conv3.weight_ch911,1.1721354722976685
layer3.4.conv3.weight,699,layer3.4.conv3.weight_ch699,1.1721338033676147
layer3.1.conv3.weight,555,layer3.1.conv3.weight_ch555,1.1720792055130005
layer3.0.conv3.weight,492,layer3.0.conv3.weight_ch492,1.1720341444015503
layer2.0.conv1.weight,103,layer2.0.conv1.weight_ch103,1.1719828844070435
layer3.5.conv3.weight,938,layer3.5.conv3.weight_ch938,1.171714425086975
layer4.0.conv3.weight,1606,layer4.0.conv3.weight_ch1606,1.1716771125793457
layer3.3.conv3.weight,12,layer3.3.conv3.weight_ch12,1.1711695194244385
layer3.2.conv2.weight,8,layer3.2.conv2.weight_ch8,1.1711355447769165
layer4.0.conv3.weight,1409,layer4.0.conv3.weight_ch1409,1.171035647392273
layer3.3.conv3.weight,420,layer3.3.conv3.weight_ch420,1.1708530187606812
layer3.0.conv3.weight,123,layer3.0.conv3.weight_ch123,1.170587182044983
layer3.2.conv3.weight,20,layer3.2.conv3.weight_ch20,1.1705224514007568
layer3.0.conv3.weight,117,layer3.0.conv3.weight_ch117,1.1701713800430298
layer3.0.conv3.weight,506,layer3.0.conv3.weight_ch506,1.1700626611709595
layer3.5.conv3.weight,176,layer3.5.conv3.weight_ch176,1.1697369813919067
layer4.0.conv3.weight,1324,layer4.0.conv3.weight_ch1324,1.1696467399597168
layer3.4.conv3.weight,605,layer3.4.conv3.weight_ch605,1.169634461402893
layer3.4.conv3.weight,967,layer3.4.conv3.weight_ch967,1.1695687770843506
layer3.4.conv3.weight,550,layer3.4.conv3.weight_ch550,1.1693522930145264
layer3.4.conv3.weight,188,layer3.4.conv3.weight_ch188,1.1693211793899536
layer3.1.conv3.weight,230,layer3.1.conv3.weight_ch230,1.1691555976867676
layer3.0.conv3.weight,574,layer3.0.conv3.weight_ch574,1.1690406799316406
layer3.0.conv3.weight,413,layer3.0.conv3.weight_ch413,1.1689941883087158
layer3.0.conv3.weight,1006,layer3.0.conv3.weight_ch1006,1.168973445892334
layer3.4.conv3.weight,317,layer3.4.conv3.weight_ch317,1.168952226638794
layer2.1.conv3.weight,423,layer2.1.conv3.weight_ch423,1.1685718297958374
layer3.4.conv3.weight,312,layer3.4.conv3.weight_ch312,1.1684931516647339
layer3.4.conv3.weight,988,layer3.4.conv3.weight_ch988,1.168343424797058
layer3.4.conv3.weight,299,layer3.4.conv3.weight_ch299,1.1683423519134521
layer3.5.conv3.weight,411,layer3.5.conv3.weight_ch411,1.1679805517196655
layer4.0.conv3.weight,1678,layer4.0.conv3.weight_ch1678,1.1678344011306763
layer3.3.conv3.weight,304,layer3.3.conv3.weight_ch304,1.16782546043396
layer3.0.conv3.weight,279,layer3.0.conv3.weight_ch279,1.1670969724655151
layer3.0.conv3.weight,193,layer3.0.conv3.weight_ch193,1.167073369026184
layer1.2.conv3.weight,155,layer1.2.conv3.weight_ch155,1.1664752960205078
layer3.4.conv3.weight,216,layer3.4.conv3.weight_ch216,1.1664632558822632
layer3.2.conv3.weight,545,layer3.2.conv3.weight_ch545,1.1664007902145386
layer3.1.conv3.weight,188,layer3.1.conv3.weight_ch188,1.1662607192993164
layer3.5.conv3.weight,214,layer3.5.conv3.weight_ch214,1.1660860776901245
layer4.0.conv3.weight,390,layer4.0.conv3.weight_ch390,1.1658856868743896
layer3.4.conv3.weight,201,layer3.4.conv3.weight_ch201,1.1656816005706787
layer3.0.conv3.weight,944,layer3.0.conv3.weight_ch944,1.165422797203064
layer3.4.conv3.weight,5,layer3.4.conv3.weight_ch5,1.1654150485992432
layer4.0.conv3.weight,553,layer4.0.conv3.weight_ch553,1.1654142141342163
layer3.4.conv3.weight,227,layer3.4.conv3.weight_ch227,1.1652610301971436
layer3.5.conv3.weight,831,layer3.5.conv3.weight_ch831,1.165171504020691
layer3.4.conv3.weight,603,layer3.4.conv3.weight_ch603,1.1651440858840942
layer3.5.conv3.weight,196,layer3.5.conv3.weight_ch196,1.1646766662597656
layer3.3.conv3.weight,202,layer3.3.conv3.weight_ch202,1.1642102003097534
layer3.4.conv3.weight,754,layer3.4.conv3.weight_ch754,1.164084792137146
layer3.2.conv2.weight,178,layer3.2.conv2.weight_ch178,1.1640270948410034
layer3.2.conv2.weight,240,layer3.2.conv2.weight_ch240,1.1639854907989502
layer3.3.conv3.weight,906,layer3.3.conv3.weight_ch906,1.1636974811553955
layer3.0.conv3.weight,970,layer3.0.conv3.weight_ch970,1.1636964082717896
layer1.2.conv3.weight,20,layer1.2.conv3.weight_ch20,1.1636829376220703
layer3.2.conv3.weight,383,layer3.2.conv3.weight_ch383,1.163236141204834
layer3.2.conv3.weight,587,layer3.2.conv3.weight_ch587,1.1631526947021484
layer3.0.conv3.weight,584,layer3.0.conv3.weight_ch584,1.1631510257720947
layer1.2.conv3.weight,214,layer1.2.conv3.weight_ch214,1.1630735397338867
layer3.1.conv3.weight,711,layer3.1.conv3.weight_ch711,1.1628812551498413
layer2.1.conv3.weight,503,layer2.1.conv3.weight_ch503,1.162634015083313
layer3.0.conv3.weight,600,layer3.0.conv3.weight_ch600,1.1626231670379639
layer3.3.conv3.weight,652,layer3.3.conv3.weight_ch652,1.1624864339828491
layer3.3.conv3.weight,374,layer3.3.conv3.weight_ch374,1.1622201204299927
layer4.0.conv3.weight,588,layer4.0.conv3.weight_ch588,1.161982774734497
layer3.3.conv3.weight,172,layer3.3.conv3.weight_ch172,1.161635160446167
layer3.5.conv3.weight,612,layer3.5.conv3.weight_ch612,1.161417841911316
layer2.0.conv2.weight,114,layer2.0.conv2.weight_ch114,1.1611396074295044
layer4.0.conv3.weight,456,layer4.0.conv3.weight_ch456,1.1611093282699585
layer1.2.conv3.weight,66,layer1.2.conv3.weight_ch66,1.1607576608657837
layer3.4.conv3.weight,770,layer3.4.conv3.weight_ch770,1.160563349723816
layer3.3.conv3.weight,269,layer3.3.conv3.weight_ch269,1.1601470708847046
layer3.1.conv3.weight,500,layer3.1.conv3.weight_ch500,1.1599652767181396
layer3.1.conv3.weight,265,layer3.1.conv3.weight_ch265,1.1599643230438232
layer3.3.conv3.weight,254,layer3.3.conv3.weight_ch254,1.1594767570495605
layer4.0.conv3.weight,430,layer4.0.conv3.weight_ch430,1.1594431400299072
layer3.0.conv3.weight,68,layer3.0.conv3.weight_ch68,1.1593490839004517
layer3.5.conv3.weight,667,layer3.5.conv3.weight_ch667,1.1592655181884766
layer3.4.conv3.weight,715,layer3.4.conv3.weight_ch715,1.1588726043701172
layer3.1.conv3.weight,804,layer3.1.conv3.weight_ch804,1.1585640907287598
layer3.4.conv3.weight,561,layer3.4.conv3.weight_ch561,1.1581659317016602
layer4.0.conv3.weight,1732,layer4.0.conv3.weight_ch1732,1.1579912900924683
layer2.1.conv3.weight,455,layer2.1.conv3.weight_ch455,1.1566026210784912
layer3.1.conv3.weight,160,layer3.1.conv3.weight_ch160,1.1563873291015625
layer3.1.conv3.weight,760,layer3.1.conv3.weight_ch760,1.1553642749786377
layer3.2.conv3.weight,858,layer3.2.conv3.weight_ch858,1.1550052165985107
layer3.0.conv3.weight,940,layer3.0.conv3.weight_ch940,1.1549439430236816
layer3.2.conv3.weight,433,layer3.2.conv3.weight_ch433,1.154915452003479
layer4.0.conv3.weight,705,layer4.0.conv3.weight_ch705,1.1545703411102295
layer3.2.conv3.weight,516,layer3.2.conv3.weight_ch516,1.154534101486206
layer4.0.conv3.weight,1140,layer4.0.conv3.weight_ch1140,1.1544809341430664
layer3.5.conv3.weight,88,layer3.5.conv3.weight_ch88,1.1530961990356445
layer3.5.conv3.weight,718,layer3.5.conv3.weight_ch718,1.1529293060302734
layer3.4.conv3.weight,893,layer3.4.conv3.weight_ch893,1.1528825759887695
layer3.4.conv3.weight,944,layer3.4.conv3.weight_ch944,1.1528263092041016
layer3.2.conv3.weight,430,layer3.2.conv3.weight_ch430,1.1528141498565674
layer3.0.conv3.weight,687,layer3.0.conv3.weight_ch687,1.1527128219604492
layer3.0.conv3.weight,377,layer3.0.conv3.weight_ch377,1.1525770425796509
layer3.3.conv3.weight,993,layer3.3.conv3.weight_ch993,1.152427315711975
layer3.0.conv2.weight,13,layer3.0.conv2.weight_ch13,1.152174472808838
layer3.5.conv3.weight,715,layer3.5.conv3.weight_ch715,1.1521377563476562
layer3.0.conv2.weight,49,layer3.0.conv2.weight_ch49,1.1520812511444092
layer2.1.conv3.weight,64,layer2.1.conv3.weight_ch64,1.1520500183105469
layer2.3.conv2.weight,33,layer2.3.conv2.weight_ch33,1.1520211696624756
layer3.0.conv3.weight,129,layer3.0.conv3.weight_ch129,1.1519285440444946
layer3.5.conv3.weight,180,layer3.5.conv3.weight_ch180,1.151766300201416
layer3.4.conv3.weight,481,layer3.4.conv3.weight_ch481,1.1517338752746582
layer3.1.conv3.weight,350,layer3.1.conv3.weight_ch350,1.1516083478927612
layer2.1.conv3.weight,480,layer2.1.conv3.weight_ch480,1.1510860919952393
layer3.5.conv3.weight,607,layer3.5.conv3.weight_ch607,1.150837779045105
layer3.0.conv3.weight,498,layer3.0.conv3.weight_ch498,1.1507328748703003
layer3.1.conv3.weight,723,layer3.1.conv3.weight_ch723,1.1504971981048584
layer3.1.conv3.weight,366,layer3.1.conv3.weight_ch366,1.1504794359207153
layer3.1.conv3.weight,924,layer3.1.conv3.weight_ch924,1.1503453254699707
layer3.0.conv2.weight,23,layer3.0.conv2.weight_ch23,1.1503268480300903
layer3.0.conv3.weight,422,layer3.0.conv3.weight_ch422,1.1502015590667725
layer3.3.conv3.weight,522,layer3.3.conv3.weight_ch522,1.150091290473938
layer2.1.conv3.weight,232,layer2.1.conv3.weight_ch232,1.1500458717346191
layer3.5.conv3.weight,238,layer3.5.conv3.weight_ch238,1.1500344276428223
layer3.4.conv3.weight,489,layer3.4.conv3.weight_ch489,1.1498792171478271
layer3.0.conv3.weight,588,layer3.0.conv3.weight_ch588,1.149860143661499
layer2.1.conv3.weight,348,layer2.1.conv3.weight_ch348,1.1494853496551514
layer3.5.conv3.weight,394,layer3.5.conv3.weight_ch394,1.1490724086761475
layer3.3.conv3.weight,341,layer3.3.conv3.weight_ch341,1.1487712860107422
layer2.1.conv3.weight,251,layer2.1.conv3.weight_ch251,1.1485296487808228
layer3.0.conv3.weight,786,layer3.0.conv3.weight_ch786,1.1484850645065308
layer3.1.conv3.weight,300,layer3.1.conv3.weight_ch300,1.1484781503677368
layer3.4.conv3.weight,399,layer3.4.conv3.weight_ch399,1.1483991146087646
layer4.0.conv3.weight,1213,layer4.0.conv3.weight_ch1213,1.1482194662094116
layer3.4.conv3.weight,746,layer3.4.conv3.weight_ch746,1.148207664489746
layer3.0.conv3.weight,914,layer3.0.conv3.weight_ch914,1.1480146646499634
layer3.0.conv3.weight,418,layer3.0.conv3.weight_ch418,1.1475363969802856
layer3.1.conv3.weight,470,layer3.1.conv3.weight_ch470,1.1474467515945435
layer3.5.conv3.weight,284,layer3.5.conv3.weight_ch284,1.1470541954040527
layer4.0.conv3.weight,1259,layer4.0.conv3.weight_ch1259,1.1470519304275513
layer1.2.conv3.weight,46,layer1.2.conv3.weight_ch46,1.1469591856002808
layer4.0.conv3.weight,727,layer4.0.conv3.weight_ch727,1.1468281745910645
layer3.2.conv2.weight,20,layer3.2.conv2.weight_ch20,1.1464396715164185
layer3.0.conv3.weight,210,layer3.0.conv3.weight_ch210,1.1461228132247925
layer2.1.conv3.weight,361,layer2.1.conv3.weight_ch361,1.1457875967025757
layer3.3.conv3.weight,343,layer3.3.conv3.weight_ch343,1.1455731391906738
layer3.3.conv3.weight,686,layer3.3.conv3.weight_ch686,1.1455315351486206
layer3.2.conv3.weight,781,layer3.2.conv3.weight_ch781,1.1453176736831665
layer3.3.conv3.weight,36,layer3.3.conv3.weight_ch36,1.1452089548110962
layer3.2.conv3.weight,199,layer3.2.conv3.weight_ch199,1.144765853881836
layer3.4.conv3.weight,851,layer3.4.conv3.weight_ch851,1.1447538137435913
layer3.4.conv3.weight,300,layer3.4.conv3.weight_ch300,1.1444932222366333
layer3.0.conv3.weight,103,layer3.0.conv3.weight_ch103,1.1437042951583862
layer3.2.conv3.weight,41,layer3.2.conv3.weight_ch41,1.1435697078704834
layer4.1.conv1.weight,432,layer4.1.conv1.weight_ch432,1.1432504653930664
layer3.3.conv3.weight,955,layer3.3.conv3.weight_ch955,1.143235683441162
layer3.3.conv3.weight,534,layer3.3.conv3.weight_ch534,1.1431488990783691
layer3.5.conv3.weight,819,layer3.5.conv3.weight_ch819,1.143118143081665
layer3.4.conv3.weight,466,layer3.4.conv3.weight_ch466,1.1427538394927979
layer3.0.conv3.weight,22,layer3.0.conv3.weight_ch22,1.1426255702972412
layer3.1.conv3.weight,460,layer3.1.conv3.weight_ch460,1.1424182653427124
layer3.5.conv3.weight,985,layer3.5.conv3.weight_ch985,1.1422367095947266
layer3.3.conv3.weight,191,layer3.3.conv3.weight_ch191,1.141321063041687
layer3.2.conv3.weight,224,layer3.2.conv3.weight_ch224,1.1412715911865234
layer3.5.conv3.weight,109,layer3.5.conv3.weight_ch109,1.1411374807357788
layer3.2.conv3.weight,336,layer3.2.conv3.weight_ch336,1.1410129070281982
layer2.1.conv3.weight,175,layer2.1.conv3.weight_ch175,1.1408510208129883
layer3.5.conv3.weight,59,layer3.5.conv3.weight_ch59,1.1406069993972778
layer3.2.conv3.weight,208,layer3.2.conv3.weight_ch208,1.140326738357544
layer3.0.conv3.weight,532,layer3.0.conv3.weight_ch532,1.140126347541809
layer2.3.conv2.weight,75,layer2.3.conv2.weight_ch75,1.1400132179260254
layer3.0.conv3.weight,52,layer3.0.conv3.weight_ch52,1.1398917436599731
layer3.0.conv2.weight,167,layer3.0.conv2.weight_ch167,1.1395337581634521
layer3.3.conv3.weight,849,layer3.3.conv3.weight_ch849,1.1393957138061523
layer3.1.conv3.weight,665,layer3.1.conv3.weight_ch665,1.13938570022583
layer3.4.conv3.weight,993,layer3.4.conv3.weight_ch993,1.1389013528823853
layer4.0.conv3.weight,1946,layer4.0.conv3.weight_ch1946,1.1388583183288574
layer3.5.conv3.weight,393,layer3.5.conv3.weight_ch393,1.1384649276733398
layer3.3.conv3.weight,332,layer3.3.conv3.weight_ch332,1.1381165981292725
layer3.2.conv3.weight,884,layer3.2.conv3.weight_ch884,1.1380113363265991
layer3.0.conv3.weight,98,layer3.0.conv3.weight_ch98,1.1379237174987793
layer3.0.conv3.weight,522,layer3.0.conv3.weight_ch522,1.1376110315322876
layer3.2.conv2.weight,60,layer3.2.conv2.weight_ch60,1.1373820304870605
layer3.4.conv3.weight,448,layer3.4.conv3.weight_ch448,1.1373517513275146
layer3.0.conv2.weight,172,layer3.0.conv2.weight_ch172,1.1373158693313599
layer3.2.conv3.weight,666,layer3.2.conv3.weight_ch666,1.1372270584106445
layer3.4.conv3.weight,743,layer3.4.conv3.weight_ch743,1.137033462524414
layer3.2.conv3.weight,618,layer3.2.conv3.weight_ch618,1.1368328332901
layer3.3.conv3.weight,305,layer3.3.conv3.weight_ch305,1.1367671489715576
layer3.1.conv3.weight,666,layer3.1.conv3.weight_ch666,1.1366658210754395
layer3.3.conv3.weight,416,layer3.3.conv3.weight_ch416,1.1365041732788086
layer3.3.conv3.weight,455,layer3.3.conv3.weight_ch455,1.1359151601791382
layer3.2.conv3.weight,447,layer3.2.conv3.weight_ch447,1.135888695716858
layer3.1.conv3.weight,67,layer3.1.conv3.weight_ch67,1.1356854438781738
layer3.5.conv3.weight,65,layer3.5.conv3.weight_ch65,1.1354689598083496
layer4.0.conv3.weight,1519,layer4.0.conv3.weight_ch1519,1.1352999210357666
layer3.2.conv2.weight,232,layer3.2.conv2.weight_ch232,1.1350499391555786
layer3.3.conv3.weight,14,layer3.3.conv3.weight_ch14,1.1349883079528809
layer3.3.conv3.weight,791,layer3.3.conv3.weight_ch791,1.1348294019699097
layer3.2.conv3.weight,34,layer3.2.conv3.weight_ch34,1.1346269845962524
layer3.1.conv3.weight,329,layer3.1.conv3.weight_ch329,1.1345218420028687
layer3.1.conv3.weight,119,layer3.1.conv3.weight_ch119,1.134143352508545
layer3.5.conv3.weight,767,layer3.5.conv3.weight_ch767,1.1340270042419434
layer3.1.conv3.weight,179,layer3.1.conv3.weight_ch179,1.1339116096496582
layer3.0.conv3.weight,649,layer3.0.conv3.weight_ch649,1.13358736038208
layer4.0.conv3.weight,1578,layer4.0.conv3.weight_ch1578,1.1335375308990479
layer3.5.conv3.weight,675,layer3.5.conv3.weight_ch675,1.1333739757537842
layer3.4.conv3.weight,382,layer3.4.conv3.weight_ch382,1.1328792572021484
layer2.0.conv2.weight,16,layer2.0.conv2.weight_ch16,1.1326993703842163
layer3.5.conv3.weight,978,layer3.5.conv3.weight_ch978,1.1325560808181763
layer3.3.conv3.weight,96,layer3.3.conv3.weight_ch96,1.1322098970413208
layer3.2.conv3.weight,12,layer3.2.conv3.weight_ch12,1.1322059631347656
layer3.1.conv3.weight,221,layer3.1.conv3.weight_ch221,1.1316711902618408
layer3.5.conv3.weight,543,layer3.5.conv3.weight_ch543,1.1316636800765991
layer3.1.conv3.weight,831,layer3.1.conv3.weight_ch831,1.1315131187438965
layer2.0.conv1.weight,55,layer2.0.conv1.weight_ch55,1.1313010454177856
layer3.5.conv3.weight,313,layer3.5.conv3.weight_ch313,1.1312735080718994
layer2.0.conv1.weight,5,layer2.0.conv1.weight_ch5,1.131218433380127
layer3.5.conv3.weight,909,layer3.5.conv3.weight_ch909,1.1310757398605347
layer2.1.conv3.weight,196,layer2.1.conv3.weight_ch196,1.13104248046875
layer2.1.conv3.weight,41,layer2.1.conv3.weight_ch41,1.1307965517044067
layer3.1.conv3.weight,1014,layer3.1.conv3.weight_ch1014,1.1306873559951782
layer3.2.conv3.weight,628,layer3.2.conv3.weight_ch628,1.1306451559066772
layer3.4.conv3.weight,844,layer3.4.conv3.weight_ch844,1.1304681301116943
layer3.2.conv3.weight,676,layer3.2.conv3.weight_ch676,1.1299147605895996
layer3.2.conv2.weight,122,layer3.2.conv2.weight_ch122,1.1295708417892456
layer3.0.conv3.weight,648,layer3.0.conv3.weight_ch648,1.1295615434646606
layer3.5.conv3.weight,545,layer3.5.conv3.weight_ch545,1.1294673681259155
layer3.2.conv3.weight,653,layer3.2.conv3.weight_ch653,1.1288899183273315
layer4.0.conv3.weight,1429,layer4.0.conv3.weight_ch1429,1.128855586051941
layer3.1.conv3.weight,164,layer3.1.conv3.weight_ch164,1.1287999153137207
layer4.0.conv3.weight,1648,layer4.0.conv3.weight_ch1648,1.1287143230438232
layer3.3.conv3.weight,195,layer3.3.conv3.weight_ch195,1.1283574104309082
layer3.1.conv3.weight,227,layer3.1.conv3.weight_ch227,1.1278249025344849
layer4.0.conv3.weight,6,layer4.0.conv3.weight_ch6,1.1277867555618286
layer3.5.conv3.weight,9,layer3.5.conv3.weight_ch9,1.127407431602478
layer3.0.conv3.weight,921,layer3.0.conv3.weight_ch921,1.1269644498825073
layer4.0.conv3.weight,14,layer4.0.conv3.weight_ch14,1.1269595623016357
layer3.4.conv3.weight,232,layer3.4.conv3.weight_ch232,1.1265263557434082
layer1.2.conv3.weight,148,layer1.2.conv3.weight_ch148,1.126473307609558
layer3.3.conv3.weight,665,layer3.3.conv3.weight_ch665,1.1263201236724854
layer3.2.conv3.weight,470,layer3.2.conv3.weight_ch470,1.126169204711914
layer3.3.conv3.weight,748,layer3.3.conv3.weight_ch748,1.1261454820632935
layer3.5.conv3.weight,274,layer3.5.conv3.weight_ch274,1.1258856058120728
layer3.3.conv3.weight,303,layer3.3.conv3.weight_ch303,1.1257816553115845
layer3.5.conv3.weight,887,layer3.5.conv3.weight_ch887,1.1255748271942139
layer3.1.conv3.weight,976,layer3.1.conv3.weight_ch976,1.125514268875122
layer3.1.conv3.weight,401,layer3.1.conv3.weight_ch401,1.1253646612167358
layer1.2.conv3.weight,8,layer1.2.conv3.weight_ch8,1.125331997871399
layer3.5.conv3.weight,789,layer3.5.conv3.weight_ch789,1.1250536441802979
layer3.3.conv3.weight,589,layer3.3.conv3.weight_ch589,1.1243518590927124
layer4.0.conv3.weight,343,layer4.0.conv3.weight_ch343,1.1242347955703735
layer4.0.conv3.weight,947,layer4.0.conv3.weight_ch947,1.123984456062317
layer3.1.conv3.weight,453,layer3.1.conv3.weight_ch453,1.1233488321304321
layer3.2.conv3.weight,633,layer3.2.conv3.weight_ch633,1.122977375984192
layer3.0.conv3.weight,48,layer3.0.conv3.weight_ch48,1.1223719120025635
layer3.3.conv3.weight,790,layer3.3.conv3.weight_ch790,1.1222527027130127
layer3.3.conv3.weight,239,layer3.3.conv3.weight_ch239,1.122216820716858
layer4.0.conv3.weight,1842,layer4.0.conv3.weight_ch1842,1.12150239944458
layer2.0.conv1.weight,4,layer2.0.conv1.weight_ch4,1.1214224100112915
layer3.5.conv3.weight,549,layer3.5.conv3.weight_ch549,1.120940089225769
layer3.5.conv3.weight,803,layer3.5.conv3.weight_ch803,1.1200098991394043
layer2.1.conv3.weight,407,layer2.1.conv3.weight_ch407,1.1189968585968018
layer3.2.conv3.weight,47,layer3.2.conv3.weight_ch47,1.118996262550354
layer3.5.conv3.weight,304,layer3.5.conv3.weight_ch304,1.1189227104187012
layer3.5.conv3.weight,554,layer3.5.conv3.weight_ch554,1.118582010269165
layer3.0.conv3.weight,142,layer3.0.conv3.weight_ch142,1.1185733079910278
layer2.1.conv3.weight,27,layer2.1.conv3.weight_ch27,1.118396520614624
layer3.2.conv3.weight,229,layer3.2.conv3.weight_ch229,1.1183807849884033
layer3.0.conv3.weight,156,layer3.0.conv3.weight_ch156,1.118343472480774
layer3.0.conv3.weight,655,layer3.0.conv3.weight_ch655,1.118142008781433
layer4.0.conv3.weight,961,layer4.0.conv3.weight_ch961,1.1180318593978882
layer1.2.conv3.weight,91,layer1.2.conv3.weight_ch91,1.1177345514297485
layer3.1.conv3.weight,747,layer3.1.conv3.weight_ch747,1.1175671815872192
layer2.3.conv2.weight,100,layer2.3.conv2.weight_ch100,1.1175665855407715
layer3.4.conv3.weight,621,layer3.4.conv3.weight_ch621,1.1172559261322021
layer1.2.conv3.weight,234,layer1.2.conv3.weight_ch234,1.1172009706497192
layer3.1.conv3.weight,926,layer3.1.conv3.weight_ch926,1.1169975996017456
layer3.4.conv3.weight,83,layer3.4.conv3.weight_ch83,1.1167773008346558
layer3.0.conv3.weight,777,layer3.0.conv3.weight_ch777,1.1163582801818848
layer2.3.conv2.weight,117,layer2.3.conv2.weight_ch117,1.1162593364715576
layer3.2.conv3.weight,223,layer3.2.conv3.weight_ch223,1.1158175468444824
layer3.2.conv2.weight,74,layer3.2.conv2.weight_ch74,1.1158047914505005
layer3.1.conv3.weight,701,layer3.1.conv3.weight_ch701,1.1156063079833984
layer2.0.conv1.weight,52,layer2.0.conv1.weight_ch52,1.115402340888977
layer3.2.conv3.weight,264,layer3.2.conv3.weight_ch264,1.1154018640518188
layer3.1.conv3.weight,729,layer3.1.conv3.weight_ch729,1.1150707006454468
layer2.0.conv1.weight,31,layer2.0.conv1.weight_ch31,1.1150431632995605
layer3.2.conv2.weight,191,layer3.2.conv2.weight_ch191,1.1148544549942017
layer3.0.conv3.weight,735,layer3.0.conv3.weight_ch735,1.1143798828125
layer3.3.conv3.weight,37,layer3.3.conv3.weight_ch37,1.1139154434204102
layer3.4.conv3.weight,668,layer3.4.conv3.weight_ch668,1.1138465404510498
layer3.3.conv3.weight,481,layer3.3.conv3.weight_ch481,1.1138195991516113
layer3.1.conv3.weight,97,layer3.1.conv3.weight_ch97,1.1132967472076416
layer4.0.conv3.weight,1874,layer4.0.conv3.weight_ch1874,1.1131638288497925
layer3.1.conv3.weight,335,layer3.1.conv3.weight_ch335,1.1130014657974243
layer2.3.conv2.weight,103,layer2.3.conv2.weight_ch103,1.1129435300827026
layer3.3.conv3.weight,285,layer3.3.conv3.weight_ch285,1.1128642559051514
layer1.2.conv3.weight,43,layer1.2.conv3.weight_ch43,1.11252760887146
layer3.4.conv3.weight,141,layer3.4.conv3.weight_ch141,1.112489104270935
layer3.1.conv3.weight,235,layer3.1.conv3.weight_ch235,1.1118041276931763
layer3.1.conv3.weight,850,layer3.1.conv3.weight_ch850,1.1114963293075562
layer2.0.conv2.weight,1,layer2.0.conv2.weight_ch1,1.1114619970321655
layer2.0.conv2.weight,96,layer2.0.conv2.weight_ch96,1.1111149787902832
layer3.2.conv3.weight,605,layer3.2.conv3.weight_ch605,1.110769510269165
layer3.5.conv3.weight,193,layer3.5.conv3.weight_ch193,1.1100646257400513
layer3.5.conv3.weight,830,layer3.5.conv3.weight_ch830,1.1099333763122559
layer3.4.conv3.weight,493,layer3.4.conv3.weight_ch493,1.1098710298538208
layer2.3.conv2.weight,105,layer2.3.conv2.weight_ch105,1.1098077297210693
layer3.3.conv3.weight,672,layer3.3.conv3.weight_ch672,1.1082446575164795
layer3.0.conv3.weight,97,layer3.0.conv3.weight_ch97,1.1081733703613281
layer4.1.conv1.weight,385,layer4.1.conv1.weight_ch385,1.108102560043335
layer3.5.conv3.weight,731,layer3.5.conv3.weight_ch731,1.1080926656723022
layer2.1.conv3.weight,418,layer2.1.conv3.weight_ch418,1.108061671257019
layer3.5.conv3.weight,990,layer3.5.conv3.weight_ch990,1.1078379154205322
layer3.4.conv3.weight,525,layer3.4.conv3.weight_ch525,1.1078327894210815
layer4.0.conv3.weight,403,layer4.0.conv3.weight_ch403,1.1075164079666138
layer3.0.conv3.weight,660,layer3.0.conv3.weight_ch660,1.1074258089065552
layer2.1.conv3.weight,198,layer2.1.conv3.weight_ch198,1.1070888042449951
layer3.5.conv3.weight,616,layer3.5.conv3.weight_ch616,1.1068614721298218
layer4.0.conv3.weight,144,layer4.0.conv3.weight_ch144,1.1067440509796143
layer3.2.conv3.weight,215,layer3.2.conv3.weight_ch215,1.1063424348831177
layer3.4.conv3.weight,579,layer3.4.conv3.weight_ch579,1.106264591217041
layer1.2.conv3.weight,82,layer1.2.conv3.weight_ch82,1.1060453653335571
layer4.0.conv3.weight,1136,layer4.0.conv3.weight_ch1136,1.105836033821106
layer3.0.conv3.weight,847,layer3.0.conv3.weight_ch847,1.105772614479065
layer3.3.conv3.weight,745,layer3.3.conv3.weight_ch745,1.1056488752365112
layer3.3.conv3.weight,776,layer3.3.conv3.weight_ch776,1.1055916547775269
layer4.0.conv3.weight,808,layer4.0.conv3.weight_ch808,1.1054526567459106
layer3.3.conv3.weight,226,layer3.3.conv3.weight_ch226,1.1051111221313477
layer3.0.conv3.weight,60,layer3.0.conv3.weight_ch60,1.104130744934082
layer3.5.conv3.weight,852,layer3.5.conv3.weight_ch852,1.1037492752075195
layer3.0.conv3.weight,269,layer3.0.conv3.weight_ch269,1.1035218238830566
layer3.2.conv2.weight,223,layer3.2.conv2.weight_ch223,1.1032719612121582
layer3.3.conv3.weight,310,layer3.3.conv3.weight_ch310,1.1030571460723877
layer3.4.conv3.weight,911,layer3.4.conv3.weight_ch911,1.102961540222168
layer3.3.conv3.weight,607,layer3.3.conv3.weight_ch607,1.1028612852096558
layer3.4.conv3.weight,85,layer3.4.conv3.weight_ch85,1.1025422811508179
layer3.1.conv3.weight,542,layer3.1.conv3.weight_ch542,1.102528691291809
layer4.0.conv3.weight,393,layer4.0.conv3.weight_ch393,1.1024506092071533
layer3.3.conv3.weight,945,layer3.3.conv3.weight_ch945,1.1022179126739502
layer3.1.conv3.weight,784,layer3.1.conv3.weight_ch784,1.1021934747695923
layer3.1.conv3.weight,534,layer3.1.conv3.weight_ch534,1.1021363735198975
layer3.5.conv3.weight,289,layer3.5.conv3.weight_ch289,1.101798415184021
layer3.2.conv3.weight,900,layer3.2.conv3.weight_ch900,1.1015571355819702
layer3.3.conv3.weight,247,layer3.3.conv3.weight_ch247,1.1013201475143433
layer4.0.conv3.weight,266,layer4.0.conv3.weight_ch266,1.1011688709259033
layer3.5.conv3.weight,11,layer3.5.conv3.weight_ch11,1.1010640859603882
layer3.5.conv3.weight,101,layer3.5.conv3.weight_ch101,1.100862979888916
layer3.1.conv3.weight,674,layer3.1.conv3.weight_ch674,1.1008508205413818
layer3.4.conv3.weight,738,layer3.4.conv3.weight_ch738,1.1002347469329834
layer3.3.conv3.weight,166,layer3.3.conv3.weight_ch166,1.1000174283981323
layer3.2.conv3.weight,542,layer3.2.conv3.weight_ch542,1.09988272190094
layer3.4.conv3.weight,948,layer3.4.conv3.weight_ch948,1.0998588800430298
layer3.3.conv3.weight,78,layer3.3.conv3.weight_ch78,1.0995923280715942
layer2.1.conv3.weight,185,layer2.1.conv3.weight_ch185,1.099283218383789
layer4.0.conv3.weight,1973,layer4.0.conv3.weight_ch1973,1.0990674495697021
layer1.2.conv3.weight,75,layer1.2.conv3.weight_ch75,1.0987510681152344
layer3.1.conv3.weight,355,layer3.1.conv3.weight_ch355,1.0987104177474976
layer3.1.conv3.weight,548,layer3.1.conv3.weight_ch548,1.0985300540924072
layer4.0.conv3.weight,865,layer4.0.conv3.weight_ch865,1.0985126495361328
layer3.3.conv3.weight,981,layer3.3.conv3.weight_ch981,1.098193645477295
layer3.0.conv3.weight,268,layer3.0.conv3.weight_ch268,1.0981318950653076
layer4.0.conv3.weight,957,layer4.0.conv3.weight_ch957,1.0981069803237915
layer3.4.conv3.weight,526,layer3.4.conv3.weight_ch526,1.097602128982544
layer3.4.conv3.weight,504,layer3.4.conv3.weight_ch504,1.0975029468536377
layer3.4.conv3.weight,440,layer3.4.conv3.weight_ch440,1.0971418619155884
layer3.1.conv3.weight,508,layer3.1.conv3.weight_ch508,1.097014307975769
layer4.1.conv1.weight,476,layer4.1.conv1.weight_ch476,1.0969172716140747
layer3.5.conv3.weight,229,layer3.5.conv3.weight_ch229,1.096709966659546
layer3.0.conv3.weight,790,layer3.0.conv3.weight_ch790,1.0966777801513672
layer1.2.conv3.weight,249,layer1.2.conv3.weight_ch249,1.09628164768219
layer3.4.conv3.weight,701,layer3.4.conv3.weight_ch701,1.0962767601013184
layer3.2.conv2.weight,251,layer3.2.conv2.weight_ch251,1.096274733543396
layer3.5.conv3.weight,239,layer3.5.conv3.weight_ch239,1.0962438583374023
layer3.3.conv3.weight,243,layer3.3.conv3.weight_ch243,1.0961545705795288
layer3.1.conv3.weight,825,layer3.1.conv3.weight_ch825,1.0960098505020142
layer3.2.conv3.weight,783,layer3.2.conv3.weight_ch783,1.0955731868743896
layer3.2.conv3.weight,464,layer3.2.conv3.weight_ch464,1.0946221351623535
layer3.2.conv3.weight,838,layer3.2.conv3.weight_ch838,1.0943020582199097
layer3.5.conv3.weight,164,layer3.5.conv3.weight_ch164,1.0931921005249023
layer3.0.conv2.weight,141,layer3.0.conv2.weight_ch141,1.0931873321533203
layer3.5.conv3.weight,763,layer3.5.conv3.weight_ch763,1.0926638841629028
layer4.0.conv3.weight,444,layer4.0.conv3.weight_ch444,1.0922795534133911
layer3.2.conv3.weight,218,layer3.2.conv3.weight_ch218,1.0921063423156738
layer3.1.conv3.weight,98,layer3.1.conv3.weight_ch98,1.0920326709747314
layer3.3.conv3.weight,1015,layer3.3.conv3.weight_ch1015,1.0919643640518188
layer4.1.conv1.weight,177,layer4.1.conv1.weight_ch177,1.0917619466781616
layer3.0.conv3.weight,743,layer3.0.conv3.weight_ch743,1.0913375616073608
layer1.2.conv3.weight,178,layer1.2.conv3.weight_ch178,1.0912210941314697
layer3.5.conv3.weight,135,layer3.5.conv3.weight_ch135,1.0911648273468018
layer4.0.conv3.weight,1319,layer4.0.conv3.weight_ch1319,1.0910487174987793
layer3.4.conv3.weight,757,layer3.4.conv3.weight_ch757,1.0910412073135376
layer3.2.conv3.weight,482,layer3.2.conv3.weight_ch482,1.0902944803237915
layer3.0.conv3.weight,962,layer3.0.conv3.weight_ch962,1.0900850296020508
layer3.2.conv3.weight,393,layer3.2.conv3.weight_ch393,1.089468002319336
layer3.3.conv3.weight,848,layer3.3.conv3.weight_ch848,1.0893611907958984
layer3.4.conv3.weight,116,layer3.4.conv3.weight_ch116,1.0893152952194214
layer3.1.conv3.weight,251,layer3.1.conv3.weight_ch251,1.089067816734314
layer3.2.conv3.weight,425,layer3.2.conv3.weight_ch425,1.0889601707458496
layer4.0.conv3.weight,761,layer4.0.conv3.weight_ch761,1.0887941122055054
layer3.2.conv3.weight,44,layer3.2.conv3.weight_ch44,1.088573694229126
layer3.5.conv3.weight,31,layer3.5.conv3.weight_ch31,1.088444709777832
layer3.1.conv3.weight,564,layer3.1.conv3.weight_ch564,1.0883868932724
layer2.1.conv3.weight,317,layer2.1.conv3.weight_ch317,1.0882607698440552
layer3.3.conv3.weight,648,layer3.3.conv3.weight_ch648,1.0879484415054321
layer3.3.conv3.weight,613,layer3.3.conv3.weight_ch613,1.0875236988067627
layer3.2.conv3.weight,750,layer3.2.conv3.weight_ch750,1.0874969959259033
layer3.5.conv3.weight,36,layer3.5.conv3.weight_ch36,1.0873610973358154
layer3.1.conv3.weight,206,layer3.1.conv3.weight_ch206,1.0870954990386963
layer3.4.conv3.weight,445,layer3.4.conv3.weight_ch445,1.0864979028701782
layer2.0.conv1.weight,6,layer2.0.conv1.weight_ch6,1.0862690210342407
layer2.1.conv3.weight,509,layer2.1.conv3.weight_ch509,1.0859766006469727
layer1.2.conv3.weight,40,layer1.2.conv3.weight_ch40,1.0856735706329346
layer3.5.conv3.weight,441,layer3.5.conv3.weight_ch441,1.0856702327728271
layer3.4.conv3.weight,747,layer3.4.conv3.weight_ch747,1.0855863094329834
layer2.0.conv2.weight,117,layer2.0.conv2.weight_ch117,1.0845388174057007
layer4.0.conv3.weight,1500,layer4.0.conv3.weight_ch1500,1.084395408630371
layer3.2.conv3.weight,341,layer3.2.conv3.weight_ch341,1.0841212272644043
layer4.1.conv1.weight,124,layer4.1.conv1.weight_ch124,1.0839347839355469
layer3.5.conv3.weight,918,layer3.5.conv3.weight_ch918,1.0834193229675293
layer3.0.conv3.weight,751,layer3.0.conv3.weight_ch751,1.083116054534912
layer3.2.conv3.weight,808,layer3.2.conv3.weight_ch808,1.0830599069595337
layer4.0.conv3.weight,1832,layer4.0.conv3.weight_ch1832,1.0828473567962646
layer3.3.conv3.weight,996,layer3.3.conv3.weight_ch996,1.0828317403793335
layer2.1.conv3.weight,362,layer2.1.conv3.weight_ch362,1.0828310251235962
layer1.2.conv3.weight,23,layer1.2.conv3.weight_ch23,1.0826492309570312
layer2.0.conv2.weight,100,layer2.0.conv2.weight_ch100,1.082329273223877
layer3.4.conv3.weight,185,layer3.4.conv3.weight_ch185,1.0818793773651123
layer3.5.conv3.weight,499,layer3.5.conv3.weight_ch499,1.081190824508667
layer3.5.conv3.weight,994,layer3.5.conv3.weight_ch994,1.0811619758605957
layer3.3.conv3.weight,326,layer3.3.conv3.weight_ch326,1.0808074474334717
layer4.0.conv3.weight,740,layer4.0.conv3.weight_ch740,1.0802886486053467
layer3.0.conv3.weight,270,layer3.0.conv3.weight_ch270,1.080113172531128
layer3.5.conv3.weight,470,layer3.5.conv3.weight_ch470,1.0800317525863647
layer3.3.conv3.weight,603,layer3.3.conv3.weight_ch603,1.0798182487487793
layer3.2.conv3.weight,799,layer3.2.conv3.weight_ch799,1.0797778367996216
layer3.1.conv3.weight,63,layer3.1.conv3.weight_ch63,1.0796841382980347
layer3.5.conv3.weight,320,layer3.5.conv3.weight_ch320,1.079041600227356
layer3.4.conv3.weight,990,layer3.4.conv3.weight_ch990,1.078717827796936
layer3.4.conv3.weight,517,layer3.4.conv3.weight_ch517,1.078597068786621
layer4.0.conv3.weight,461,layer4.0.conv3.weight_ch461,1.0785934925079346
layer3.5.conv3.weight,27,layer3.5.conv3.weight_ch27,1.0784661769866943
layer3.3.conv3.weight,293,layer3.3.conv3.weight_ch293,1.0784467458724976
layer4.0.conv3.weight,516,layer4.0.conv3.weight_ch516,1.078269124031067
layer3.4.conv3.weight,936,layer3.4.conv3.weight_ch936,1.0782068967819214
layer3.4.conv3.weight,942,layer3.4.conv3.weight_ch942,1.0780662298202515
layer3.5.conv3.weight,167,layer3.5.conv3.weight_ch167,1.0777521133422852
layer3.5.conv3.weight,983,layer3.5.conv3.weight_ch983,1.0775903463363647
layer2.1.conv3.weight,454,layer2.1.conv3.weight_ch454,1.0773510932922363
layer3.1.conv3.weight,473,layer3.1.conv3.weight_ch473,1.0772719383239746
layer3.0.conv3.weight,875,layer3.0.conv3.weight_ch875,1.0772132873535156
layer3.3.conv3.weight,530,layer3.3.conv3.weight_ch530,1.0766611099243164
layer4.0.conv3.weight,1301,layer4.0.conv3.weight_ch1301,1.076042890548706
layer3.5.conv3.weight,336,layer3.5.conv3.weight_ch336,1.0755873918533325
layer3.3.conv3.weight,854,layer3.3.conv3.weight_ch854,1.0754369497299194
layer3.2.conv3.weight,932,layer3.2.conv3.weight_ch932,1.075424313545227
layer3.5.conv3.weight,907,layer3.5.conv3.weight_ch907,1.0753459930419922
layer2.3.conv2.weight,106,layer2.3.conv2.weight_ch106,1.0752367973327637
layer3.1.conv3.weight,49,layer3.1.conv3.weight_ch49,1.0750494003295898
layer3.3.conv3.weight,691,layer3.3.conv3.weight_ch691,1.0747812986373901
layer4.1.conv1.weight,84,layer4.1.conv1.weight_ch84,1.0743966102600098
layer3.5.conv3.weight,334,layer3.5.conv3.weight_ch334,1.0743370056152344
layer3.4.conv3.weight,927,layer3.4.conv3.weight_ch927,1.0740312337875366
layer1.2.conv3.weight,170,layer1.2.conv3.weight_ch170,1.0737838745117188
layer3.1.conv3.weight,795,layer3.1.conv3.weight_ch795,1.0734307765960693
layer3.1.conv3.weight,248,layer3.1.conv3.weight_ch248,1.0716315507888794
layer3.0.conv3.weight,665,layer3.0.conv3.weight_ch665,1.0709338188171387
layer3.2.conv3.weight,468,layer3.2.conv3.weight_ch468,1.0705260038375854
layer3.3.conv3.weight,1020,layer3.3.conv3.weight_ch1020,1.0703376531600952
layer3.3.conv3.weight,354,layer3.3.conv3.weight_ch354,1.069991111755371
layer3.3.conv3.weight,683,layer3.3.conv3.weight_ch683,1.069934368133545
layer3.3.conv3.weight,368,layer3.3.conv3.weight_ch368,1.069664478302002
layer4.0.conv3.weight,1783,layer4.0.conv3.weight_ch1783,1.069359302520752
layer3.1.conv3.weight,647,layer3.1.conv3.weight_ch647,1.0691523551940918
layer3.2.conv3.weight,82,layer3.2.conv3.weight_ch82,1.0689071416854858
layer4.0.conv3.weight,1111,layer4.0.conv3.weight_ch1111,1.068806529045105
layer4.0.conv3.weight,1086,layer4.0.conv3.weight_ch1086,1.0687698125839233
layer3.1.conv3.weight,118,layer3.1.conv3.weight_ch118,1.068716287612915
layer3.3.conv3.weight,373,layer3.3.conv3.weight_ch373,1.0687036514282227
layer2.1.conv3.weight,245,layer2.1.conv3.weight_ch245,1.0685021877288818
layer3.1.conv3.weight,424,layer3.1.conv3.weight_ch424,1.0684833526611328
layer3.5.conv3.weight,949,layer3.5.conv3.weight_ch949,1.0684490203857422
layer3.3.conv3.weight,980,layer3.3.conv3.weight_ch980,1.0683497190475464
layer3.0.conv3.weight,349,layer3.0.conv3.weight_ch349,1.0681591033935547
layer2.1.conv3.weight,234,layer2.1.conv3.weight_ch234,1.0677263736724854
layer2.0.conv1.weight,19,layer2.0.conv1.weight_ch19,1.0673682689666748
layer3.5.conv3.weight,737,layer3.5.conv3.weight_ch737,1.0668132305145264
layer3.1.conv3.weight,897,layer3.1.conv3.weight_ch897,1.066543698310852
layer3.0.conv3.weight,607,layer3.0.conv3.weight_ch607,1.0665388107299805
layer3.5.conv3.weight,576,layer3.5.conv3.weight_ch576,1.0660594701766968
layer3.3.conv3.weight,342,layer3.3.conv3.weight_ch342,1.0657546520233154
layer4.0.conv3.weight,1742,layer4.0.conv3.weight_ch1742,1.065407156944275
layer4.0.conv3.weight,1496,layer4.0.conv3.weight_ch1496,1.0653051137924194
layer3.5.conv3.weight,679,layer3.5.conv3.weight_ch679,1.0650274753570557
layer3.1.conv3.weight,955,layer3.1.conv3.weight_ch955,1.064979076385498
layer3.3.conv3.weight,10,layer3.3.conv3.weight_ch10,1.0649627447128296
layer3.2.conv2.weight,254,layer3.2.conv2.weight_ch254,1.0644304752349854
layer3.4.conv3.weight,272,layer3.4.conv3.weight_ch272,1.0640908479690552
layer3.5.conv3.weight,690,layer3.5.conv3.weight_ch690,1.0640296936035156
layer3.1.conv3.weight,727,layer3.1.conv3.weight_ch727,1.0640166997909546
layer3.2.conv3.weight,69,layer3.2.conv3.weight_ch69,1.0640113353729248
layer4.0.conv3.weight,919,layer4.0.conv3.weight_ch919,1.0637731552124023
layer4.0.conv3.weight,831,layer4.0.conv3.weight_ch831,1.06373929977417
layer4.0.conv3.weight,2025,layer4.0.conv3.weight_ch2025,1.0635536909103394
layer3.1.conv3.weight,898,layer3.1.conv3.weight_ch898,1.0630357265472412
layer2.0.conv1.weight,78,layer2.0.conv1.weight_ch78,1.0623602867126465
layer3.2.conv3.weight,115,layer3.2.conv3.weight_ch115,1.0620046854019165
layer3.3.conv3.weight,465,layer3.3.conv3.weight_ch465,1.0618901252746582
layer2.0.conv1.weight,46,layer2.0.conv1.weight_ch46,1.0616134405136108
layer3.3.conv3.weight,903,layer3.3.conv3.weight_ch903,1.0615630149841309
layer3.5.conv3.weight,93,layer3.5.conv3.weight_ch93,1.0614873170852661
layer3.2.conv3.weight,410,layer3.2.conv3.weight_ch410,1.0614826679229736
layer3.1.conv3.weight,635,layer3.1.conv3.weight_ch635,1.0610268115997314
layer3.0.conv3.weight,544,layer3.0.conv3.weight_ch544,1.060958743095398
layer2.0.conv2.weight,17,layer2.0.conv2.weight_ch17,1.0609583854675293
layer3.2.conv3.weight,533,layer3.2.conv3.weight_ch533,1.060929536819458
layer2.1.conv3.weight,461,layer2.1.conv3.weight_ch461,1.059964895248413
layer3.5.conv3.weight,457,layer3.5.conv3.weight_ch457,1.0597809553146362
layer3.0.conv3.weight,231,layer3.0.conv3.weight_ch231,1.0592138767242432
layer4.0.conv3.weight,1326,layer4.0.conv3.weight_ch1326,1.0588175058364868
layer3.5.conv3.weight,950,layer3.5.conv3.weight_ch950,1.058049201965332
layer1.2.conv3.weight,77,layer1.2.conv3.weight_ch77,1.0576285123825073
layer3.2.conv3.weight,582,layer3.2.conv3.weight_ch582,1.056812047958374
layer3.0.conv3.weight,170,layer3.0.conv3.weight_ch170,1.0567213296890259
layer3.5.conv3.weight,172,layer3.5.conv3.weight_ch172,1.0566000938415527
layer2.0.conv2.weight,5,layer2.0.conv2.weight_ch5,1.0565863847732544
layer3.3.conv3.weight,636,layer3.3.conv3.weight_ch636,1.056371808052063
layer2.1.conv3.weight,416,layer2.1.conv3.weight_ch416,1.0562503337860107
layer3.0.conv3.weight,32,layer3.0.conv3.weight_ch32,1.056134819984436
layer4.0.conv3.weight,36,layer4.0.conv3.weight_ch36,1.056093692779541
layer4.0.conv3.weight,29,layer4.0.conv3.weight_ch29,1.0557080507278442
layer3.3.conv3.weight,478,layer3.3.conv3.weight_ch478,1.0556641817092896
layer3.3.conv3.weight,375,layer3.3.conv3.weight_ch375,1.0556323528289795
layer3.4.conv3.weight,892,layer3.4.conv3.weight_ch892,1.0554780960083008
layer3.0.conv3.weight,554,layer3.0.conv3.weight_ch554,1.055280327796936
layer3.5.conv3.weight,829,layer3.5.conv3.weight_ch829,1.0551313161849976
layer3.4.conv3.weight,666,layer3.4.conv3.weight_ch666,1.0550857782363892
layer2.1.conv3.weight,203,layer2.1.conv3.weight_ch203,1.054980993270874
layer3.3.conv3.weight,510,layer3.3.conv3.weight_ch510,1.053979516029358
layer3.3.conv3.weight,654,layer3.3.conv3.weight_ch654,1.053819179534912
layer3.5.conv3.weight,339,layer3.5.conv3.weight_ch339,1.053670883178711
layer3.1.conv3.weight,991,layer3.1.conv3.weight_ch991,1.053419828414917
layer3.5.conv3.weight,969,layer3.5.conv3.weight_ch969,1.0533643960952759
layer3.0.conv3.weight,815,layer3.0.conv3.weight_ch815,1.0531938076019287
layer1.2.conv3.weight,0,layer1.2.conv3.weight_ch0,1.0530108213424683
layer3.5.conv3.weight,429,layer3.5.conv3.weight_ch429,1.0529625415802002
layer4.0.conv3.weight,121,layer4.0.conv3.weight_ch121,1.052826166152954
layer3.0.conv3.weight,235,layer3.0.conv3.weight_ch235,1.0524951219558716
layer3.4.conv3.weight,124,layer3.4.conv3.weight_ch124,1.0524548292160034
layer3.2.conv3.weight,694,layer3.2.conv3.weight_ch694,1.0517245531082153
layer3.4.conv3.weight,578,layer3.4.conv3.weight_ch578,1.0515944957733154
layer2.1.conv3.weight,323,layer2.1.conv3.weight_ch323,1.0511538982391357
layer2.3.conv2.weight,6,layer2.3.conv2.weight_ch6,1.051002025604248
layer3.2.conv3.weight,915,layer3.2.conv3.weight_ch915,1.0509473085403442
layer2.1.conv3.weight,109,layer2.1.conv3.weight_ch109,1.0507100820541382
layer3.2.conv3.weight,814,layer3.2.conv3.weight_ch814,1.0499194860458374
layer3.0.conv3.weight,682,layer3.0.conv3.weight_ch682,1.04989492893219
layer3.2.conv3.weight,155,layer3.2.conv3.weight_ch155,1.0496344566345215
layer4.0.conv3.weight,1010,layer4.0.conv3.weight_ch1010,1.0495368242263794
layer4.0.conv3.weight,623,layer4.0.conv3.weight_ch623,1.0495268106460571
layer2.0.conv1.weight,104,layer2.0.conv1.weight_ch104,1.0490500926971436
layer3.0.conv3.weight,528,layer3.0.conv3.weight_ch528,1.048910140991211
layer2.1.conv3.weight,11,layer2.1.conv3.weight_ch11,1.0488542318344116
layer3.0.conv3.weight,95,layer3.0.conv3.weight_ch95,1.0488135814666748
layer4.1.conv1.weight,35,layer4.1.conv1.weight_ch35,1.0486291646957397
layer4.0.conv3.weight,781,layer4.0.conv3.weight_ch781,1.0484912395477295
layer3.0.conv3.weight,857,layer3.0.conv3.weight_ch857,1.0479985475540161
layer3.4.conv3.weight,69,layer3.4.conv3.weight_ch69,1.0479564666748047
layer3.3.conv3.weight,762,layer3.3.conv3.weight_ch762,1.0477229356765747
layer3.2.conv3.weight,120,layer3.2.conv3.weight_ch120,1.0473045110702515
layer4.0.conv3.weight,694,layer4.0.conv3.weight_ch694,1.0472609996795654
layer3.0.conv3.weight,109,layer3.0.conv3.weight_ch109,1.0470157861709595
layer2.1.conv3.weight,426,layer2.1.conv3.weight_ch426,1.0466389656066895
layer3.2.conv3.weight,291,layer3.2.conv3.weight_ch291,1.0461406707763672
layer2.3.conv2.weight,8,layer2.3.conv2.weight_ch8,1.0461152791976929
layer3.2.conv2.weight,241,layer3.2.conv2.weight_ch241,1.0458850860595703
layer3.0.conv3.weight,928,layer3.0.conv3.weight_ch928,1.0449812412261963
layer3.2.conv3.weight,701,layer3.2.conv3.weight_ch701,1.0449509620666504
layer3.2.conv3.weight,531,layer3.2.conv3.weight_ch531,1.0449244976043701
layer2.0.conv1.weight,126,layer2.0.conv1.weight_ch126,1.044805645942688
layer3.2.conv3.weight,121,layer3.2.conv3.weight_ch121,1.0445780754089355
layer3.4.conv3.weight,616,layer3.4.conv3.weight_ch616,1.044095516204834
layer2.3.conv2.weight,16,layer2.3.conv2.weight_ch16,1.0440058708190918
layer4.0.conv3.weight,731,layer4.0.conv3.weight_ch731,1.0435855388641357
layer3.3.conv3.weight,231,layer3.3.conv3.weight_ch231,1.0432859659194946
layer3.4.conv3.weight,862,layer3.4.conv3.weight_ch862,1.0431082248687744
layer3.3.conv3.weight,785,layer3.3.conv3.weight_ch785,1.0431054830551147
layer3.5.conv3.weight,489,layer3.5.conv3.weight_ch489,1.0428372621536255
layer3.5.conv3.weight,565,layer3.5.conv3.weight_ch565,1.0424631834030151
layer3.1.conv3.weight,467,layer3.1.conv3.weight_ch467,1.0422662496566772
layer3.1.conv3.weight,130,layer3.1.conv3.weight_ch130,1.0417687892913818
layer4.0.conv3.weight,995,layer4.0.conv3.weight_ch995,1.04155695438385
layer3.3.conv3.weight,951,layer3.3.conv3.weight_ch951,1.0411200523376465
layer3.0.conv3.weight,483,layer3.0.conv3.weight_ch483,1.0408563613891602
layer2.1.conv3.weight,16,layer2.1.conv3.weight_ch16,1.040762186050415
layer3.1.conv3.weight,790,layer3.1.conv3.weight_ch790,1.0406299829483032
layer4.0.conv3.weight,1337,layer4.0.conv3.weight_ch1337,1.0405783653259277
layer4.0.conv3.weight,2007,layer4.0.conv3.weight_ch2007,1.0393543243408203
layer3.3.conv3.weight,622,layer3.3.conv3.weight_ch622,1.039069652557373
layer3.2.conv3.weight,362,layer3.2.conv3.weight_ch362,1.0388990640640259
layer4.0.conv3.weight,1410,layer4.0.conv3.weight_ch1410,1.0387063026428223
layer3.5.conv3.weight,467,layer3.5.conv3.weight_ch467,1.038583755493164
layer3.4.conv3.weight,328,layer3.4.conv3.weight_ch328,1.0381991863250732
layer2.1.conv3.weight,120,layer2.1.conv3.weight_ch120,1.0379315614700317
layer3.0.conv3.weight,677,layer3.0.conv3.weight_ch677,1.0377930402755737
layer3.1.conv3.weight,719,layer3.1.conv3.weight_ch719,1.0372505187988281
layer2.0.conv1.weight,96,layer2.0.conv1.weight_ch96,1.0370066165924072
layer3.0.conv3.weight,514,layer3.0.conv3.weight_ch514,1.036811113357544
layer3.2.conv3.weight,394,layer3.2.conv3.weight_ch394,1.0362257957458496
layer1.2.conv3.weight,218,layer1.2.conv3.weight_ch218,1.0361298322677612
layer3.5.conv3.weight,422,layer3.5.conv3.weight_ch422,1.036126732826233
layer2.0.conv1.weight,49,layer2.0.conv1.weight_ch49,1.036035418510437
layer1.2.conv3.weight,132,layer1.2.conv3.weight_ch132,1.0360239744186401
layer4.0.conv3.weight,1175,layer4.0.conv3.weight_ch1175,1.0356078147888184
layer3.1.conv3.weight,279,layer3.1.conv3.weight_ch279,1.035539150238037
layer3.4.conv3.weight,633,layer3.4.conv3.weight_ch633,1.0354870557785034
layer3.0.conv3.weight,595,layer3.0.conv3.weight_ch595,1.0350325107574463
layer3.5.conv3.weight,302,layer3.5.conv3.weight_ch302,1.0348566770553589
layer3.0.conv3.weight,251,layer3.0.conv3.weight_ch251,1.0348196029663086
layer3.1.conv3.weight,880,layer3.1.conv3.weight_ch880,1.0347219705581665
layer2.1.conv3.weight,80,layer2.1.conv3.weight_ch80,1.034528374671936
layer3.4.conv3.weight,917,layer3.4.conv3.weight_ch917,1.0344901084899902
layer3.4.conv3.weight,89,layer3.4.conv3.weight_ch89,1.034180998802185
layer1.2.conv3.weight,177,layer1.2.conv3.weight_ch177,1.0340704917907715
layer2.1.conv3.weight,333,layer2.1.conv3.weight_ch333,1.033859372138977
layer3.0.conv3.weight,787,layer3.0.conv3.weight_ch787,1.0336997509002686
layer3.4.conv3.weight,150,layer3.4.conv3.weight_ch150,1.0333012342453003
layer3.4.conv3.weight,40,layer3.4.conv3.weight_ch40,1.0328750610351562
layer3.5.conv3.weight,1021,layer3.5.conv3.weight_ch1021,1.0325791835784912
layer1.2.conv3.weight,95,layer1.2.conv3.weight_ch95,1.0324656963348389
layer3.0.conv3.weight,618,layer3.0.conv3.weight_ch618,1.032058835029602
layer2.1.conv3.weight,216,layer2.1.conv3.weight_ch216,1.0318628549575806
layer3.4.conv3.weight,827,layer3.4.conv3.weight_ch827,1.0318386554718018
layer3.5.conv3.weight,611,layer3.5.conv3.weight_ch611,1.0314446687698364
layer3.3.conv3.weight,610,layer3.3.conv3.weight_ch610,1.03121018409729
layer4.0.conv3.weight,1653,layer4.0.conv3.weight_ch1653,1.0310975313186646
layer3.2.conv2.weight,46,layer3.2.conv2.weight_ch46,1.030712604522705
layer3.4.conv3.weight,554,layer3.4.conv3.weight_ch554,1.0301011800765991
layer1.2.conv3.weight,5,layer1.2.conv3.weight_ch5,1.0298408269882202
layer2.1.conv3.weight,360,layer2.1.conv3.weight_ch360,1.029829740524292
layer4.0.conv3.weight,219,layer4.0.conv3.weight_ch219,1.0293115377426147
layer4.0.conv3.weight,1471,layer4.0.conv3.weight_ch1471,1.0292479991912842
layer3.5.conv3.weight,877,layer3.5.conv3.weight_ch877,1.0292258262634277
layer3.2.conv3.weight,489,layer3.2.conv3.weight_ch489,1.0287548303604126
layer3.0.conv3.weight,716,layer3.0.conv3.weight_ch716,1.0287338495254517
layer3.0.conv3.weight,664,layer3.0.conv3.weight_ch664,1.028266429901123
layer3.0.conv3.weight,1018,layer3.0.conv3.weight_ch1018,1.0282630920410156
layer3.5.conv3.weight,888,layer3.5.conv3.weight_ch888,1.0275917053222656
layer1.2.conv3.weight,254,layer1.2.conv3.weight_ch254,1.0272530317306519
layer2.1.conv3.weight,450,layer2.1.conv3.weight_ch450,1.026815414428711
layer3.1.conv3.weight,691,layer3.1.conv3.weight_ch691,1.0268115997314453
layer3.3.conv3.weight,51,layer3.3.conv3.weight_ch51,1.0265865325927734
layer3.2.conv3.weight,5,layer3.2.conv3.weight_ch5,1.0264308452606201
layer3.2.conv3.weight,6,layer3.2.conv3.weight_ch6,1.0264127254486084
layer3.1.conv3.weight,475,layer3.1.conv3.weight_ch475,1.0262997150421143
layer3.5.conv3.weight,25,layer3.5.conv3.weight_ch25,1.0260705947875977
layer3.0.conv3.weight,502,layer3.0.conv3.weight_ch502,1.0259000062942505
layer3.5.conv3.weight,425,layer3.5.conv3.weight_ch425,1.0253180265426636
layer3.4.conv3.weight,918,layer3.4.conv3.weight_ch918,1.02467679977417
layer3.4.conv3.weight,306,layer3.4.conv3.weight_ch306,1.024572491645813
layer3.0.conv3.weight,567,layer3.0.conv3.weight_ch567,1.0244979858398438
layer3.5.conv3.weight,1004,layer3.5.conv3.weight_ch1004,1.024354338645935
layer3.3.conv3.weight,68,layer3.3.conv3.weight_ch68,1.0240565538406372
layer3.2.conv3.weight,176,layer3.2.conv3.weight_ch176,1.023716926574707
layer3.4.conv3.weight,1011,layer3.4.conv3.weight_ch1011,1.0237127542495728
layer3.2.conv3.weight,643,layer3.2.conv3.weight_ch643,1.0231677293777466
layer3.5.conv3.weight,140,layer3.5.conv3.weight_ch140,1.022353172302246
layer3.2.conv3.weight,677,layer3.2.conv3.weight_ch677,1.0220539569854736
layer2.1.conv3.weight,110,layer2.1.conv3.weight_ch110,1.0219024419784546
layer3.5.conv3.weight,258,layer3.5.conv3.weight_ch258,1.0217900276184082
layer1.2.conv3.weight,129,layer1.2.conv3.weight_ch129,1.0211787223815918
layer3.1.conv3.weight,85,layer3.1.conv3.weight_ch85,1.0211597681045532
layer3.0.conv3.weight,650,layer3.0.conv3.weight_ch650,1.0209711790084839
layer3.0.conv3.weight,139,layer3.0.conv3.weight_ch139,1.0207161903381348
layer3.4.conv3.weight,859,layer3.4.conv3.weight_ch859,1.0203437805175781
layer2.1.conv3.weight,30,layer2.1.conv3.weight_ch30,1.0202722549438477
layer3.1.conv3.weight,595,layer3.1.conv3.weight_ch595,1.0201447010040283
layer3.4.conv3.weight,832,layer3.4.conv3.weight_ch832,1.020027995109558
layer3.2.conv3.weight,422,layer3.2.conv3.weight_ch422,1.0199875831604004
layer2.1.conv3.weight,471,layer2.1.conv3.weight_ch471,1.0199377536773682
layer3.0.conv3.weight,558,layer3.0.conv3.weight_ch558,1.0198755264282227
layer3.5.conv3.weight,131,layer3.5.conv3.weight_ch131,1.0196932554244995
layer1.2.conv3.weight,213,layer1.2.conv3.weight_ch213,1.0196607112884521
layer4.0.conv3.weight,135,layer4.0.conv3.weight_ch135,1.0195683240890503
layer3.4.conv3.weight,419,layer3.4.conv3.weight_ch419,1.0193499326705933
layer3.1.conv3.weight,399,layer3.1.conv3.weight_ch399,1.0187722444534302
layer3.2.conv3.weight,226,layer3.2.conv3.weight_ch226,1.018747329711914
layer2.1.conv3.weight,159,layer2.1.conv3.weight_ch159,1.0180416107177734
layer3.2.conv3.weight,400,layer3.2.conv3.weight_ch400,1.0175645351409912
layer3.4.conv3.weight,285,layer3.4.conv3.weight_ch285,1.0175268650054932
layer3.4.conv3.weight,923,layer3.4.conv3.weight_ch923,1.017263650894165
layer3.3.conv3.weight,978,layer3.3.conv3.weight_ch978,1.0171865224838257
layer3.4.conv3.weight,60,layer3.4.conv3.weight_ch60,1.0170187950134277
layer3.1.conv3.weight,171,layer3.1.conv3.weight_ch171,1.0166945457458496
layer3.2.conv3.weight,244,layer3.2.conv3.weight_ch244,1.0162944793701172
layer4.0.conv3.weight,1056,layer4.0.conv3.weight_ch1056,1.0157341957092285
layer3.2.conv3.weight,112,layer3.2.conv3.weight_ch112,1.0155178308486938
layer3.4.conv3.weight,482,layer3.4.conv3.weight_ch482,1.0150153636932373
layer2.0.conv1.weight,74,layer2.0.conv1.weight_ch74,1.0150030851364136
layer2.1.conv3.weight,247,layer2.1.conv3.weight_ch247,1.0147618055343628
layer4.1.conv1.weight,67,layer4.1.conv1.weight_ch67,1.0147240161895752
layer3.0.conv3.weight,81,layer3.0.conv3.weight_ch81,1.0142549276351929
layer3.2.conv3.weight,350,layer3.2.conv3.weight_ch350,1.014230489730835
layer2.1.conv3.weight,488,layer2.1.conv3.weight_ch488,1.0141289234161377
layer3.4.conv3.weight,664,layer3.4.conv3.weight_ch664,1.0139968395233154
layer2.1.conv3.weight,262,layer2.1.conv3.weight_ch262,1.0139909982681274
layer3.0.conv3.weight,989,layer3.0.conv3.weight_ch989,1.0139435529708862
layer3.2.conv3.weight,708,layer3.2.conv3.weight_ch708,1.0139238834381104
layer1.2.conv3.weight,109,layer1.2.conv3.weight_ch109,1.0128284692764282
layer3.5.conv3.weight,704,layer3.5.conv3.weight_ch704,1.0128082036972046
layer3.5.conv3.weight,60,layer3.5.conv3.weight_ch60,1.0123027563095093
layer3.3.conv3.weight,527,layer3.3.conv3.weight_ch527,1.012191891670227
layer3.4.conv3.weight,821,layer3.4.conv3.weight_ch821,1.0121259689331055
layer2.0.conv1.weight,67,layer2.0.conv1.weight_ch67,1.0116480588912964
layer3.3.conv3.weight,583,layer3.3.conv3.weight_ch583,1.0115313529968262
layer3.1.conv3.weight,497,layer3.1.conv3.weight_ch497,1.0113203525543213
layer3.3.conv3.weight,179,layer3.3.conv3.weight_ch179,1.0111987590789795
layer4.0.conv3.weight,511,layer4.0.conv3.weight_ch511,1.0105408430099487
layer3.0.conv3.weight,336,layer3.0.conv3.weight_ch336,1.0104928016662598
layer3.5.conv3.weight,165,layer3.5.conv3.weight_ch165,1.0104038715362549
layer3.4.conv3.weight,499,layer3.4.conv3.weight_ch499,1.010216236114502
layer3.5.conv3.weight,291,layer3.5.conv3.weight_ch291,1.0098466873168945
layer3.4.conv3.weight,367,layer3.4.conv3.weight_ch367,1.009842872619629
layer3.2.conv3.weight,604,layer3.2.conv3.weight_ch604,1.0097758769989014
layer4.0.conv3.weight,1507,layer4.0.conv3.weight_ch1507,1.0097709894180298
layer3.1.conv3.weight,777,layer3.1.conv3.weight_ch777,1.009559154510498
layer3.5.conv3.weight,851,layer3.5.conv3.weight_ch851,1.0094895362854004
layer3.4.conv3.weight,693,layer3.4.conv3.weight_ch693,1.0094386339187622
layer1.2.conv3.weight,79,layer1.2.conv3.weight_ch79,1.0091545581817627
layer3.1.conv3.weight,794,layer3.1.conv3.weight_ch794,1.0085761547088623
layer4.0.conv3.weight,1396,layer4.0.conv3.weight_ch1396,1.0077131986618042
layer3.3.conv3.weight,816,layer3.3.conv3.weight_ch816,1.0070514678955078
layer3.5.conv3.weight,508,layer3.5.conv3.weight_ch508,1.0064481496810913
layer3.0.conv3.weight,770,layer3.0.conv3.weight_ch770,1.0064233541488647
layer2.1.conv3.weight,182,layer2.1.conv3.weight_ch182,1.0061674118041992
layer3.1.conv3.weight,928,layer3.1.conv3.weight_ch928,1.0058631896972656
layer3.1.conv3.weight,468,layer3.1.conv3.weight_ch468,1.0056796073913574
layer3.5.conv3.weight,421,layer3.5.conv3.weight_ch421,1.0052632093429565
layer3.5.conv3.weight,976,layer3.5.conv3.weight_ch976,1.0051220655441284
layer3.1.conv3.weight,908,layer3.1.conv3.weight_ch908,1.0047636032104492
layer3.1.conv3.weight,613,layer3.1.conv3.weight_ch613,1.0046544075012207
layer1.2.conv3.weight,169,layer1.2.conv3.weight_ch169,1.0046372413635254
layer2.1.conv3.weight,8,layer2.1.conv3.weight_ch8,1.0043776035308838
layer3.3.conv3.weight,892,layer3.3.conv3.weight_ch892,1.0041377544403076
layer3.4.conv3.weight,703,layer3.4.conv3.weight_ch703,1.0038514137268066
layer3.4.conv3.weight,98,layer3.4.conv3.weight_ch98,1.003406047821045
layer3.3.conv3.weight,739,layer3.3.conv3.weight_ch739,1.0031309127807617
layer3.1.conv3.weight,195,layer3.1.conv3.weight_ch195,1.0030262470245361
layer2.1.conv3.weight,288,layer2.1.conv3.weight_ch288,1.0026687383651733
layer3.5.conv3.weight,102,layer3.5.conv3.weight_ch102,1.0026483535766602
layer3.5.conv3.weight,744,layer3.5.conv3.weight_ch744,1.0026073455810547
layer3.3.conv3.weight,639,layer3.3.conv3.weight_ch639,1.0024467706680298
layer3.3.conv3.weight,858,layer3.3.conv3.weight_ch858,1.0019817352294922
layer3.1.conv3.weight,934,layer3.1.conv3.weight_ch934,1.0018235445022583
layer1.2.conv3.weight,159,layer1.2.conv3.weight_ch159,1.0015218257904053
layer2.1.conv3.weight,346,layer2.1.conv3.weight_ch346,1.001437783241272
layer3.2.conv3.weight,85,layer3.2.conv3.weight_ch85,1.00143563747406
layer4.1.conv1.weight,11,layer4.1.conv1.weight_ch11,1.0012973546981812
layer3.3.conv3.weight,251,layer3.3.conv3.weight_ch251,1.0010844469070435
layer4.0.conv3.weight,1298,layer4.0.conv3.weight_ch1298,1.0006129741668701
layer3.4.conv3.weight,559,layer3.4.conv3.weight_ch559,1.0004403591156006
layer3.3.conv3.weight,337,layer3.3.conv3.weight_ch337,1.0003132820129395
layer3.5.conv3.weight,437,layer3.5.conv3.weight_ch437,0.9997921586036682
layer4.0.conv3.weight,433,layer4.0.conv3.weight_ch433,0.9994785189628601
layer3.1.conv3.weight,34,layer3.1.conv3.weight_ch34,0.9991282224655151
layer4.0.conv3.weight,195,layer4.0.conv3.weight_ch195,0.9990107417106628
layer3.4.conv3.weight,583,layer3.4.conv3.weight_ch583,0.9989500641822815
layer3.2.conv2.weight,196,layer3.2.conv2.weight_ch196,0.9988824129104614
layer3.2.conv3.weight,343,layer3.2.conv3.weight_ch343,0.9988009929656982
layer3.0.conv3.weight,391,layer3.0.conv3.weight_ch391,0.998643159866333
layer3.2.conv3.weight,893,layer3.2.conv3.weight_ch893,0.9986282587051392
layer3.0.conv3.weight,124,layer3.0.conv3.weight_ch124,0.9982333183288574
layer3.0.conv3.weight,21,layer3.0.conv3.weight_ch21,0.9982008934020996
layer3.2.conv3.weight,353,layer3.2.conv3.weight_ch353,0.9979301691055298
layer3.0.conv3.weight,130,layer3.0.conv3.weight_ch130,0.9979182481765747
layer3.1.conv3.weight,894,layer3.1.conv3.weight_ch894,0.9978574514389038
layer4.0.conv3.weight,486,layer4.0.conv3.weight_ch486,0.9974062442779541
layer3.3.conv3.weight,85,layer3.3.conv3.weight_ch85,0.9971710443496704
layer3.1.conv3.weight,892,layer3.1.conv3.weight_ch892,0.9971203207969666
layer3.1.conv3.weight,907,layer3.1.conv3.weight_ch907,0.9970240592956543
layer3.4.conv3.weight,251,layer3.4.conv3.weight_ch251,0.9970040917396545
layer3.0.conv2.weight,95,layer3.0.conv2.weight_ch95,0.9969974160194397
layer3.4.conv3.weight,1,layer3.4.conv3.weight_ch1,0.9969756603240967
layer4.0.conv3.weight,619,layer4.0.conv3.weight_ch619,0.996675968170166
layer1.2.conv3.weight,225,layer1.2.conv3.weight_ch225,0.9964916706085205
layer3.4.conv3.weight,406,layer3.4.conv3.weight_ch406,0.9958602786064148
layer4.0.conv3.weight,293,layer4.0.conv3.weight_ch293,0.9958375692367554
layer4.0.conv3.weight,101,layer4.0.conv3.weight_ch101,0.9958301782608032
layer3.2.conv3.weight,270,layer3.2.conv3.weight_ch270,0.9948872923851013
layer3.5.conv3.weight,200,layer3.5.conv3.weight_ch200,0.9947887659072876
layer3.4.conv3.weight,397,layer3.4.conv3.weight_ch397,0.9947353005409241
layer3.3.conv3.weight,178,layer3.3.conv3.weight_ch178,0.9946068525314331
layer3.3.conv3.weight,287,layer3.3.conv3.weight_ch287,0.9945990443229675
layer3.0.conv3.weight,248,layer3.0.conv3.weight_ch248,0.9945464730262756
layer2.1.conv3.weight,114,layer2.1.conv3.weight_ch114,0.9942663908004761
layer2.1.conv3.weight,372,layer2.1.conv3.weight_ch372,0.9938252568244934
layer3.5.conv3.weight,550,layer3.5.conv3.weight_ch550,0.9935574531555176
layer3.2.conv2.weight,102,layer3.2.conv2.weight_ch102,0.9934077858924866
layer3.4.conv3.weight,14,layer3.4.conv3.weight_ch14,0.9932587146759033
layer3.4.conv3.weight,74,layer3.4.conv3.weight_ch74,0.9928563833236694
layer3.0.conv3.weight,61,layer3.0.conv3.weight_ch61,0.9928067922592163
layer3.0.conv3.weight,314,layer3.0.conv3.weight_ch314,0.9927099347114563
layer3.2.conv3.weight,504,layer3.2.conv3.weight_ch504,0.9926173686981201
layer3.0.conv3.weight,845,layer3.0.conv3.weight_ch845,0.9919869899749756
layer3.3.conv3.weight,69,layer3.3.conv3.weight_ch69,0.9918211102485657
layer2.0.conv1.weight,100,layer2.0.conv1.weight_ch100,0.9912537336349487
layer3.2.conv3.weight,313,layer3.2.conv3.weight_ch313,0.9910003542900085
layer3.5.conv3.weight,125,layer3.5.conv3.weight_ch125,0.9906031489372253
layer3.5.conv3.weight,553,layer3.5.conv3.weight_ch553,0.9900330305099487
layer1.2.conv3.weight,116,layer1.2.conv3.weight_ch116,0.9900259375572205
layer3.1.conv3.weight,374,layer3.1.conv3.weight_ch374,0.9893757700920105
layer3.5.conv3.weight,490,layer3.5.conv3.weight_ch490,0.989231288433075
layer3.0.conv3.weight,515,layer3.0.conv3.weight_ch515,0.9889941811561584
layer2.3.conv2.weight,28,layer2.3.conv2.weight_ch28,0.9886103868484497
layer3.5.conv3.weight,979,layer3.5.conv3.weight_ch979,0.9885430335998535
layer3.3.conv3.weight,555,layer3.3.conv3.weight_ch555,0.9883067011833191
layer3.3.conv3.weight,82,layer3.3.conv3.weight_ch82,0.9881605505943298
layer4.0.conv3.weight,1679,layer4.0.conv3.weight_ch1679,0.9872933626174927
layer4.0.conv3.weight,1965,layer4.0.conv3.weight_ch1965,0.9870741963386536
layer3.0.conv3.weight,62,layer3.0.conv3.weight_ch62,0.986929714679718
layer1.2.conv3.weight,58,layer1.2.conv3.weight_ch58,0.986548662185669
layer3.2.conv3.weight,117,layer3.2.conv3.weight_ch117,0.986298143863678
layer2.0.conv1.weight,26,layer2.0.conv1.weight_ch26,0.9857041835784912
layer3.1.conv3.weight,554,layer3.1.conv3.weight_ch554,0.9854432344436646
layer3.1.conv3.weight,428,layer3.1.conv3.weight_ch428,0.9850583672523499
layer3.4.conv3.weight,691,layer3.4.conv3.weight_ch691,0.9847947955131531
layer3.1.conv3.weight,129,layer3.1.conv3.weight_ch129,0.9846303462982178
layer3.3.conv3.weight,874,layer3.3.conv3.weight_ch874,0.984164834022522
layer3.3.conv3.weight,609,layer3.3.conv3.weight_ch609,0.9838033318519592
layer3.2.conv3.weight,527,layer3.2.conv3.weight_ch527,0.9837731719017029
layer3.2.conv2.weight,160,layer3.2.conv2.weight_ch160,0.9837349653244019
layer3.3.conv3.weight,412,layer3.3.conv3.weight_ch412,0.9835984706878662
layer2.0.conv1.weight,8,layer2.0.conv1.weight_ch8,0.9834465980529785
layer3.0.conv3.weight,759,layer3.0.conv3.weight_ch759,0.983066976070404
layer3.4.conv3.weight,679,layer3.4.conv3.weight_ch679,0.9828975796699524
layer3.3.conv3.weight,272,layer3.3.conv3.weight_ch272,0.9827638268470764
layer2.0.conv1.weight,76,layer2.0.conv1.weight_ch76,0.9817205667495728
layer3.4.conv3.weight,798,layer3.4.conv3.weight_ch798,0.9812108278274536
layer3.0.conv3.weight,918,layer3.0.conv3.weight_ch918,0.9809258580207825
layer3.1.conv3.weight,398,layer3.1.conv3.weight_ch398,0.9807205200195312
layer3.2.conv3.weight,788,layer3.2.conv3.weight_ch788,0.9805472493171692
layer3.2.conv3.weight,844,layer3.2.conv3.weight_ch844,0.98023921251297
layer3.4.conv3.weight,542,layer3.4.conv3.weight_ch542,0.9800060391426086
layer3.5.conv3.weight,498,layer3.5.conv3.weight_ch498,0.9799911379814148
layer4.0.conv3.weight,547,layer4.0.conv3.weight_ch547,0.9799109697341919
layer3.4.conv3.weight,364,layer3.4.conv3.weight_ch364,0.9791501760482788
layer3.5.conv3.weight,876,layer3.5.conv3.weight_ch876,0.9788397550582886
layer3.5.conv3.weight,854,layer3.5.conv3.weight_ch854,0.9786955118179321
layer2.0.conv1.weight,87,layer2.0.conv1.weight_ch87,0.978550374507904
layer3.5.conv3.weight,681,layer3.5.conv3.weight_ch681,0.97845458984375
layer3.3.conv3.weight,336,layer3.3.conv3.weight_ch336,0.9784327149391174
layer3.4.conv3.weight,562,layer3.4.conv3.weight_ch562,0.9783477783203125
layer3.3.conv3.weight,693,layer3.3.conv3.weight_ch693,0.9781286716461182
layer3.5.conv3.weight,868,layer3.5.conv3.weight_ch868,0.9779636859893799
layer3.1.conv3.weight,455,layer3.1.conv3.weight_ch455,0.9778763651847839
layer4.0.conv3.weight,577,layer4.0.conv3.weight_ch577,0.9774138927459717
layer3.5.conv3.weight,743,layer3.5.conv3.weight_ch743,0.9773699641227722
layer3.4.conv3.weight,823,layer3.4.conv3.weight_ch823,0.976807713508606
layer3.3.conv3.weight,408,layer3.3.conv3.weight_ch408,0.9761057496070862
layer3.2.conv3.weight,98,layer3.2.conv3.weight_ch98,0.9757004380226135
layer3.0.conv3.weight,263,layer3.0.conv3.weight_ch263,0.9753212332725525
layer3.4.conv3.weight,707,layer3.4.conv3.weight_ch707,0.9749842882156372
layer3.1.conv3.weight,218,layer3.1.conv3.weight_ch218,0.9748868942260742
layer3.4.conv3.weight,114,layer3.4.conv3.weight_ch114,0.9746856689453125
layer3.0.conv2.weight,181,layer3.0.conv2.weight_ch181,0.9743853807449341
layer3.4.conv3.weight,674,layer3.4.conv3.weight_ch674,0.9742307066917419
layer3.3.conv3.weight,188,layer3.3.conv3.weight_ch188,0.9741570949554443
layer3.4.conv3.weight,111,layer3.4.conv3.weight_ch111,0.974054217338562
layer3.0.conv3.weight,546,layer3.0.conv3.weight_ch546,0.9740024209022522
layer2.1.conv3.weight,6,layer2.1.conv3.weight_ch6,0.973881721496582
layer3.1.conv3.weight,686,layer3.1.conv3.weight_ch686,0.9736789464950562
layer3.5.conv3.weight,56,layer3.5.conv3.weight_ch56,0.9735007286071777
layer3.5.conv3.weight,520,layer3.5.conv3.weight_ch520,0.9726576805114746
layer3.0.conv3.weight,534,layer3.0.conv3.weight_ch534,0.9723960161209106
layer3.2.conv3.weight,792,layer3.2.conv3.weight_ch792,0.9722696542739868
layer3.2.conv3.weight,851,layer3.2.conv3.weight_ch851,0.9721916913986206
layer2.1.conv3.weight,505,layer2.1.conv3.weight_ch505,0.9717980623245239
layer4.0.conv3.weight,1658,layer4.0.conv3.weight_ch1658,0.9717969298362732
layer3.3.conv3.weight,160,layer3.3.conv3.weight_ch160,0.9717743992805481
layer4.0.conv3.weight,1898,layer4.0.conv3.weight_ch1898,0.9715327024459839
layer3.0.conv3.weight,194,layer3.0.conv3.weight_ch194,0.9714151620864868
layer3.2.conv3.weight,288,layer3.2.conv3.weight_ch288,0.9713039398193359
layer3.0.conv3.weight,909,layer3.0.conv3.weight_ch909,0.9712932705879211
layer1.2.conv3.weight,37,layer1.2.conv3.weight_ch37,0.971190333366394
layer3.4.conv3.weight,933,layer3.4.conv3.weight_ch933,0.9710798263549805
layer3.1.conv3.weight,349,layer3.1.conv3.weight_ch349,0.9708304405212402
layer3.2.conv3.weight,742,layer3.2.conv3.weight_ch742,0.9702819585800171
layer4.0.conv3.weight,1747,layer4.0.conv3.weight_ch1747,0.9697004556655884
layer2.1.conv3.weight,393,layer2.1.conv3.weight_ch393,0.9694792032241821
layer3.5.conv3.weight,903,layer3.5.conv3.weight_ch903,0.9694511890411377
layer3.2.conv3.weight,768,layer3.2.conv3.weight_ch768,0.9693374633789062
layer3.5.conv3.weight,648,layer3.5.conv3.weight_ch648,0.9692790508270264
layer3.2.conv3.weight,638,layer3.2.conv3.weight_ch638,0.9691025614738464
layer3.5.conv3.weight,727,layer3.5.conv3.weight_ch727,0.9686508774757385
layer3.5.conv3.weight,523,layer3.5.conv3.weight_ch523,0.9683566093444824
layer3.3.conv3.weight,35,layer3.3.conv3.weight_ch35,0.9683473706245422
layer3.5.conv3.weight,750,layer3.5.conv3.weight_ch750,0.9682531356811523
layer3.0.conv2.weight,211,layer3.0.conv2.weight_ch211,0.9680832624435425
layer3.4.conv3.weight,206,layer3.4.conv3.weight_ch206,0.9680297374725342
layer3.5.conv3.weight,384,layer3.5.conv3.weight_ch384,0.9674837589263916
layer3.5.conv3.weight,124,layer3.5.conv3.weight_ch124,0.9663997888565063
layer3.5.conv3.weight,329,layer3.5.conv3.weight_ch329,0.9660792350769043
layer3.2.conv2.weight,161,layer3.2.conv2.weight_ch161,0.9656367897987366
layer3.0.conv3.weight,904,layer3.0.conv3.weight_ch904,0.9654974341392517
layer4.0.conv3.weight,708,layer4.0.conv3.weight_ch708,0.9654252529144287
layer4.0.conv3.weight,2013,layer4.0.conv3.weight_ch2013,0.9654175043106079
layer3.2.conv3.weight,931,layer3.2.conv3.weight_ch931,0.9653291702270508
layer3.2.conv3.weight,252,layer3.2.conv3.weight_ch252,0.9649855494499207
layer4.1.conv1.weight,287,layer4.1.conv1.weight_ch287,0.9648610353469849
layer4.0.conv3.weight,610,layer4.0.conv3.weight_ch610,0.9641851186752319
layer3.3.conv3.weight,730,layer3.3.conv3.weight_ch730,0.964043378829956
layer3.2.conv3.weight,602,layer3.2.conv3.weight_ch602,0.9639516472816467
layer4.0.conv3.weight,1543,layer4.0.conv3.weight_ch1543,0.9637740254402161
layer3.5.conv3.weight,72,layer3.5.conv3.weight_ch72,0.9635905623435974
layer3.1.conv3.weight,599,layer3.1.conv3.weight_ch599,0.9634787440299988
layer3.5.conv3.weight,432,layer3.5.conv3.weight_ch432,0.9631467461585999
layer3.5.conv3.weight,439,layer3.5.conv3.weight_ch439,0.9629620313644409
layer3.5.conv3.weight,539,layer3.5.conv3.weight_ch539,0.9628399610519409
layer3.5.conv3.weight,609,layer3.5.conv3.weight_ch609,0.9620993137359619
layer3.4.conv3.weight,718,layer3.4.conv3.weight_ch718,0.961665153503418
layer3.5.conv3.weight,212,layer3.5.conv3.weight_ch212,0.9613980650901794
layer3.5.conv3.weight,822,layer3.5.conv3.weight_ch822,0.9613881707191467
layer4.0.conv3.weight,1926,layer4.0.conv3.weight_ch1926,0.9612868428230286
layer3.0.conv3.weight,669,layer3.0.conv3.weight_ch669,0.9604774117469788
layer3.1.conv3.weight,69,layer3.1.conv3.weight_ch69,0.9603376388549805
layer3.5.conv3.weight,53,layer3.5.conv3.weight_ch53,0.9594249725341797
layer3.5.conv3.weight,968,layer3.5.conv3.weight_ch968,0.9585921168327332
layer3.2.conv3.weight,457,layer3.2.conv3.weight_ch457,0.9572910666465759
layer1.2.conv3.weight,87,layer1.2.conv3.weight_ch87,0.9572739601135254
layer3.0.conv3.weight,275,layer3.0.conv3.weight_ch275,0.9571622610092163
layer3.3.conv3.weight,611,layer3.3.conv3.weight_ch611,0.9570644497871399
layer2.1.conv3.weight,176,layer2.1.conv3.weight_ch176,0.956649899482727
layer3.4.conv3.weight,981,layer3.4.conv3.weight_ch981,0.9563098549842834
layer1.2.conv3.weight,143,layer1.2.conv3.weight_ch143,0.9562885761260986
layer3.3.conv3.weight,206,layer3.3.conv3.weight_ch206,0.9559769630432129
layer3.0.conv3.weight,587,layer3.0.conv3.weight_ch587,0.9557160139083862
layer3.0.conv3.weight,654,layer3.0.conv3.weight_ch654,0.9551448225975037
layer3.0.conv3.weight,776,layer3.0.conv3.weight_ch776,0.9549660086631775
layer3.1.conv3.weight,540,layer3.1.conv3.weight_ch540,0.9546645879745483
layer3.0.conv3.weight,250,layer3.0.conv3.weight_ch250,0.9545961022377014
layer3.5.conv3.weight,1023,layer3.5.conv3.weight_ch1023,0.9544429779052734
layer3.0.conv3.weight,668,layer3.0.conv3.weight_ch668,0.9537955522537231
layer2.1.conv3.weight,1,layer2.1.conv3.weight_ch1,0.9537220597267151
layer3.0.conv3.weight,530,layer3.0.conv3.weight_ch530,0.9526704549789429
layer3.0.conv3.weight,357,layer3.0.conv3.weight_ch357,0.9523079991340637
layer3.5.conv3.weight,228,layer3.5.conv3.weight_ch228,0.9522973299026489
layer3.4.conv3.weight,1008,layer3.4.conv3.weight_ch1008,0.9519855976104736
layer3.5.conv3.weight,378,layer3.5.conv3.weight_ch378,0.9515923857688904
layer2.1.conv3.weight,409,layer2.1.conv3.weight_ch409,0.951439619064331
layer4.0.conv3.weight,1673,layer4.0.conv3.weight_ch1673,0.9514293670654297
layer3.0.conv3.weight,407,layer3.0.conv3.weight_ch407,0.9514121413230896
layer3.0.conv3.weight,445,layer3.0.conv3.weight_ch445,0.9512637257575989
layer3.1.conv3.weight,351,layer3.1.conv3.weight_ch351,0.9511435031890869
layer3.1.conv3.weight,617,layer3.1.conv3.weight_ch617,0.9510538578033447
layer3.4.conv3.weight,256,layer3.4.conv3.weight_ch256,0.9510345458984375
layer3.2.conv3.weight,307,layer3.2.conv3.weight_ch307,0.9509544372558594
layer3.2.conv3.weight,575,layer3.2.conv3.weight_ch575,0.9509519338607788
layer3.1.conv3.weight,739,layer3.1.conv3.weight_ch739,0.9504367113113403
layer3.3.conv3.weight,338,layer3.3.conv3.weight_ch338,0.9503821134567261
layer4.0.conv3.weight,921,layer4.0.conv3.weight_ch921,0.95014488697052
layer4.0.conv3.weight,702,layer4.0.conv3.weight_ch702,0.9501107335090637
layer3.0.conv3.weight,995,layer3.0.conv3.weight_ch995,0.9498211145401001
layer3.1.conv3.weight,630,layer3.1.conv3.weight_ch630,0.9493173956871033
layer3.4.conv3.weight,968,layer3.4.conv3.weight_ch968,0.9486817121505737
layer3.3.conv3.weight,227,layer3.3.conv3.weight_ch227,0.9484424591064453
layer2.0.conv1.weight,44,layer2.0.conv1.weight_ch44,0.9483504891395569
layer2.1.conv3.weight,343,layer2.1.conv3.weight_ch343,0.9482771158218384
layer3.5.conv3.weight,577,layer3.5.conv3.weight_ch577,0.9475935697555542
layer3.5.conv3.weight,215,layer3.5.conv3.weight_ch215,0.9469843506813049
layer3.4.conv3.weight,107,layer3.4.conv3.weight_ch107,0.9462181925773621
layer3.2.conv3.weight,1012,layer3.2.conv3.weight_ch1012,0.945702075958252
layer4.0.conv3.weight,1952,layer4.0.conv3.weight_ch1952,0.9453244209289551
layer3.1.conv3.weight,202,layer3.1.conv3.weight_ch202,0.9447711706161499
layer3.4.conv3.weight,781,layer3.4.conv3.weight_ch781,0.9446999430656433
layer3.4.conv3.weight,986,layer3.4.conv3.weight_ch986,0.9446093440055847
layer4.0.conv3.weight,884,layer4.0.conv3.weight_ch884,0.9445469379425049
layer3.1.conv3.weight,327,layer3.1.conv3.weight_ch327,0.9438031911849976
layer4.0.conv3.weight,1671,layer4.0.conv3.weight_ch1671,0.9437539577484131
layer3.3.conv3.weight,663,layer3.3.conv3.weight_ch663,0.9429519772529602
layer3.5.conv3.weight,33,layer3.5.conv3.weight_ch33,0.942895770072937
layer3.2.conv3.weight,462,layer3.2.conv3.weight_ch462,0.942716658115387
layer3.4.conv3.weight,383,layer3.4.conv3.weight_ch383,0.9427043795585632
layer3.3.conv3.weight,659,layer3.3.conv3.weight_ch659,0.9426941871643066
layer3.0.conv3.weight,609,layer3.0.conv3.weight_ch609,0.9424592852592468
layer4.1.conv1.weight,217,layer4.1.conv1.weight_ch217,0.9419858455657959
layer3.5.conv3.weight,136,layer3.5.conv3.weight_ch136,0.9417996406555176
layer4.1.conv1.weight,444,layer4.1.conv1.weight_ch444,0.9417229890823364
layer3.5.conv3.weight,883,layer3.5.conv3.weight_ch883,0.9413683414459229
layer3.5.conv3.weight,154,layer3.5.conv3.weight_ch154,0.9412059187889099
layer4.0.conv3.weight,1779,layer4.0.conv3.weight_ch1779,0.9405972361564636
layer3.4.conv3.weight,477,layer3.4.conv3.weight_ch477,0.9405073523521423
layer3.1.conv3.weight,137,layer3.1.conv3.weight_ch137,0.9404884576797485
layer3.5.conv3.weight,989,layer3.5.conv3.weight_ch989,0.9384278059005737
layer3.3.conv3.weight,358,layer3.3.conv3.weight_ch358,0.9380989670753479
layer3.5.conv3.weight,634,layer3.5.conv3.weight_ch634,0.9380761384963989
layer3.3.conv3.weight,908,layer3.3.conv3.weight_ch908,0.9380223751068115
layer3.2.conv3.weight,854,layer3.2.conv3.weight_ch854,0.9375745058059692
layer3.3.conv3.weight,564,layer3.3.conv3.weight_ch564,0.9372466802597046
layer3.5.conv3.weight,342,layer3.5.conv3.weight_ch342,0.9371882081031799
layer3.2.conv3.weight,898,layer3.2.conv3.weight_ch898,0.9369187355041504
layer3.5.conv3.weight,29,layer3.5.conv3.weight_ch29,0.9368314146995544
layer2.1.conv3.weight,34,layer2.1.conv3.weight_ch34,0.9362373352050781
layer3.5.conv3.weight,756,layer3.5.conv3.weight_ch756,0.9361546039581299
layer3.3.conv3.weight,767,layer3.3.conv3.weight_ch767,0.9360847473144531
layer3.5.conv3.weight,399,layer3.5.conv3.weight_ch399,0.9355019330978394
layer4.1.conv1.weight,210,layer4.1.conv1.weight_ch210,0.9353744983673096
layer3.5.conv3.weight,151,layer3.5.conv3.weight_ch151,0.9353062510490417
layer2.1.conv3.weight,98,layer2.1.conv3.weight_ch98,0.9350495934486389
layer3.5.conv3.weight,849,layer3.5.conv3.weight_ch849,0.9342126846313477
layer3.3.conv3.weight,502,layer3.3.conv3.weight_ch502,0.9341870546340942
layer3.2.conv3.weight,348,layer3.2.conv3.weight_ch348,0.934089720249176
layer3.4.conv3.weight,391,layer3.4.conv3.weight_ch391,0.9340763092041016
layer3.3.conv3.weight,617,layer3.3.conv3.weight_ch617,0.9338653087615967
layer3.3.conv3.weight,306,layer3.3.conv3.weight_ch306,0.9337489008903503
layer3.5.conv3.weight,700,layer3.5.conv3.weight_ch700,0.9337383508682251
layer3.2.conv3.weight,639,layer3.2.conv3.weight_ch639,0.9334363341331482
layer3.0.conv3.weight,766,layer3.0.conv3.weight_ch766,0.9330428242683411
layer2.1.conv3.weight,344,layer2.1.conv3.weight_ch344,0.9329078793525696
layer2.1.conv3.weight,429,layer2.1.conv3.weight_ch429,0.9325382113456726
layer3.4.conv3.weight,879,layer3.4.conv3.weight_ch879,0.9319769740104675
layer2.1.conv3.weight,476,layer2.1.conv3.weight_ch476,0.9316620826721191
layer2.1.conv3.weight,12,layer2.1.conv3.weight_ch12,0.9310768842697144
layer3.4.conv3.weight,249,layer3.4.conv3.weight_ch249,0.9309850931167603
layer3.5.conv3.weight,133,layer3.5.conv3.weight_ch133,0.9308698773384094
layer3.4.conv3.weight,463,layer3.4.conv3.weight_ch463,0.9305130839347839
layer2.1.conv3.weight,470,layer2.1.conv3.weight_ch470,0.9297768473625183
layer3.1.conv3.weight,442,layer3.1.conv3.weight_ch442,0.929766833782196
layer3.0.conv3.weight,625,layer3.0.conv3.weight_ch625,0.9296457171440125
layer3.3.conv3.weight,355,layer3.3.conv3.weight_ch355,0.9279507398605347
layer3.3.conv3.weight,84,layer3.3.conv3.weight_ch84,0.9278379082679749
layer3.0.conv3.weight,125,layer3.0.conv3.weight_ch125,0.927652895450592
layer3.4.conv3.weight,805,layer3.4.conv3.weight_ch805,0.9273999333381653
layer3.3.conv3.weight,270,layer3.3.conv3.weight_ch270,0.9273690581321716
layer3.5.conv3.weight,122,layer3.5.conv3.weight_ch122,0.9271067976951599
layer3.1.conv3.weight,841,layer3.1.conv3.weight_ch841,0.9264148473739624
layer3.4.conv3.weight,332,layer3.4.conv3.weight_ch332,0.9261888861656189
layer3.0.conv3.weight,30,layer3.0.conv3.weight_ch30,0.9259494543075562
layer3.4.conv3.weight,425,layer3.4.conv3.weight_ch425,0.9255647659301758
layer3.3.conv3.weight,709,layer3.3.conv3.weight_ch709,0.9254567623138428
layer3.2.conv3.weight,189,layer3.2.conv3.weight_ch189,0.9247807264328003
layer4.0.conv3.weight,1933,layer4.0.conv3.weight_ch1933,0.9247689843177795
layer3.5.conv3.weight,878,layer3.5.conv3.weight_ch878,0.9243364334106445
layer3.5.conv3.weight,705,layer3.5.conv3.weight_ch705,0.9241337180137634
layer3.4.conv3.weight,737,layer3.4.conv3.weight_ch737,0.9235510230064392
layer3.5.conv3.weight,584,layer3.5.conv3.weight_ch584,0.9233997464179993
layer3.3.conv3.weight,815,layer3.3.conv3.weight_ch815,0.9228904247283936
layer4.1.conv1.weight,70,layer4.1.conv1.weight_ch70,0.9228349328041077
layer3.2.conv3.weight,251,layer3.2.conv3.weight_ch251,0.9227303266525269
layer3.3.conv3.weight,150,layer3.3.conv3.weight_ch150,0.9226709008216858
layer2.0.conv1.weight,33,layer2.0.conv1.weight_ch33,0.9212556481361389
layer3.1.conv3.weight,320,layer3.1.conv3.weight_ch320,0.9211145043373108
layer3.4.conv3.weight,786,layer3.4.conv3.weight_ch786,0.9210892915725708
layer2.1.conv3.weight,479,layer2.1.conv3.weight_ch479,0.9203893542289734
layer2.1.conv3.weight,43,layer2.1.conv3.weight_ch43,0.9197055697441101
layer1.2.conv3.weight,106,layer1.2.conv3.weight_ch106,0.9194296002388
layer3.3.conv3.weight,1003,layer3.3.conv3.weight_ch1003,0.9184215664863586
layer1.2.conv3.weight,216,layer1.2.conv3.weight_ch216,0.9182257652282715
layer3.4.conv3.weight,1023,layer3.4.conv3.weight_ch1023,0.9178865551948547
layer3.2.conv3.weight,376,layer3.2.conv3.weight_ch376,0.9178703427314758
layer3.5.conv3.weight,337,layer3.5.conv3.weight_ch337,0.9174135327339172
layer3.5.conv3.weight,303,layer3.5.conv3.weight_ch303,0.9173433780670166
layer3.0.conv3.weight,446,layer3.0.conv3.weight_ch446,0.9168652892112732
layer3.3.conv3.weight,731,layer3.3.conv3.weight_ch731,0.9158969521522522
layer2.1.conv3.weight,222,layer2.1.conv3.weight_ch222,0.9154379963874817
layer3.2.conv3.weight,76,layer3.2.conv3.weight_ch76,0.9143154621124268
layer3.1.conv3.weight,13,layer3.1.conv3.weight_ch13,0.9135104417800903
layer4.0.conv3.weight,1102,layer4.0.conv3.weight_ch1102,0.9133169054985046
layer3.1.conv3.weight,816,layer3.1.conv3.weight_ch816,0.9125332236289978
layer3.0.conv3.weight,956,layer3.0.conv3.weight_ch956,0.9117586016654968
layer3.5.conv3.weight,626,layer3.5.conv3.weight_ch626,0.9114980697631836
layer3.4.conv3.weight,665,layer3.4.conv3.weight_ch665,0.9110665917396545
layer3.5.conv3.weight,531,layer3.5.conv3.weight_ch531,0.9110099673271179
layer3.0.conv3.weight,957,layer3.0.conv3.weight_ch957,0.9107146263122559
layer3.2.conv3.weight,717,layer3.2.conv3.weight_ch717,0.9106470346450806
layer3.5.conv3.weight,20,layer3.5.conv3.weight_ch20,0.910099983215332
layer2.1.conv3.weight,351,layer2.1.conv3.weight_ch351,0.9100356101989746
layer3.1.conv3.weight,788,layer3.1.conv3.weight_ch788,0.9095008373260498
layer3.5.conv3.weight,522,layer3.5.conv3.weight_ch522,0.9091379642486572
layer3.2.conv3.weight,364,layer3.2.conv3.weight_ch364,0.9087170362472534
layer3.2.conv3.weight,211,layer3.2.conv3.weight_ch211,0.9084707498550415
layer3.4.conv3.weight,599,layer3.4.conv3.weight_ch599,0.9083711504936218
layer3.1.conv3.weight,914,layer3.1.conv3.weight_ch914,0.9082840085029602
layer3.3.conv3.weight,47,layer3.3.conv3.weight_ch47,0.9082356095314026
layer3.5.conv3.weight,929,layer3.5.conv3.weight_ch929,0.9080852270126343
layer3.5.conv3.weight,98,layer3.5.conv3.weight_ch98,0.9074090719223022
layer3.1.conv3.weight,504,layer3.1.conv3.weight_ch504,0.907293438911438
layer3.2.conv3.weight,813,layer3.2.conv3.weight_ch813,0.9072573184967041
layer4.0.conv3.weight,379,layer4.0.conv3.weight_ch379,0.9071318507194519
layer3.3.conv3.weight,485,layer3.3.conv3.weight_ch485,0.9066222906112671
layer3.3.conv3.weight,602,layer3.3.conv3.weight_ch602,0.9063748121261597
layer3.5.conv3.weight,740,layer3.5.conv3.weight_ch740,0.9059299230575562
layer3.2.conv3.weight,171,layer3.2.conv3.weight_ch171,0.9055025577545166
layer3.1.conv3.weight,433,layer3.1.conv3.weight_ch433,0.9052255749702454
layer3.2.conv3.weight,246,layer3.2.conv3.weight_ch246,0.9051212668418884
layer3.0.conv3.weight,695,layer3.0.conv3.weight_ch695,0.9049567580223083
layer3.3.conv3.weight,210,layer3.3.conv3.weight_ch210,0.9049385786056519
layer1.2.conv3.weight,70,layer1.2.conv3.weight_ch70,0.9048842191696167
layer4.0.conv3.weight,1100,layer4.0.conv3.weight_ch1100,0.9046728610992432
layer3.3.conv3.weight,755,layer3.3.conv3.weight_ch755,0.9044750332832336
layer3.4.conv3.weight,657,layer3.4.conv3.weight_ch657,0.903988778591156
layer3.5.conv3.weight,371,layer3.5.conv3.weight_ch371,0.9037517309188843
layer1.2.conv3.weight,171,layer1.2.conv3.weight_ch171,0.9030331373214722
layer3.0.conv3.weight,812,layer3.0.conv3.weight_ch812,0.9030240774154663
layer3.1.conv3.weight,668,layer3.1.conv3.weight_ch668,0.9028751254081726
layer3.0.conv3.weight,774,layer3.0.conv3.weight_ch774,0.9027978181838989
layer3.4.conv3.weight,913,layer3.4.conv3.weight_ch913,0.9023247361183167
layer1.2.conv3.weight,240,layer1.2.conv3.weight_ch240,0.9021556377410889
layer3.1.conv3.weight,82,layer3.1.conv3.weight_ch82,0.9021506905555725
layer3.5.conv3.weight,106,layer3.5.conv3.weight_ch106,0.9021446108818054
layer3.3.conv3.weight,837,layer3.3.conv3.weight_ch837,0.9016852974891663
layer3.0.conv3.weight,491,layer3.0.conv3.weight_ch491,0.9009112119674683
layer3.0.conv3.weight,961,layer3.0.conv3.weight_ch961,0.9005541205406189
layer3.0.conv3.weight,12,layer3.0.conv3.weight_ch12,0.9004233479499817
layer3.1.conv3.weight,633,layer3.1.conv3.weight_ch633,0.900153636932373
layer2.1.conv3.weight,453,layer2.1.conv3.weight_ch453,0.8998993635177612
layer3.0.conv3.weight,420,layer3.0.conv3.weight_ch420,0.899831235408783
layer3.5.conv3.weight,800,layer3.5.conv3.weight_ch800,0.8998094201087952
layer3.0.conv3.weight,424,layer3.0.conv3.weight_ch424,0.8997711539268494
layer3.3.conv3.weight,461,layer3.3.conv3.weight_ch461,0.8988405466079712
layer3.1.conv3.weight,64,layer3.1.conv3.weight_ch64,0.8981408476829529
layer3.5.conv3.weight,753,layer3.5.conv3.weight_ch753,0.8975726366043091
layer3.3.conv3.weight,718,layer3.3.conv3.weight_ch718,0.8974686861038208
layer3.2.conv3.weight,198,layer3.2.conv3.weight_ch198,0.8971585631370544
layer3.0.conv3.weight,198,layer3.0.conv3.weight_ch198,0.8965694904327393
layer2.1.conv3.weight,228,layer2.1.conv3.weight_ch228,0.8950294256210327
layer3.2.conv3.weight,290,layer3.2.conv3.weight_ch290,0.8950197100639343
layer2.1.conv3.weight,369,layer2.1.conv3.weight_ch369,0.8947964906692505
layer4.0.conv3.weight,1692,layer4.0.conv3.weight_ch1692,0.8946751356124878
layer3.4.conv3.weight,143,layer3.4.conv3.weight_ch143,0.8944745659828186
layer3.2.conv3.weight,380,layer3.2.conv3.weight_ch380,0.8940802812576294
layer3.2.conv3.weight,993,layer3.2.conv3.weight_ch993,0.8938732147216797
layer4.0.conv3.weight,1970,layer4.0.conv3.weight_ch1970,0.8936973810195923
layer4.0.conv3.weight,148,layer4.0.conv3.weight_ch148,0.8935883045196533
layer2.1.conv3.weight,452,layer2.1.conv3.weight_ch452,0.8932045102119446
layer3.3.conv3.weight,723,layer3.3.conv3.weight_ch723,0.892499566078186
layer4.0.conv3.weight,1861,layer4.0.conv3.weight_ch1861,0.8921668529510498
layer2.1.conv3.weight,500,layer2.1.conv3.weight_ch500,0.8921634554862976
layer3.2.conv3.weight,912,layer3.2.conv3.weight_ch912,0.8920177221298218
layer2.1.conv3.weight,23,layer2.1.conv3.weight_ch23,0.8914352655410767
layer3.3.conv3.weight,207,layer3.3.conv3.weight_ch207,0.8908098936080933
layer2.1.conv3.weight,50,layer2.1.conv3.weight_ch50,0.8902071118354797
layer3.0.conv3.weight,205,layer3.0.conv3.weight_ch205,0.8896998167037964
layer3.3.conv3.weight,760,layer3.3.conv3.weight_ch760,0.8896340727806091
layer2.1.conv3.weight,94,layer2.1.conv3.weight_ch94,0.888920783996582
layer3.1.conv3.weight,262,layer3.1.conv3.weight_ch262,0.8886080980300903
layer2.1.conv3.weight,267,layer2.1.conv3.weight_ch267,0.8883731961250305
layer3.3.conv3.weight,946,layer3.3.conv3.weight_ch946,0.8880307674407959
layer2.3.conv2.weight,50,layer2.3.conv2.weight_ch50,0.8877451419830322
layer1.2.conv3.weight,158,layer1.2.conv3.weight_ch158,0.8872121572494507
layer2.1.conv3.weight,108,layer2.1.conv3.weight_ch108,0.8867767453193665
layer3.3.conv3.weight,105,layer3.3.conv3.weight_ch105,0.8854327201843262
layer4.0.conv3.weight,800,layer4.0.conv3.weight_ch800,0.8852051496505737
layer3.0.conv3.weight,256,layer3.0.conv3.weight_ch256,0.8851699829101562
layer3.3.conv3.weight,926,layer3.3.conv3.weight_ch926,0.8851072788238525
layer3.5.conv3.weight,34,layer3.5.conv3.weight_ch34,0.8849949240684509
layer3.3.conv3.weight,112,layer3.3.conv3.weight_ch112,0.8848071098327637
layer3.3.conv3.weight,116,layer3.3.conv3.weight_ch116,0.8842006921768188
layer3.4.conv3.weight,336,layer3.4.conv3.weight_ch336,0.883622407913208
layer3.2.conv3.weight,93,layer3.2.conv3.weight_ch93,0.8835744857788086
layer3.2.conv3.weight,276,layer3.2.conv3.weight_ch276,0.8834062814712524
layer3.1.conv3.weight,191,layer3.1.conv3.weight_ch191,0.8829248547554016
layer4.0.conv3.weight,951,layer4.0.conv3.weight_ch951,0.8822665810585022
layer3.4.conv3.weight,623,layer3.4.conv3.weight_ch623,0.8822545409202576
layer3.0.conv3.weight,673,layer3.0.conv3.weight_ch673,0.882192075252533
layer2.0.conv2.weight,44,layer2.0.conv2.weight_ch44,0.8821309208869934
layer3.5.conv3.weight,802,layer3.5.conv3.weight_ch802,0.8819553852081299
layer3.4.conv3.weight,700,layer3.4.conv3.weight_ch700,0.8816660046577454
layer3.4.conv3.weight,438,layer3.4.conv3.weight_ch438,0.8816041946411133
layer1.2.conv3.weight,246,layer1.2.conv3.weight_ch246,0.8814740777015686
layer3.4.conv3.weight,128,layer3.4.conv3.weight_ch128,0.8808305263519287
layer3.3.conv3.weight,111,layer3.3.conv3.weight_ch111,0.8803846836090088
layer3.4.conv3.weight,906,layer3.4.conv3.weight_ch906,0.8798626661300659
layer3.0.conv3.weight,898,layer3.0.conv3.weight_ch898,0.8797731995582581
layer3.3.conv3.weight,74,layer3.3.conv3.weight_ch74,0.8795878887176514
layer3.4.conv3.weight,790,layer3.4.conv3.weight_ch790,0.8794173002243042
layer3.2.conv3.weight,905,layer3.2.conv3.weight_ch905,0.8791358470916748
layer2.1.conv3.weight,303,layer2.1.conv3.weight_ch303,0.8790407180786133
layer1.2.conv3.weight,119,layer1.2.conv3.weight_ch119,0.8780732154846191
layer3.1.conv3.weight,869,layer3.1.conv3.weight_ch869,0.8777478337287903
layer2.1.conv3.weight,104,layer2.1.conv3.weight_ch104,0.8773173093795776
layer2.1.conv3.weight,188,layer2.1.conv3.weight_ch188,0.877247154712677
layer3.4.conv3.weight,21,layer3.4.conv3.weight_ch21,0.8766087293624878
layer4.1.conv1.weight,394,layer4.1.conv1.weight_ch394,0.8765937089920044
layer2.1.conv3.weight,456,layer2.1.conv3.weight_ch456,0.8764532208442688
layer3.1.conv3.weight,479,layer3.1.conv3.weight_ch479,0.8762651681900024
layer4.0.conv3.weight,655,layer4.0.conv3.weight_ch655,0.8757020235061646
layer3.2.conv3.weight,672,layer3.2.conv3.weight_ch672,0.8755341172218323
layer3.3.conv3.weight,48,layer3.3.conv3.weight_ch48,0.8751844167709351
layer3.3.conv3.weight,931,layer3.3.conv3.weight_ch931,0.8751816749572754
layer3.2.conv3.weight,231,layer3.2.conv3.weight_ch231,0.8748508095741272
layer2.1.conv3.weight,430,layer2.1.conv3.weight_ch430,0.8744325637817383
layer3.1.conv3.weight,219,layer3.1.conv3.weight_ch219,0.8741151690483093
layer3.3.conv3.weight,211,layer3.3.conv3.weight_ch211,0.8739365339279175
layer2.0.conv1.weight,117,layer2.0.conv1.weight_ch117,0.8714101910591125
layer4.0.conv3.weight,1640,layer4.0.conv3.weight_ch1640,0.8711377382278442
layer2.1.conv3.weight,178,layer2.1.conv3.weight_ch178,0.8700423240661621
layer3.0.conv3.weight,302,layer3.0.conv3.weight_ch302,0.8697925806045532
layer4.0.conv3.weight,325,layer4.0.conv3.weight_ch325,0.8685920238494873
layer3.0.conv3.weight,848,layer3.0.conv3.weight_ch848,0.8685807585716248
layer3.5.conv3.weight,971,layer3.5.conv3.weight_ch971,0.8684955835342407
layer3.5.conv3.weight,587,layer3.5.conv3.weight_ch587,0.8684941530227661
layer3.4.conv3.weight,1007,layer3.4.conv3.weight_ch1007,0.8681572079658508
layer3.2.conv3.weight,692,layer3.2.conv3.weight_ch692,0.8678106069564819
layer4.0.conv3.weight,1663,layer4.0.conv3.weight_ch1663,0.8675211071968079
layer3.0.conv3.weight,49,layer3.0.conv3.weight_ch49,0.8673943281173706
layer3.5.conv3.weight,709,layer3.5.conv3.weight_ch709,0.867009162902832
layer4.0.conv3.weight,895,layer4.0.conv3.weight_ch895,0.8669350147247314
layer2.1.conv3.weight,220,layer2.1.conv3.weight_ch220,0.8669116497039795
layer3.1.conv3.weight,543,layer3.1.conv3.weight_ch543,0.8662763833999634
layer3.4.conv3.weight,560,layer3.4.conv3.weight_ch560,0.8662549257278442
layer3.3.conv3.weight,81,layer3.3.conv3.weight_ch81,0.8658480048179626
layer3.2.conv3.weight,497,layer3.2.conv3.weight_ch497,0.8657156229019165
layer3.5.conv3.weight,1014,layer3.5.conv3.weight_ch1014,0.8654160499572754
layer3.5.conv3.weight,848,layer3.5.conv3.weight_ch848,0.8646472692489624
layer2.1.conv3.weight,26,layer2.1.conv3.weight_ch26,0.8644944429397583
layer3.0.conv3.weight,582,layer3.0.conv3.weight_ch582,0.8642298579216003
layer2.1.conv3.weight,2,layer2.1.conv3.weight_ch2,0.863856852054596
layer3.0.conv3.weight,54,layer3.0.conv3.weight_ch54,0.8630671501159668
layer3.3.conv3.weight,539,layer3.3.conv3.weight_ch539,0.8629187941551208
layer3.2.conv3.weight,222,layer3.2.conv3.weight_ch222,0.862154483795166
layer4.0.conv3.weight,1209,layer4.0.conv3.weight_ch1209,0.8615071177482605
layer3.1.conv3.weight,805,layer3.1.conv3.weight_ch805,0.8613914847373962
layer3.3.conv3.weight,236,layer3.3.conv3.weight_ch236,0.8610618710517883
layer3.1.conv3.weight,92,layer3.1.conv3.weight_ch92,0.8610047698020935
layer4.1.conv1.weight,431,layer4.1.conv1.weight_ch431,0.8609441518783569
layer4.0.conv3.weight,1492,layer4.0.conv3.weight_ch1492,0.8608131408691406
layer2.1.conv3.weight,39,layer2.1.conv3.weight_ch39,0.8607272505760193
layer3.5.conv3.weight,163,layer3.5.conv3.weight_ch163,0.8606956005096436
layer3.2.conv3.weight,188,layer3.2.conv3.weight_ch188,0.8602557182312012
layer3.1.conv3.weight,10,layer3.1.conv3.weight_ch10,0.8601547479629517
layer3.2.conv3.weight,22,layer3.2.conv3.weight_ch22,0.8599067330360413
layer4.0.conv3.weight,156,layer4.0.conv3.weight_ch156,0.8598504662513733
layer2.1.conv3.weight,435,layer2.1.conv3.weight_ch435,0.8597462177276611
layer2.1.conv3.weight,386,layer2.1.conv3.weight_ch386,0.8585439920425415
layer3.1.conv3.weight,737,layer3.1.conv3.weight_ch737,0.8585344552993774
layer3.2.conv3.weight,775,layer3.2.conv3.weight_ch775,0.8582481741905212
layer3.2.conv3.weight,670,layer3.2.conv3.weight_ch670,0.8578373193740845
layer2.0.conv1.weight,29,layer2.0.conv1.weight_ch29,0.8577263355255127
layer3.3.conv3.weight,747,layer3.3.conv3.weight_ch747,0.8576717972755432
layer3.1.conv3.weight,836,layer3.1.conv3.weight_ch836,0.8573704957962036
layer2.0.conv1.weight,63,layer2.0.conv1.weight_ch63,0.8570824861526489
layer1.2.conv3.weight,198,layer1.2.conv3.weight_ch198,0.8570452928543091
layer2.1.conv3.weight,459,layer2.1.conv3.weight_ch459,0.856975793838501
layer3.2.conv3.weight,166,layer3.2.conv3.weight_ch166,0.8569177985191345
layer3.4.conv3.weight,155,layer3.4.conv3.weight_ch155,0.8566784858703613
layer3.1.conv3.weight,896,layer3.1.conv3.weight_ch896,0.8565945029258728
layer4.0.conv3.weight,1421,layer4.0.conv3.weight_ch1421,0.856169581413269
layer4.0.conv3.weight,817,layer4.0.conv3.weight_ch817,0.8549965620040894
layer3.5.conv3.weight,787,layer3.5.conv3.weight_ch787,0.8548310995101929
layer2.1.conv3.weight,97,layer2.1.conv3.weight_ch97,0.8545622825622559
layer3.4.conv3.weight,100,layer3.4.conv3.weight_ch100,0.8538568019866943
layer1.2.conv3.weight,60,layer1.2.conv3.weight_ch60,0.8538166284561157
layer3.2.conv2.weight,188,layer3.2.conv2.weight_ch188,0.8532237410545349
layer3.0.conv3.weight,602,layer3.0.conv3.weight_ch602,0.8530158400535583
layer3.2.conv3.weight,955,layer3.2.conv3.weight_ch955,0.8529360294342041
layer1.2.conv3.weight,167,layer1.2.conv3.weight_ch167,0.8523168563842773
layer2.1.conv3.weight,478,layer2.1.conv3.weight_ch478,0.8503171801567078
layer3.4.conv3.weight,1000,layer3.4.conv3.weight_ch1000,0.8503064513206482
layer3.0.conv3.weight,630,layer3.0.conv3.weight_ch630,0.8502107858657837
layer3.3.conv3.weight,394,layer3.3.conv3.weight_ch394,0.8500326871871948
layer2.1.conv3.weight,57,layer2.1.conv3.weight_ch57,0.848910927772522
layer3.4.conv3.weight,293,layer3.4.conv3.weight_ch293,0.8486759066581726
layer3.2.conv3.weight,679,layer3.2.conv3.weight_ch679,0.8481234908103943
layer1.2.conv3.weight,113,layer1.2.conv3.weight_ch113,0.8477986454963684
layer4.0.conv3.weight,2022,layer4.0.conv3.weight_ch2022,0.8476318717002869
layer3.5.conv3.weight,874,layer3.5.conv3.weight_ch874,0.8474041223526001
layer3.1.conv3.weight,952,layer3.1.conv3.weight_ch952,0.846983015537262
layer4.0.conv3.weight,1439,layer4.0.conv3.weight_ch1439,0.8460356593132019
layer3.2.conv3.weight,471,layer3.2.conv3.weight_ch471,0.8456485867500305
layer3.5.conv3.weight,941,layer3.5.conv3.weight_ch941,0.8454515337944031
layer4.1.conv1.weight,367,layer4.1.conv1.weight_ch367,0.8451715707778931
layer3.3.conv3.weight,98,layer3.3.conv3.weight_ch98,0.8451372981071472
layer1.2.conv3.weight,248,layer1.2.conv3.weight_ch248,0.8450139760971069
layer4.0.conv3.weight,1258,layer4.0.conv3.weight_ch1258,0.8436862230300903
layer4.0.conv3.weight,246,layer4.0.conv3.weight_ch246,0.8434624075889587
layer3.2.conv3.weight,891,layer3.2.conv3.weight_ch891,0.8428146839141846
layer4.0.conv3.weight,682,layer4.0.conv3.weight_ch682,0.8424974679946899
layer4.1.conv1.weight,239,layer4.1.conv1.weight_ch239,0.8424748182296753
layer3.5.conv3.weight,855,layer3.5.conv3.weight_ch855,0.8422906398773193
layer3.2.conv3.weight,655,layer3.2.conv3.weight_ch655,0.8422476053237915
layer3.5.conv3.weight,361,layer3.5.conv3.weight_ch361,0.8411573767662048
layer4.0.conv3.weight,783,layer4.0.conv3.weight_ch783,0.8410134315490723
layer3.0.conv3.weight,784,layer3.0.conv3.weight_ch784,0.8409050107002258
layer3.5.conv3.weight,906,layer3.5.conv3.weight_ch906,0.8403014540672302
layer3.1.conv3.weight,848,layer3.1.conv3.weight_ch848,0.8401063680648804
layer3.5.conv3.weight,158,layer3.5.conv3.weight_ch158,0.8390032649040222
layer3.4.conv3.weight,133,layer3.4.conv3.weight_ch133,0.8384988307952881
layer3.0.conv3.weight,333,layer3.0.conv3.weight_ch333,0.8380481004714966
layer3.5.conv3.weight,205,layer3.5.conv3.weight_ch205,0.8377562761306763
layer3.3.conv3.weight,182,layer3.3.conv3.weight_ch182,0.8377079367637634
layer3.3.conv3.weight,973,layer3.3.conv3.weight_ch973,0.836524486541748
layer3.5.conv3.weight,62,layer3.5.conv3.weight_ch62,0.8356159925460815
layer2.0.conv1.weight,32,layer2.0.conv1.weight_ch32,0.8353083729743958
layer3.2.conv3.weight,530,layer3.2.conv3.weight_ch530,0.8348458409309387
layer4.0.conv3.weight,723,layer4.0.conv3.weight_ch723,0.8315050601959229
layer3.4.conv3.weight,87,layer3.4.conv3.weight_ch87,0.8308173418045044
layer3.4.conv3.weight,768,layer3.4.conv3.weight_ch768,0.8305341005325317
layer3.3.conv3.weight,467,layer3.3.conv3.weight_ch467,0.830141544342041
layer3.5.conv3.weight,323,layer3.5.conv3.weight_ch323,0.8296618461608887
layer3.2.conv3.weight,352,layer3.2.conv3.weight_ch352,0.8296319842338562
layer2.1.conv3.weight,153,layer2.1.conv3.weight_ch153,0.8289741277694702
layer3.2.conv3.weight,170,layer3.2.conv3.weight_ch170,0.8282603025436401
layer4.0.conv3.weight,1721,layer4.0.conv3.weight_ch1721,0.8281782865524292
layer3.4.conv3.weight,231,layer3.4.conv3.weight_ch231,0.8281299471855164
layer3.4.conv3.weight,121,layer3.4.conv3.weight_ch121,0.8277984261512756
layer3.4.conv3.weight,253,layer3.4.conv3.weight_ch253,0.8265348076820374
layer3.5.conv3.weight,762,layer3.5.conv3.weight_ch762,0.8255463242530823
layer3.3.conv3.weight,778,layer3.3.conv3.weight_ch778,0.8255096077919006
layer4.1.conv1.weight,26,layer4.1.conv1.weight_ch26,0.8253418803215027
layer3.4.conv3.weight,883,layer3.4.conv3.weight_ch883,0.8252056241035461
layer4.0.conv3.weight,84,layer4.0.conv3.weight_ch84,0.8250809907913208
layer3.5.conv3.weight,350,layer3.5.conv3.weight_ch350,0.8245342969894409
layer3.5.conv3.weight,527,layer3.5.conv3.weight_ch527,0.824062705039978
layer3.3.conv3.weight,284,layer3.3.conv3.weight_ch284,0.8239403367042542
layer3.5.conv3.weight,197,layer3.5.conv3.weight_ch197,0.8224839568138123
layer1.2.conv3.weight,206,layer1.2.conv3.weight_ch206,0.822462260723114
layer3.4.conv3.weight,532,layer3.4.conv3.weight_ch532,0.8222713470458984
layer3.1.conv3.weight,330,layer3.1.conv3.weight_ch330,0.822262167930603
layer2.1.conv3.weight,56,layer2.1.conv3.weight_ch56,0.8221913576126099
layer3.1.conv3.weight,694,layer3.1.conv3.weight_ch694,0.8220707774162292
layer3.3.conv3.weight,977,layer3.3.conv3.weight_ch977,0.8215164542198181
layer3.3.conv3.weight,245,layer3.3.conv3.weight_ch245,0.8213797807693481
layer2.1.conv3.weight,319,layer2.1.conv3.weight_ch319,0.8212523460388184
layer3.2.conv3.weight,786,layer3.2.conv3.weight_ch786,0.8212465643882751
layer2.1.conv3.weight,289,layer2.1.conv3.weight_ch289,0.8212177753448486
layer3.1.conv3.weight,996,layer3.1.conv3.weight_ch996,0.8211488127708435
layer3.1.conv3.weight,19,layer3.1.conv3.weight_ch19,0.8210675716400146
layer2.0.conv1.weight,0,layer2.0.conv1.weight_ch0,0.8206188082695007
layer2.1.conv3.weight,446,layer2.1.conv3.weight_ch446,0.8199721574783325
layer3.1.conv3.weight,891,layer3.1.conv3.weight_ch891,0.8198295831680298
layer3.4.conv3.weight,316,layer3.4.conv3.weight_ch316,0.8197767734527588
layer3.5.conv3.weight,1022,layer3.5.conv3.weight_ch1022,0.8189868927001953
layer3.0.conv3.weight,481,layer3.0.conv3.weight_ch481,0.8184043765068054
layer3.4.conv3.weight,241,layer3.4.conv3.weight_ch241,0.8183731436729431
layer3.1.conv3.weight,65,layer3.1.conv3.weight_ch65,0.8181696534156799
layer4.0.conv3.weight,911,layer4.0.conv3.weight_ch911,0.8181480765342712
layer2.1.conv3.weight,89,layer2.1.conv3.weight_ch89,0.8174836039543152
layer3.4.conv3.weight,660,layer3.4.conv3.weight_ch660,0.8167587518692017
layer3.2.conv2.weight,248,layer3.2.conv2.weight_ch248,0.8162454962730408
layer2.1.conv3.weight,183,layer2.1.conv3.weight_ch183,0.8145852088928223
layer3.4.conv3.weight,273,layer3.4.conv3.weight_ch273,0.8143106698989868
layer2.1.conv3.weight,7,layer2.1.conv3.weight_ch7,0.8140909075737
layer1.2.conv3.weight,131,layer1.2.conv3.weight_ch131,0.8137753009796143
layer3.5.conv3.weight,295,layer3.5.conv3.weight_ch295,0.8127038478851318
layer3.3.conv3.weight,164,layer3.3.conv3.weight_ch164,0.812524676322937
layer2.1.conv3.weight,275,layer2.1.conv3.weight_ch275,0.8122420310974121
layer4.0.conv3.weight,1803,layer4.0.conv3.weight_ch1803,0.8120800256729126
layer3.5.conv3.weight,760,layer3.5.conv3.weight_ch760,0.8118988275527954
layer1.2.conv3.weight,233,layer1.2.conv3.weight_ch233,0.8118235468864441
layer3.3.conv3.weight,107,layer3.3.conv3.weight_ch107,0.811238706111908
layer1.2.conv3.weight,166,layer1.2.conv3.weight_ch166,0.8110321760177612
layer2.1.conv3.weight,28,layer2.1.conv3.weight_ch28,0.810705304145813
layer3.1.conv3.weight,451,layer3.1.conv3.weight_ch451,0.8099631667137146
layer3.2.conv3.weight,77,layer3.2.conv3.weight_ch77,0.8097397685050964
layer3.3.conv3.weight,599,layer3.3.conv3.weight_ch599,0.8090749382972717
layer2.1.conv3.weight,394,layer2.1.conv3.weight_ch394,0.8088202476501465
layer3.2.conv2.weight,246,layer3.2.conv2.weight_ch246,0.8082334399223328
layer2.0.conv1.weight,107,layer2.0.conv1.weight_ch107,0.8077923059463501
layer3.4.conv3.weight,631,layer3.4.conv3.weight_ch631,0.8077065944671631
layer4.0.conv3.weight,1463,layer4.0.conv3.weight_ch1463,0.8073827624320984
layer3.5.conv3.weight,348,layer3.5.conv3.weight_ch348,0.8067933917045593
layer3.5.conv3.weight,974,layer3.5.conv3.weight_ch974,0.8065797090530396
layer3.2.conv3.weight,183,layer3.2.conv3.weight_ch183,0.8058509826660156
layer3.1.conv3.weight,779,layer3.1.conv3.weight_ch779,0.805293083190918
layer3.2.conv3.weight,439,layer3.2.conv3.weight_ch439,0.8049437999725342
layer3.2.conv3.weight,1022,layer3.2.conv3.weight_ch1022,0.8048714399337769
layer3.2.conv3.weight,523,layer3.2.conv3.weight_ch523,0.804702639579773
layer3.5.conv3.weight,353,layer3.5.conv3.weight_ch353,0.804237961769104
layer3.5.conv3.weight,940,layer3.5.conv3.weight_ch940,0.803352952003479
layer2.1.conv3.weight,132,layer2.1.conv3.weight_ch132,0.8032780885696411
layer3.3.conv3.weight,263,layer3.3.conv3.weight_ch263,0.8031126856803894
layer3.1.conv3.weight,799,layer3.1.conv3.weight_ch799,0.8021531701087952
layer2.1.conv3.weight,457,layer2.1.conv3.weight_ch457,0.8019140362739563
layer3.1.conv3.weight,597,layer3.1.conv3.weight_ch597,0.8016836643218994
layer4.0.conv3.weight,1703,layer4.0.conv3.weight_ch1703,0.8015578985214233
layer2.1.conv3.weight,508,layer2.1.conv3.weight_ch508,0.8013115525245667
layer3.1.conv3.weight,156,layer3.1.conv3.weight_ch156,0.8011478185653687
layer2.1.conv3.weight,270,layer2.1.conv3.weight_ch270,0.8002803921699524
layer2.0.conv1.weight,105,layer2.0.conv1.weight_ch105,0.8002380132675171
layer3.0.conv3.weight,234,layer3.0.conv3.weight_ch234,0.8002007007598877
layer3.0.conv3.weight,82,layer3.0.conv3.weight_ch82,0.8001153469085693
layer3.0.conv3.weight,796,layer3.0.conv3.weight_ch796,0.7995119690895081
layer2.1.conv3.weight,349,layer2.1.conv3.weight_ch349,0.7990672588348389
layer3.5.conv3.weight,345,layer3.5.conv3.weight_ch345,0.7987246513366699
layer3.1.conv3.weight,712,layer3.1.conv3.weight_ch712,0.7986690402030945
layer3.5.conv3.weight,770,layer3.5.conv3.weight_ch770,0.798458456993103
layer4.0.conv3.weight,257,layer4.0.conv3.weight_ch257,0.7974174618721008
layer3.2.conv3.weight,360,layer3.2.conv3.weight_ch360,0.7971879839897156
layer3.5.conv3.weight,534,layer3.5.conv3.weight_ch534,0.7964934706687927
layer2.1.conv3.weight,136,layer2.1.conv3.weight_ch136,0.7961421012878418
layer3.2.conv3.weight,946,layer3.2.conv3.weight_ch946,0.7960512638092041
layer2.0.conv1.weight,91,layer2.0.conv1.weight_ch91,0.7958714365959167
layer3.3.conv3.weight,794,layer3.3.conv3.weight_ch794,0.7957154512405396
layer3.3.conv3.weight,296,layer3.3.conv3.weight_ch296,0.7956038117408752
layer3.4.conv3.weight,337,layer3.4.conv3.weight_ch337,0.7954530715942383
layer3.2.conv3.weight,874,layer3.2.conv3.weight_ch874,0.7951956391334534
layer3.0.conv3.weight,1022,layer3.0.conv3.weight_ch1022,0.7951827049255371
layer2.1.conv3.weight,206,layer2.1.conv3.weight_ch206,0.7948697805404663
layer3.2.conv3.weight,867,layer3.2.conv3.weight_ch867,0.7947746515274048
layer3.1.conv3.weight,183,layer3.1.conv3.weight_ch183,0.793364405632019
layer3.3.conv3.weight,407,layer3.3.conv3.weight_ch407,0.7933242917060852
layer3.5.conv3.weight,890,layer3.5.conv3.weight_ch890,0.792650580406189
layer3.1.conv3.weight,859,layer3.1.conv3.weight_ch859,0.7924556732177734
layer4.0.conv3.weight,1479,layer4.0.conv3.weight_ch1479,0.7923121452331543
layer3.4.conv3.weight,871,layer3.4.conv3.weight_ch871,0.7917366027832031
layer3.1.conv3.weight,257,layer3.1.conv3.weight_ch257,0.7915850281715393
layer3.5.conv3.weight,956,layer3.5.conv3.weight_ch956,0.7910078763961792
layer3.4.conv3.weight,77,layer3.4.conv3.weight_ch77,0.7908480167388916
layer4.0.conv3.weight,173,layer4.0.conv3.weight_ch173,0.7907809019088745
layer3.3.conv3.weight,153,layer3.3.conv3.weight_ch153,0.7904919981956482
layer3.4.conv3.weight,954,layer3.4.conv3.weight_ch954,0.7903158068656921
layer2.1.conv3.weight,436,layer2.1.conv3.weight_ch436,0.7902929782867432
layer2.1.conv3.weight,137,layer2.1.conv3.weight_ch137,0.7899651527404785
layer3.0.conv3.weight,427,layer3.0.conv3.weight_ch427,0.789242148399353
layer2.1.conv3.weight,495,layer2.1.conv3.weight_ch495,0.7883962392807007
layer1.2.conv3.weight,238,layer1.2.conv3.weight_ch238,0.7878282070159912
layer2.0.conv1.weight,3,layer2.0.conv1.weight_ch3,0.7874287962913513
layer3.5.conv3.weight,627,layer3.5.conv3.weight_ch627,0.7870582342147827
layer4.0.conv3.weight,828,layer4.0.conv3.weight_ch828,0.7869853377342224
layer3.1.conv3.weight,417,layer3.1.conv3.weight_ch417,0.7863137722015381
layer3.0.conv3.weight,217,layer3.0.conv3.weight_ch217,0.7862995862960815
layer2.0.conv1.weight,1,layer2.0.conv1.weight_ch1,0.7858797907829285
layer1.2.conv3.weight,164,layer1.2.conv3.weight_ch164,0.7855075597763062
layer3.2.conv3.weight,580,layer3.2.conv3.weight_ch580,0.7847621440887451
layer2.0.conv1.weight,21,layer2.0.conv1.weight_ch21,0.784745454788208
layer1.2.conv3.weight,152,layer1.2.conv3.weight_ch152,0.7832926511764526
layer4.0.conv3.weight,95,layer4.0.conv3.weight_ch95,0.7828863859176636
layer3.5.conv3.weight,981,layer3.5.conv3.weight_ch981,0.7823483347892761
layer2.1.conv3.weight,20,layer2.1.conv3.weight_ch20,0.7822819352149963
layer3.4.conv3.weight,589,layer3.4.conv3.weight_ch589,0.7818277478218079
layer3.5.conv3.weight,160,layer3.5.conv3.weight_ch160,0.7816380858421326
layer1.2.conv3.weight,49,layer1.2.conv3.weight_ch49,0.781582772731781
layer3.3.conv3.weight,325,layer3.3.conv3.weight_ch325,0.7811912894248962
layer3.4.conv3.weight,109,layer3.4.conv3.weight_ch109,0.7809628844261169
layer2.1.conv3.weight,257,layer2.1.conv3.weight_ch257,0.7805322408676147
layer3.3.conv3.weight,311,layer3.3.conv3.weight_ch311,0.7804768681526184
layer3.4.conv3.weight,569,layer3.4.conv3.weight_ch569,0.7800287008285522
layer2.0.conv1.weight,73,layer2.0.conv1.weight_ch73,0.779417872428894
layer1.2.conv3.weight,144,layer1.2.conv3.weight_ch144,0.7786720395088196
layer3.2.conv3.weight,558,layer3.2.conv3.weight_ch558,0.7786704301834106
layer1.2.conv3.weight,71,layer1.2.conv3.weight_ch71,0.7783757448196411
layer3.5.conv3.weight,219,layer3.5.conv3.weight_ch219,0.7780556082725525
layer3.1.conv3.weight,444,layer3.1.conv3.weight_ch444,0.7778407335281372
layer2.0.conv1.weight,66,layer2.0.conv1.weight_ch66,0.7771053910255432
layer3.5.conv3.weight,600,layer3.5.conv3.weight_ch600,0.7769536972045898
layer3.1.conv3.weight,658,layer3.1.conv3.weight_ch658,0.7766939997673035
layer3.5.conv3.weight,501,layer3.5.conv3.weight_ch501,0.776660680770874
layer2.1.conv3.weight,133,layer2.1.conv3.weight_ch133,0.7765339612960815
layer3.4.conv3.weight,818,layer3.4.conv3.weight_ch818,0.7755174040794373
layer3.5.conv3.weight,960,layer3.5.conv3.weight_ch960,0.7743221521377563
layer3.2.conv3.weight,456,layer3.2.conv3.weight_ch456,0.7736068964004517
layer4.0.conv3.weight,881,layer4.0.conv3.weight_ch881,0.7735435366630554
layer3.5.conv3.weight,551,layer3.5.conv3.weight_ch551,0.7726812362670898
layer3.2.conv3.weight,265,layer3.2.conv3.weight_ch265,0.7709051966667175
layer3.4.conv3.weight,259,layer3.4.conv3.weight_ch259,0.7708346247673035
layer3.4.conv3.weight,247,layer3.4.conv3.weight_ch247,0.7707494497299194
layer3.1.conv3.weight,87,layer3.1.conv3.weight_ch87,0.7706853151321411
layer2.0.conv1.weight,62,layer2.0.conv1.weight_ch62,0.7698347568511963
layer3.3.conv3.weight,426,layer3.3.conv3.weight_ch426,0.7698189616203308
layer3.5.conv3.weight,430,layer3.5.conv3.weight_ch430,0.7697223424911499
layer4.1.conv1.weight,33,layer4.1.conv1.weight_ch33,0.7696224451065063
layer3.0.conv3.weight,541,layer3.0.conv3.weight_ch541,0.769343376159668
layer3.3.conv3.weight,836,layer3.3.conv3.weight_ch836,0.7683115005493164
layer3.0.conv3.weight,601,layer3.0.conv3.weight_ch601,0.7680109143257141
layer3.1.conv3.weight,604,layer3.1.conv3.weight_ch604,0.7678086757659912
layer3.3.conv3.weight,888,layer3.3.conv3.weight_ch888,0.7665391564369202
layer3.5.conv3.weight,128,layer3.5.conv3.weight_ch128,0.7661899924278259
layer2.1.conv3.weight,489,layer2.1.conv3.weight_ch489,0.7659267783164978
layer1.2.conv3.weight,201,layer1.2.conv3.weight_ch201,0.7651895880699158
layer2.1.conv3.weight,273,layer2.1.conv3.weight_ch273,0.7648113369941711
layer3.3.conv3.weight,633,layer3.3.conv3.weight_ch633,0.7647020220756531
layer1.2.conv3.weight,102,layer1.2.conv3.weight_ch102,0.7646673917770386
layer2.1.conv3.weight,297,layer2.1.conv3.weight_ch297,0.7645635604858398
layer3.0.conv3.weight,175,layer3.0.conv3.weight_ch175,0.7641796469688416
layer3.4.conv3.weight,205,layer3.4.conv3.weight_ch205,0.7631091475486755
layer3.5.conv3.weight,776,layer3.5.conv3.weight_ch776,0.76258784532547
layer3.3.conv3.weight,294,layer3.3.conv3.weight_ch294,0.761798620223999
layer2.1.conv3.weight,290,layer2.1.conv3.weight_ch290,0.7617213129997253
layer1.2.conv3.weight,2,layer1.2.conv3.weight_ch2,0.7613856792449951
layer4.0.conv3.weight,981,layer4.0.conv3.weight_ch981,0.7610900402069092
layer1.2.conv3.weight,74,layer1.2.conv3.weight_ch74,0.7608687281608582
layer4.1.conv1.weight,435,layer4.1.conv1.weight_ch435,0.7598637938499451
layer3.5.conv3.weight,254,layer3.5.conv3.weight_ch254,0.7597585916519165
layer4.0.conv3.weight,128,layer4.0.conv3.weight_ch128,0.7592605352401733
layer1.2.conv3.weight,196,layer1.2.conv3.weight_ch196,0.759107232093811
layer3.5.conv3.weight,261,layer3.5.conv3.weight_ch261,0.7590527534484863
layer1.2.conv3.weight,128,layer1.2.conv3.weight_ch128,0.7585831880569458
layer2.0.conv1.weight,90,layer2.0.conv1.weight_ch90,0.7579776048660278
layer3.4.conv3.weight,930,layer3.4.conv3.weight_ch930,0.7571360468864441
layer3.0.conv3.weight,1012,layer3.0.conv3.weight_ch1012,0.7562000155448914
layer3.3.conv3.weight,384,layer3.3.conv3.weight_ch384,0.7561748027801514
layer3.5.conv3.weight,828,layer3.5.conv3.weight_ch828,0.7545369267463684
layer2.0.conv2.weight,51,layer2.0.conv2.weight_ch51,0.7543424367904663
layer3.1.conv3.weight,706,layer3.1.conv3.weight_ch706,0.7536026239395142
layer2.1.conv3.weight,217,layer2.1.conv3.weight_ch217,0.753025233745575
layer3.5.conv3.weight,275,layer3.5.conv3.weight_ch275,0.752927303314209
layer4.0.conv3.weight,899,layer4.0.conv3.weight_ch899,0.7526673674583435
layer2.0.conv1.weight,113,layer2.0.conv1.weight_ch113,0.7518972158432007
layer3.4.conv3.weight,521,layer3.4.conv3.weight_ch521,0.751812219619751
layer3.5.conv3.weight,696,layer3.5.conv3.weight_ch696,0.751126766204834
layer3.5.conv3.weight,272,layer3.5.conv3.weight_ch272,0.7499571442604065
layer3.5.conv3.weight,857,layer3.5.conv3.weight_ch857,0.7498761415481567
layer4.0.conv3.weight,930,layer4.0.conv3.weight_ch930,0.7496562600135803
layer4.1.conv1.weight,482,layer4.1.conv1.weight_ch482,0.7494323253631592
layer3.1.conv3.weight,863,layer3.1.conv3.weight_ch863,0.7491886615753174
layer3.2.conv3.weight,74,layer3.2.conv3.weight_ch74,0.7472875714302063
layer3.4.conv3.weight,105,layer3.4.conv3.weight_ch105,0.7462645769119263
layer3.5.conv3.weight,493,layer3.5.conv3.weight_ch493,0.745611310005188
layer3.3.conv3.weight,430,layer3.3.conv3.weight_ch430,0.7452734112739563
layer1.2.conv3.weight,193,layer1.2.conv3.weight_ch193,0.7444022297859192
layer3.5.conv3.weight,373,layer3.5.conv3.weight_ch373,0.7433153986930847
layer2.0.conv1.weight,61,layer2.0.conv1.weight_ch61,0.7432985305786133
layer4.0.conv3.weight,357,layer4.0.conv3.weight_ch357,0.7431982755661011
layer3.3.conv3.weight,360,layer3.3.conv3.weight_ch360,0.7426654100418091
layer3.1.conv3.weight,936,layer3.1.conv3.weight_ch936,0.7423413395881653
layer3.1.conv3.weight,1006,layer3.1.conv3.weight_ch1006,0.7419193387031555
layer3.0.conv3.weight,84,layer3.0.conv3.weight_ch84,0.741888701915741
layer3.5.conv3.weight,237,layer3.5.conv3.weight_ch237,0.7418568134307861
layer3.5.conv3.weight,730,layer3.5.conv3.weight_ch730,0.7415357828140259
layer3.0.conv3.weight,577,layer3.0.conv3.weight_ch577,0.7408175468444824
layer3.4.conv3.weight,456,layer3.4.conv3.weight_ch456,0.7399733066558838
layer3.5.conv3.weight,804,layer3.5.conv3.weight_ch804,0.7395942807197571
layer2.1.conv3.weight,347,layer2.1.conv3.weight_ch347,0.7392816543579102
layer4.0.conv3.weight,1959,layer4.0.conv3.weight_ch1959,0.7382537126541138
layer3.1.conv3.weight,862,layer3.1.conv3.weight_ch862,0.7381043434143066
layer3.2.conv3.weight,875,layer3.2.conv3.weight_ch875,0.7375340461730957
layer3.4.conv3.weight,858,layer3.4.conv3.weight_ch858,0.7373266816139221
layer2.0.conv1.weight,85,layer2.0.conv1.weight_ch85,0.7371862530708313
layer3.0.conv3.weight,830,layer3.0.conv3.weight_ch830,0.7368320226669312
layer3.5.conv3.weight,775,layer3.5.conv3.weight_ch775,0.7366218566894531
layer3.0.conv3.weight,417,layer3.0.conv3.weight_ch417,0.7360982298851013
layer2.1.conv3.weight,21,layer2.1.conv3.weight_ch21,0.7359960079193115
layer1.2.conv3.weight,207,layer1.2.conv3.weight_ch207,0.7356817722320557
layer3.1.conv3.weight,731,layer3.1.conv3.weight_ch731,0.7355643510818481
layer3.5.conv3.weight,814,layer3.5.conv3.weight_ch814,0.7354322671890259
layer2.1.conv3.weight,131,layer2.1.conv3.weight_ch131,0.7342244982719421
layer3.4.conv3.weight,501,layer3.4.conv3.weight_ch501,0.7334439754486084
layer3.4.conv3.weight,127,layer3.4.conv3.weight_ch127,0.7332969903945923
layer2.1.conv3.weight,92,layer2.1.conv3.weight_ch92,0.7329863905906677
layer4.0.conv3.weight,1588,layer4.0.conv3.weight_ch1588,0.7300485372543335
layer3.4.conv3.weight,632,layer3.4.conv3.weight_ch632,0.7281622886657715
layer3.4.conv3.weight,311,layer3.4.conv3.weight_ch311,0.7275262475013733
layer3.5.conv3.weight,986,layer3.5.conv3.weight_ch986,0.7273459434509277
layer4.0.conv3.weight,92,layer4.0.conv3.weight_ch92,0.7264995574951172
layer3.0.conv3.weight,163,layer3.0.conv3.weight_ch163,0.7259557843208313
layer3.5.conv3.weight,948,layer3.5.conv3.weight_ch948,0.7252601385116577
layer3.5.conv3.weight,317,layer3.5.conv3.weight_ch317,0.7251083254814148
layer3.0.conv3.weight,331,layer3.0.conv3.weight_ch331,0.7244353890419006
layer2.1.conv3.weight,501,layer2.1.conv3.weight_ch501,0.7242469787597656
layer3.0.conv3.weight,111,layer3.0.conv3.weight_ch111,0.7240917682647705
layer3.1.conv3.weight,678,layer3.1.conv3.weight_ch678,0.7235731482505798
layer2.0.conv1.weight,111,layer2.0.conv1.weight_ch111,0.723517656326294
layer3.3.conv3.weight,52,layer3.3.conv3.weight_ch52,0.7219076752662659
layer3.5.conv3.weight,194,layer3.5.conv3.weight_ch194,0.7215416431427002
layer2.1.conv3.weight,356,layer2.1.conv3.weight_ch356,0.7205787301063538
layer1.2.conv3.weight,212,layer1.2.conv3.weight_ch212,0.7202008366584778
layer3.1.conv3.weight,993,layer3.1.conv3.weight_ch993,0.7196474671363831
layer3.3.conv3.weight,157,layer3.3.conv3.weight_ch157,0.7181782722473145
layer1.2.conv3.weight,140,layer1.2.conv3.weight_ch140,0.7177426218986511
layer1.2.conv3.weight,183,layer1.2.conv3.weight_ch183,0.717086672782898
layer3.2.conv3.weight,961,layer3.2.conv3.weight_ch961,0.7162991762161255
layer3.4.conv3.weight,115,layer3.4.conv3.weight_ch115,0.7158284187316895
layer4.0.conv3.weight,1257,layer4.0.conv3.weight_ch1257,0.7152995467185974
layer3.5.conv3.weight,516,layer3.5.conv3.weight_ch516,0.7150083780288696
layer4.1.conv1.weight,79,layer4.1.conv1.weight_ch79,0.7146949768066406
layer3.4.conv3.weight,310,layer3.4.conv3.weight_ch310,0.7144038677215576
layer3.0.conv3.weight,149,layer3.0.conv3.weight_ch149,0.7141996026039124
layer3.5.conv3.weight,408,layer3.5.conv3.weight_ch408,0.7130840420722961
layer3.2.conv3.weight,958,layer3.2.conv3.weight_ch958,0.7129791378974915
layer3.3.conv3.weight,491,layer3.3.conv3.weight_ch491,0.7129552364349365
layer3.5.conv3.weight,582,layer3.5.conv3.weight_ch582,0.7122840285301208
layer2.1.conv3.weight,268,layer2.1.conv3.weight_ch268,0.7099772691726685
layer3.5.conv3.weight,26,layer3.5.conv3.weight_ch26,0.7094005942344666
layer3.5.conv3.weight,116,layer3.5.conv3.weight_ch116,0.7088411450386047
layer4.0.conv3.weight,1930,layer4.0.conv3.weight_ch1930,0.7076638340950012
layer1.2.conv3.weight,121,layer1.2.conv3.weight_ch121,0.706598699092865
layer3.0.conv3.weight,638,layer3.0.conv3.weight_ch638,0.7064701914787292
layer3.2.conv3.weight,286,layer3.2.conv3.weight_ch286,0.7062410712242126
layer2.1.conv3.weight,152,layer2.1.conv3.weight_ch152,0.7059299945831299
layer3.1.conv3.weight,423,layer3.1.conv3.weight_ch423,0.703911304473877
layer3.1.conv3.weight,403,layer3.1.conv3.weight_ch403,0.7038241028785706
layer3.3.conv3.weight,520,layer3.3.conv3.weight_ch520,0.7033337950706482
layer3.5.conv3.weight,69,layer3.5.conv3.weight_ch69,0.7024174332618713
layer3.0.conv2.weight,57,layer3.0.conv2.weight_ch57,0.7022786736488342
layer3.5.conv3.weight,252,layer3.5.conv3.weight_ch252,0.7013499140739441
layer2.1.conv3.weight,312,layer2.1.conv3.weight_ch312,0.7000262141227722
layer3.5.conv3.weight,16,layer3.5.conv3.weight_ch16,0.6999542713165283
layer3.4.conv3.weight,687,layer3.4.conv3.weight_ch687,0.699588418006897
layer3.1.conv3.weight,527,layer3.1.conv3.weight_ch527,0.699070155620575
layer3.2.conv3.weight,487,layer3.2.conv3.weight_ch487,0.6986376643180847
layer4.0.conv3.weight,557,layer4.0.conv3.weight_ch557,0.698344886302948
layer3.5.conv3.weight,558,layer3.5.conv3.weight_ch558,0.6982303261756897
layer3.5.conv3.weight,788,layer3.5.conv3.weight_ch788,0.6981253027915955
layer3.5.conv3.weight,583,layer3.5.conv3.weight_ch583,0.6980345249176025
layer3.4.conv3.weight,732,layer3.4.conv3.weight_ch732,0.6974064111709595
layer3.1.conv3.weight,973,layer3.1.conv3.weight_ch973,0.6969492435455322
layer4.0.conv3.weight,1029,layer4.0.conv3.weight_ch1029,0.6969305872917175
layer3.3.conv3.weight,660,layer3.3.conv3.weight_ch660,0.6961592435836792
layer3.5.conv3.weight,541,layer3.5.conv3.weight_ch541,0.6953630447387695
layer3.5.conv3.weight,494,layer3.5.conv3.weight_ch494,0.6952375769615173
layer3.5.conv3.weight,367,layer3.5.conv3.weight_ch367,0.6938210129737854
layer3.3.conv3.weight,1016,layer3.3.conv3.weight_ch1016,0.6931624412536621
layer3.4.conv3.weight,335,layer3.4.conv3.weight_ch335,0.6930737495422363
layer2.0.conv1.weight,81,layer2.0.conv1.weight_ch81,0.6921838521957397
layer4.0.conv3.weight,617,layer4.0.conv3.weight_ch617,0.6916676759719849
layer1.2.conv3.weight,12,layer1.2.conv3.weight_ch12,0.6913021206855774
layer4.0.conv3.weight,178,layer4.0.conv3.weight_ch178,0.6909268498420715
layer1.2.conv3.weight,187,layer1.2.conv3.weight_ch187,0.6905615329742432
layer3.5.conv3.weight,231,layer3.5.conv3.weight_ch231,0.690272867679596
layer2.1.conv3.weight,140,layer2.1.conv3.weight_ch140,0.6901956796646118
layer3.2.conv3.weight,514,layer3.2.conv3.weight_ch514,0.6896562576293945
layer2.1.conv3.weight,235,layer2.1.conv3.weight_ch235,0.6887850165367126
layer4.0.conv3.weight,1669,layer4.0.conv3.weight_ch1669,0.6882261037826538
layer3.1.conv3.weight,523,layer3.1.conv3.weight_ch523,0.6872127652168274
layer3.1.conv3.weight,1015,layer3.1.conv3.weight_ch1015,0.6865687370300293
layer3.1.conv3.weight,11,layer3.1.conv3.weight_ch11,0.6857701539993286
layer3.5.conv3.weight,333,layer3.5.conv3.weight_ch333,0.6840641498565674
layer4.0.conv3.weight,335,layer4.0.conv3.weight_ch335,0.6840421557426453
layer3.2.conv3.weight,245,layer3.2.conv3.weight_ch245,0.6836469173431396
layer2.1.conv3.weight,223,layer2.1.conv3.weight_ch223,0.6831035017967224
layer1.2.conv3.weight,157,layer1.2.conv3.weight_ch157,0.6827367544174194
layer2.1.conv3.weight,202,layer2.1.conv3.weight_ch202,0.6814664006233215
layer3.2.conv3.weight,704,layer3.2.conv3.weight_ch704,0.681208074092865
layer2.1.conv3.weight,392,layer2.1.conv3.weight_ch392,0.6805599927902222
layer3.5.conv3.weight,236,layer3.5.conv3.weight_ch236,0.6786442995071411
layer4.0.conv3.weight,1909,layer4.0.conv3.weight_ch1909,0.6785617470741272
layer4.0.conv3.weight,730,layer4.0.conv3.weight_ch730,0.6784618496894836
layer4.0.conv3.weight,226,layer4.0.conv3.weight_ch226,0.6779517531394958
layer2.0.conv1.weight,93,layer2.0.conv1.weight_ch93,0.676661491394043
layer1.2.conv3.weight,139,layer1.2.conv3.weight_ch139,0.6765049695968628
layer3.5.conv3.weight,174,layer3.5.conv3.weight_ch174,0.6763021349906921
layer3.4.conv3.weight,413,layer3.4.conv3.weight_ch413,0.6760303378105164
layer2.1.conv3.weight,24,layer2.1.conv3.weight_ch24,0.6759486794471741
layer3.2.conv3.weight,302,layer3.2.conv3.weight_ch302,0.6758338809013367
layer2.1.conv3.weight,248,layer2.1.conv3.weight_ch248,0.6758331656455994
layer4.1.conv1.weight,321,layer4.1.conv1.weight_ch321,0.6752342581748962
layer2.1.conv3.weight,395,layer2.1.conv3.weight_ch395,0.6728230118751526
layer3.4.conv3.weight,269,layer3.4.conv3.weight_ch269,0.672113299369812
layer4.0.conv3.weight,427,layer4.0.conv3.weight_ch427,0.6720689535140991
layer4.0.conv3.weight,1247,layer4.0.conv3.weight_ch1247,0.6713995933532715
layer3.4.conv3.weight,50,layer3.4.conv3.weight_ch50,0.6712139844894409
layer2.1.conv3.weight,305,layer2.1.conv3.weight_ch305,0.669937789440155
layer3.1.conv3.weight,434,layer3.1.conv3.weight_ch434,0.6693967580795288
layer2.1.conv3.weight,314,layer2.1.conv3.weight_ch314,0.6693499684333801
layer3.5.conv3.weight,529,layer3.5.conv3.weight_ch529,0.6691792011260986
layer3.1.conv3.weight,495,layer3.1.conv3.weight_ch495,0.6686319708824158
layer2.1.conv3.weight,54,layer2.1.conv3.weight_ch54,0.6685324907302856
layer4.1.conv1.weight,252,layer4.1.conv1.weight_ch252,0.6682152152061462
layer2.1.conv3.weight,397,layer2.1.conv3.weight_ch397,0.6652871966362
layer3.5.conv3.weight,39,layer3.5.conv3.weight_ch39,0.6649919152259827
layer4.0.conv3.weight,498,layer4.0.conv3.weight_ch498,0.6638495922088623
layer3.4.conv3.weight,119,layer3.4.conv3.weight_ch119,0.6625733375549316
layer3.2.conv3.weight,926,layer3.2.conv3.weight_ch926,0.6625593304634094
layer3.3.conv3.weight,427,layer3.3.conv3.weight_ch427,0.6624565720558167
layer4.1.conv1.weight,272,layer4.1.conv1.weight_ch272,0.6624091267585754
layer3.1.conv3.weight,713,layer3.1.conv3.weight_ch713,0.6613591313362122
layer3.4.conv3.weight,899,layer3.4.conv3.weight_ch899,0.6613175272941589
layer2.1.conv3.weight,125,layer2.1.conv3.weight_ch125,0.6610600352287292
layer3.3.conv3.weight,727,layer3.3.conv3.weight_ch727,0.660672664642334
layer3.4.conv3.weight,134,layer3.4.conv3.weight_ch134,0.6599059700965881
layer3.4.conv3.weight,527,layer3.4.conv3.weight_ch527,0.659766674041748
layer2.1.conv3.weight,340,layer2.1.conv3.weight_ch340,0.6597003936767578
layer3.0.conv3.weight,47,layer3.0.conv3.weight_ch47,0.6588711142539978
layer4.0.conv3.weight,1216,layer4.0.conv3.weight_ch1216,0.6588190793991089
layer2.1.conv3.weight,281,layer2.1.conv3.weight_ch281,0.6587411761283875
layer4.0.conv3.weight,111,layer4.0.conv3.weight_ch111,0.6584769487380981
layer3.5.conv3.weight,631,layer3.5.conv3.weight_ch631,0.6583324670791626
layer1.2.conv3.weight,190,layer1.2.conv3.weight_ch190,0.657910168170929
layer3.2.conv3.weight,48,layer3.2.conv3.weight_ch48,0.6578333973884583
layer3.2.conv2.weight,250,layer3.2.conv2.weight_ch250,0.657646894454956
layer3.0.conv3.weight,74,layer3.0.conv3.weight_ch74,0.6572573781013489
layer4.0.conv3.weight,1162,layer4.0.conv3.weight_ch1162,0.6566243171691895
layer3.1.conv3.weight,657,layer3.1.conv3.weight_ch657,0.656615674495697
layer1.2.conv3.weight,134,layer1.2.conv3.weight_ch134,0.6565511226654053
layer1.2.conv3.weight,153,layer1.2.conv3.weight_ch153,0.6563297510147095
layer1.2.conv3.weight,130,layer1.2.conv3.weight_ch130,0.6558642387390137
layer4.1.conv1.weight,349,layer4.1.conv1.weight_ch349,0.6556369662284851
layer3.2.conv3.weight,928,layer3.2.conv3.weight_ch928,0.6555824875831604
layer3.4.conv3.weight,95,layer3.4.conv3.weight_ch95,0.6554751396179199
layer3.4.conv3.weight,848,layer3.4.conv3.weight_ch848,0.6543146967887878
layer4.0.conv3.weight,836,layer4.0.conv3.weight_ch836,0.6537474989891052
layer1.2.conv3.weight,64,layer1.2.conv3.weight_ch64,0.6520854234695435
layer2.1.conv3.weight,238,layer2.1.conv3.weight_ch238,0.6513874530792236
layer3.4.conv3.weight,888,layer3.4.conv3.weight_ch888,0.6512653827667236
layer3.5.conv3.weight,474,layer3.5.conv3.weight_ch474,0.6509512066841125
layer3.1.conv3.weight,197,layer3.1.conv3.weight_ch197,0.6504319310188293
layer3.4.conv3.weight,647,layer3.4.conv3.weight_ch647,0.6492123007774353
layer4.0.conv3.weight,1807,layer4.0.conv3.weight_ch1807,0.6487881541252136
layer4.0.conv3.weight,799,layer4.0.conv3.weight_ch799,0.6482203006744385
layer4.0.conv3.weight,1980,layer4.0.conv3.weight_ch1980,0.6476395726203918
layer4.0.conv3.weight,1221,layer4.0.conv3.weight_ch1221,0.6453215479850769
layer2.1.conv3.weight,326,layer2.1.conv3.weight_ch326,0.6453040242195129
layer3.1.conv3.weight,990,layer3.1.conv3.weight_ch990,0.6443244814872742
layer3.5.conv3.weight,276,layer3.5.conv3.weight_ch276,0.6441254019737244
layer3.2.conv3.weight,806,layer3.2.conv3.weight_ch806,0.6441201567649841
layer3.4.conv3.weight,852,layer3.4.conv3.weight_ch852,0.6436675786972046
layer3.4.conv3.weight,228,layer3.4.conv3.weight_ch228,0.6427035331726074
layer3.4.conv3.weight,484,layer3.4.conv3.weight_ch484,0.641867995262146
layer1.2.conv3.weight,4,layer1.2.conv3.weight_ch4,0.6402606964111328
layer3.2.conv3.weight,203,layer3.2.conv3.weight_ch203,0.6397188901901245
layer3.3.conv3.weight,796,layer3.3.conv3.weight_ch796,0.6396851539611816
layer3.4.conv3.weight,722,layer3.4.conv3.weight_ch722,0.6375498175621033
layer4.0.conv3.weight,533,layer4.0.conv3.weight_ch533,0.6373343467712402
layer3.4.conv3.weight,16,layer3.4.conv3.weight_ch16,0.6373043060302734
layer4.0.conv3.weight,1245,layer4.0.conv3.weight_ch1245,0.6365678906440735
layer4.0.conv3.weight,1929,layer4.0.conv3.weight_ch1929,0.6361978054046631
layer3.1.conv3.weight,440,layer3.1.conv3.weight_ch440,0.6361604332923889
layer3.4.conv3.weight,447,layer3.4.conv3.weight_ch447,0.6357669830322266
layer3.4.conv3.weight,423,layer3.4.conv3.weight_ch423,0.6354453563690186
layer4.1.conv1.weight,215,layer4.1.conv1.weight_ch215,0.6351826190948486
layer3.4.conv3.weight,920,layer3.4.conv3.weight_ch920,0.6350647211074829
layer3.4.conv3.weight,875,layer3.4.conv3.weight_ch875,0.6350384950637817
layer3.2.conv3.weight,337,layer3.2.conv3.weight_ch337,0.6328416466712952
layer4.0.conv3.weight,713,layer4.0.conv3.weight_ch713,0.6324729323387146
layer3.3.conv3.weight,911,layer3.3.conv3.weight_ch911,0.6320061087608337
layer4.0.conv3.weight,102,layer4.0.conv3.weight_ch102,0.6317139863967896
layer3.2.conv3.weight,440,layer3.2.conv3.weight_ch440,0.6306391954421997
layer2.1.conv3.weight,311,layer2.1.conv3.weight_ch311,0.6306110620498657
layer3.2.conv3.weight,412,layer3.2.conv3.weight_ch412,0.6303920149803162
layer1.2.conv3.weight,123,layer1.2.conv3.weight_ch123,0.6298700571060181
layer4.0.conv3.weight,714,layer4.0.conv3.weight_ch714,0.6296871304512024
layer3.2.conv3.weight,771,layer3.2.conv3.weight_ch771,0.6292572617530823
layer2.1.conv3.weight,239,layer2.1.conv3.weight_ch239,0.628828763961792
layer4.0.conv3.weight,1993,layer4.0.conv3.weight_ch1993,0.6286647319793701
layer2.1.conv3.weight,473,layer2.1.conv3.weight_ch473,0.6283879280090332
layer3.1.conv3.weight,875,layer3.1.conv3.weight_ch875,0.6278126239776611
layer4.0.conv3.weight,45,layer4.0.conv3.weight_ch45,0.627474308013916
layer2.1.conv3.weight,115,layer2.1.conv3.weight_ch115,0.6274113655090332
layer1.2.conv3.weight,84,layer1.2.conv3.weight_ch84,0.6272411942481995
layer3.1.conv3.weight,819,layer3.1.conv3.weight_ch819,0.6270849704742432
layer3.1.conv3.weight,591,layer3.1.conv3.weight_ch591,0.6270515322685242
layer4.0.conv3.weight,1016,layer4.0.conv3.weight_ch1016,0.6269099712371826
layer3.2.conv3.weight,50,layer3.2.conv3.weight_ch50,0.6263104677200317
layer2.1.conv3.weight,283,layer2.1.conv3.weight_ch283,0.6262495517730713
layer2.1.conv3.weight,165,layer2.1.conv3.weight_ch165,0.6260841488838196
layer2.1.conv3.weight,382,layer2.1.conv3.weight_ch382,0.6240746378898621
layer3.5.conv3.weight,271,layer3.5.conv3.weight_ch271,0.6234753131866455
layer3.1.conv3.weight,108,layer3.1.conv3.weight_ch108,0.6229236721992493
layer4.1.conv1.weight,256,layer4.1.conv1.weight_ch256,0.6228440999984741
layer4.0.conv3.weight,1657,layer4.0.conv3.weight_ch1657,0.6212621927261353
layer2.0.conv1.weight,22,layer2.0.conv1.weight_ch22,0.6196753978729248
layer3.5.conv3.weight,511,layer3.5.conv3.weight_ch511,0.6196012496948242
layer3.4.conv3.weight,428,layer3.4.conv3.weight_ch428,0.6193746328353882
layer1.2.conv3.weight,48,layer1.2.conv3.weight_ch48,0.6179825067520142
layer3.2.conv3.weight,328,layer3.2.conv3.weight_ch328,0.6168361306190491
layer3.5.conv3.weight,1003,layer3.5.conv3.weight_ch1003,0.6157404184341431
layer4.0.conv3.weight,1443,layer4.0.conv3.weight_ch1443,0.6151989102363586
layer4.0.conv3.weight,1740,layer4.0.conv3.weight_ch1740,0.6151130199432373
layer3.4.conv3.weight,229,layer3.4.conv3.weight_ch229,0.6150259971618652
layer4.1.conv1.weight,353,layer4.1.conv1.weight_ch353,0.6149957180023193
layer3.3.conv3.weight,1019,layer3.3.conv3.weight_ch1019,0.6149686574935913
layer4.1.conv1.weight,452,layer4.1.conv1.weight_ch452,0.6138113737106323
layer1.2.conv3.weight,221,layer1.2.conv3.weight_ch221,0.6132252216339111
layer3.5.conv3.weight,438,layer3.5.conv3.weight_ch438,0.6130497455596924
layer4.0.conv3.weight,71,layer4.0.conv3.weight_ch71,0.6127434968948364
layer3.0.conv3.weight,670,layer3.0.conv3.weight_ch670,0.6110900044441223
layer3.1.conv3.weight,832,layer3.1.conv3.weight_ch832,0.6110329627990723
layer3.1.conv3.weight,288,layer3.1.conv3.weight_ch288,0.6109441518783569
layer2.1.conv3.weight,122,layer2.1.conv3.weight_ch122,0.6107868552207947
layer2.1.conv3.weight,40,layer2.1.conv3.weight_ch40,0.6089280247688293
layer3.2.conv3.weight,378,layer3.2.conv3.weight_ch378,0.6079741716384888
layer3.3.conv3.weight,424,layer3.3.conv3.weight_ch424,0.6074430346488953
layer2.1.conv3.weight,437,layer2.1.conv3.weight_ch437,0.6072525382041931
layer4.0.conv3.weight,1941,layer4.0.conv3.weight_ch1941,0.6072317957878113
layer3.5.conv3.weight,286,layer3.5.conv3.weight_ch286,0.6072179675102234
layer3.1.conv3.weight,22,layer3.1.conv3.weight_ch22,0.6066207885742188
layer3.1.conv3.weight,637,layer3.1.conv3.weight_ch637,0.6063571572303772
layer3.3.conv3.weight,447,layer3.3.conv3.weight_ch447,0.6061315536499023
layer4.0.conv3.weight,909,layer4.0.conv3.weight_ch909,0.6054089665412903
layer3.4.conv3.weight,388,layer3.4.conv3.weight_ch388,0.6051983833312988
layer4.1.conv1.weight,279,layer4.1.conv1.weight_ch279,0.6050360798835754
layer4.1.conv1.weight,360,layer4.1.conv1.weight_ch360,0.6045473217964172
layer4.0.conv3.weight,94,layer4.0.conv3.weight_ch94,0.6042141914367676
layer3.3.conv3.weight,722,layer3.3.conv3.weight_ch722,0.6029736399650574
layer4.0.conv3.weight,1262,layer4.0.conv3.weight_ch1262,0.6027686595916748
layer3.1.conv3.weight,519,layer3.1.conv3.weight_ch519,0.6022519469261169
layer3.1.conv3.weight,105,layer3.1.conv3.weight_ch105,0.6016050577163696
layer4.0.conv3.weight,1267,layer4.0.conv3.weight_ch1267,0.6009100079536438
layer3.5.conv3.weight,1012,layer3.5.conv3.weight_ch1012,0.6002854108810425
layer3.5.conv3.weight,869,layer3.5.conv3.weight_ch869,0.5998657941818237
layer1.2.conv3.weight,34,layer1.2.conv3.weight_ch34,0.5996009707450867
layer3.5.conv3.weight,502,layer3.5.conv3.weight_ch502,0.5995066165924072
layer4.0.conv3.weight,866,layer4.0.conv3.weight_ch866,0.5991069674491882
layer3.5.conv3.weight,424,layer3.5.conv3.weight_ch424,0.598576009273529
layer4.0.conv3.weight,1918,layer4.0.conv3.weight_ch1918,0.5984261631965637
layer3.3.conv3.weight,662,layer3.3.conv3.weight_ch662,0.5972711443901062
layer3.3.conv3.weight,697,layer3.3.conv3.weight_ch697,0.5961465835571289
layer3.4.conv3.weight,759,layer3.4.conv3.weight_ch759,0.5950132608413696
layer4.1.conv1.weight,415,layer4.1.conv1.weight_ch415,0.5940566062927246
layer4.0.conv3.weight,115,layer4.0.conv3.weight_ch115,0.5923938751220703
layer2.1.conv3.weight,292,layer2.1.conv3.weight_ch292,0.5917645692825317
layer4.0.conv3.weight,1778,layer4.0.conv3.weight_ch1778,0.5912094116210938
layer3.2.conv3.weight,572,layer3.2.conv3.weight_ch572,0.5909861922264099
layer3.1.conv3.weight,333,layer3.1.conv3.weight_ch333,0.5909537672996521
layer4.1.conv1.weight,286,layer4.1.conv1.weight_ch286,0.59090256690979
layer3.1.conv3.weight,384,layer3.1.conv3.weight_ch384,0.5896936655044556
layer4.0.conv3.weight,953,layer4.0.conv3.weight_ch953,0.589549720287323
layer4.0.conv3.weight,495,layer4.0.conv3.weight_ch495,0.5893715620040894
layer4.0.conv3.weight,656,layer4.0.conv3.weight_ch656,0.5871886610984802
layer3.5.conv3.weight,400,layer3.5.conv3.weight_ch400,0.5870004892349243
layer3.1.conv3.weight,229,layer3.1.conv3.weight_ch229,0.586334228515625
layer2.1.conv3.weight,33,layer2.1.conv3.weight_ch33,0.5862208008766174
layer4.0.conv3.weight,1437,layer4.0.conv3.weight_ch1437,0.5858678221702576
layer3.1.conv3.weight,1000,layer3.1.conv3.weight_ch1000,0.5855813026428223
layer4.0.conv3.weight,1236,layer4.0.conv3.weight_ch1236,0.5851159691810608
layer4.0.conv3.weight,793,layer4.0.conv3.weight_ch793,0.5844824314117432
layer1.2.conv3.weight,180,layer1.2.conv3.weight_ch180,0.5830408334732056
layer4.0.conv3.weight,864,layer4.0.conv3.weight_ch864,0.5830015540122986
layer3.1.conv3.weight,608,layer3.1.conv3.weight_ch608,0.5820915102958679
layer3.1.conv3.weight,134,layer3.1.conv3.weight_ch134,0.581692636013031
layer4.0.conv3.weight,1096,layer4.0.conv3.weight_ch1096,0.5803820490837097
layer3.2.conv3.weight,314,layer3.2.conv3.weight_ch314,0.5787664651870728
layer1.2.conv3.weight,255,layer1.2.conv3.weight_ch255,0.578369677066803
layer4.0.conv3.weight,2045,layer4.0.conv3.weight_ch2045,0.5769981741905212
layer2.1.conv3.weight,86,layer2.1.conv3.weight_ch86,0.5769418478012085
layer3.5.conv3.weight,636,layer3.5.conv3.weight_ch636,0.5766953229904175
layer1.2.conv3.weight,89,layer1.2.conv3.weight_ch89,0.5759923458099365
layer4.1.conv1.weight,99,layer4.1.conv1.weight_ch99,0.5758708119392395
layer3.1.conv3.weight,173,layer3.1.conv3.weight_ch173,0.5755699872970581
layer3.3.conv3.weight,476,layer3.3.conv3.weight_ch476,0.5750058889389038
layer3.1.conv3.weight,517,layer3.1.conv3.weight_ch517,0.5745890140533447
layer2.1.conv3.weight,258,layer2.1.conv3.weight_ch258,0.5725353360176086
layer3.3.conv3.weight,123,layer3.3.conv3.weight_ch123,0.5724374055862427
layer3.1.conv3.weight,296,layer3.1.conv3.weight_ch296,0.5694215297698975
layer3.0.conv3.weight,859,layer3.0.conv3.weight_ch859,0.5689047574996948
layer2.1.conv3.weight,242,layer2.1.conv3.weight_ch242,0.5687196254730225
layer3.4.conv3.weight,951,layer3.4.conv3.weight_ch951,0.5679841041564941
layer3.2.conv3.weight,249,layer3.2.conv3.weight_ch249,0.5677015781402588
layer3.1.conv3.weight,485,layer3.1.conv3.weight_ch485,0.5665512681007385
layer3.1.conv3.weight,481,layer3.1.conv3.weight_ch481,0.5664301514625549
layer3.1.conv3.weight,228,layer3.1.conv3.weight_ch228,0.5655123591423035
layer3.5.conv3.weight,418,layer3.5.conv3.weight_ch418,0.5653906464576721
layer3.4.conv3.weight,156,layer3.4.conv3.weight_ch156,0.5631108283996582
layer4.0.conv3.weight,522,layer4.0.conv3.weight_ch522,0.5627570152282715
layer3.2.conv3.weight,42,layer3.2.conv3.weight_ch42,0.5627241134643555
layer3.4.conv3.weight,374,layer3.4.conv3.weight_ch374,0.5625829100608826
layer3.5.conv3.weight,259,layer3.5.conv3.weight_ch259,0.5622023940086365
layer2.1.conv3.weight,396,layer2.1.conv3.weight_ch396,0.5619293451309204
layer4.1.conv1.weight,186,layer4.1.conv1.weight_ch186,0.5611954927444458
layer3.5.conv3.weight,579,layer3.5.conv3.weight_ch579,0.5604787468910217
layer3.4.conv3.weight,149,layer3.4.conv3.weight_ch149,0.5589847564697266
layer3.3.conv3.weight,779,layer3.3.conv3.weight_ch779,0.5588726997375488
layer3.1.conv3.weight,364,layer3.1.conv3.weight_ch364,0.5578998923301697
layer1.2.conv3.weight,217,layer1.2.conv3.weight_ch217,0.5575299859046936
layer4.0.conv3.weight,487,layer4.0.conv3.weight_ch487,0.5567011833190918
layer3.1.conv3.weight,1004,layer3.1.conv3.weight_ch1004,0.5550296902656555
layer3.3.conv3.weight,706,layer3.3.conv3.weight_ch706,0.5546882748603821
layer3.2.conv3.weight,805,layer3.2.conv3.weight_ch805,0.5541771650314331
layer3.2.conv3.weight,521,layer3.2.conv3.weight_ch521,0.550370991230011
layer4.0.conv3.weight,53,layer4.0.conv3.weight_ch53,0.5496153831481934
layer4.0.conv3.weight,1701,layer4.0.conv3.weight_ch1701,0.5482848882675171
layer3.1.conv3.weight,1023,layer3.1.conv3.weight_ch1023,0.5474270582199097
layer3.2.conv3.weight,800,layer3.2.conv3.weight_ch800,0.5467547178268433
layer4.1.conv1.weight,229,layer4.1.conv1.weight_ch229,0.545448899269104
layer3.1.conv3.weight,541,layer3.1.conv3.weight_ch541,0.5434292554855347
layer1.2.conv3.weight,202,layer1.2.conv3.weight_ch202,0.5431578755378723
layer3.5.conv3.weight,169,layer3.5.conv3.weight_ch169,0.5424523949623108
layer3.4.conv3.weight,449,layer3.4.conv3.weight_ch449,0.5420156717300415
layer4.0.conv3.weight,822,layer4.0.conv3.weight_ch822,0.5411060452461243
layer3.4.conv3.weight,289,layer3.4.conv3.weight_ch289,0.5408696532249451
layer4.0.conv3.weight,1871,layer4.0.conv3.weight_ch1871,0.5404623746871948
layer4.1.conv1.weight,197,layer4.1.conv1.weight_ch197,0.5400640368461609
layer1.2.conv3.weight,118,layer1.2.conv3.weight_ch118,0.5396104454994202
layer3.0.conv3.weight,444,layer3.0.conv3.weight_ch444,0.5392259955406189
layer4.0.conv3.weight,117,layer4.0.conv3.weight_ch117,0.5362917184829712
layer3.5.conv3.weight,747,layer3.5.conv3.weight_ch747,0.5357904434204102
layer4.0.conv3.weight,1082,layer4.0.conv3.weight_ch1082,0.5349321365356445
layer3.2.conv3.weight,334,layer3.2.conv3.weight_ch334,0.5347177982330322
layer3.1.conv3.weight,337,layer3.1.conv3.weight_ch337,0.5341074466705322
layer4.0.conv3.weight,854,layer4.0.conv3.weight_ch854,0.5335016250610352
layer3.5.conv3.weight,105,layer3.5.conv3.weight_ch105,0.5322091579437256
layer4.0.conv3.weight,1802,layer4.0.conv3.weight_ch1802,0.5319359302520752
layer3.4.conv3.weight,780,layer3.4.conv3.weight_ch780,0.5317175388336182
layer3.1.conv3.weight,718,layer3.1.conv3.weight_ch718,0.5301910638809204
layer2.1.conv3.weight,269,layer2.1.conv3.weight_ch269,0.5300806760787964
layer4.1.conv1.weight,57,layer4.1.conv1.weight_ch57,0.5290846228599548
layer1.2.conv3.weight,99,layer1.2.conv3.weight_ch99,0.5290680527687073
layer3.5.conv3.weight,387,layer3.5.conv3.weight_ch387,0.528526246547699
layer1.2.conv3.weight,199,layer1.2.conv3.weight_ch199,0.5278989672660828
layer1.2.conv3.weight,18,layer1.2.conv3.weight_ch18,0.5274561643600464
layer4.0.conv3.weight,392,layer4.0.conv3.weight_ch392,0.5274403095245361
layer3.0.conv3.weight,906,layer3.0.conv3.weight_ch906,0.5264455676078796
layer4.0.conv3.weight,751,layer4.0.conv3.weight_ch751,0.5257290601730347
layer2.1.conv3.weight,130,layer2.1.conv3.weight_ch130,0.5256591439247131
layer1.2.conv3.weight,15,layer1.2.conv3.weight_ch15,0.5248465538024902
layer1.2.conv3.weight,147,layer1.2.conv3.weight_ch147,0.5245552062988281
layer3.0.conv3.weight,837,layer3.0.conv3.weight_ch837,0.5243027806282043
layer3.5.conv3.weight,195,layer3.5.conv3.weight_ch195,0.5237186551094055
layer1.2.conv3.weight,7,layer1.2.conv3.weight_ch7,0.5195308327674866
layer3.3.conv3.weight,316,layer3.3.conv3.weight_ch316,0.5192411541938782
layer3.1.conv3.weight,498,layer3.1.conv3.weight_ch498,0.5150796175003052
layer1.2.conv3.weight,93,layer1.2.conv3.weight_ch93,0.5097517967224121
layer4.0.conv3.weight,1916,layer4.0.conv3.weight_ch1916,0.5093950033187866
layer4.0.conv3.weight,350,layer4.0.conv3.weight_ch350,0.5089508295059204
layer4.0.conv3.weight,556,layer4.0.conv3.weight_ch556,0.507671058177948
layer4.0.conv3.weight,1132,layer4.0.conv3.weight_ch1132,0.5068266987800598
layer3.1.conv3.weight,47,layer3.1.conv3.weight_ch47,0.5060595870018005
layer3.2.conv2.weight,2,layer3.2.conv2.weight_ch2,0.5034886002540588
layer3.4.conv3.weight,491,layer3.4.conv3.weight_ch491,0.5021835565567017
layer4.1.conv1.weight,308,layer4.1.conv1.weight_ch308,0.4999259114265442
layer2.1.conv3.weight,308,layer2.1.conv3.weight_ch308,0.4995408058166504
layer3.4.conv3.weight,46,layer3.4.conv3.weight_ch46,0.49792811274528503
layer4.0.conv3.weight,912,layer4.0.conv3.weight_ch912,0.49742820858955383
layer4.1.conv1.weight,28,layer4.1.conv1.weight_ch28,0.4965779781341553
layer3.5.conv3.weight,417,layer3.5.conv3.weight_ch417,0.4958934187889099
layer2.1.conv3.weight,253,layer2.1.conv3.weight_ch253,0.4953886866569519
layer3.5.conv3.weight,475,layer3.5.conv3.weight_ch475,0.49532023072242737
layer3.1.conv3.weight,449,layer3.1.conv3.weight_ch449,0.4943738281726837
layer1.2.conv3.weight,229,layer1.2.conv3.weight_ch229,0.48975950479507446
layer4.1.conv1.weight,159,layer4.1.conv1.weight_ch159,0.48967626690864563
layer2.1.conv3.weight,73,layer2.1.conv3.weight_ch73,0.48908835649490356
layer3.2.conv3.weight,819,layer3.2.conv3.weight_ch819,0.4880388379096985
layer3.1.conv3.weight,16,layer3.1.conv3.weight_ch16,0.48719900846481323
layer2.1.conv3.weight,379,layer2.1.conv3.weight_ch379,0.485575795173645
layer4.0.conv3.weight,734,layer4.0.conv3.weight_ch734,0.4852883815765381
layer3.3.conv3.weight,707,layer3.3.conv3.weight_ch707,0.48480069637298584
layer3.5.conv3.weight,766,layer3.5.conv3.weight_ch766,0.4841728210449219
layer3.0.conv3.weight,871,layer3.0.conv3.weight_ch871,0.48115700483322144
layer3.0.conv3.weight,780,layer3.0.conv3.weight_ch780,0.4801865220069885
layer3.5.conv3.weight,692,layer3.5.conv3.weight_ch692,0.4792323410511017
layer1.2.conv3.weight,53,layer1.2.conv3.weight_ch53,0.47887319326400757
layer2.1.conv3.weight,388,layer2.1.conv3.weight_ch388,0.4786347448825836
layer2.1.conv3.weight,482,layer2.1.conv3.weight_ch482,0.47798633575439453
layer4.0.conv3.weight,666,layer4.0.conv3.weight_ch666,0.47609442472457886
layer3.5.conv3.weight,919,layer3.5.conv3.weight_ch919,0.4747132658958435
layer4.0.conv3.weight,768,layer4.0.conv3.weight_ch768,0.47336167097091675
layer3.2.conv3.weight,686,layer3.2.conv3.weight_ch686,0.4732087552547455
layer4.1.conv1.weight,207,layer4.1.conv1.weight_ch207,0.4722692668437958
layer1.2.conv3.weight,168,layer1.2.conv3.weight_ch168,0.47177404165267944
layer3.5.conv3.weight,44,layer3.5.conv3.weight_ch44,0.4683772921562195
layer1.2.conv3.weight,115,layer1.2.conv3.weight_ch115,0.4679889678955078
layer4.0.conv3.weight,1255,layer4.0.conv3.weight_ch1255,0.46713787317276
layer3.5.conv3.weight,871,layer3.5.conv3.weight_ch871,0.4671267569065094
layer3.5.conv3.weight,482,layer3.5.conv3.weight_ch482,0.4669495224952698
layer3.4.conv3.weight,712,layer3.4.conv3.weight_ch712,0.46681860089302063
layer3.3.conv3.weight,11,layer3.3.conv3.weight_ch11,0.46627169847488403
layer3.5.conv3.weight,708,layer3.5.conv3.weight_ch708,0.46528124809265137
layer3.3.conv3.weight,196,layer3.3.conv3.weight_ch196,0.4635191559791565
layer3.1.conv3.weight,128,layer3.1.conv3.weight_ch128,0.46303388476371765
layer3.4.conv3.weight,102,layer3.4.conv3.weight_ch102,0.4612416923046112
layer3.0.conv3.weight,707,layer3.0.conv3.weight_ch707,0.4612174928188324
layer3.1.conv3.weight,267,layer3.1.conv3.weight_ch267,0.45870962738990784
layer3.2.conv3.weight,128,layer3.2.conv3.weight_ch128,0.4583739638328552
layer4.0.conv3.weight,770,layer4.0.conv3.weight_ch770,0.4580150842666626
layer2.1.conv3.weight,154,layer2.1.conv3.weight_ch154,0.45716845989227295
layer3.1.conv3.weight,634,layer3.1.conv3.weight_ch634,0.45433735847473145
layer3.1.conv3.weight,648,layer3.1.conv3.weight_ch648,0.4538649916648865
layer3.1.conv3.weight,939,layer3.1.conv3.weight_ch939,0.45285117626190186
layer2.1.conv3.weight,205,layer2.1.conv3.weight_ch205,0.45126691460609436
layer1.2.conv3.weight,172,layer1.2.conv3.weight_ch172,0.4505681097507477
layer1.2.conv3.weight,219,layer1.2.conv3.weight_ch219,0.4505416750907898
layer4.1.conv1.weight,170,layer4.1.conv1.weight_ch170,0.4493279457092285
layer1.2.conv3.weight,57,layer1.2.conv3.weight_ch57,0.44910764694213867
layer3.0.conv3.weight,883,layer3.0.conv3.weight_ch883,0.4490051865577698
layer3.0.conv3.weight,215,layer3.0.conv3.weight_ch215,0.44751274585723877
layer3.5.conv3.weight,87,layer3.5.conv3.weight_ch87,0.4465988874435425
layer1.2.conv3.weight,33,layer1.2.conv3.weight_ch33,0.4464336037635803
layer4.0.conv3.weight,960,layer4.0.conv3.weight_ch960,0.44599592685699463
layer3.1.conv3.weight,226,layer3.1.conv3.weight_ch226,0.4453985393047333
layer4.1.conv1.weight,280,layer4.1.conv1.weight_ch280,0.4444916844367981
layer3.3.conv3.weight,462,layer3.3.conv3.weight_ch462,0.4426301121711731
layer3.0.conv3.weight,203,layer3.0.conv3.weight_ch203,0.442242294549942
layer3.1.conv3.weight,477,layer3.1.conv3.weight_ch477,0.4421513080596924
layer2.1.conv3.weight,342,layer2.1.conv3.weight_ch342,0.4415474832057953
layer1.2.conv3.weight,185,layer1.2.conv3.weight_ch185,0.4400820732116699
layer3.5.conv3.weight,416,layer3.5.conv3.weight_ch416,0.43755343556404114
layer4.1.conv1.weight,17,layer4.1.conv1.weight_ch17,0.4374263882637024
layer3.5.conv3.weight,442,layer3.5.conv3.weight_ch442,0.436674565076828
layer4.1.conv1.weight,264,layer4.1.conv1.weight_ch264,0.43615925312042236
layer3.3.conv3.weight,595,layer3.3.conv3.weight_ch595,0.4353025555610657
layer3.1.conv3.weight,919,layer3.1.conv3.weight_ch919,0.4348883628845215
layer4.1.conv1.weight,96,layer4.1.conv1.weight_ch96,0.4348677396774292
layer4.0.conv3.weight,90,layer4.0.conv3.weight_ch90,0.43451520800590515
layer4.0.conv3.weight,631,layer4.0.conv3.weight_ch631,0.43403351306915283
layer3.5.conv3.weight,161,layer3.5.conv3.weight_ch161,0.4309622645378113
layer3.2.conv3.weight,411,layer3.2.conv3.weight_ch411,0.42831942439079285
layer3.5.conv3.weight,799,layer3.5.conv3.weight_ch799,0.42818668484687805
layer3.1.conv3.weight,400,layer3.1.conv3.weight_ch400,0.42689183354377747
layer4.0.conv3.weight,1112,layer4.0.conv3.weight_ch1112,0.4267213046550751
layer2.1.conv3.weight,434,layer2.1.conv3.weight_ch434,0.4256304204463959
layer3.2.conv3.weight,510,layer3.2.conv3.weight_ch510,0.42521488666534424
layer4.0.conv3.weight,65,layer4.0.conv3.weight_ch65,0.4228830337524414
layer3.5.conv3.weight,966,layer3.5.conv3.weight_ch966,0.4224802851676941
layer3.3.conv3.weight,592,layer3.3.conv3.weight_ch592,0.4216599762439728
layer3.4.conv3.weight,961,layer3.4.conv3.weight_ch961,0.4198603928089142
layer4.0.conv3.weight,566,layer4.0.conv3.weight_ch566,0.41980409622192383
layer3.1.conv3.weight,969,layer3.1.conv3.weight_ch969,0.4182944893836975
layer3.5.conv3.weight,463,layer3.5.conv3.weight_ch463,0.41774648427963257
layer4.0.conv3.weight,1674,layer4.0.conv3.weight_ch1674,0.41542690992355347
layer3.5.conv3.weight,751,layer3.5.conv3.weight_ch751,0.4142289161682129
layer4.0.conv3.weight,872,layer4.0.conv3.weight_ch872,0.4126950800418854
layer3.4.conv3.weight,952,layer3.4.conv3.weight_ch952,0.412211537361145
layer4.0.conv3.weight,728,layer4.0.conv3.weight_ch728,0.41017138957977295
layer3.1.conv3.weight,464,layer3.1.conv3.weight_ch464,0.4096114933490753
layer4.0.conv3.weight,209,layer4.0.conv3.weight_ch209,0.40948963165283203
layer2.1.conv3.weight,184,layer2.1.conv3.weight_ch184,0.40919169783592224
layer3.4.conv3.weight,686,layer3.4.conv3.weight_ch686,0.4080616533756256
layer3.1.conv3.weight,321,layer3.1.conv3.weight_ch321,0.40672996640205383
layer3.2.conv3.weight,311,layer3.2.conv3.weight_ch311,0.40523019433021545
layer3.5.conv3.weight,444,layer3.5.conv3.weight_ch444,0.40503424406051636
layer1.2.conv3.weight,127,layer1.2.conv3.weight_ch127,0.4036782681941986
layer3.4.conv3.weight,151,layer3.4.conv3.weight_ch151,0.4025617837905884
layer3.1.conv3.weight,332,layer3.1.conv3.weight_ch332,0.40235885977745056
layer3.5.conv3.weight,120,layer3.5.conv3.weight_ch120,0.4018060266971588
layer4.0.conv3.weight,1217,layer4.0.conv3.weight_ch1217,0.39878493547439575
layer4.0.conv3.weight,893,layer4.0.conv3.weight_ch893,0.3974563479423523
layer3.1.conv3.weight,818,layer3.1.conv3.weight_ch818,0.3972329795360565
layer3.5.conv3.weight,374,layer3.5.conv3.weight_ch374,0.39625757932662964
layer3.3.conv3.weight,391,layer3.3.conv3.weight_ch391,0.39622068405151367
layer3.4.conv3.weight,307,layer3.4.conv3.weight_ch307,0.3961770534515381
layer3.5.conv3.weight,669,layer3.5.conv3.weight_ch669,0.3960393965244293
layer1.2.conv3.weight,72,layer1.2.conv3.weight_ch72,0.3957114517688751
layer4.0.conv3.weight,749,layer4.0.conv3.weight_ch749,0.38821738958358765
layer4.0.conv3.weight,1440,layer4.0.conv3.weight_ch1440,0.3879576623439789
layer4.0.conv3.weight,470,layer4.0.conv3.weight_ch470,0.3848930299282074
layer4.0.conv3.weight,1434,layer4.0.conv3.weight_ch1434,0.38423269987106323
layer4.0.conv3.weight,1400,layer4.0.conv3.weight_ch1400,0.3837183713912964
layer3.2.conv3.weight,863,layer3.2.conv3.weight_ch863,0.3827182352542877
layer3.2.conv3.weight,923,layer3.2.conv3.weight_ch923,0.3816797435283661
layer1.2.conv3.weight,107,layer1.2.conv3.weight_ch107,0.38157254457473755
layer3.1.conv3.weight,246,layer3.1.conv3.weight_ch246,0.38022536039352417
layer4.0.conv3.weight,1064,layer4.0.conv3.weight_ch1064,0.37934908270835876
layer4.1.conv1.weight,312,layer4.1.conv1.weight_ch312,0.3767041563987732
layer4.0.conv3.weight,1608,layer4.0.conv3.weight_ch1608,0.37643229961395264
layer4.1.conv1.weight,218,layer4.1.conv1.weight_ch218,0.37638166546821594
layer4.0.conv3.weight,1968,layer4.0.conv3.weight_ch1968,0.37555545568466187
layer3.3.conv3.weight,439,layer3.3.conv3.weight_ch439,0.3741079866886139
layer3.1.conv3.weight,55,layer3.1.conv3.weight_ch55,0.37386366724967957
layer3.4.conv3.weight,1022,layer3.4.conv3.weight_ch1022,0.37344077229499817
layer4.0.conv3.weight,1031,layer4.0.conv3.weight_ch1031,0.372871458530426
layer3.5.conv3.weight,930,layer3.5.conv3.weight_ch930,0.3726861774921417
layer2.1.conv3.weight,502,layer2.1.conv3.weight_ch502,0.37265652418136597
layer3.5.conv3.weight,354,layer3.5.conv3.weight_ch354,0.3709624409675598
layer2.1.conv3.weight,404,layer2.1.conv3.weight_ch404,0.3708809018135071
layer4.0.conv3.weight,1556,layer4.0.conv3.weight_ch1556,0.3695441484451294
layer4.0.conv3.weight,580,layer4.0.conv3.weight_ch580,0.36666736006736755
layer4.0.conv3.weight,251,layer4.0.conv3.weight_ch251,0.36514315009117126
layer3.3.conv3.weight,712,layer3.3.conv3.weight_ch712,0.36343634128570557
layer2.1.conv3.weight,116,layer2.1.conv3.weight_ch116,0.362030029296875
layer3.0.conv3.weight,996,layer3.0.conv3.weight_ch996,0.3605010211467743
layer3.5.conv3.weight,265,layer3.5.conv3.weight_ch265,0.3603275418281555
layer3.0.conv3.weight,603,layer3.0.conv3.weight_ch603,0.3602679967880249
layer4.0.conv3.weight,607,layer4.0.conv3.weight_ch607,0.3569141626358032
layer3.5.conv3.weight,95,layer3.5.conv3.weight_ch95,0.35546451807022095
layer3.4.conv3.weight,333,layer3.4.conv3.weight_ch333,0.3537163734436035
layer1.2.conv3.weight,142,layer1.2.conv3.weight_ch142,0.3536466658115387
layer3.0.conv3.weight,169,layer3.0.conv3.weight_ch169,0.3529718518257141
layer3.1.conv3.weight,966,layer3.1.conv3.weight_ch966,0.35291340947151184
layer4.0.conv3.weight,1815,layer4.0.conv3.weight_ch1815,0.3517012596130371
layer3.3.conv3.weight,992,layer3.3.conv3.weight_ch992,0.3516300916671753
layer3.1.conv3.weight,636,layer3.1.conv3.weight_ch636,0.35131317377090454
layer3.5.conv3.weight,311,layer3.5.conv3.weight_ch311,0.34934505820274353
layer3.2.conv3.weight,499,layer3.2.conv3.weight_ch499,0.3463071584701538
layer3.4.conv3.weight,669,layer3.4.conv3.weight_ch669,0.34584668278694153
layer3.5.conv3.weight,464,layer3.5.conv3.weight_ch464,0.34450995922088623
layer4.0.conv3.weight,1342,layer4.0.conv3.weight_ch1342,0.3409090042114258
layer4.0.conv3.weight,1051,layer4.0.conv3.weight_ch1051,0.33995866775512695
layer4.0.conv3.weight,1510,layer4.0.conv3.weight_ch1510,0.3378056287765503
layer3.5.conv3.weight,123,layer3.5.conv3.weight_ch123,0.3372056186199188
layer3.5.conv3.weight,578,layer3.5.conv3.weight_ch578,0.33450746536254883
layer3.4.conv3.weight,161,layer3.4.conv3.weight_ch161,0.3340747654438019
layer3.3.conv3.weight,314,layer3.3.conv3.weight_ch314,0.33163583278656006
layer4.1.conv1.weight,182,layer4.1.conv1.weight_ch182,0.33162349462509155
layer4.0.conv3.weight,747,layer4.0.conv3.weight_ch747,0.32986193895339966
layer3.4.conv3.weight,541,layer3.4.conv3.weight_ch541,0.32962605357170105
layer3.5.conv3.weight,310,layer3.5.conv3.weight_ch310,0.32921385765075684
layer4.0.conv3.weight,1321,layer4.0.conv3.weight_ch1321,0.3279150128364563
layer3.5.conv3.weight,521,layer3.5.conv3.weight_ch521,0.32753580808639526
layer3.5.conv3.weight,805,layer3.5.conv3.weight_ch805,0.32584983110427856
layer4.1.conv1.weight,337,layer4.1.conv1.weight_ch337,0.32513853907585144
layer4.0.conv3.weight,49,layer4.0.conv3.weight_ch49,0.3245283365249634
layer4.0.conv3.weight,578,layer4.0.conv3.weight_ch578,0.323091596364975
layer3.1.conv3.weight,961,layer3.1.conv3.weight_ch961,0.32243281602859497
layer3.4.conv3.weight,836,layer3.4.conv3.weight_ch836,0.32039234042167664
layer3.1.conv3.weight,214,layer3.1.conv3.weight_ch214,0.3199823200702667
layer4.0.conv3.weight,625,layer4.0.conv3.weight_ch625,0.31876349449157715
layer4.0.conv3.weight,1914,layer4.0.conv3.weight_ch1914,0.3164850175380707
layer4.0.conv3.weight,158,layer4.0.conv3.weight_ch158,0.31627824902534485
layer3.4.conv3.weight,706,layer3.4.conv3.weight_ch706,0.31372830271720886
layer3.1.conv3.weight,724,layer3.1.conv3.weight_ch724,0.3115297853946686
layer4.1.conv1.weight,485,layer4.1.conv1.weight_ch485,0.30900686979293823
layer4.0.conv3.weight,241,layer4.0.conv3.weight_ch241,0.30793964862823486
layer3.4.conv3.weight,196,layer3.4.conv3.weight_ch196,0.30677008628845215
layer3.4.conv3.weight,788,layer3.4.conv3.weight_ch788,0.30675387382507324
layer4.0.conv3.weight,991,layer4.0.conv3.weight_ch991,0.30542975664138794
layer1.2.conv3.weight,17,layer1.2.conv3.weight_ch17,0.30330169200897217
layer4.1.conv1.weight,402,layer4.1.conv1.weight_ch402,0.30295151472091675
layer4.0.conv3.weight,1667,layer4.0.conv3.weight_ch1667,0.30202817916870117
layer3.1.conv3.weight,439,layer3.1.conv3.weight_ch439,0.30012035369873047
layer4.0.conv3.weight,1312,layer4.0.conv3.weight_ch1312,0.29994773864746094
layer4.0.conv3.weight,630,layer4.0.conv3.weight_ch630,0.2994735538959503
layer3.5.conv3.weight,188,layer3.5.conv3.weight_ch188,0.2980635166168213
layer3.1.conv3.weight,311,layer3.1.conv3.weight_ch311,0.2978507876396179
layer4.1.conv1.weight,314,layer4.1.conv1.weight_ch314,0.29733654856681824
layer4.0.conv3.weight,1934,layer4.0.conv3.weight_ch1934,0.29569393396377563
layer4.0.conv3.weight,742,layer4.0.conv3.weight_ch742,0.29226404428482056
layer4.0.conv3.weight,131,layer4.0.conv3.weight_ch131,0.2914602756500244
layer3.2.conv3.weight,449,layer3.2.conv3.weight_ch449,0.28952598571777344
layer3.5.conv3.weight,617,layer3.5.conv3.weight_ch617,0.28926971554756165
layer3.5.conv3.weight,383,layer3.5.conv3.weight_ch383,0.2873886823654175
layer3.0.conv3.weight,637,layer3.0.conv3.weight_ch637,0.28639140725135803
layer4.0.conv3.weight,787,layer4.0.conv3.weight_ch787,0.28600358963012695
layer3.4.conv3.weight,325,layer3.4.conv3.weight_ch325,0.28599196672439575
layer4.0.conv3.weight,1073,layer4.0.conv3.weight_ch1073,0.28547024726867676
layer3.5.conv3.weight,253,layer3.5.conv3.weight_ch253,0.2843035161495209
layer3.1.conv3.weight,268,layer3.1.conv3.weight_ch268,0.28413188457489014
layer3.1.conv3.weight,858,layer3.1.conv3.weight_ch858,0.28390568494796753
layer4.0.conv3.weight,167,layer4.0.conv3.weight_ch167,0.28220152854919434
layer4.0.conv3.weight,858,layer4.0.conv3.weight_ch858,0.2811570167541504
layer3.5.conv3.weight,686,layer3.5.conv3.weight_ch686,0.280659943819046
layer4.1.conv1.weight,135,layer4.1.conv1.weight_ch135,0.28023678064346313
layer3.2.conv3.weight,770,layer3.2.conv3.weight_ch770,0.2801794111728668
layer3.2.conv3.weight,567,layer3.2.conv3.weight_ch567,0.27995428442955017
layer3.1.conv3.weight,46,layer3.1.conv3.weight_ch46,0.276839017868042
layer4.0.conv3.weight,1199,layer4.0.conv3.weight_ch1199,0.2768087387084961
layer3.5.conv3.weight,199,layer3.5.conv3.weight_ch199,0.27082324028015137
layer4.0.conv3.weight,1322,layer4.0.conv3.weight_ch1322,0.2692146599292755
layer4.1.conv1.weight,6,layer4.1.conv1.weight_ch6,0.26508793234825134
layer3.1.conv3.weight,425,layer3.1.conv3.weight_ch425,0.2608523666858673
layer3.1.conv3.weight,295,layer3.1.conv3.weight_ch295,0.26065921783447266
layer4.0.conv3.weight,1908,layer4.0.conv3.weight_ch1908,0.26026883721351624
layer3.1.conv3.weight,903,layer3.1.conv3.weight_ch903,0.258808970451355
layer3.5.conv3.weight,139,layer3.5.conv3.weight_ch139,0.25691983103752136
layer3.5.conv3.weight,330,layer3.5.conv3.weight_ch330,0.25474244356155396
layer2.1.conv3.weight,53,layer2.1.conv3.weight_ch53,0.2544592022895813
layer4.0.conv3.weight,268,layer4.0.conv3.weight_ch268,0.2536945939064026
layer3.1.conv3.weight,606,layer3.1.conv3.weight_ch606,0.25167718529701233
layer2.1.conv3.weight,377,layer2.1.conv3.weight_ch377,0.2501525282859802
layer2.1.conv3.weight,148,layer2.1.conv3.weight_ch148,0.24981391429901123
layer4.0.conv3.weight,1067,layer4.0.conv3.weight_ch1067,0.2497948706150055
layer3.1.conv3.weight,61,layer3.1.conv3.weight_ch61,0.24928031861782074
layer4.0.conv3.weight,1160,layer4.0.conv3.weight_ch1160,0.2480718344449997
layer3.2.conv3.weight,1004,layer3.2.conv3.weight_ch1004,0.24743856489658356
layer4.0.conv3.weight,1032,layer4.0.conv3.weight_ch1032,0.24666014313697815
layer4.0.conv3.weight,970,layer4.0.conv3.weight_ch970,0.24631544947624207
layer4.1.conv1.weight,356,layer4.1.conv1.weight_ch356,0.2461504489183426
layer4.0.conv3.weight,1422,layer4.0.conv3.weight_ch1422,0.24526363611221313
layer3.5.conv3.weight,590,layer3.5.conv3.weight_ch590,0.24156421422958374
layer3.1.conv3.weight,502,layer3.1.conv3.weight_ch502,0.2405966967344284
layer3.1.conv3.weight,670,layer3.1.conv3.weight_ch670,0.2397114634513855
layer3.2.conv2.weight,253,layer3.2.conv2.weight_ch253,0.2396254539489746
layer4.0.conv3.weight,51,layer4.0.conv3.weight_ch51,0.23943249881267548
layer4.0.conv3.weight,756,layer4.0.conv3.weight_ch756,0.23729121685028076
layer4.1.conv1.weight,246,layer4.1.conv1.weight_ch246,0.23572932183742523
layer3.1.conv3.weight,484,layer3.1.conv3.weight_ch484,0.23547989130020142
layer4.1.conv1.weight,327,layer4.1.conv1.weight_ch327,0.23490574955940247
layer3.3.conv3.weight,875,layer3.3.conv3.weight_ch875,0.23434565961360931
layer3.5.conv3.weight,884,layer3.5.conv3.weight_ch884,0.2340134084224701
layer3.2.conv2.weight,145,layer3.2.conv2.weight_ch145,0.2333070933818817
layer3.1.conv3.weight,696,layer3.1.conv3.weight_ch696,0.23302552103996277
layer4.0.conv3.weight,13,layer4.0.conv3.weight_ch13,0.2328115999698639
layer4.0.conv3.weight,189,layer4.0.conv3.weight_ch189,0.23265400528907776
layer4.1.conv1.weight,184,layer4.1.conv1.weight_ch184,0.23228338360786438
layer3.5.conv3.weight,605,layer3.5.conv3.weight_ch605,0.22944027185440063
layer3.3.conv3.weight,199,layer3.3.conv3.weight_ch199,0.22871816158294678
layer3.5.conv3.weight,818,layer3.5.conv3.weight_ch818,0.2284005731344223
layer3.1.conv3.weight,237,layer3.1.conv3.weight_ch237,0.2276861071586609
layer3.1.conv3.weight,556,layer3.1.conv3.weight_ch556,0.2252872884273529
layer4.0.conv3.weight,168,layer4.0.conv3.weight_ch168,0.22424593567848206
layer3.1.conv3.weight,457,layer3.1.conv3.weight_ch457,0.2234974503517151
layer4.0.conv3.weight,1092,layer4.0.conv3.weight_ch1092,0.22342023253440857
layer3.4.conv3.weight,928,layer3.4.conv3.weight_ch928,0.22332391142845154
layer4.1.conv1.weight,448,layer4.1.conv1.weight_ch448,0.2220694124698639
layer4.0.conv3.weight,136,layer4.0.conv3.weight_ch136,0.22042681276798248
layer4.0.conv3.weight,305,layer4.0.conv3.weight_ch305,0.21988001465797424
layer4.1.conv1.weight,358,layer4.1.conv1.weight_ch358,0.2177046835422516
layer3.1.conv3.weight,759,layer3.1.conv3.weight_ch759,0.21669279038906097
layer4.0.conv3.weight,1847,layer4.0.conv3.weight_ch1847,0.21596235036849976
layer3.5.conv3.weight,134,layer3.5.conv3.weight_ch134,0.2155711054801941
layer2.1.conv3.weight,490,layer2.1.conv3.weight_ch490,0.21544818580150604
layer3.1.conv3.weight,203,layer3.1.conv3.weight_ch203,0.21345458924770355
layer3.2.conv3.weight,644,layer3.2.conv3.weight_ch644,0.21276582777500153
layer3.1.conv3.weight,302,layer3.1.conv3.weight_ch302,0.21197451651096344
layer4.1.conv1.weight,136,layer4.1.conv1.weight_ch136,0.21001982688903809
layer2.1.conv3.weight,254,layer2.1.conv3.weight_ch254,0.20979274809360504
layer3.2.conv3.weight,137,layer3.2.conv3.weight_ch137,0.20917586982250214
layer3.1.conv3.weight,677,layer3.1.conv3.weight_ch677,0.20772519707679749
layer3.5.conv3.weight,130,layer3.5.conv3.weight_ch130,0.2075427770614624
layer4.1.conv1.weight,488,layer4.1.conv1.weight_ch488,0.20746029913425446
layer3.3.conv3.weight,120,layer3.3.conv3.weight_ch120,0.20684152841567993
layer3.1.conv3.weight,962,layer3.1.conv3.weight_ch962,0.2054840326309204
layer2.1.conv3.weight,146,layer2.1.conv3.weight_ch146,0.20493721961975098
layer3.2.conv3.weight,391,layer3.2.conv3.weight_ch391,0.20446854829788208
layer3.0.conv3.weight,990,layer3.0.conv3.weight_ch990,0.20433002710342407
layer3.5.conv3.weight,321,layer3.5.conv3.weight_ch321,0.20261594653129578
layer3.2.conv3.weight,477,layer3.2.conv3.weight_ch477,0.20240311324596405
layer4.1.conv1.weight,490,layer4.1.conv1.weight_ch490,0.20197242498397827
layer3.1.conv3.weight,478,layer3.1.conv3.weight_ch478,0.20123769342899323
layer3.5.conv3.weight,440,layer3.5.conv3.weight_ch440,0.20109543204307556
layer4.1.conv1.weight,383,layer4.1.conv1.weight_ch383,0.19994418323040009
layer4.0.conv3.weight,1191,layer4.0.conv3.weight_ch1191,0.19783231616020203
layer4.0.conv3.weight,1272,layer4.0.conv3.weight_ch1272,0.19719909131526947
layer2.1.conv3.weight,415,layer2.1.conv3.weight_ch415,0.1961832195520401
layer4.0.conv3.weight,39,layer4.0.conv3.weight_ch39,0.19600188732147217
layer3.2.conv3.weight,325,layer3.2.conv3.weight_ch325,0.19561374187469482
layer4.0.conv3.weight,1923,layer4.0.conv3.weight_ch1923,0.1951064169406891
layer4.0.conv3.weight,560,layer4.0.conv3.weight_ch560,0.19446134567260742
layer3.1.conv3.weight,494,layer3.1.conv3.weight_ch494,0.1939704567193985
layer3.0.conv3.weight,44,layer3.0.conv3.weight_ch44,0.19205716252326965
layer3.2.conv3.weight,206,layer3.2.conv3.weight_ch206,0.19185665249824524
layer3.1.conv3.weight,871,layer3.1.conv3.weight_ch871,0.19062283635139465
layer4.0.conv3.weight,432,layer4.0.conv3.weight_ch432,0.18915893137454987
layer3.3.conv3.weight,682,layer3.3.conv3.weight_ch682,0.18841059505939484
layer4.0.conv3.weight,25,layer4.0.conv3.weight_ch25,0.1881009042263031
layer4.1.conv1.weight,409,layer4.1.conv1.weight_ch409,0.18786706030368805
layer4.0.conv3.weight,1505,layer4.0.conv3.weight_ch1505,0.18754667043685913
layer4.0.conv3.weight,2014,layer4.0.conv3.weight_ch2014,0.18709209561347961
layer3.1.conv3.weight,102,layer3.1.conv3.weight_ch102,0.1859101951122284
layer3.1.conv3.weight,938,layer3.1.conv3.weight_ch938,0.18470598757266998
layer3.2.conv3.weight,657,layer3.2.conv3.weight_ch657,0.18424773216247559
layer4.1.conv1.weight,400,layer4.1.conv1.weight_ch400,0.18395096063613892
layer3.5.conv3.weight,724,layer3.5.conv3.weight_ch724,0.18371596932411194
layer4.0.conv3.weight,1012,layer4.0.conv3.weight_ch1012,0.1809559017419815
layer4.0.conv3.weight,58,layer4.0.conv3.weight_ch58,0.18024441599845886
layer4.0.conv3.weight,570,layer4.0.conv3.weight_ch570,0.180209681391716
layer4.0.conv3.weight,1030,layer4.0.conv3.weight_ch1030,0.1785452961921692
layer3.5.conv3.weight,1000,layer3.5.conv3.weight_ch1000,0.17811991274356842
layer4.1.conv1.weight,75,layer4.1.conv1.weight_ch75,0.17808310687541962
layer3.1.conv3.weight,707,layer3.1.conv3.weight_ch707,0.1750745326280594
layer3.0.conv3.weight,1021,layer3.0.conv3.weight_ch1021,0.17263437807559967
layer3.5.conv3.weight,268,layer3.5.conv3.weight_ch268,0.17131423950195312
layer4.0.conv3.weight,1427,layer4.0.conv3.weight_ch1427,0.17064014077186584
layer3.1.conv3.weight,569,layer3.1.conv3.weight_ch569,0.17002727091312408
layer3.5.conv3.weight,588,layer3.5.conv3.weight_ch588,0.16852998733520508
layer4.1.conv1.weight,46,layer4.1.conv1.weight_ch46,0.1663220226764679
layer3.2.conv3.weight,696,layer3.2.conv3.weight_ch696,0.16534438729286194
layer4.1.conv1.weight,422,layer4.1.conv1.weight_ch422,0.16317464411258698
layer4.0.conv3.weight,564,layer4.0.conv3.weight_ch564,0.16240283846855164
layer4.0.conv3.weight,1129,layer4.0.conv3.weight_ch1129,0.16227507591247559
layer4.0.conv3.weight,1521,layer4.0.conv3.weight_ch1521,0.16191425919532776
layer3.5.conv3.weight,55,layer3.5.conv3.weight_ch55,0.1595420241355896
layer4.0.conv3.weight,2040,layer4.0.conv3.weight_ch2040,0.15944558382034302
layer4.0.conv3.weight,841,layer4.0.conv3.weight_ch841,0.15933887660503387
layer2.1.conv3.weight,195,layer2.1.conv3.weight_ch195,0.158717542886734
layer3.1.conv3.weight,462,layer3.1.conv3.weight_ch462,0.15861210227012634
layer4.0.conv3.weight,1156,layer4.0.conv3.weight_ch1156,0.15856347978115082
layer4.1.conv1.weight,13,layer4.1.conv1.weight_ch13,0.1581181138753891
layer4.0.conv3.weight,2021,layer4.0.conv3.weight_ch2021,0.15689584612846375
layer3.4.conv3.weight,321,layer3.4.conv3.weight_ch321,0.15655532479286194
layer4.1.conv1.weight,81,layer4.1.conv1.weight_ch81,0.154783695936203
layer3.1.conv3.weight,884,layer3.1.conv3.weight_ch884,0.15466158092021942
layer3.1.conv3.weight,120,layer3.1.conv3.weight_ch120,0.15389181673526764
layer3.0.conv3.weight,556,layer3.0.conv3.weight_ch556,0.1537245512008667
layer3.1.conv3.weight,310,layer3.1.conv3.weight_ch310,0.1533021628856659
layer3.2.conv3.weight,617,layer3.2.conv3.weight_ch617,0.1532304883003235
layer4.0.conv3.weight,1347,layer4.0.conv3.weight_ch1347,0.15233254432678223
layer3.1.conv3.weight,588,layer3.1.conv3.weight_ch588,0.1519121527671814
layer3.5.conv3.weight,548,layer3.5.conv3.weight_ch548,0.15177148580551147
layer3.5.conv3.weight,447,layer3.5.conv3.weight_ch447,0.15074002742767334
layer4.1.conv1.weight,74,layer4.1.conv1.weight_ch74,0.15059776604175568
layer4.0.conv3.weight,1762,layer4.0.conv3.weight_ch1762,0.15046478807926178
layer4.0.conv3.weight,669,layer4.0.conv3.weight_ch669,0.14922574162483215
layer4.1.conv1.weight,299,layer4.1.conv1.weight_ch299,0.14918357133865356
layer3.1.conv3.weight,782,layer3.1.conv3.weight_ch782,0.1487414836883545
layer3.0.conv3.weight,592,layer3.0.conv3.weight_ch592,0.1484280526638031
layer4.0.conv3.weight,1045,layer4.0.conv3.weight_ch1045,0.14837148785591125
layer4.0.conv3.weight,1432,layer4.0.conv3.weight_ch1432,0.14804160594940186
layer4.1.conv1.weight,61,layer4.1.conv1.weight_ch61,0.14776398241519928
layer4.1.conv1.weight,468,layer4.1.conv1.weight_ch468,0.1461610347032547
layer3.5.conv3.weight,657,layer3.5.conv3.weight_ch657,0.14587096869945526
layer4.0.conv3.weight,1899,layer4.0.conv3.weight_ch1899,0.1452288031578064
layer4.0.conv3.weight,1760,layer4.0.conv3.weight_ch1760,0.14508306980133057
layer3.2.conv3.weight,966,layer3.2.conv3.weight_ch966,0.1448318362236023
layer4.0.conv3.weight,680,layer4.0.conv3.weight_ch680,0.14475594460964203
layer2.1.conv3.weight,209,layer2.1.conv3.weight_ch209,0.14446456730365753
layer3.2.conv3.weight,97,layer3.2.conv3.weight_ch97,0.1442357450723648
layer4.0.conv3.weight,890,layer4.0.conv3.weight_ch890,0.14421342313289642
layer3.2.conv3.weight,195,layer3.2.conv3.weight_ch195,0.14354056119918823
layer4.0.conv3.weight,856,layer4.0.conv3.weight_ch856,0.1433388739824295
layer4.0.conv3.weight,1566,layer4.0.conv3.weight_ch1566,0.14326606690883636
layer3.5.conv3.weight,759,layer3.5.conv3.weight_ch759,0.1430506706237793
layer4.0.conv3.weight,1966,layer4.0.conv3.weight_ch1966,0.14263248443603516
layer3.1.conv3.weight,751,layer3.1.conv3.weight_ch751,0.1419249027967453
layer3.0.conv3.weight,590,layer3.0.conv3.weight_ch590,0.14177915453910828
layer3.0.conv3.weight,578,layer3.0.conv3.weight_ch578,0.14157527685165405
layer4.0.conv3.weight,1071,layer4.0.conv3.weight_ch1071,0.1415601372718811
layer3.1.conv3.weight,980,layer3.1.conv3.weight_ch980,0.14105628430843353
layer4.1.conv1.weight,281,layer4.1.conv1.weight_ch281,0.14100617170333862
layer3.3.conv3.weight,928,layer3.3.conv3.weight_ch928,0.14096105098724365
layer3.2.conv3.weight,511,layer3.2.conv3.weight_ch511,0.14075295627117157
layer4.0.conv3.weight,361,layer4.0.conv3.weight_ch361,0.14072901010513306
layer3.3.conv3.weight,855,layer3.3.conv3.weight_ch855,0.1404293179512024
layer4.0.conv3.weight,2029,layer4.0.conv3.weight_ch2029,0.14007548987865448
layer3.4.conv3.weight,855,layer3.4.conv3.weight_ch855,0.13997532427310944
layer4.1.conv1.weight,143,layer4.1.conv1.weight_ch143,0.1398816555738449
layer3.5.conv3.weight,980,layer3.5.conv3.weight_ch980,0.13978929817676544
layer4.0.conv3.weight,1280,layer4.0.conv3.weight_ch1280,0.1397877186536789
layer3.3.conv3.weight,782,layer3.3.conv3.weight_ch782,0.13925527036190033
layer3.2.conv3.weight,268,layer3.2.conv3.weight_ch268,0.1391756534576416
layer4.0.conv3.weight,1894,layer4.0.conv3.weight_ch1894,0.13908100128173828
layer3.1.conv3.weight,493,layer3.1.conv3.weight_ch493,0.13900703191757202
layer3.2.conv3.weight,1000,layer3.2.conv3.weight_ch1000,0.13888873159885406
layer4.1.conv1.weight,169,layer4.1.conv1.weight_ch169,0.1387188583612442
layer4.1.conv1.weight,156,layer4.1.conv1.weight_ch156,0.13869979977607727
layer4.0.conv3.weight,998,layer4.0.conv3.weight_ch998,0.13861282169818878
layer3.1.conv3.weight,408,layer3.1.conv3.weight_ch408,0.13856098055839539
layer2.1.conv3.weight,244,layer2.1.conv3.weight_ch244,0.1384388953447342
layer3.2.conv3.weight,494,layer3.2.conv3.weight_ch494,0.1383046805858612
layer4.1.conv1.weight,139,layer4.1.conv1.weight_ch139,0.1381382793188095
layer3.1.conv3.weight,590,layer3.1.conv3.weight_ch590,0.13808231055736542
layer4.0.conv3.weight,205,layer4.0.conv3.weight_ch205,0.13794948160648346
layer3.1.conv3.weight,855,layer3.1.conv3.weight_ch855,0.1378902792930603
layer4.0.conv3.weight,19,layer4.0.conv3.weight_ch19,0.1378345936536789
layer4.0.conv3.weight,77,layer4.0.conv3.weight_ch77,0.13761594891548157
layer3.2.conv3.weight,442,layer3.2.conv3.weight_ch442,0.1373857855796814
layer4.1.conv1.weight,158,layer4.1.conv1.weight_ch158,0.1373421549797058
layer3.0.conv3.weight,120,layer3.0.conv3.weight_ch120,0.13729286193847656
layer3.1.conv3.weight,837,layer3.1.conv3.weight_ch837,0.13721753656864166
layer4.1.conv1.weight,262,layer4.1.conv1.weight_ch262,0.1370643973350525
layer3.3.conv3.weight,521,layer3.3.conv3.weight_ch521,0.13672246038913727
layer4.1.conv1.weight,499,layer4.1.conv1.weight_ch499,0.13663046061992645
layer4.1.conv1.weight,510,layer4.1.conv1.weight_ch510,0.13648013770580292
layer4.1.conv1.weight,211,layer4.1.conv1.weight_ch211,0.1364545226097107
layer3.2.conv3.weight,990,layer3.2.conv3.weight_ch990,0.13638396561145782
layer3.0.conv3.weight,797,layer3.0.conv3.weight_ch797,0.13621777296066284
layer2.1.conv3.weight,38,layer2.1.conv3.weight_ch38,0.13621775805950165
layer2.1.conv3.weight,68,layer2.1.conv3.weight_ch68,0.13621774315834045
layer2.1.conv3.weight,381,layer2.1.conv3.weight_ch381,0.13621774315834045
layer3.2.conv3.weight,478,layer3.2.conv3.weight_ch478,0.13621774315834045
layer3.0.conv3.weight,882,layer3.0.conv3.weight_ch882,0.13621772825717926
layer3.2.conv3.weight,608,layer3.2.conv3.weight_ch608,0.13621772825717926
layer3.0.conv3.weight,437,layer3.0.conv3.weight_ch437,0.13621771335601807
layer3.0.conv3.weight,605,layer3.0.conv3.weight_ch605,0.13621771335601807
layer3.4.conv3.weight,478,layer3.4.conv3.weight_ch478,0.13621769845485687
layer2.1.conv3.weight,103,layer2.1.conv3.weight_ch103,0.13621769845485687
layer3.0.conv3.weight,839,layer3.0.conv3.weight_ch839,0.13621768355369568
layer3.0.conv3.weight,866,layer3.0.conv3.weight_ch866,0.13621768355369568
layer2.1.conv3.weight,51,layer2.1.conv3.weight_ch51,0.13621768355369568
layer4.0.conv3.weight,364,layer4.0.conv3.weight_ch364,0.13621768355369568
layer4.0.conv3.weight,1727,layer4.0.conv3.weight_ch1727,0.13621768355369568
layer4.0.conv3.weight,1765,layer4.0.conv3.weight_ch1765,0.13621768355369568
layer3.2.conv3.weight,707,layer3.2.conv3.weight_ch707,0.13621768355369568
layer3.0.conv3.weight,157,layer3.0.conv3.weight_ch157,0.13621766865253448
layer3.0.conv3.weight,941,layer3.0.conv3.weight_ch941,0.13621766865253448
layer3.0.conv3.weight,1002,layer3.0.conv3.weight_ch1002,0.13621766865253448
layer3.4.conv3.weight,837,layer3.4.conv3.weight_ch837,0.13621766865253448
layer4.0.conv3.weight,1143,layer4.0.conv3.weight_ch1143,0.13621766865253448
layer4.0.conv3.weight,1265,layer4.0.conv3.weight_ch1265,0.13621766865253448
layer3.0.conv3.weight,916,layer3.0.conv3.weight_ch916,0.1362176537513733
layer3.4.conv3.weight,731,layer3.4.conv3.weight_ch731,0.1362176537513733
layer2.1.conv3.weight,359,layer2.1.conv3.weight_ch359,0.1362176537513733
layer4.0.conv3.weight,185,layer4.0.conv3.weight_ch185,0.1362176537513733
layer4.0.conv3.weight,967,layer4.0.conv3.weight_ch967,0.1362176537513733
layer4.0.conv3.weight,972,layer4.0.conv3.weight_ch972,0.1362176537513733
layer4.0.conv3.weight,1651,layer4.0.conv3.weight_ch1651,0.1362176537513733
layer4.0.conv3.weight,1702,layer4.0.conv3.weight_ch1702,0.1362176537513733
layer4.0.conv3.weight,1719,layer4.0.conv3.weight_ch1719,0.1362176537513733
layer4.0.conv3.weight,1837,layer4.0.conv3.weight_ch1837,0.1362176537513733
layer4.1.conv1.weight,204,layer4.1.conv1.weight_ch204,0.1362176537513733
layer3.2.conv3.weight,123,layer3.2.conv3.weight_ch123,0.1362176537513733
layer3.5.conv3.weight,478,layer3.5.conv3.weight_ch478,0.1362176388502121
layer3.0.conv3.weight,623,layer3.0.conv3.weight_ch623,0.1362176388502121
layer4.0.conv3.weight,496,layer4.0.conv3.weight_ch496,0.1362176388502121
layer4.0.conv3.weight,766,layer4.0.conv3.weight_ch766,0.1362176388502121
layer4.0.conv3.weight,1341,layer4.0.conv3.weight_ch1341,0.1362176388502121
layer4.0.conv3.weight,1615,layer4.0.conv3.weight_ch1615,0.1362176388502121
layer4.1.conv1.weight,30,layer4.1.conv1.weight_ch30,0.1362176388502121
layer4.1.conv1.weight,118,layer4.1.conv1.weight_ch118,0.1362176388502121
layer4.1.conv1.weight,192,layer4.1.conv1.weight_ch192,0.1362176388502121
layer4.1.conv1.weight,399,layer4.1.conv1.weight_ch399,0.1362176388502121
layer3.2.conv3.weight,149,layer3.2.conv3.weight_ch149,0.1362176388502121
layer3.2.conv3.weight,310,layer3.2.conv3.weight_ch310,0.1362176388502121
layer3.2.conv3.weight,590,layer3.2.conv3.weight_ch590,0.1362176388502121
layer3.0.conv3.weight,7,layer3.0.conv3.weight_ch7,0.1362176239490509
layer3.0.conv3.weight,76,layer3.0.conv3.weight_ch76,0.1362176239490509
layer3.0.conv3.weight,85,layer3.0.conv3.weight_ch85,0.1362176239490509
layer3.0.conv3.weight,147,layer3.0.conv3.weight_ch147,0.1362176239490509
layer3.0.conv3.weight,201,layer3.0.conv3.weight_ch201,0.1362176239490509
layer3.0.conv3.weight,322,layer3.0.conv3.weight_ch322,0.1362176239490509
layer3.0.conv3.weight,458,layer3.0.conv3.weight_ch458,0.1362176239490509
layer3.0.conv3.weight,750,layer3.0.conv3.weight_ch750,0.1362176239490509
layer3.0.conv3.weight,924,layer3.0.conv3.weight_ch924,0.1362176239490509
layer3.1.conv3.weight,342,layer3.1.conv3.weight_ch342,0.1362176239490509
layer3.3.conv3.weight,606,layer3.3.conv3.weight_ch606,0.1362176239490509
layer4.0.conv3.weight,565,layer4.0.conv3.weight_ch565,0.1362176239490509
layer4.0.conv3.weight,1035,layer4.0.conv3.weight_ch1035,0.1362176239490509
layer3.2.conv3.weight,818,layer3.2.conv3.weight_ch818,0.1362176239490509
layer3.3.conv3.weight,825,layer3.3.conv3.weight_ch825,0.1362176090478897
layer2.1.conv3.weight,299,layer2.1.conv3.weight_ch299,0.1362176090478897
layer4.0.conv3.weight,1044,layer4.0.conv3.weight_ch1044,0.1362176090478897
layer4.1.conv1.weight,25,layer4.1.conv1.weight_ch25,0.1362176090478897
layer4.1.conv1.weight,80,layer4.1.conv1.weight_ch80,0.1362176090478897
layer3.2.conv3.weight,782,layer3.2.conv3.weight_ch782,0.1362176090478897
layer3.5.conv3.weight,149,layer3.5.conv3.weight_ch149,0.13621759414672852
layer3.0.conv3.weight,740,layer3.0.conv3.weight_ch740,0.13621759414672852
layer3.1.conv3.weight,316,layer3.1.conv3.weight_ch316,0.13621759414672852
layer3.1.conv3.weight,626,layer3.1.conv3.weight_ch626,0.13621759414672852
layer3.1.conv3.weight,750,layer3.1.conv3.weight_ch750,0.13621759414672852
layer3.4.conv3.weight,123,layer3.4.conv3.weight_ch123,0.13621759414672852
layer4.0.conv3.weight,271,layer4.0.conv3.weight_ch271,0.13621759414672852
layer4.0.conv3.weight,384,layer4.0.conv3.weight_ch384,0.13621759414672852
layer4.0.conv3.weight,1869,layer4.0.conv3.weight_ch1869,0.13621759414672852
layer4.1.conv1.weight,32,layer4.1.conv1.weight_ch32,0.13621759414672852
layer3.5.conv3.weight,46,layer3.5.conv3.weight_ch46,0.13621757924556732
layer4.0.conv3.weight,1187,layer4.0.conv3.weight_ch1187,0.13621757924556732
layer4.0.conv3.weight,1915,layer4.0.conv3.weight_ch1915,0.13621757924556732
layer3.1.conv3.weight,139,layer3.1.conv3.weight_ch139,0.13621756434440613
layer3.1.conv3.weight,149,layer3.1.conv3.weight_ch149,0.13621756434440613
layer3.3.conv3.weight,889,layer3.3.conv3.weight_ch889,0.13621756434440613
layer4.0.conv3.weight,358,layer4.0.conv3.weight_ch358,0.13621756434440613
layer3.2.conv3.weight,980,layer3.2.conv3.weight_ch980,0.13621756434440613
layer3.0.conv3.weight,342,layer3.0.conv3.weight_ch342,0.13621754944324493
layer3.1.conv3.weight,385,layer3.1.conv3.weight_ch385,0.13621754944324493
layer3.0.conv3.weight,308,layer3.0.conv3.weight_ch308,0.13621753454208374
layer3.1.conv3.weight,492,layer3.1.conv3.weight_ch492,0.13621753454208374
layer4.0.conv3.weight,976,layer4.0.conv3.weight_ch976,0.13621753454208374
layer3.0.conv3.weight,626,layer3.0.conv3.weight_ch626,0.13621751964092255
layer3.2.conv3.weight,147,layer3.2.conv3.weight_ch147,0.13621751964092255
layer3.0.conv3.weight,470,layer3.0.conv3.weight_ch470,0.13621750473976135
layer3.2.conv3.weight,556,layer3.2.conv3.weight_ch556,0.13620181381702423
layer3.2.conv3.weight,26,layer3.2.conv3.weight_ch26,0.13612329959869385
layer3.5.conv3.weight,875,layer3.5.conv3.weight_ch875,0.13599582016468048
layer4.0.conv3.weight,428,layer4.0.conv3.weight_ch428,0.13591846823692322
layer3.0.conv3.weight,873,layer3.0.conv3.weight_ch873,0.13568559288978577
layer3.0.conv3.weight,397,layer3.0.conv3.weight_ch397,0.13568556308746338
layer3.0.conv3.weight,854,layer3.0.conv3.weight_ch854,0.13568554818630219
layer3.0.conv3.weight,936,layer3.0.conv3.weight_ch936,0.1356855034828186
layer3.1.conv3.weight,147,layer3.1.conv3.weight_ch147,0.1356855034828186
layer3.0.conv3.weight,367,layer3.0.conv3.weight_ch367,0.13568547368049622
layer3.1.conv3.weight,405,layer3.1.conv3.weight_ch405,0.13515350222587585
layer2.1.conv3.weight,451,layer2.1.conv3.weight_ch451,0.13515348732471466
layer3.0.conv3.weight,343,layer3.0.conv3.weight_ch343,0.1351533979177475
layer3.0.conv3.weight,915,layer3.0.conv3.weight_ch915,0.13462139666080475
layer3.3.conv3.weight,147,layer3.3.conv3.weight_ch147,0.13462138175964355
layer3.0.conv3.weight,405,layer3.0.conv3.weight_ch405,0.13462132215499878
layer3.0.conv3.weight,316,layer3.0.conv3.weight_ch316,0.13462130725383759
layer3.0.conv3.weight,287,layer3.0.conv3.weight_ch287,0.1346212923526764
layer3.0.conv3.weight,291,layer3.0.conv3.weight_ch291,0.13408926129341125
layer3.0.conv3.weight,209,layer3.0.conv3.weight_ch209,0.13355717062950134
layer3.0.conv3.weight,969,layer3.0.conv3.weight_ch969,0.13249295949935913
layer2.1.conv3.weight,200,layer2.1.conv3.weight_ch200,0.130896657705307
layer3.0.conv3.weight,227,layer3.0.conv3.weight_ch227,0.12663987278938293
layer3.0.conv3.weight,827,layer3.0.conv3.weight_ch827,0.11812617629766464
layer3.0.conv3.weight,985,layer3.0.conv3.weight_ch985,0.11014468222856522
