layer_name,channel_index,channel_id,mean_relative_change
layer3.5.conv3.weight,666,layer3.5.conv3.weight_ch666,1038.7413330078125
layer2.1.conv3.weight,172,layer2.1.conv3.weight_ch172,646.6709594726562
layer4.0.conv3.weight,1771,layer4.0.conv3.weight_ch1771,483.3970031738281
layer4.1.conv1.weight,460,layer4.1.conv1.weight_ch460,434.10693359375
layer3.0.conv3.weight,226,layer3.0.conv3.weight_ch226,380.50323486328125
layer3.2.conv3.weight,366,layer3.2.conv3.weight_ch366,329.49176025390625
layer4.0.conv3.weight,1084,layer4.0.conv3.weight_ch1084,229.8480682373047
layer3.2.conv1.weight,187,layer3.2.conv1.weight_ch187,222.9998779296875
layer3.1.conv3.weight,376,layer3.1.conv3.weight_ch376,217.3839111328125
layer3.1.conv3.weight,32,layer3.1.conv3.weight_ch32,192.64122009277344
layer3.3.conv3.weight,909,layer3.3.conv3.weight_ch909,191.34722900390625
layer4.0.conv3.weight,1256,layer4.0.conv3.weight_ch1256,170.19805908203125
layer2.1.conv3.weight,496,layer2.1.conv3.weight_ch496,164.93199157714844
layer3.0.conv3.weight,501,layer3.0.conv3.weight_ch501,138.05093383789062
layer1.2.conv3.weight,47,layer1.2.conv3.weight_ch47,128.24197387695312
layer3.5.conv3.weight,359,layer3.5.conv3.weight_ch359,123.9289779663086
layer3.1.conv3.weight,577,layer3.1.conv3.weight_ch577,123.74146270751953
layer3.1.conv3.weight,877,layer3.1.conv3.weight_ch877,116.37627410888672
layer3.3.conv3.weight,142,layer3.3.conv3.weight_ch142,111.00386810302734
layer3.1.conv3.weight,187,layer3.1.conv3.weight_ch187,108.16830444335938
layer4.0.conv3.weight,0,layer4.0.conv3.weight_ch0,101.9716567993164
layer3.3.conv3.weight,1017,layer3.3.conv3.weight_ch1017,101.9368667602539
layer2.3.conv2.weight,102,layer2.3.conv2.weight_ch102,101.31001281738281
layer3.2.conv3.weight,601,layer3.2.conv3.weight_ch601,97.02430725097656
layer2.0.conv1.weight,92,layer2.0.conv1.weight_ch92,91.03584289550781
layer4.1.conv1.weight,489,layer4.1.conv1.weight_ch489,91.03096771240234
layer3.2.conv2.weight,172,layer3.2.conv2.weight_ch172,89.93421936035156
layer2.0.conv2.weight,113,layer2.0.conv2.weight_ch113,89.11123657226562
layer3.0.conv3.weight,1016,layer3.0.conv3.weight_ch1016,88.97864532470703
layer3.0.conv2.weight,129,layer3.0.conv2.weight_ch129,75.26587677001953
layer4.0.conv3.weight,150,layer4.0.conv3.weight_ch150,65.6866455078125
layer4.0.conv3.weight,1462,layer4.0.conv3.weight_ch1462,65.37284088134766
layer3.3.conv3.weight,576,layer3.3.conv3.weight_ch576,64.7354507446289
layer3.2.conv1.weight,240,layer3.2.conv1.weight_ch240,63.41151809692383
layer3.2.conv3.weight,106,layer3.2.conv3.weight_ch106,61.540035247802734
layer2.1.conv3.weight,147,layer2.1.conv3.weight_ch147,57.40419387817383
layer2.0.conv1.weight,34,layer2.0.conv1.weight_ch34,54.03456115722656
layer4.1.conv1.weight,24,layer4.1.conv1.weight_ch24,52.482948303222656
layer4.1.conv1.weight,213,layer4.1.conv1.weight_ch213,52.350215911865234
layer3.3.conv3.weight,70,layer3.3.conv3.weight_ch70,50.811012268066406
layer4.0.conv3.weight,1055,layer4.0.conv3.weight_ch1055,49.41977310180664
layer4.0.conv3.weight,1281,layer4.0.conv3.weight_ch1281,49.058937072753906
layer3.5.conv3.weight,935,layer3.5.conv3.weight_ch935,47.69671630859375
layer3.2.conv3.weight,254,layer3.2.conv3.weight_ch254,46.63300704956055
layer3.2.conv1.weight,68,layer3.2.conv1.weight_ch68,46.20426940917969
layer4.0.conv3.weight,1071,layer4.0.conv3.weight_ch1071,45.36448287963867
layer3.2.conv2.weight,131,layer3.2.conv2.weight_ch131,44.65426254272461
layer3.5.conv3.weight,653,layer3.5.conv3.weight_ch653,43.42964553833008
layer4.0.conv3.weight,91,layer4.0.conv3.weight_ch91,43.41365432739258
layer3.3.conv3.weight,367,layer3.3.conv3.weight_ch367,43.119441986083984
layer4.0.conv3.weight,49,layer4.0.conv3.weight_ch49,42.03013610839844
layer4.0.conv3.weight,523,layer4.0.conv3.weight_ch523,41.517826080322266
layer2.0.conv2.weight,6,layer2.0.conv2.weight_ch6,40.92646026611328
layer3.0.conv3.weight,628,layer3.0.conv3.weight_ch628,40.6795654296875
layer4.0.conv3.weight,1917,layer4.0.conv3.weight_ch1917,39.68819808959961
layer4.0.conv3.weight,1741,layer4.0.conv3.weight_ch1741,39.52760314941406
layer3.2.conv1.weight,179,layer3.2.conv1.weight_ch179,39.174659729003906
layer2.1.conv3.weight,250,layer2.1.conv3.weight_ch250,38.89136505126953
layer3.1.conv3.weight,328,layer3.1.conv3.weight_ch328,37.246253967285156
layer3.3.conv3.weight,628,layer3.3.conv3.weight_ch628,36.67424392700195
layer3.2.conv3.weight,668,layer3.2.conv3.weight_ch668,36.663204193115234
layer3.1.conv3.weight,44,layer3.1.conv3.weight_ch44,36.58465576171875
layer3.1.conv3.weight,501,layer3.1.conv3.weight_ch501,34.649513244628906
layer3.3.conv3.weight,566,layer3.3.conv3.weight_ch566,34.594486236572266
layer3.2.conv3.weight,834,layer3.2.conv3.weight_ch834,34.51396179199219
layer4.0.conv3.weight,836,layer4.0.conv3.weight_ch836,34.48493576049805
layer3.0.conv3.weight,803,layer3.0.conv3.weight_ch803,34.293880462646484
layer4.0.conv3.weight,813,layer4.0.conv3.weight_ch813,34.02531814575195
layer4.0.conv3.weight,1387,layer4.0.conv3.weight_ch1387,33.41299819946289
layer3.3.conv3.weight,844,layer3.3.conv3.weight_ch844,33.360191345214844
layer3.0.conv3.weight,1005,layer3.0.conv3.weight_ch1005,33.126243591308594
layer3.3.conv3.weight,253,layer3.3.conv3.weight_ch253,33.02886199951172
layer4.0.conv3.weight,1924,layer4.0.conv3.weight_ch1924,32.90278244018555
layer1.2.conv3.weight,184,layer1.2.conv3.weight_ch184,32.686058044433594
layer3.2.conv3.weight,164,layer3.2.conv3.weight_ch164,32.63787841796875
layer3.0.conv3.weight,708,layer3.0.conv3.weight_ch708,29.71661949157715
layer1.2.conv3.weight,247,layer1.2.conv3.weight_ch247,29.65949249267578
layer4.0.conv3.weight,578,layer4.0.conv3.weight_ch578,29.5661563873291
layer3.3.conv3.weight,140,layer3.3.conv3.weight_ch140,29.024560928344727
layer4.0.conv3.weight,1514,layer4.0.conv3.weight_ch1514,28.826045989990234
layer3.2.conv3.weight,496,layer3.2.conv3.weight_ch496,28.575178146362305
layer3.3.conv3.weight,710,layer3.3.conv3.weight_ch710,28.497966766357422
layer1.2.conv3.weight,203,layer1.2.conv3.weight_ch203,28.273305892944336
layer3.3.conv3.weight,824,layer3.3.conv3.weight_ch824,27.569656372070312
layer3.5.conv3.weight,834,layer3.5.conv3.weight_ch834,27.566936492919922
layer2.0.conv2.weight,21,layer2.0.conv2.weight_ch21,27.38861656188965
layer1.2.conv3.weight,90,layer1.2.conv3.weight_ch90,26.893230438232422
layer1.2.conv3.weight,145,layer1.2.conv3.weight_ch145,26.747365951538086
layer3.1.conv3.weight,528,layer3.1.conv3.weight_ch528,26.682579040527344
layer3.0.conv3.weight,616,layer3.0.conv3.weight_ch616,26.489530563354492
layer4.0.conv3.weight,863,layer4.0.conv3.weight_ch863,26.306272506713867
layer4.0.conv3.weight,1709,layer4.0.conv3.weight_ch1709,26.205167770385742
layer2.3.conv2.weight,86,layer2.3.conv2.weight_ch86,26.12565040588379
layer3.3.conv3.weight,835,layer3.3.conv3.weight_ch835,25.78848648071289
layer2.1.conv3.weight,127,layer2.1.conv3.weight_ch127,25.485645294189453
layer3.2.conv3.weight,241,layer3.2.conv3.weight_ch241,25.440813064575195
layer1.2.conv3.weight,135,layer1.2.conv3.weight_ch135,25.132347106933594
layer3.0.conv3.weight,576,layer3.0.conv3.weight_ch576,25.035581588745117
layer3.2.conv3.weight,552,layer3.2.conv3.weight_ch552,24.94508934020996
layer2.3.conv2.weight,64,layer2.3.conv2.weight_ch64,24.659786224365234
layer3.1.conv3.weight,445,layer3.1.conv3.weight_ch445,24.569580078125
layer4.1.conv1.weight,125,layer4.1.conv1.weight_ch125,24.492403030395508
layer3.0.conv2.weight,96,layer3.0.conv2.weight_ch96,22.642484664916992
layer3.0.conv3.weight,940,layer3.0.conv3.weight_ch940,22.623083114624023
layer3.0.conv3.weight,189,layer3.0.conv3.weight_ch189,22.554630279541016
layer3.5.conv3.weight,497,layer3.5.conv3.weight_ch497,22.554458618164062
layer4.1.conv1.weight,210,layer4.1.conv1.weight_ch210,22.550182342529297
layer3.0.conv3.weight,978,layer3.0.conv3.weight_ch978,22.52838897705078
layer3.2.conv2.weight,48,layer3.2.conv2.weight_ch48,22.18442153930664
layer3.0.conv3.weight,341,layer3.0.conv3.weight_ch341,21.96627426147461
layer3.1.conv3.weight,653,layer3.1.conv3.weight_ch653,21.91901206970215
layer3.0.conv3.weight,290,layer3.0.conv3.weight_ch290,21.91385841369629
layer3.2.conv3.weight,860,layer3.2.conv3.weight_ch860,21.77873992919922
layer3.2.conv3.weight,8,layer3.2.conv3.weight_ch8,21.716890335083008
layer3.1.conv3.weight,220,layer3.1.conv3.weight_ch220,21.708660125732422
layer3.2.conv3.weight,646,layer3.2.conv3.weight_ch646,21.631622314453125
layer3.3.conv3.weight,175,layer3.3.conv3.weight_ch175,21.51881217956543
layer3.3.conv3.weight,477,layer3.3.conv3.weight_ch477,21.277456283569336
layer4.0.conv3.weight,2002,layer4.0.conv3.weight_ch2002,21.22063636779785
layer3.3.conv3.weight,418,layer3.3.conv3.weight_ch418,21.052749633789062
layer3.2.conv3.weight,636,layer3.2.conv3.weight_ch636,21.0233097076416
layer3.0.conv2.weight,27,layer3.0.conv2.weight_ch27,20.883581161499023
layer3.5.conv3.weight,526,layer3.5.conv3.weight_ch526,20.783145904541016
layer3.3.conv3.weight,531,layer3.3.conv3.weight_ch531,20.479354858398438
layer3.5.conv3.weight,270,layer3.5.conv3.weight_ch270,20.409626007080078
layer2.1.conv3.weight,420,layer2.1.conv3.weight_ch420,20.17292594909668
layer2.1.conv3.weight,390,layer2.1.conv3.weight_ch390,20.132192611694336
layer3.2.conv2.weight,148,layer3.2.conv2.weight_ch148,20.067310333251953
layer3.3.conv3.weight,865,layer3.3.conv3.weight_ch865,19.88916778564453
layer3.5.conv3.weight,119,layer3.5.conv3.weight_ch119,19.834976196289062
layer3.1.conv3.weight,986,layer3.1.conv3.weight_ch986,19.797929763793945
layer4.0.conv3.weight,397,layer4.0.conv3.weight_ch397,19.618593215942383
layer3.3.conv3.weight,97,layer3.3.conv3.weight_ch97,19.55339813232422
layer3.3.conv3.weight,19,layer3.3.conv3.weight_ch19,19.248781204223633
layer4.0.conv3.weight,691,layer4.0.conv3.weight_ch691,18.884464263916016
layer3.0.conv3.weight,245,layer3.0.conv3.weight_ch245,18.87090492248535
layer4.0.conv3.weight,1660,layer4.0.conv3.weight_ch1660,18.738605499267578
layer4.1.conv1.weight,276,layer4.1.conv1.weight_ch276,18.125532150268555
layer2.1.conv3.weight,405,layer2.1.conv3.weight_ch405,18.078060150146484
layer2.1.conv3.weight,139,layer2.1.conv3.weight_ch139,18.054561614990234
layer3.0.conv3.weight,247,layer3.0.conv3.weight_ch247,18.050495147705078
layer4.0.conv3.weight,459,layer4.0.conv3.weight_ch459,17.892797470092773
layer3.3.conv3.weight,529,layer3.3.conv3.weight_ch529,17.8619327545166
layer4.0.conv3.weight,88,layer4.0.conv3.weight_ch88,17.834806442260742
layer4.0.conv3.weight,690,layer4.0.conv3.weight_ch690,17.79630470275879
layer3.2.conv3.weight,347,layer3.2.conv3.weight_ch347,17.71772003173828
layer4.0.conv3.weight,925,layer4.0.conv3.weight_ch925,17.564863204956055
layer4.1.conv1.weight,324,layer4.1.conv1.weight_ch324,17.30955696105957
layer3.2.conv3.weight,903,layer3.2.conv3.weight_ch903,17.2384033203125
layer4.0.conv3.weight,1288,layer4.0.conv3.weight_ch1288,17.14864158630371
layer3.0.conv3.weight,104,layer3.0.conv3.weight_ch104,17.06266975402832
layer3.0.conv3.weight,307,layer3.0.conv3.weight_ch307,17.042678833007812
layer4.0.conv3.weight,1637,layer4.0.conv3.weight_ch1637,16.593183517456055
layer3.3.conv3.weight,291,layer3.3.conv3.weight_ch291,16.474157333374023
layer3.2.conv3.weight,451,layer3.2.conv3.weight_ch451,16.40504264831543
layer1.2.conv3.weight,83,layer1.2.conv3.weight_ch83,16.330307006835938
layer3.1.conv3.weight,91,layer3.1.conv3.weight_ch91,16.233156204223633
layer3.2.conv1.weight,71,layer3.2.conv1.weight_ch71,16.074697494506836
layer3.0.conv3.weight,463,layer3.0.conv3.weight_ch463,15.77730655670166
layer3.0.conv3.weight,890,layer3.0.conv3.weight_ch890,15.764150619506836
layer3.3.conv3.weight,753,layer3.3.conv3.weight_ch753,15.645393371582031
layer4.0.conv3.weight,1413,layer4.0.conv3.weight_ch1413,15.625645637512207
layer3.1.conv3.weight,583,layer3.1.conv3.weight_ch583,15.611760139465332
layer2.0.conv1.weight,80,layer2.0.conv1.weight_ch80,15.38326644897461
layer4.0.conv3.weight,1596,layer4.0.conv3.weight_ch1596,15.305008888244629
layer4.0.conv3.weight,948,layer4.0.conv3.weight_ch948,15.252568244934082
layer3.2.conv2.weight,149,layer3.2.conv2.weight_ch149,15.150858879089355
layer3.3.conv3.weight,321,layer3.3.conv3.weight_ch321,15.136140823364258
layer3.5.conv3.weight,713,layer3.5.conv3.weight_ch713,15.13107967376709
layer4.0.conv3.weight,1158,layer4.0.conv3.weight_ch1158,15.095043182373047
layer3.5.conv3.weight,43,layer3.5.conv3.weight_ch43,15.069772720336914
layer3.0.conv3.weight,760,layer3.0.conv3.weight_ch760,15.061373710632324
layer3.2.conv3.weight,43,layer3.2.conv3.weight_ch43,14.791589736938477
layer4.0.conv3.weight,860,layer4.0.conv3.weight_ch860,14.553342819213867
layer3.0.conv3.weight,947,layer3.0.conv3.weight_ch947,14.543384552001953
layer3.2.conv3.weight,689,layer3.2.conv3.weight_ch689,14.403894424438477
layer2.1.conv3.weight,466,layer2.1.conv3.weight_ch466,14.329277992248535
layer3.5.conv3.weight,190,layer3.5.conv3.weight_ch190,14.301948547363281
layer3.5.conv3.weight,926,layer3.5.conv3.weight_ch926,14.130467414855957
layer4.1.conv1.weight,222,layer4.1.conv1.weight_ch222,14.085271835327148
layer4.1.conv1.weight,50,layer4.1.conv1.weight_ch50,14.065614700317383
layer3.1.conv3.weight,771,layer3.1.conv3.weight_ch771,13.939743995666504
layer3.0.conv3.weight,430,layer3.0.conv3.weight_ch430,13.921096801757812
layer3.2.conv3.weight,57,layer3.2.conv3.weight_ch57,13.914168357849121
layer3.2.conv3.weight,688,layer3.2.conv3.weight_ch688,13.890092849731445
layer2.0.conv2.weight,47,layer2.0.conv2.weight_ch47,13.884298324584961
layer3.1.conv3.weight,15,layer3.1.conv3.weight_ch15,13.872138023376465
layer4.0.conv3.weight,1376,layer4.0.conv3.weight_ch1376,13.777177810668945
layer3.5.conv3.weight,357,layer3.5.conv3.weight_ch357,13.649588584899902
layer3.2.conv3.weight,127,layer3.2.conv3.weight_ch127,13.64407730102539
layer4.0.conv3.weight,1363,layer4.0.conv3.weight_ch1363,13.618067741394043
layer3.2.conv3.weight,526,layer3.2.conv3.weight_ch526,13.60976505279541
layer3.1.conv3.weight,872,layer3.1.conv3.weight_ch872,13.59284496307373
layer4.0.conv3.weight,1484,layer4.0.conv3.weight_ch1484,13.587502479553223
layer3.5.conv3.weight,114,layer3.5.conv3.weight_ch114,13.584259986877441
layer4.0.conv3.weight,1039,layer4.0.conv3.weight_ch1039,13.582770347595215
layer3.2.conv3.weight,312,layer3.2.conv3.weight_ch312,13.561367988586426
layer3.5.conv3.weight,484,layer3.5.conv3.weight_ch484,13.47081184387207
layer3.2.conv3.weight,624,layer3.2.conv3.weight_ch624,13.411026000976562
layer3.3.conv3.weight,219,layer3.3.conv3.weight_ch219,13.38901424407959
layer4.0.conv3.weight,1656,layer4.0.conv3.weight_ch1656,13.314269065856934
layer3.2.conv3.weight,737,layer3.2.conv3.weight_ch737,13.200387001037598
layer3.3.conv3.weight,488,layer3.3.conv3.weight_ch488,13.130474090576172
layer4.0.conv3.weight,839,layer4.0.conv3.weight_ch839,13.076461791992188
layer3.0.conv2.weight,131,layer3.0.conv2.weight_ch131,13.022611618041992
layer3.3.conv3.weight,879,layer3.3.conv3.weight_ch879,13.01659870147705
layer4.0.conv3.weight,612,layer4.0.conv3.weight_ch612,12.922470092773438
layer1.2.conv3.weight,36,layer1.2.conv3.weight_ch36,12.911022186279297
layer3.5.conv3.weight,865,layer3.5.conv3.weight_ch865,12.671896934509277
layer3.0.conv3.weight,310,layer3.0.conv3.weight_ch310,12.66511344909668
layer4.0.conv3.weight,1813,layer4.0.conv3.weight_ch1813,12.613363265991211
layer2.0.conv1.weight,97,layer2.0.conv1.weight_ch97,12.498385429382324
layer4.0.conv3.weight,608,layer4.0.conv3.weight_ch608,12.47096061706543
layer3.5.conv3.weight,293,layer3.5.conv3.weight_ch293,12.271588325500488
layer3.5.conv3.weight,932,layer3.5.conv3.weight_ch932,12.226151466369629
layer4.0.conv3.weight,114,layer4.0.conv3.weight_ch114,12.206664085388184
layer3.3.conv3.weight,313,layer3.3.conv3.weight_ch313,12.142301559448242
layer4.0.conv3.weight,1604,layer4.0.conv3.weight_ch1604,12.08771800994873
layer2.1.conv3.weight,483,layer2.1.conv3.weight_ch483,12.020933151245117
layer3.2.conv3.weight,999,layer3.2.conv3.weight_ch999,12.005523681640625
layer3.5.conv3.weight,842,layer3.5.conv3.weight_ch842,11.988018989562988
layer2.0.conv2.weight,62,layer2.0.conv2.weight_ch62,11.980514526367188
layer4.1.conv1.weight,38,layer4.1.conv1.weight_ch38,11.977296829223633
layer3.1.conv3.weight,484,layer3.1.conv3.weight_ch484,11.881813049316406
layer3.1.conv3.weight,695,layer3.1.conv3.weight_ch695,11.880084991455078
layer4.0.conv3.weight,26,layer4.0.conv3.weight_ch26,11.85947322845459
layer3.3.conv3.weight,240,layer3.3.conv3.weight_ch240,11.796622276306152
layer3.5.conv3.weight,77,layer3.5.conv3.weight_ch77,11.74935245513916
layer2.1.conv3.weight,150,layer2.1.conv3.weight_ch150,11.608525276184082
layer4.0.conv3.weight,365,layer4.0.conv3.weight_ch365,11.590373039245605
layer4.0.conv3.weight,243,layer4.0.conv3.weight_ch243,11.574149131774902
layer4.0.conv3.weight,1672,layer4.0.conv3.weight_ch1672,11.56473159790039
layer1.2.conv3.weight,30,layer1.2.conv3.weight_ch30,11.550556182861328
layer4.1.conv1.weight,450,layer4.1.conv1.weight_ch450,11.469155311584473
layer4.0.conv3.weight,1791,layer4.0.conv3.weight_ch1791,11.443535804748535
layer4.0.conv3.weight,1366,layer4.0.conv3.weight_ch1366,11.376765251159668
layer3.2.conv3.weight,194,layer3.2.conv3.weight_ch194,11.289640426635742
layer3.5.conv3.weight,647,layer3.5.conv3.weight_ch647,11.273496627807617
layer4.1.conv1.weight,251,layer4.1.conv1.weight_ch251,11.271435737609863
layer3.0.conv3.weight,246,layer3.0.conv3.weight_ch246,11.2201509475708
layer4.0.conv3.weight,421,layer4.0.conv3.weight_ch421,11.188359260559082
layer4.0.conv3.weight,1072,layer4.0.conv3.weight_ch1072,11.151098251342773
layer4.0.conv3.weight,482,layer4.0.conv3.weight_ch482,11.150927543640137
layer3.2.conv1.weight,112,layer3.2.conv1.weight_ch112,11.142663955688477
layer3.0.conv3.weight,184,layer3.0.conv3.weight_ch184,11.137184143066406
layer2.1.conv3.weight,353,layer2.1.conv3.weight_ch353,11.119400024414062
layer3.1.conv3.weight,276,layer3.1.conv3.weight_ch276,10.9679536819458
layer3.5.conv3.weight,563,layer3.5.conv3.weight_ch563,10.966156959533691
layer3.2.conv3.weight,512,layer3.2.conv3.weight_ch512,10.934396743774414
layer3.0.conv3.weight,659,layer3.0.conv3.weight_ch659,10.840641021728516
layer2.1.conv3.weight,438,layer2.1.conv3.weight_ch438,10.72344970703125
layer2.1.conv3.weight,337,layer2.1.conv3.weight_ch337,10.667049407958984
layer3.0.conv3.weight,636,layer3.0.conv3.weight_ch636,10.62938117980957
layer3.2.conv3.weight,266,layer3.2.conv3.weight_ch266,10.60970401763916
layer4.0.conv3.weight,685,layer4.0.conv3.weight_ch685,10.595991134643555
layer4.0.conv3.weight,1121,layer4.0.conv3.weight_ch1121,10.56740665435791
layer3.5.conv3.weight,14,layer3.5.conv3.weight_ch14,10.528373718261719
layer4.0.conv3.weight,213,layer4.0.conv3.weight_ch213,10.527983665466309
layer4.0.conv3.weight,636,layer4.0.conv3.weight_ch636,10.514391899108887
layer3.3.conv3.weight,600,layer3.3.conv3.weight_ch600,10.359527587890625
layer3.5.conv3.weight,455,layer3.5.conv3.weight_ch455,10.28295612335205
layer4.1.conv1.weight,282,layer4.1.conv1.weight_ch282,10.241057395935059
layer3.2.conv3.weight,606,layer3.2.conv3.weight_ch606,10.210735321044922
layer4.0.conv3.weight,1956,layer4.0.conv3.weight_ch1956,10.168244361877441
layer3.3.conv3.weight,128,layer3.3.conv3.weight_ch128,10.162332534790039
layer3.2.conv3.weight,4,layer3.2.conv3.weight_ch4,10.07277774810791
layer3.5.conv3.weight,49,layer3.5.conv3.weight_ch49,10.037104606628418
layer3.1.conv3.weight,201,layer3.1.conv3.weight_ch201,10.015891075134277
layer2.1.conv3.weight,443,layer2.1.conv3.weight_ch443,9.953371047973633
layer4.0.conv3.weight,1065,layer4.0.conv3.weight_ch1065,9.925073623657227
layer4.0.conv3.weight,1222,layer4.0.conv3.weight_ch1222,9.905705451965332
layer4.0.conv3.weight,818,layer4.0.conv3.weight_ch818,9.886117935180664
layer3.1.conv3.weight,596,layer3.1.conv3.weight_ch596,9.881624221801758
layer2.1.conv3.weight,284,layer2.1.conv3.weight_ch284,9.876163482666016
layer4.0.conv3.weight,1483,layer4.0.conv3.weight_ch1483,9.856457710266113
layer3.1.conv3.weight,448,layer3.1.conv3.weight_ch448,9.790245056152344
layer3.5.conv3.weight,483,layer3.5.conv3.weight_ch483,9.754173278808594
layer4.0.conv3.weight,934,layer4.0.conv3.weight_ch934,9.753308296203613
layer3.3.conv3.weight,456,layer3.3.conv3.weight_ch456,9.740047454833984
layer3.1.conv3.weight,786,layer3.1.conv3.weight_ch786,9.647171974182129
layer4.1.conv1.weight,307,layer4.1.conv1.weight_ch307,9.603379249572754
layer3.5.conv3.weight,816,layer3.5.conv3.weight_ch816,9.58900260925293
layer4.0.conv3.weight,449,layer4.0.conv3.weight_ch449,9.57925033569336
layer3.2.conv2.weight,71,layer3.2.conv2.weight_ch71,9.566030502319336
layer4.1.conv1.weight,415,layer4.1.conv1.weight_ch415,9.558359146118164
layer4.0.conv3.weight,388,layer4.0.conv3.weight_ch388,9.474859237670898
layer3.5.conv3.weight,817,layer3.5.conv3.weight_ch817,9.465539932250977
layer4.1.conv1.weight,392,layer4.1.conv1.weight_ch392,9.42819595336914
layer4.0.conv3.weight,171,layer4.0.conv3.weight_ch171,9.422411918640137
layer3.3.conv3.weight,668,layer3.3.conv3.weight_ch668,9.394051551818848
layer3.2.conv2.weight,235,layer3.2.conv2.weight_ch235,9.339838981628418
layer3.2.conv3.weight,210,layer3.2.conv3.weight_ch210,9.32677936553955
layer3.2.conv2.weight,190,layer3.2.conv2.weight_ch190,9.316940307617188
layer3.1.conv3.weight,35,layer3.1.conv3.weight_ch35,9.289273262023926
layer4.0.conv3.weight,125,layer4.0.conv3.weight_ch125,9.192813873291016
layer2.0.conv2.weight,78,layer2.0.conv2.weight_ch78,9.181507110595703
layer4.0.conv3.weight,124,layer4.0.conv3.weight_ch124,9.178255081176758
layer3.2.conv3.weight,591,layer3.2.conv3.weight_ch591,9.172059059143066
layer4.1.conv1.weight,371,layer4.1.conv1.weight_ch371,9.102082252502441
layer4.1.conv1.weight,296,layer4.1.conv1.weight_ch296,9.095959663391113
layer3.0.conv2.weight,154,layer3.0.conv2.weight_ch154,9.07214641571045
layer3.2.conv2.weight,45,layer3.2.conv2.weight_ch45,9.026944160461426
layer3.3.conv3.weight,259,layer3.3.conv3.weight_ch259,8.987060546875
layer3.5.conv3.weight,223,layer3.5.conv3.weight_ch223,8.981789588928223
layer3.1.conv3.weight,154,layer3.1.conv3.weight_ch154,8.971735000610352
layer4.0.conv3.weight,785,layer4.0.conv3.weight_ch785,8.952430725097656
layer4.0.conv3.weight,1273,layer4.0.conv3.weight_ch1273,8.940720558166504
layer3.3.conv3.weight,572,layer3.3.conv3.weight_ch572,8.902453422546387
layer3.5.conv3.weight,900,layer3.5.conv3.weight_ch900,8.86658763885498
layer3.2.conv1.weight,217,layer3.2.conv1.weight_ch217,8.839123725891113
layer1.2.conv3.weight,105,layer1.2.conv3.weight_ch105,8.788034439086914
layer4.0.conv3.weight,1576,layer4.0.conv3.weight_ch1576,8.783117294311523
layer3.0.conv3.weight,518,layer3.0.conv3.weight_ch518,8.767190933227539
layer2.0.conv1.weight,91,layer2.0.conv1.weight_ch91,8.761871337890625
layer3.0.conv2.weight,90,layer3.0.conv2.weight_ch90,8.725700378417969
layer3.5.conv3.weight,536,layer3.5.conv3.weight_ch536,8.716472625732422
layer3.0.conv3.weight,243,layer3.0.conv3.weight_ch243,8.7013521194458
layer3.0.conv3.weight,688,layer3.0.conv3.weight_ch688,8.699258804321289
layer3.2.conv2.weight,146,layer3.2.conv2.weight_ch146,8.66089916229248
layer4.1.conv1.weight,89,layer4.1.conv1.weight_ch89,8.654075622558594
layer3.2.conv3.weight,213,layer3.2.conv3.weight_ch213,8.535886764526367
layer3.2.conv1.weight,214,layer3.2.conv1.weight_ch214,8.535870552062988
layer3.1.conv3.weight,671,layer3.1.conv3.weight_ch671,8.53537654876709
layer4.0.conv3.weight,312,layer4.0.conv3.weight_ch312,8.521480560302734
layer3.2.conv3.weight,721,layer3.2.conv3.weight_ch721,8.498111724853516
layer3.1.conv3.weight,252,layer3.1.conv3.weight_ch252,8.483469009399414
layer3.5.conv3.weight,936,layer3.5.conv3.weight_ch936,8.364275932312012
layer2.1.conv3.weight,141,layer2.1.conv3.weight_ch141,8.325989723205566
layer4.0.conv3.weight,1631,layer4.0.conv3.weight_ch1631,8.316262245178223
layer4.0.conv3.weight,1689,layer4.0.conv3.weight_ch1689,8.313100814819336
layer3.0.conv2.weight,220,layer3.0.conv2.weight_ch220,8.29654598236084
layer2.1.conv3.weight,129,layer2.1.conv3.weight_ch129,8.279861450195312
layer3.2.conv3.weight,576,layer3.2.conv3.weight_ch576,8.278663635253906
layer3.2.conv3.weight,279,layer3.2.conv3.weight_ch279,8.246538162231445
layer3.1.conv3.weight,260,layer3.1.conv3.weight_ch260,8.244644165039062
layer3.0.conv3.weight,976,layer3.0.conv3.weight_ch976,8.244571685791016
layer4.0.conv3.weight,1798,layer4.0.conv3.weight_ch1798,8.195714950561523
layer3.0.conv3.weight,964,layer3.0.conv3.weight_ch964,8.18903636932373
layer2.3.conv2.weight,73,layer2.3.conv2.weight_ch73,8.163594245910645
layer2.0.conv1.weight,95,layer2.0.conv1.weight_ch95,8.143636703491211
layer4.0.conv3.weight,1223,layer4.0.conv3.weight_ch1223,8.121870994567871
layer3.3.conv3.weight,614,layer3.3.conv3.weight_ch614,8.106240272521973
layer3.3.conv3.weight,713,layer3.3.conv3.weight_ch713,8.103384017944336
layer3.2.conv2.weight,124,layer3.2.conv2.weight_ch124,8.101701736450195
layer3.5.conv3.weight,51,layer3.5.conv3.weight_ch51,8.09023380279541
layer4.0.conv3.weight,1541,layer4.0.conv3.weight_ch1541,8.08239459991455
layer4.0.conv3.weight,1836,layer4.0.conv3.weight_ch1836,8.03244686126709
layer4.0.conv3.weight,237,layer4.0.conv3.weight_ch237,8.01953125
layer3.2.conv3.weight,10,layer3.2.conv3.weight_ch10,8.019259452819824
layer3.0.conv3.weight,382,layer3.0.conv3.weight_ch382,7.994785785675049
layer3.3.conv3.weight,29,layer3.3.conv3.weight_ch29,7.992760181427002
layer3.3.conv3.weight,235,layer3.3.conv3.weight_ch235,7.968885898590088
layer3.0.conv3.weight,767,layer3.0.conv3.weight_ch767,7.9624433517456055
layer3.2.conv3.weight,159,layer3.2.conv3.weight_ch159,7.944526195526123
layer4.0.conv3.weight,754,layer4.0.conv3.weight_ch754,7.9441819190979
layer3.3.conv3.weight,223,layer3.3.conv3.weight_ch223,7.901007175445557
layer3.0.conv2.weight,225,layer3.0.conv2.weight_ch225,7.900637149810791
layer3.3.conv3.weight,870,layer3.3.conv3.weight_ch870,7.8819122314453125
layer3.1.conv3.weight,242,layer3.1.conv3.weight_ch242,7.843408584594727
layer3.0.conv2.weight,203,layer3.0.conv2.weight_ch203,7.841114521026611
layer2.1.conv3.weight,307,layer2.1.conv3.weight_ch307,7.827775001525879
layer3.1.conv3.weight,184,layer3.1.conv3.weight_ch184,7.773645401000977
layer3.2.conv3.weight,888,layer3.2.conv3.weight_ch888,7.744534969329834
layer4.0.conv3.weight,1189,layer4.0.conv3.weight_ch1189,7.7420806884765625
layer1.2.conv3.weight,51,layer1.2.conv3.weight_ch51,7.715229034423828
layer3.1.conv3.weight,699,layer3.1.conv3.weight_ch699,7.697091102600098
layer3.1.conv3.weight,62,layer3.1.conv3.weight_ch62,7.6894001960754395
layer3.5.conv3.weight,376,layer3.5.conv3.weight_ch376,7.6717376708984375
layer3.3.conv3.weight,281,layer3.3.conv3.weight_ch281,7.657829761505127
layer2.1.conv3.weight,187,layer2.1.conv3.weight_ch187,7.646678924560547
layer2.0.conv1.weight,47,layer2.0.conv1.weight_ch47,7.645673751831055
layer3.2.conv3.weight,1019,layer3.2.conv3.weight_ch1019,7.6411919593811035
layer3.2.conv1.weight,103,layer3.2.conv1.weight_ch103,7.640221118927002
layer3.0.conv3.weight,304,layer3.0.conv3.weight_ch304,7.637166976928711
layer4.0.conv3.weight,1969,layer4.0.conv3.weight_ch1969,7.6111531257629395
layer4.0.conv3.weight,1076,layer4.0.conv3.weight_ch1076,7.591467380523682
layer3.5.conv3.weight,452,layer3.5.conv3.weight_ch452,7.579146385192871
layer4.1.conv1.weight,318,layer4.1.conv1.weight_ch318,7.562373161315918
layer4.1.conv1.weight,165,layer4.1.conv1.weight_ch165,7.547499656677246
layer3.2.conv3.weight,832,layer3.2.conv3.weight_ch832,7.527761459350586
layer3.1.conv3.weight,157,layer3.1.conv3.weight_ch157,7.524260997772217
layer4.0.conv3.weight,1999,layer4.0.conv3.weight_ch1999,7.523595809936523
layer3.0.conv2.weight,54,layer3.0.conv2.weight_ch54,7.498424053192139
layer4.0.conv3.weight,1155,layer4.0.conv3.weight_ch1155,7.479074478149414
layer4.0.conv3.weight,1379,layer4.0.conv3.weight_ch1379,7.458207130432129
layer3.3.conv3.weight,884,layer3.3.conv3.weight_ch884,7.4312052726745605
layer3.2.conv3.weight,546,layer3.2.conv3.weight_ch546,7.418393135070801
layer3.5.conv3.weight,856,layer3.5.conv3.weight_ch856,7.395261287689209
layer3.1.conv3.weight,24,layer3.1.conv3.weight_ch24,7.382122039794922
layer4.1.conv1.weight,417,layer4.1.conv1.weight_ch417,7.380795478820801
layer3.5.conv3.weight,613,layer3.5.conv3.weight_ch613,7.377111434936523
layer4.0.conv3.weight,1448,layer4.0.conv3.weight_ch1448,7.363481044769287
layer3.3.conv3.weight,721,layer3.3.conv3.weight_ch721,7.325546741485596
layer4.0.conv3.weight,1845,layer4.0.conv3.weight_ch1845,7.3040995597839355
layer4.0.conv3.weight,295,layer4.0.conv3.weight_ch295,7.295477390289307
layer3.3.conv3.weight,453,layer3.3.conv3.weight_ch453,7.286070823669434
layer4.0.conv3.weight,1972,layer4.0.conv3.weight_ch1972,7.280228614807129
layer2.1.conv3.weight,105,layer2.1.conv3.weight_ch105,7.25349760055542
layer3.1.conv3.weight,838,layer3.1.conv3.weight_ch838,7.245644569396973
layer3.0.conv3.weight,729,layer3.0.conv3.weight_ch729,7.236285209655762
layer3.3.conv3.weight,148,layer3.3.conv3.weight_ch148,7.215106010437012
layer3.2.conv3.weight,725,layer3.2.conv3.weight_ch725,7.190290451049805
layer2.1.conv3.weight,260,layer2.1.conv3.weight_ch260,7.13920259475708
layer3.1.conv3.weight,443,layer3.1.conv3.weight_ch443,7.135916709899902
layer1.2.conv3.weight,38,layer1.2.conv3.weight_ch38,7.134929180145264
layer3.1.conv3.weight,381,layer3.1.conv3.weight_ch381,7.090392112731934
layer4.0.conv3.weight,1597,layer4.0.conv3.weight_ch1597,7.088710308074951
layer3.3.conv3.weight,334,layer3.3.conv3.weight_ch334,7.071998596191406
layer3.0.conv2.weight,233,layer3.0.conv2.weight_ch233,7.068729877471924
layer3.2.conv3.weight,761,layer3.2.conv3.weight_ch761,7.067354679107666
layer3.3.conv3.weight,486,layer3.3.conv3.weight_ch486,7.063657283782959
layer3.2.conv2.weight,110,layer3.2.conv2.weight_ch110,7.042511940002441
layer3.0.conv3.weight,83,layer3.0.conv3.weight_ch83,7.040514945983887
layer3.2.conv3.weight,534,layer3.2.conv3.weight_ch534,7.026184558868408
layer3.1.conv3.weight,669,layer3.1.conv3.weight_ch669,6.961208343505859
layer3.2.conv3.weight,426,layer3.2.conv3.weight_ch426,6.960607528686523
layer3.3.conv3.weight,828,layer3.3.conv3.weight_ch828,6.958709239959717
layer3.1.conv3.weight,143,layer3.1.conv3.weight_ch143,6.952753067016602
layer3.3.conv3.weight,89,layer3.3.conv3.weight_ch89,6.951345920562744
layer3.0.conv2.weight,33,layer3.0.conv2.weight_ch33,6.949971675872803
layer3.5.conv3.weight,796,layer3.5.conv3.weight_ch796,6.948469638824463
layer4.0.conv3.weight,1118,layer4.0.conv3.weight_ch1118,6.926573276519775
layer3.3.conv3.weight,352,layer3.3.conv3.weight_ch352,6.921186447143555
layer4.0.conv3.weight,1424,layer4.0.conv3.weight_ch1424,6.903614044189453
layer3.2.conv1.weight,249,layer3.2.conv1.weight_ch249,6.89501953125
layer3.3.conv3.weight,724,layer3.3.conv3.weight_ch724,6.840325832366943
layer3.0.conv3.weight,406,layer3.0.conv3.weight_ch406,6.832175254821777
layer3.5.conv3.weight,635,layer3.5.conv3.weight_ch635,6.824209690093994
layer1.2.conv3.weight,220,layer1.2.conv3.weight_ch220,6.799184799194336
layer4.0.conv3.weight,960,layer4.0.conv3.weight_ch960,6.7867560386657715
layer3.0.conv3.weight,949,layer3.0.conv3.weight_ch949,6.785101890563965
layer4.1.conv1.weight,47,layer4.1.conv1.weight_ch47,6.7824225425720215
layer4.0.conv3.weight,1241,layer4.0.conv3.weight_ch1241,6.771153450012207
layer1.2.conv3.weight,61,layer1.2.conv3.weight_ch61,6.752295017242432
layer3.2.conv2.weight,105,layer3.2.conv2.weight_ch105,6.739206314086914
layer3.0.conv3.weight,29,layer3.0.conv3.weight_ch29,6.735604286193848
layer3.5.conv3.weight,864,layer3.5.conv3.weight_ch864,6.707815170288086
layer3.3.conv3.weight,590,layer3.3.conv3.weight_ch590,6.6755499839782715
layer4.0.conv3.weight,1401,layer4.0.conv3.weight_ch1401,6.643622398376465
layer4.0.conv3.weight,206,layer4.0.conv3.weight_ch206,6.642251014709473
layer3.2.conv2.weight,214,layer3.2.conv2.weight_ch214,6.61753511428833
layer4.0.conv3.weight,1137,layer4.0.conv3.weight_ch1137,6.615889549255371
layer4.0.conv3.weight,778,layer4.0.conv3.weight_ch778,6.608147621154785
layer3.3.conv3.weight,550,layer3.3.conv3.weight_ch550,6.598491668701172
layer4.0.conv3.weight,527,layer4.0.conv3.weight_ch527,6.59483528137207
layer3.1.conv3.weight,27,layer3.1.conv3.weight_ch27,6.585655689239502
layer1.2.conv3.weight,45,layer1.2.conv3.weight_ch45,6.580944538116455
layer3.2.conv3.weight,22,layer3.2.conv3.weight_ch22,6.575404167175293
layer3.1.conv3.weight,483,layer3.1.conv3.weight_ch483,6.57146692276001
layer4.1.conv1.weight,198,layer4.1.conv1.weight_ch198,6.5501322746276855
layer3.0.conv3.weight,652,layer3.0.conv3.weight_ch652,6.538459300994873
layer3.0.conv3.weight,489,layer3.0.conv3.weight_ch489,6.509988784790039
layer3.0.conv3.weight,327,layer3.0.conv3.weight_ch327,6.501838207244873
layer3.1.conv3.weight,741,layer3.1.conv3.weight_ch741,6.49776029586792
layer3.2.conv2.weight,119,layer3.2.conv2.weight_ch119,6.493564128875732
layer3.5.conv3.weight,358,layer3.5.conv3.weight_ch358,6.492348670959473
layer4.1.conv1.weight,503,layer4.1.conv1.weight_ch503,6.491212368011475
layer3.0.conv3.weight,824,layer3.0.conv3.weight_ch824,6.487178802490234
layer3.5.conv3.weight,159,layer3.5.conv3.weight_ch159,6.474419116973877
layer2.1.conv3.weight,83,layer2.1.conv3.weight_ch83,6.466098308563232
layer3.0.conv3.weight,301,layer3.0.conv3.weight_ch301,6.404417991638184
layer4.0.conv3.weight,2004,layer4.0.conv3.weight_ch2004,6.404132843017578
layer4.0.conv3.weight,1561,layer4.0.conv3.weight_ch1561,6.364518165588379
layer3.2.conv2.weight,181,layer3.2.conv2.weight_ch181,6.344982624053955
layer4.0.conv3.weight,382,layer4.0.conv3.weight_ch382,6.332736968994141
layer4.0.conv3.weight,1985,layer4.0.conv3.weight_ch1985,6.328767776489258
layer3.3.conv3.weight,533,layer3.3.conv3.weight_ch533,6.31355619430542
layer4.0.conv3.weight,1231,layer4.0.conv3.weight_ch1231,6.309220314025879
layer4.0.conv3.weight,962,layer4.0.conv3.weight_ch962,6.305092811584473
layer4.1.conv1.weight,380,layer4.1.conv1.weight_ch380,6.295287132263184
layer2.0.conv1.weight,72,layer2.0.conv1.weight_ch72,6.293302536010742
layer4.1.conv1.weight,291,layer4.1.conv1.weight_ch291,6.291344165802002
layer3.3.conv3.weight,507,layer3.3.conv3.weight_ch507,6.2895636558532715
layer3.0.conv2.weight,121,layer3.0.conv2.weight_ch121,6.284079074859619
layer3.5.conv3.weight,221,layer3.5.conv3.weight_ch221,6.276191711425781
layer2.1.conv3.weight,211,layer2.1.conv3.weight_ch211,6.269204616546631
layer4.1.conv1.weight,289,layer4.1.conv1.weight_ch289,6.238043308258057
layer4.1.conv1.weight,109,layer4.1.conv1.weight_ch109,6.236972808837891
layer1.2.conv3.weight,239,layer1.2.conv3.weight_ch239,6.2318434715271
layer2.1.conv3.weight,142,layer2.1.conv3.weight_ch142,6.219580173492432
layer3.3.conv3.weight,716,layer3.3.conv3.weight_ch716,6.216346740722656
layer3.1.conv3.weight,628,layer3.1.conv3.weight_ch628,6.212079048156738
layer3.0.conv2.weight,184,layer3.0.conv2.weight_ch184,6.204703330993652
layer3.3.conv3.weight,86,layer3.3.conv3.weight_ch86,6.202818870544434
layer4.0.conv3.weight,1274,layer4.0.conv3.weight_ch1274,6.1957197189331055
layer3.2.conv3.weight,509,layer3.2.conv3.weight_ch509,6.19180965423584
layer3.0.conv3.weight,901,layer3.0.conv3.weight_ch901,6.188955307006836
layer3.2.conv2.weight,129,layer3.2.conv2.weight_ch129,6.1688079833984375
layer4.0.conv3.weight,1786,layer4.0.conv3.weight_ch1786,6.168515682220459
layer4.1.conv1.weight,509,layer4.1.conv1.weight_ch509,6.15802001953125
layer3.2.conv3.weight,843,layer3.2.conv3.weight_ch843,6.152328014373779
layer3.3.conv3.weight,442,layer3.3.conv3.weight_ch442,6.148787498474121
layer4.0.conv3.weight,371,layer4.0.conv3.weight_ch371,6.141443252563477
layer3.2.conv3.weight,125,layer3.2.conv3.weight_ch125,6.140089988708496
layer2.3.conv2.weight,91,layer2.3.conv2.weight_ch91,6.139218807220459
layer4.0.conv3.weight,1485,layer4.0.conv3.weight_ch1485,6.133678436279297
layer1.2.conv3.weight,163,layer1.2.conv3.weight_ch163,6.131709575653076
layer2.1.conv3.weight,212,layer2.1.conv3.weight_ch212,6.127301216125488
layer3.2.conv3.weight,257,layer3.2.conv3.weight_ch257,6.126397609710693
layer3.3.conv3.weight,891,layer3.3.conv3.weight_ch891,6.118038177490234
layer4.1.conv1.weight,221,layer4.1.conv1.weight_ch221,6.115667343139648
layer3.2.conv3.weight,635,layer3.2.conv3.weight_ch635,6.111169815063477
layer3.3.conv3.weight,605,layer3.3.conv3.weight_ch605,6.0999932289123535
layer3.2.conv3.weight,262,layer3.2.conv3.weight_ch262,6.094659328460693
layer2.1.conv3.weight,18,layer2.1.conv3.weight_ch18,6.093799591064453
layer3.2.conv2.weight,91,layer3.2.conv2.weight_ch91,6.092469692230225
layer3.0.conv3.weight,11,layer3.0.conv3.weight_ch11,6.088502883911133
layer3.2.conv3.weight,409,layer3.2.conv3.weight_ch409,6.084473609924316
layer3.3.conv3.weight,431,layer3.3.conv3.weight_ch431,6.075415134429932
layer1.2.conv3.weight,92,layer1.2.conv3.weight_ch92,6.0703277587890625
layer1.2.conv3.weight,174,layer1.2.conv3.weight_ch174,6.038625240325928
layer3.0.conv3.weight,490,layer3.0.conv3.weight_ch490,6.03729248046875
layer4.1.conv1.weight,491,layer4.1.conv1.weight_ch491,6.0304131507873535
layer4.0.conv3.weight,282,layer4.0.conv3.weight_ch282,6.029636859893799
layer4.0.conv3.weight,1662,layer4.0.conv3.weight_ch1662,6.029066562652588
layer3.3.conv3.weight,76,layer3.3.conv3.weight_ch76,6.024609088897705
layer2.1.conv3.weight,380,layer2.1.conv3.weight_ch380,6.019447326660156
layer2.1.conv3.weight,331,layer2.1.conv3.weight_ch331,6.008949279785156
layer4.1.conv1.weight,121,layer4.1.conv1.weight_ch121,5.993711471557617
layer3.1.conv3.weight,852,layer3.1.conv3.weight_ch852,5.9911394119262695
layer4.0.conv3.weight,28,layer4.0.conv3.weight_ch28,5.96724796295166
layer3.0.conv2.weight,18,layer3.0.conv2.weight_ch18,5.966292858123779
layer4.0.conv3.weight,46,layer4.0.conv3.weight_ch46,5.96210241317749
layer4.0.conv3.weight,1210,layer4.0.conv3.weight_ch1210,5.959745407104492
layer3.2.conv1.weight,107,layer3.2.conv1.weight_ch107,5.92956018447876
layer4.1.conv1.weight,303,layer4.1.conv1.weight_ch303,5.927160739898682
layer4.0.conv3.weight,843,layer4.0.conv3.weight_ch843,5.915605068206787
layer3.2.conv3.weight,996,layer3.2.conv3.weight_ch996,5.9143147468566895
layer4.0.conv3.weight,1204,layer4.0.conv3.weight_ch1204,5.906795024871826
layer3.1.conv3.weight,396,layer3.1.conv3.weight_ch396,5.897566318511963
layer4.1.conv1.weight,341,layer4.1.conv1.weight_ch341,5.892055511474609
layer4.0.conv3.weight,1371,layer4.0.conv3.weight_ch1371,5.881837844848633
layer4.1.conv1.weight,233,layer4.1.conv1.weight_ch233,5.8791117668151855
layer4.0.conv3.weight,834,layer4.0.conv3.weight_ch834,5.873466968536377
layer4.0.conv3.weight,1553,layer4.0.conv3.weight_ch1553,5.864439964294434
layer4.0.conv3.weight,1767,layer4.0.conv3.weight_ch1767,5.851545810699463
layer2.1.conv3.weight,365,layer2.1.conv3.weight_ch365,5.850842475891113
layer3.5.conv3.weight,621,layer3.5.conv3.weight_ch621,5.84041690826416
layer3.0.conv3.weight,663,layer3.0.conv3.weight_ch663,5.839694023132324
layer3.3.conv3.weight,392,layer3.3.conv3.weight_ch392,5.834885597229004
layer3.5.conv3.weight,308,layer3.5.conv3.weight_ch308,5.832311153411865
layer4.0.conv3.weight,93,layer4.0.conv3.weight_ch93,5.8291239738464355
layer3.5.conv3.weight,590,layer3.5.conv3.weight_ch590,5.8287506103515625
layer3.1.conv3.weight,557,layer3.1.conv3.weight_ch557,5.804665565490723
layer3.2.conv2.weight,35,layer3.2.conv2.weight_ch35,5.798920154571533
layer3.2.conv2.weight,128,layer3.2.conv2.weight_ch128,5.797469139099121
layer4.0.conv3.weight,322,layer4.0.conv3.weight_ch322,5.793842315673828
layer3.3.conv3.weight,266,layer3.3.conv3.weight_ch266,5.785442352294922
layer3.3.conv3.weight,131,layer3.3.conv3.weight_ch131,5.779329776763916
layer3.5.conv3.weight,736,layer3.5.conv3.weight_ch736,5.7779645919799805
layer4.0.conv3.weight,1531,layer4.0.conv3.weight_ch1531,5.777602195739746
layer3.1.conv3.weight,828,layer3.1.conv3.weight_ch828,5.7745537757873535
layer3.5.conv3.weight,187,layer3.5.conv3.weight_ch187,5.773583889007568
layer4.0.conv3.weight,296,layer4.0.conv3.weight_ch296,5.770203113555908
layer3.0.conv3.weight,102,layer3.0.conv3.weight_ch102,5.763596057891846
layer4.1.conv1.weight,194,layer4.1.conv1.weight_ch194,5.761892318725586
layer3.2.conv1.weight,254,layer3.2.conv1.weight_ch254,5.752397060394287
layer4.0.conv3.weight,1050,layer4.0.conv3.weight_ch1050,5.752091884613037
layer4.0.conv3.weight,1690,layer4.0.conv3.weight_ch1690,5.748666763305664
layer4.1.conv1.weight,126,layer4.1.conv1.weight_ch126,5.739616394042969
layer3.2.conv3.weight,1,layer3.2.conv3.weight_ch1,5.724291801452637
layer3.5.conv3.weight,629,layer3.5.conv3.weight_ch629,5.717799186706543
layer3.0.conv3.weight,959,layer3.0.conv3.weight_ch959,5.716339588165283
layer3.3.conv3.weight,548,layer3.3.conv3.weight_ch548,5.710249900817871
layer3.2.conv3.weight,321,layer3.2.conv3.weight_ch321,5.710072040557861
layer3.0.conv3.weight,627,layer3.0.conv3.weight_ch627,5.701897621154785
layer3.0.conv3.weight,388,layer3.0.conv3.weight_ch388,5.693021774291992
layer1.2.conv3.weight,244,layer1.2.conv3.weight_ch244,5.68402099609375
layer3.2.conv3.weight,870,layer3.2.conv3.weight_ch870,5.683901786804199
layer3.1.conv3.weight,656,layer3.1.conv3.weight_ch656,5.680322170257568
layer4.0.conv3.weight,549,layer4.0.conv3.weight_ch549,5.657957077026367
layer3.2.conv3.weight,766,layer3.2.conv3.weight_ch766,5.657348155975342
layer3.3.conv3.weight,165,layer3.3.conv3.weight_ch165,5.64668083190918
layer3.2.conv3.weight,630,layer3.2.conv3.weight_ch630,5.643636226654053
layer3.2.conv3.weight,967,layer3.2.conv3.weight_ch967,5.637524127960205
layer3.2.conv3.weight,849,layer3.2.conv3.weight_ch849,5.636628150939941
layer3.1.conv3.weight,911,layer3.1.conv3.weight_ch911,5.631790637969971
layer4.1.conv1.weight,113,layer4.1.conv1.weight_ch113,5.623507976531982
layer3.3.conv3.weight,487,layer3.3.conv3.weight_ch487,5.62265682220459
layer2.1.conv3.weight,237,layer2.1.conv3.weight_ch237,5.611560344696045
layer3.0.conv3.weight,466,layer3.0.conv3.weight_ch466,5.609569549560547
layer3.1.conv3.weight,901,layer3.1.conv3.weight_ch901,5.601900577545166
layer4.0.conv3.weight,191,layer4.0.conv3.weight_ch191,5.601497650146484
layer3.1.conv3.weight,929,layer3.1.conv3.weight_ch929,5.580761909484863
layer3.0.conv3.weight,323,layer3.0.conv3.weight_ch323,5.575428485870361
layer3.2.conv3.weight,217,layer3.2.conv3.weight_ch217,5.573073387145996
layer4.0.conv3.weight,1896,layer4.0.conv3.weight_ch1896,5.549883842468262
layer1.2.conv3.weight,250,layer1.2.conv3.weight_ch250,5.5487060546875
layer3.0.conv3.weight,386,layer3.0.conv3.weight_ch386,5.546856880187988
layer4.0.conv3.weight,201,layer4.0.conv3.weight_ch201,5.534886837005615
layer3.2.conv1.weight,33,layer3.2.conv1.weight_ch33,5.533871650695801
layer3.2.conv1.weight,95,layer3.2.conv1.weight_ch95,5.523712158203125
layer4.0.conv3.weight,513,layer4.0.conv3.weight_ch513,5.515254974365234
layer3.0.conv3.weight,1020,layer3.0.conv3.weight_ch1020,5.512885570526123
layer3.1.conv3.weight,912,layer3.1.conv3.weight_ch912,5.502249240875244
layer2.0.conv1.weight,27,layer2.0.conv1.weight_ch27,5.502175331115723
layer4.0.conv3.weight,1520,layer4.0.conv3.weight_ch1520,5.4973039627075195
layer3.2.conv2.weight,11,layer3.2.conv2.weight_ch11,5.482429027557373
layer3.0.conv2.weight,161,layer3.0.conv2.weight_ch161,5.4747419357299805
layer3.2.conv3.weight,390,layer3.2.conv3.weight_ch390,5.463661193847656
layer3.1.conv3.weight,975,layer3.1.conv3.weight_ch975,5.458157539367676
layer3.0.conv3.weight,746,layer3.0.conv3.weight_ch746,5.4432597160339355
layer3.5.conv3.weight,622,layer3.5.conv3.weight_ch622,5.443063259124756
layer3.5.conv3.weight,218,layer3.5.conv3.weight_ch218,5.435262203216553
layer4.0.conv3.weight,183,layer4.0.conv3.weight_ch183,5.431005001068115
layer4.0.conv3.weight,416,layer4.0.conv3.weight_ch416,5.430023670196533
layer4.0.conv3.weight,66,layer4.0.conv3.weight_ch66,5.414960861206055
layer4.0.conv3.weight,698,layer4.0.conv3.weight_ch698,5.4136762619018555
layer4.0.conv3.weight,160,layer4.0.conv3.weight_ch160,5.399601459503174
layer3.2.conv3.weight,1007,layer3.2.conv3.weight_ch1007,5.395841598510742
layer4.0.conv3.weight,1539,layer4.0.conv3.weight_ch1539,5.3952717781066895
layer3.2.conv1.weight,229,layer3.2.conv1.weight_ch229,5.394116401672363
layer3.2.conv3.weight,240,layer3.2.conv3.weight_ch240,5.376200199127197
layer3.2.conv1.weight,236,layer3.2.conv1.weight_ch236,5.3694748878479
layer3.3.conv3.weight,102,layer3.3.conv3.weight_ch102,5.351857662200928
layer3.1.conv3.weight,949,layer3.1.conv3.weight_ch949,5.345351696014404
layer3.5.conv3.weight,185,layer3.5.conv3.weight_ch185,5.345347881317139
layer2.1.conv3.weight,324,layer2.1.conv3.weight_ch324,5.3401198387146
layer3.0.conv3.weight,725,layer3.0.conv3.weight_ch725,5.338662147521973
layer3.0.conv2.weight,242,layer3.0.conv2.weight_ch242,5.321723461151123
layer2.3.conv2.weight,20,layer2.3.conv2.weight_ch20,5.320259094238281
layer3.2.conv3.weight,182,layer3.2.conv3.weight_ch182,5.318594932556152
layer2.1.conv3.weight,373,layer2.1.conv3.weight_ch373,5.316290855407715
layer3.0.conv3.weight,362,layer3.0.conv3.weight_ch362,5.310390949249268
layer3.2.conv1.weight,34,layer3.2.conv1.weight_ch34,5.3006486892700195
layer2.1.conv3.weight,9,layer2.1.conv3.weight_ch9,5.294607639312744
layer3.0.conv3.weight,178,layer3.0.conv3.weight_ch178,5.287921905517578
layer2.1.conv3.weight,143,layer2.1.conv3.weight_ch143,5.279177665710449
layer2.1.conv3.weight,449,layer2.1.conv3.weight_ch449,5.276920318603516
layer4.0.conv3.weight,1122,layer4.0.conv3.weight_ch1122,5.270394325256348
layer3.2.conv3.weight,703,layer3.2.conv3.weight_ch703,5.263394355773926
layer3.1.conv3.weight,994,layer3.1.conv3.weight_ch994,5.251096725463867
layer3.0.conv2.weight,104,layer3.0.conv2.weight_ch104,5.247346878051758
layer3.1.conv3.weight,532,layer3.1.conv3.weight_ch532,5.246114730834961
layer3.0.conv3.weight,818,layer3.0.conv3.weight_ch818,5.2380475997924805
layer3.1.conv3.weight,685,layer3.1.conv3.weight_ch685,5.224759578704834
layer3.2.conv3.weight,363,layer3.2.conv3.weight_ch363,5.2225260734558105
layer3.2.conv1.weight,145,layer3.2.conv1.weight_ch145,5.221903324127197
layer3.2.conv3.weight,669,layer3.2.conv3.weight_ch669,5.214098930358887
layer4.0.conv3.weight,1108,layer4.0.conv3.weight_ch1108,5.201076984405518
layer3.5.conv3.weight,322,layer3.5.conv3.weight_ch322,5.198282241821289
layer4.0.conv3.weight,1777,layer4.0.conv3.weight_ch1777,5.197817802429199
layer3.0.conv3.weight,844,layer3.0.conv3.weight_ch844,5.185431957244873
layer3.0.conv2.weight,163,layer3.0.conv2.weight_ch163,5.182466506958008
layer3.2.conv2.weight,140,layer3.2.conv2.weight_ch140,5.172297954559326
layer3.2.conv3.weight,365,layer3.2.conv3.weight_ch365,5.159842491149902
layer3.3.conv3.weight,913,layer3.3.conv3.weight_ch913,5.157543659210205
layer3.3.conv3.weight,340,layer3.3.conv3.weight_ch340,5.152929306030273
layer4.0.conv3.weight,1172,layer4.0.conv3.weight_ch1172,5.1390061378479
layer3.0.conv3.weight,720,layer3.0.conv3.weight_ch720,5.135128021240234
layer4.0.conv3.weight,1800,layer4.0.conv3.weight_ch1800,5.126510143280029
layer3.1.conv3.weight,215,layer3.1.conv3.weight_ch215,5.126379489898682
layer3.5.conv3.weight,866,layer3.5.conv3.weight_ch866,5.111506462097168
layer3.3.conv3.weight,661,layer3.3.conv3.weight_ch661,5.1114606857299805
layer3.0.conv3.weight,679,layer3.0.conv3.weight_ch679,5.091454029083252
layer3.2.conv3.weight,907,layer3.2.conv3.weight_ch907,5.085732936859131
layer3.2.conv3.weight,450,layer3.2.conv3.weight_ch450,5.074857234954834
layer3.1.conv3.weight,573,layer3.1.conv3.weight_ch573,5.074484825134277
layer3.1.conv3.weight,839,layer3.1.conv3.weight_ch839,5.069586277008057
layer3.5.conv3.weight,977,layer3.5.conv3.weight_ch977,5.0687360763549805
layer3.1.conv3.weight,161,layer3.1.conv3.weight_ch161,5.066244602203369
layer4.1.conv1.weight,277,layer4.1.conv1.weight_ch277,5.059948921203613
layer3.2.conv1.weight,153,layer3.2.conv1.weight_ch153,5.0577216148376465
layer2.1.conv3.weight,236,layer2.1.conv3.weight_ch236,5.055911540985107
layer3.2.conv3.weight,754,layer3.2.conv3.weight_ch754,5.050958156585693
layer3.1.conv3.weight,561,layer3.1.conv3.weight_ch561,5.037142276763916
layer4.0.conv3.weight,1592,layer4.0.conv3.weight_ch1592,5.026973724365234
layer3.1.conv3.weight,81,layer3.1.conv3.weight_ch81,5.0204033851623535
layer4.0.conv3.weight,1530,layer4.0.conv3.weight_ch1530,5.019803524017334
layer4.1.conv1.weight,345,layer4.1.conv1.weight_ch345,5.017039775848389
layer4.0.conv3.weight,1506,layer4.0.conv3.weight_ch1506,5.016050815582275
layer3.0.conv3.weight,640,layer3.0.conv3.weight_ch640,5.0154900550842285
layer3.1.conv3.weight,539,layer3.1.conv3.weight_ch539,5.0084614753723145
layer3.0.conv3.weight,744,layer3.0.conv3.weight_ch744,5.000316143035889
layer3.2.conv3.weight,862,layer3.2.conv3.weight_ch862,4.994329452514648
layer3.2.conv3.weight,869,layer3.2.conv3.weight_ch869,4.968031406402588
layer4.0.conv3.weight,334,layer4.0.conv3.weight_ch334,4.96737003326416
layer3.2.conv3.weight,169,layer3.2.conv3.weight_ch169,4.954769611358643
layer4.1.conv1.weight,18,layer4.1.conv1.weight_ch18,4.946043491363525
layer3.5.conv3.weight,899,layer3.5.conv3.weight_ch899,4.940898418426514
layer3.3.conv3.weight,817,layer3.3.conv3.weight_ch817,4.937002182006836
layer3.0.conv3.weight,864,layer3.0.conv3.weight_ch864,4.934102535247803
layer3.0.conv3.weight,553,layer3.0.conv3.weight_ch553,4.927236557006836
layer3.0.conv3.weight,482,layer3.0.conv3.weight_ch482,4.918233394622803
layer3.2.conv3.weight,66,layer3.2.conv3.weight_ch66,4.91670560836792
layer3.0.conv3.weight,402,layer3.0.conv3.weight_ch402,4.913974761962891
layer3.2.conv2.weight,239,layer3.2.conv2.weight_ch239,4.9113945960998535
layer3.2.conv3.weight,780,layer3.2.conv3.weight_ch780,4.909156799316406
layer3.2.conv3.weight,573,layer3.2.conv3.weight_ch573,4.901888370513916
layer4.0.conv3.weight,1659,layer4.0.conv3.weight_ch1659,4.896991729736328
layer2.3.conv2.weight,56,layer2.3.conv2.weight_ch56,4.891561508178711
layer3.1.conv3.weight,304,layer3.1.conv3.weight_ch304,4.885185718536377
layer3.3.conv3.weight,994,layer3.3.conv3.weight_ch994,4.878394603729248
layer4.1.conv1.weight,151,layer4.1.conv1.weight_ch151,4.871530532836914
layer2.0.conv2.weight,110,layer2.0.conv2.weight_ch110,4.870999813079834
layer2.0.conv1.weight,89,layer2.0.conv1.weight_ch89,4.855948448181152
layer4.0.conv3.weight,30,layer4.0.conv3.weight_ch30,4.852638244628906
layer2.3.conv2.weight,51,layer2.3.conv2.weight_ch51,4.8502655029296875
layer4.1.conv1.weight,240,layer4.1.conv1.weight_ch240,4.840528964996338
layer3.2.conv3.weight,872,layer3.2.conv3.weight_ch872,4.839155673980713
layer1.2.conv3.weight,54,layer1.2.conv3.weight_ch54,4.833822727203369
layer4.0.conv3.weight,98,layer4.0.conv3.weight_ch98,4.833634376525879
layer3.5.conv3.weight,1,layer3.5.conv3.weight_ch1,4.823989391326904
layer3.1.conv3.weight,983,layer3.1.conv3.weight_ch983,4.823423862457275
layer3.5.conv3.weight,782,layer3.5.conv3.weight_ch782,4.818918228149414
layer2.1.conv3.weight,180,layer2.1.conv3.weight_ch180,4.81363582611084
layer3.2.conv2.weight,54,layer3.2.conv2.weight_ch54,4.811784744262695
layer4.0.conv3.weight,442,layer4.0.conv3.weight_ch442,4.806274890899658
layer3.1.conv3.weight,688,layer3.1.conv3.weight_ch688,4.805550575256348
layer2.3.conv2.weight,58,layer2.3.conv2.weight_ch58,4.802173137664795
layer4.0.conv3.weight,2001,layer4.0.conv3.weight_ch2001,4.801647663116455
layer3.1.conv3.weight,50,layer3.1.conv3.weight_ch50,4.798442363739014
layer3.1.conv3.weight,427,layer3.1.conv3.weight_ch427,4.794614315032959
layer3.2.conv3.weight,744,layer3.2.conv3.weight_ch744,4.789351463317871
layer4.0.conv3.weight,999,layer4.0.conv3.weight_ch999,4.788460731506348
layer3.3.conv3.weight,450,layer3.3.conv3.weight_ch450,4.786938667297363
layer3.5.conv3.weight,266,layer3.5.conv3.weight_ch266,4.786831855773926
layer4.0.conv3.weight,61,layer4.0.conv3.weight_ch61,4.78569221496582
layer3.0.conv3.weight,851,layer3.0.conv3.weight_ch851,4.780066967010498
layer3.1.conv3.weight,9,layer3.1.conv3.weight_ch9,4.77232551574707
layer4.0.conv3.weight,1887,layer4.0.conv3.weight_ch1887,4.771470546722412
layer3.0.conv2.weight,75,layer3.0.conv2.weight_ch75,4.771238327026367
layer3.2.conv3.weight,256,layer3.2.conv3.weight_ch256,4.7664618492126465
layer4.0.conv3.weight,1248,layer4.0.conv3.weight_ch1248,4.7650980949401855
layer3.2.conv3.weight,172,layer3.2.conv3.weight_ch172,4.758419513702393
layer3.0.conv3.weight,416,layer3.0.conv3.weight_ch416,4.753325939178467
layer3.3.conv3.weight,37,layer3.3.conv3.weight_ch37,4.747403144836426
layer3.0.conv3.weight,64,layer3.0.conv3.weight_ch64,4.745797634124756
layer4.0.conv3.weight,790,layer4.0.conv3.weight_ch790,4.7454729080200195
layer2.0.conv2.weight,101,layer2.0.conv2.weight_ch101,4.74260139465332
layer3.2.conv3.weight,319,layer3.2.conv3.weight_ch319,4.741106033325195
layer2.3.conv2.weight,15,layer2.3.conv2.weight_ch15,4.737869739532471
layer4.1.conv1.weight,247,layer4.1.conv1.weight_ch247,4.734256267547607
layer4.0.conv3.weight,259,layer4.0.conv3.weight_ch259,4.7253007888793945
layer4.1.conv1.weight,471,layer4.1.conv1.weight_ch471,4.710265159606934
layer4.1.conv1.weight,330,layer4.1.conv1.weight_ch330,4.706103801727295
layer4.0.conv3.weight,345,layer4.0.conv3.weight_ch345,4.691936492919922
layer3.5.conv3.weight,401,layer3.5.conv3.weight_ch401,4.691472053527832
layer4.0.conv3.weight,1491,layer4.0.conv3.weight_ch1491,4.691075325012207
layer3.5.conv3.weight,496,layer3.5.conv3.weight_ch496,4.688587665557861
layer3.1.conv3.weight,43,layer3.1.conv3.weight_ch43,4.687194347381592
layer4.1.conv1.weight,423,layer4.1.conv1.weight_ch423,4.680699348449707
layer2.3.conv2.weight,54,layer2.3.conv2.weight_ch54,4.6785101890563965
layer1.2.conv3.weight,77,layer1.2.conv3.weight_ch77,4.673303127288818
layer4.0.conv3.weight,1886,layer4.0.conv3.weight_ch1886,4.669341564178467
layer4.0.conv3.weight,1119,layer4.0.conv3.weight_ch1119,4.664939880371094
layer4.0.conv3.weight,208,layer4.0.conv3.weight_ch208,4.659919738769531
layer4.1.conv1.weight,507,layer4.1.conv1.weight_ch507,4.65776252746582
layer4.1.conv1.weight,466,layer4.1.conv1.weight_ch466,4.655604362487793
layer3.5.conv3.weight,385,layer3.5.conv3.weight_ch385,4.653417110443115
layer3.5.conv3.weight,727,layer3.5.conv3.weight_ch727,4.652315616607666
layer4.0.conv3.weight,468,layer4.0.conv3.weight_ch468,4.651190280914307
layer3.0.conv2.weight,174,layer3.0.conv2.weight_ch174,4.651163101196289
layer3.1.conv3.weight,733,layer3.1.conv3.weight_ch733,4.643628120422363
layer4.0.conv3.weight,1196,layer4.0.conv3.weight_ch1196,4.636852264404297
layer4.0.conv3.weight,1922,layer4.0.conv3.weight_ch1922,4.631959915161133
layer4.0.conv3.weight,2018,layer4.0.conv3.weight_ch2018,4.608562469482422
layer4.1.conv1.weight,107,layer4.1.conv1.weight_ch107,4.605554103851318
layer2.1.conv3.weight,265,layer2.1.conv3.weight_ch265,4.600152492523193
layer4.0.conv3.weight,1470,layer4.0.conv3.weight_ch1470,4.584366798400879
layer4.0.conv3.weight,956,layer4.0.conv3.weight_ch956,4.581716060638428
layer4.0.conv3.weight,423,layer4.0.conv3.weight_ch423,4.5779829025268555
layer3.2.conv2.weight,135,layer3.2.conv2.weight_ch135,4.572822570800781
layer3.1.conv3.weight,812,layer3.1.conv3.weight_ch812,4.572310447692871
layer3.2.conv1.weight,92,layer3.2.conv1.weight_ch92,4.569793224334717
layer4.0.conv3.weight,1383,layer4.0.conv3.weight_ch1383,4.563046455383301
layer3.5.conv3.weight,144,layer3.5.conv3.weight_ch144,4.562198638916016
layer3.2.conv1.weight,171,layer3.2.conv1.weight_ch171,4.548359394073486
layer3.1.conv3.weight,23,layer3.1.conv3.weight_ch23,4.544002056121826
layer3.0.conv3.weight,634,layer3.0.conv3.weight_ch634,4.54177713394165
layer4.0.conv3.weight,842,layer4.0.conv3.weight_ch842,4.539752960205078
layer3.1.conv3.weight,346,layer3.1.conv3.weight_ch346,4.5369110107421875
layer3.2.conv3.weight,1018,layer3.2.conv3.weight_ch1018,4.531964302062988
layer3.2.conv3.weight,221,layer3.2.conv3.weight_ch221,4.527393341064453
layer3.5.conv3.weight,54,layer3.5.conv3.weight_ch54,4.518520832061768
layer4.0.conv3.weight,1324,layer4.0.conv3.weight_ch1324,4.509664058685303
layer4.0.conv3.weight,330,layer4.0.conv3.weight_ch330,4.508881092071533
layer2.0.conv2.weight,98,layer2.0.conv2.weight_ch98,4.50837516784668
layer3.2.conv3.weight,824,layer3.2.conv3.weight_ch824,4.50087308883667
layer3.2.conv3.weight,301,layer3.2.conv3.weight_ch301,4.500447750091553
layer4.0.conv3.weight,579,layer4.0.conv3.weight_ch579,4.499051570892334
layer2.1.conv3.weight,431,layer2.1.conv3.weight_ch431,4.498575687408447
layer3.0.conv3.weight,334,layer3.0.conv3.weight_ch334,4.495939254760742
layer3.3.conv3.weight,470,layer3.3.conv3.weight_ch470,4.495245933532715
layer2.0.conv1.weight,24,layer2.0.conv1.weight_ch24,4.4948811531066895
layer3.0.conv2.weight,40,layer3.0.conv2.weight_ch40,4.493508815765381
layer3.2.conv2.weight,159,layer3.2.conv2.weight_ch159,4.481858730316162
layer4.1.conv1.weight,193,layer4.1.conv1.weight_ch193,4.473696708679199
layer3.3.conv3.weight,103,layer3.3.conv3.weight_ch103,4.472582817077637
layer3.5.conv3.weight,76,layer3.5.conv3.weight_ch76,4.471710681915283
layer3.2.conv3.weight,461,layer3.2.conv3.weight_ch461,4.469474792480469
layer3.2.conv3.weight,588,layer3.2.conv3.weight_ch588,4.467947483062744
layer3.2.conv3.weight,541,layer3.2.conv3.weight_ch541,4.467634201049805
layer3.1.conv3.weight,305,layer3.1.conv3.weight_ch305,4.466665267944336
layer3.0.conv3.weight,258,layer3.0.conv3.weight_ch258,4.464915752410889
layer4.0.conv3.weight,1006,layer4.0.conv3.weight_ch1006,4.462338924407959
layer4.0.conv3.weight,210,layer4.0.conv3.weight_ch210,4.461653232574463
layer3.2.conv3.weight,554,layer3.2.conv3.weight_ch554,4.454936981201172
layer4.0.conv3.weight,1157,layer4.0.conv3.weight_ch1157,4.453536033630371
layer4.0.conv3.weight,1859,layer4.0.conv3.weight_ch1859,4.453323841094971
layer3.3.conv3.weight,962,layer3.3.conv3.weight_ch962,4.4530816078186035
layer3.5.conv3.weight,331,layer3.5.conv3.weight_ch331,4.4523725509643555
layer3.2.conv3.weight,37,layer3.2.conv3.weight_ch37,4.451303005218506
layer2.0.conv1.weight,122,layer2.0.conv1.weight_ch122,4.45013427734375
layer3.5.conv3.weight,664,layer3.5.conv3.weight_ch664,4.44276237487793
layer4.0.conv3.weight,1766,layer4.0.conv3.weight_ch1766,4.436701774597168
layer4.0.conv3.weight,716,layer4.0.conv3.weight_ch716,4.434459686279297
layer4.0.conv3.weight,561,layer4.0.conv3.weight_ch561,4.433341979980469
layer4.0.conv3.weight,732,layer4.0.conv3.weight_ch732,4.431707382202148
layer2.1.conv3.weight,42,layer2.1.conv3.weight_ch42,4.428061485290527
layer2.1.conv3.weight,259,layer2.1.conv3.weight_ch259,4.425410747528076
layer4.1.conv1.weight,250,layer4.1.conv1.weight_ch250,4.422570705413818
layer3.3.conv3.weight,885,layer3.3.conv3.weight_ch885,4.418185234069824
layer4.0.conv3.weight,1332,layer4.0.conv3.weight_ch1332,4.416927814483643
layer3.3.conv3.weight,218,layer3.3.conv3.weight_ch218,4.413069248199463
layer3.1.conv3.weight,749,layer3.1.conv3.weight_ch749,4.400598526000977
layer3.2.conv1.weight,222,layer3.2.conv1.weight_ch222,4.397881984710693
layer3.1.conv3.weight,136,layer3.1.conv3.weight_ch136,4.394063949584961
layer3.0.conv3.weight,517,layer3.0.conv3.weight_ch517,4.392251014709473
layer3.0.conv3.weight,555,layer3.0.conv3.weight_ch555,4.391781806945801
layer3.0.conv3.weight,244,layer3.0.conv3.weight_ch244,4.389410972595215
layer2.1.conv3.weight,472,layer2.1.conv3.weight_ch472,4.388885498046875
layer4.0.conv3.weight,1942,layer4.0.conv3.weight_ch1942,4.388216972351074
layer2.1.conv3.weight,95,layer2.1.conv3.weight_ch95,4.387247085571289
layer1.2.conv3.weight,242,layer1.2.conv3.weight_ch242,4.3864336013793945
layer4.0.conv3.weight,1103,layer4.0.conv3.weight_ch1103,4.380385398864746
layer3.2.conv3.weight,405,layer3.2.conv3.weight_ch405,4.379694938659668
layer4.0.conv3.weight,722,layer4.0.conv3.weight_ch722,4.377253532409668
layer3.5.conv3.weight,42,layer3.5.conv3.weight_ch42,4.374396324157715
layer3.3.conv3.weight,410,layer3.3.conv3.weight_ch410,4.373568058013916
layer4.0.conv3.weight,78,layer4.0.conv3.weight_ch78,4.3708295822143555
layer3.5.conv3.weight,479,layer3.5.conv3.weight_ch479,4.366076469421387
layer3.2.conv3.weight,731,layer3.2.conv3.weight_ch731,4.364807605743408
layer2.0.conv1.weight,115,layer2.0.conv1.weight_ch115,4.362648010253906
layer3.2.conv3.weight,89,layer3.2.conv3.weight_ch89,4.3386006355285645
layer3.1.conv3.weight,567,layer3.1.conv3.weight_ch567,4.3363823890686035
layer3.0.conv3.weight,212,layer3.0.conv3.weight_ch212,4.334303855895996
layer4.0.conv3.weight,142,layer4.0.conv3.weight_ch142,4.329387187957764
layer3.2.conv3.weight,272,layer3.2.conv3.weight_ch272,4.326022148132324
layer2.1.conv3.weight,498,layer2.1.conv3.weight_ch498,4.323555946350098
layer3.0.conv2.weight,61,layer3.0.conv2.weight_ch61,4.323299884796143
layer3.3.conv3.weight,151,layer3.3.conv3.weight_ch151,4.317220211029053
layer3.2.conv3.weight,927,layer3.2.conv3.weight_ch927,4.30784273147583
layer3.1.conv3.weight,738,layer3.1.conv3.weight_ch738,4.306098937988281
layer3.3.conv3.weight,214,layer3.3.conv3.weight_ch214,4.301656246185303
layer4.1.conv1.weight,474,layer4.1.conv1.weight_ch474,4.30063009262085
layer3.1.conv3.weight,654,layer3.1.conv3.weight_ch654,4.297703742980957
layer3.0.conv2.weight,204,layer3.0.conv2.weight_ch204,4.29246187210083
layer3.0.conv3.weight,220,layer3.0.conv3.weight_ch220,4.283210754394531
layer4.0.conv3.weight,1752,layer4.0.conv3.weight_ch1752,4.279540538787842
layer4.0.conv3.weight,267,layer4.0.conv3.weight_ch267,4.278195858001709
layer3.3.conv3.weight,344,layer3.3.conv3.weight_ch344,4.274643421173096
layer3.0.conv3.weight,442,layer3.0.conv3.weight_ch442,4.273311138153076
layer1.2.conv3.weight,235,layer1.2.conv3.weight_ch235,4.269655704498291
layer3.0.conv3.weight,811,layer3.0.conv3.weight_ch811,4.2680888175964355
layer3.3.conv3.weight,33,layer3.3.conv3.weight_ch33,4.267395973205566
layer1.2.conv3.weight,237,layer1.2.conv3.weight_ch237,4.265517234802246
layer4.0.conv3.weight,1282,layer4.0.conv3.weight_ch1282,4.2614970207214355
layer4.0.conv3.weight,535,layer4.0.conv3.weight_ch535,4.2594895362854
layer2.1.conv3.weight,494,layer2.1.conv3.weight_ch494,4.258998394012451
layer4.0.conv3.weight,1951,layer4.0.conv3.weight_ch1951,4.257131099700928
layer2.0.conv1.weight,41,layer2.0.conv1.weight_ch41,4.252490043640137
layer4.0.conv3.weight,1193,layer4.0.conv3.weight_ch1193,4.252033710479736
layer2.1.conv3.weight,477,layer2.1.conv3.weight_ch477,4.241544723510742
layer3.3.conv3.weight,246,layer3.3.conv3.weight_ch246,4.236413955688477
layer4.1.conv1.weight,208,layer4.1.conv1.weight_ch208,4.236173629760742
layer3.3.conv3.weight,183,layer3.3.conv3.weight_ch183,4.235088348388672
layer3.2.conv3.weight,920,layer3.2.conv3.weight_ch920,4.232682704925537
layer4.0.conv3.weight,1243,layer4.0.conv3.weight_ch1243,4.228114128112793
layer2.3.conv2.weight,93,layer2.3.conv2.weight_ch93,4.226621150970459
layer4.0.conv3.weight,401,layer4.0.conv3.weight_ch401,4.22642707824707
layer4.0.conv3.weight,222,layer4.0.conv3.weight_ch222,4.222171783447266
layer4.0.conv3.weight,1904,layer4.0.conv3.weight_ch1904,4.219871997833252
layer4.0.conv3.weight,55,layer4.0.conv3.weight_ch55,4.217535495758057
layer4.0.conv3.weight,1472,layer4.0.conv3.weight_ch1472,4.213556289672852
layer3.1.conv3.weight,1012,layer3.1.conv3.weight_ch1012,4.205658912658691
layer3.0.conv3.weight,853,layer3.0.conv3.weight_ch853,4.1974778175354
layer2.1.conv3.weight,282,layer2.1.conv3.weight_ch282,4.197030067443848
layer3.2.conv3.weight,145,layer3.2.conv3.weight_ch145,4.192451477050781
layer3.2.conv1.weight,230,layer3.2.conv1.weight_ch230,4.185041904449463
layer3.3.conv3.weight,434,layer3.3.conv3.weight_ch434,4.181440353393555
layer3.2.conv3.weight,539,layer3.2.conv3.weight_ch539,4.177681922912598
layer4.0.conv3.weight,373,layer4.0.conv3.weight_ch373,4.174771308898926
layer3.3.conv3.weight,764,layer3.3.conv3.weight_ch764,4.170169830322266
layer2.3.conv2.weight,12,layer2.3.conv2.weight_ch12,4.166821479797363
layer3.0.conv2.weight,134,layer3.0.conv2.weight_ch134,4.1667070388793945
layer3.1.conv3.weight,791,layer3.1.conv3.weight_ch791,4.165896415710449
layer3.2.conv3.weight,480,layer3.2.conv3.weight_ch480,4.165839672088623
layer3.0.conv3.weight,878,layer3.0.conv3.weight_ch878,4.164773464202881
layer3.0.conv3.weight,624,layer3.0.conv3.weight_ch624,4.15835428237915
layer3.0.conv2.weight,213,layer3.0.conv2.weight_ch213,4.157405853271484
layer3.5.conv3.weight,982,layer3.5.conv3.weight_ch982,4.155693054199219
layer3.0.conv3.weight,284,layer3.0.conv3.weight_ch284,4.148693561553955
layer4.0.conv3.weight,1386,layer4.0.conv3.weight_ch1386,4.147305488586426
layer3.3.conv3.weight,948,layer3.3.conv3.weight_ch948,4.143002033233643
layer3.3.conv3.weight,345,layer3.3.conv3.weight_ch345,4.137951374053955
layer3.0.conv2.weight,206,layer3.0.conv2.weight_ch206,4.1283183097839355
layer4.0.conv3.weight,543,layer4.0.conv3.weight_ch543,4.127102851867676
layer3.3.conv3.weight,255,layer3.3.conv3.weight_ch255,4.12666654586792
layer3.0.conv3.weight,19,layer3.0.conv3.weight_ch19,4.123622417449951
layer4.1.conv1.weight,9,layer4.1.conv1.weight_ch9,4.119107723236084
layer3.5.conv3.weight,217,layer3.5.conv3.weight_ch217,4.1164116859436035
layer4.0.conv3.weight,1513,layer4.0.conv3.weight_ch1513,4.107573509216309
layer3.0.conv3.weight,834,layer3.0.conv3.weight_ch834,4.094710350036621
layer3.2.conv3.weight,295,layer3.2.conv3.weight_ch295,4.091554641723633
layer3.1.conv3.weight,37,layer3.1.conv3.weight_ch37,4.089595317840576
layer4.1.conv1.weight,92,layer4.1.conv1.weight_ch92,4.087799072265625
layer4.0.conv3.weight,1442,layer4.0.conv3.weight_ch1442,4.087371826171875
layer3.5.conv3.weight,774,layer3.5.conv3.weight_ch774,4.08659553527832
layer4.1.conv1.weight,21,layer4.1.conv1.weight_ch21,4.0818915367126465
layer3.3.conv3.weight,73,layer3.3.conv3.weight_ch73,4.078988552093506
layer3.3.conv3.weight,295,layer3.3.conv3.weight_ch295,4.077394008636475
layer3.3.conv3.weight,475,layer3.3.conv3.weight_ch475,4.074826240539551
layer3.5.conv3.weight,453,layer3.5.conv3.weight_ch453,4.065816402435303
layer4.0.conv3.weight,725,layer4.0.conv3.weight_ch725,4.065066814422607
layer3.1.conv3.weight,95,layer3.1.conv3.weight_ch95,4.061933517456055
layer3.2.conv1.weight,44,layer3.2.conv1.weight_ch44,4.061717987060547
layer3.0.conv3.weight,830,layer3.0.conv3.weight_ch830,4.051557540893555
layer4.1.conv1.weight,342,layer4.1.conv1.weight_ch342,4.050803184509277
layer4.0.conv3.weight,96,layer4.0.conv3.weight_ch96,4.046751499176025
layer3.2.conv3.weight,277,layer3.2.conv3.weight_ch277,4.043913841247559
layer4.0.conv3.weight,40,layer4.0.conv3.weight_ch40,4.042613983154297
layer4.1.conv1.weight,205,layer4.1.conv1.weight_ch205,4.041523456573486
layer4.0.conv3.weight,2030,layer4.0.conv3.weight_ch2030,4.0356669425964355
layer3.0.conv3.weight,938,layer3.0.conv3.weight_ch938,4.035595417022705
layer2.1.conv3.weight,403,layer2.1.conv3.weight_ch403,4.032376766204834
layer4.1.conv1.weight,306,layer4.1.conv1.weight_ch306,4.031896114349365
layer3.5.conv3.weight,68,layer3.5.conv3.weight_ch68,4.028283596038818
layer4.0.conv3.weight,342,layer4.0.conv3.weight_ch342,4.026861190795898
layer3.1.conv3.weight,1005,layer3.1.conv3.weight_ch1005,4.025938987731934
layer3.2.conv3.weight,949,layer3.2.conv3.weight_ch949,4.023414611816406
layer3.1.conv3.weight,461,layer3.1.conv3.weight_ch461,4.01697301864624
layer2.1.conv3.weight,145,layer2.1.conv3.weight_ch145,4.015504837036133
layer3.5.conv3.weight,19,layer3.5.conv3.weight_ch19,4.0153703689575195
layer4.0.conv3.weight,1697,layer4.0.conv3.weight_ch1697,4.012799263000488
layer3.2.conv3.weight,357,layer3.2.conv3.weight_ch357,4.006229877471924
layer2.1.conv3.weight,17,layer2.1.conv3.weight_ch17,4.003140926361084
layer2.0.conv2.weight,11,layer2.0.conv2.weight_ch11,4.002645492553711
layer3.2.conv2.weight,12,layer3.2.conv2.weight_ch12,4.002219200134277
layer3.3.conv3.weight,283,layer3.3.conv3.weight_ch283,4.001062870025635
layer3.2.conv3.weight,960,layer3.2.conv3.weight_ch960,3.9990875720977783
layer2.0.conv1.weight,127,layer2.0.conv1.weight_ch127,3.9950530529022217
layer3.2.conv3.weight,697,layer3.2.conv3.weight_ch697,3.993454694747925
layer2.0.conv2.weight,82,layer2.0.conv2.weight_ch82,3.989841938018799
layer3.0.conv3.weight,439,layer3.0.conv3.weight_ch439,3.9810914993286133
layer4.0.conv3.weight,1675,layer4.0.conv3.weight_ch1675,3.9730260372161865
layer3.0.conv3.weight,861,layer3.0.conv3.weight_ch861,3.972601890563965
layer4.0.conv3.weight,355,layer4.0.conv3.weight_ch355,3.9694266319274902
layer4.1.conv1.weight,63,layer4.1.conv1.weight_ch63,3.9622602462768555
layer3.3.conv3.weight,886,layer3.3.conv3.weight_ch886,3.9609084129333496
layer3.0.conv3.weight,981,layer3.0.conv3.weight_ch981,3.9607994556427
layer4.0.conv3.weight,1414,layer4.0.conv3.weight_ch1414,3.959972381591797
layer2.1.conv3.weight,74,layer2.1.conv3.weight_ch74,3.956089496612549
layer3.3.conv3.weight,774,layer3.3.conv3.weight_ch774,3.954660654067993
layer3.2.conv2.weight,227,layer3.2.conv2.weight_ch227,3.9501779079437256
layer4.1.conv1.weight,451,layer4.1.conv1.weight_ch451,3.947633743286133
layer3.1.conv3.weight,324,layer3.1.conv3.weight_ch324,3.9466781616210938
layer4.0.conv3.weight,109,layer4.0.conv3.weight_ch109,3.9440603256225586
layer3.3.conv3.weight,866,layer3.3.conv3.weight_ch866,3.937758684158325
layer4.0.conv3.weight,1645,layer4.0.conv3.weight_ch1645,3.930232048034668
layer3.0.conv3.weight,94,layer3.0.conv3.weight_ch94,3.929981231689453
layer3.2.conv3.weight,1001,layer3.2.conv3.weight_ch1001,3.9299802780151367
layer3.5.conv3.weight,5,layer3.5.conv3.weight_ch5,3.928053617477417
layer3.0.conv3.weight,874,layer3.0.conv3.weight_ch874,3.92739200592041
layer4.0.conv3.weight,689,layer4.0.conv3.weight_ch689,3.9263081550598145
layer4.0.conv3.weight,939,layer4.0.conv3.weight_ch939,3.920635461807251
layer3.2.conv3.weight,452,layer3.2.conv3.weight_ch452,3.916104316711426
layer3.5.conv3.weight,471,layer3.5.conv3.weight_ch471,3.9090006351470947
layer4.0.conv3.weight,1370,layer4.0.conv3.weight_ch1370,3.906419038772583
layer4.0.conv3.weight,1963,layer4.0.conv3.weight_ch1963,3.9027938842773438
layer4.0.conv3.weight,525,layer4.0.conv3.weight_ch525,3.902672052383423
layer4.1.conv1.weight,416,layer4.1.conv1.weight_ch416,3.89436936378479
layer3.1.conv3.weight,967,layer3.1.conv3.weight_ch967,3.8924713134765625
layer3.1.conv3.weight,610,layer3.1.conv3.weight_ch610,3.8923845291137695
layer3.2.conv2.weight,115,layer3.2.conv2.weight_ch115,3.8877477645874023
layer3.0.conv3.weight,900,layer3.0.conv3.weight_ch900,3.8804006576538086
layer2.0.conv2.weight,4,layer2.0.conv2.weight_ch4,3.87998628616333
layer3.2.conv2.weight,221,layer3.2.conv2.weight_ch221,3.8785276412963867
layer3.2.conv2.weight,193,layer3.2.conv2.weight_ch193,3.8775651454925537
layer3.1.conv3.weight,752,layer3.1.conv3.weight_ch752,3.8737523555755615
layer3.2.conv3.weight,616,layer3.2.conv3.weight_ch616,3.873361587524414
layer2.3.conv2.weight,62,layer2.3.conv2.weight_ch62,3.870697498321533
layer3.3.conv3.weight,125,layer3.3.conv3.weight_ch125,3.8698887825012207
layer3.1.conv3.weight,107,layer3.1.conv3.weight_ch107,3.8675708770751953
layer3.5.conv3.weight,458,layer3.5.conv3.weight_ch458,3.862301826477051
layer3.0.conv2.weight,120,layer3.0.conv2.weight_ch120,3.859306812286377
layer4.0.conv3.weight,1902,layer4.0.conv3.weight_ch1902,3.8587417602539062
layer4.0.conv3.weight,572,layer4.0.conv3.weight_ch572,3.857957601547241
layer3.2.conv1.weight,70,layer3.2.conv1.weight_ch70,3.8566622734069824
layer4.0.conv3.weight,2023,layer4.0.conv3.weight_ch2023,3.8565094470977783
layer3.2.conv3.weight,18,layer3.2.conv3.weight_ch18,3.8541994094848633
layer3.5.conv3.weight,103,layer3.5.conv3.weight_ch103,3.8480961322784424
layer3.3.conv3.weight,843,layer3.3.conv3.weight_ch843,3.846849203109741
layer3.2.conv3.weight,533,layer3.2.conv3.weight_ch533,3.8426122665405273
layer4.1.conv1.weight,179,layer4.1.conv1.weight_ch179,3.8418495655059814
layer3.2.conv1.weight,96,layer3.2.conv1.weight_ch96,3.8397467136383057
layer3.1.conv3.weight,893,layer3.1.conv3.weight_ch893,3.8392434120178223
layer3.5.conv3.weight,557,layer3.5.conv3.weight_ch557,3.839212656021118
layer3.0.conv3.weight,745,layer3.0.conv3.weight_ch745,3.8319242000579834
layer3.2.conv2.weight,125,layer3.2.conv2.weight_ch125,3.8295881748199463
layer4.0.conv3.weight,188,layer4.0.conv3.weight_ch188,3.828524589538574
layer3.2.conv1.weight,131,layer3.2.conv1.weight_ch131,3.8263142108917236
layer4.0.conv3.weight,1250,layer4.0.conv3.weight_ch1250,3.823559522628784
layer1.2.conv3.weight,232,layer1.2.conv3.weight_ch232,3.8217995166778564
layer3.1.conv3.weight,509,layer3.1.conv3.weight_ch509,3.818084478378296
layer3.1.conv3.weight,36,layer3.1.conv3.weight_ch36,3.813823699951172
layer4.0.conv3.weight,319,layer4.0.conv3.weight_ch319,3.811218023300171
layer4.0.conv3.weight,1287,layer4.0.conv3.weight_ch1287,3.8089749813079834
layer3.0.conv3.weight,611,layer3.0.conv3.weight_ch611,3.80502986907959
layer4.0.conv3.weight,664,layer4.0.conv3.weight_ch664,3.8028838634490967
layer4.0.conv3.weight,807,layer4.0.conv3.weight_ch807,3.7982099056243896
layer3.0.conv3.weight,1003,layer3.0.conv3.weight_ch1003,3.796957492828369
layer3.2.conv3.weight,678,layer3.2.conv3.weight_ch678,3.7948179244995117
layer3.1.conv3.weight,209,layer3.1.conv3.weight_ch209,3.787942886352539
layer3.3.conv3.weight,493,layer3.3.conv3.weight_ch493,3.787877321243286
layer3.3.conv3.weight,114,layer3.3.conv3.weight_ch114,3.7848029136657715
layer4.1.conv1.weight,481,layer4.1.conv1.weight_ch481,3.781407356262207
layer3.1.conv3.weight,253,layer3.1.conv3.weight_ch253,3.777717113494873
layer3.2.conv3.weight,238,layer3.2.conv3.weight_ch238,3.7774205207824707
layer3.2.conv3.weight,228,layer3.2.conv3.weight_ch228,3.7731006145477295
layer3.0.conv3.weight,467,layer3.0.conv3.weight_ch467,3.7714107036590576
layer3.5.conv3.weight,680,layer3.5.conv3.weight_ch680,3.770108699798584
layer3.3.conv3.weight,145,layer3.3.conv3.weight_ch145,3.765291213989258
layer3.2.conv1.weight,234,layer3.2.conv1.weight_ch234,3.756977081298828
layer4.0.conv3.weight,2027,layer4.0.conv3.weight_ch2027,3.7553534507751465
layer2.0.conv1.weight,120,layer2.0.conv1.weight_ch120,3.7530243396759033
layer4.0.conv3.weight,857,layer4.0.conv3.weight_ch857,3.7454614639282227
layer4.0.conv3.weight,1397,layer4.0.conv3.weight_ch1397,3.7418019771575928
layer1.2.conv3.weight,226,layer1.2.conv3.weight_ch226,3.741652488708496
layer4.0.conv3.weight,1048,layer4.0.conv3.weight_ch1048,3.7384257316589355
layer3.2.conv3.weight,746,layer3.2.conv3.weight_ch746,3.737454891204834
layer3.2.conv3.weight,627,layer3.2.conv3.weight_ch627,3.7367513179779053
layer2.1.conv3.weight,121,layer2.1.conv3.weight_ch121,3.736598491668701
layer3.0.conv3.weight,387,layer3.0.conv3.weight_ch387,3.736579179763794
layer4.1.conv1.weight,496,layer4.1.conv1.weight_ch496,3.734902858734131
layer4.0.conv3.weight,1649,layer4.0.conv3.weight_ch1649,3.732400894165039
layer3.0.conv3.weight,635,layer3.0.conv3.weight_ch635,3.7307956218719482
layer3.1.conv3.weight,652,layer3.1.conv3.weight_ch652,3.730433702468872
layer4.1.conv1.weight,457,layer4.1.conv1.weight_ch457,3.7253119945526123
layer3.2.conv2.weight,55,layer3.2.conv2.weight_ch55,3.7221522331237793
layer3.0.conv3.weight,296,layer3.0.conv3.weight_ch296,3.7201051712036133
layer4.0.conv3.weight,1018,layer4.0.conv3.weight_ch1018,3.7197089195251465
layer3.2.conv1.weight,147,layer3.2.conv1.weight_ch147,3.719320297241211
layer4.0.conv3.weight,1844,layer4.0.conv3.weight_ch1844,3.718061685562134
layer3.1.conv3.weight,178,layer3.1.conv3.weight_ch178,3.717482805252075
layer3.2.conv3.weight,763,layer3.2.conv3.weight_ch763,3.7027785778045654
layer3.0.conv3.weight,789,layer3.0.conv3.weight_ch789,3.698265790939331
layer3.3.conv3.weight,329,layer3.3.conv3.weight_ch329,3.698242664337158
layer4.0.conv3.weight,255,layer4.0.conv3.weight_ch255,3.696458339691162
layer3.2.conv3.weight,191,layer3.2.conv3.weight_ch191,3.6927924156188965
layer4.0.conv3.weight,1423,layer4.0.conv3.weight_ch1423,3.6886227130889893
layer4.0.conv3.weight,368,layer4.0.conv3.weight_ch368,3.6869702339172363
layer3.5.conv3.weight,265,layer3.5.conv3.weight_ch265,3.6853256225585938
layer4.1.conv1.weight,261,layer4.1.conv1.weight_ch261,3.684993267059326
layer3.0.conv3.weight,999,layer3.0.conv3.weight_ch999,3.6839120388031006
layer3.2.conv1.weight,175,layer3.2.conv1.weight_ch175,3.683443784713745
layer3.0.conv3.weight,311,layer3.0.conv3.weight_ch311,3.6804747581481934
layer3.2.conv3.weight,857,layer3.2.conv3.weight_ch857,3.6793391704559326
layer3.5.conv3.weight,769,layer3.5.conv3.weight_ch769,3.6789467334747314
layer4.0.conv3.weight,1041,layer4.0.conv3.weight_ch1041,3.676968812942505
layer3.5.conv3.weight,820,layer3.5.conv3.weight_ch820,3.675581693649292
layer4.1.conv1.weight,477,layer4.1.conv1.weight_ch477,3.6753573417663574
layer3.2.conv2.weight,72,layer3.2.conv2.weight_ch72,3.6723806858062744
layer4.0.conv3.weight,815,layer4.0.conv3.weight_ch815,3.6687064170837402
layer3.3.conv3.weight,526,layer3.3.conv3.weight_ch526,3.6613597869873047
layer4.0.conv3.weight,1227,layer4.0.conv3.weight_ch1227,3.659709930419922
layer4.0.conv3.weight,855,layer4.0.conv3.weight_ch855,3.6563286781311035
layer3.2.conv2.weight,210,layer3.2.conv2.weight_ch210,3.6558330059051514
layer3.3.conv3.weight,818,layer3.3.conv3.weight_ch818,3.6557793617248535
layer3.1.conv3.weight,856,layer3.1.conv3.weight_ch856,3.6519227027893066
layer3.2.conv3.weight,253,layer3.2.conv3.weight_ch253,3.6508429050445557
layer3.2.conv3.weight,465,layer3.2.conv3.weight_ch465,3.649925947189331
layer3.2.conv3.weight,937,layer3.2.conv3.weight_ch937,3.645277261734009
layer4.0.conv3.weight,2033,layer4.0.conv3.weight_ch2033,3.6398086547851562
layer3.2.conv3.weight,167,layer3.2.conv3.weight_ch167,3.633486032485962
layer2.0.conv1.weight,36,layer2.0.conv1.weight_ch36,3.6320338249206543
layer3.1.conv3.weight,763,layer3.1.conv3.weight_ch763,3.6317687034606934
layer4.1.conv1.weight,473,layer4.1.conv1.weight_ch473,3.624790668487549
layer3.3.conv3.weight,933,layer3.3.conv3.weight_ch933,3.6225621700286865
layer4.0.conv3.weight,1526,layer4.0.conv3.weight_ch1526,3.62250018119812
layer3.2.conv3.weight,185,layer3.2.conv3.weight_ch185,3.618309497833252
layer3.3.conv3.weight,17,layer3.3.conv3.weight_ch17,3.616752862930298
layer3.3.conv3.weight,642,layer3.3.conv3.weight_ch642,3.6155505180358887
layer3.1.conv3.weight,361,layer3.1.conv3.weight_ch361,3.615431547164917
layer3.2.conv3.weight,65,layer3.2.conv3.weight_ch65,3.61157488822937
layer4.0.conv3.weight,1099,layer4.0.conv3.weight_ch1099,3.6115529537200928
layer3.5.conv3.weight,146,layer3.5.conv3.weight_ch146,3.6063997745513916
layer1.2.conv3.weight,114,layer1.2.conv3.weight_ch114,3.604214668273926
layer2.1.conv3.weight,447,layer2.1.conv3.weight_ch447,3.6039915084838867
layer3.0.conv3.weight,232,layer3.0.conv3.weight_ch232,3.6034181118011475
layer3.2.conv3.weight,831,layer3.2.conv3.weight_ch831,3.601048707962036
layer3.3.conv3.weight,156,layer3.3.conv3.weight_ch156,3.6007027626037598
layer3.1.conv3.weight,693,layer3.1.conv3.weight_ch693,3.5980923175811768
layer4.0.conv3.weight,1567,layer4.0.conv3.weight_ch1567,3.5964927673339844
layer3.3.conv3.weight,565,layer3.3.conv3.weight_ch565,3.59610652923584
layer4.0.conv3.weight,1589,layer4.0.conv3.weight_ch1589,3.5957205295562744
layer3.1.conv3.weight,914,layer3.1.conv3.weight_ch914,3.5947182178497314
layer3.2.conv3.weight,3,layer3.2.conv3.weight_ch3,3.5925772190093994
layer3.3.conv3.weight,162,layer3.3.conv3.weight_ch162,3.5920348167419434
layer3.2.conv3.weight,139,layer3.2.conv3.weight_ch139,3.592017412185669
layer2.0.conv2.weight,40,layer2.0.conv2.weight_ch40,3.5907304286956787
layer4.1.conv1.weight,253,layer4.1.conv1.weight_ch253,3.586081027984619
layer3.5.conv3.weight,917,layer3.5.conv3.weight_ch917,3.583780527114868
layer3.2.conv2.weight,162,layer3.2.conv2.weight_ch162,3.571207284927368
layer4.0.conv3.weight,898,layer4.0.conv3.weight_ch898,3.5692648887634277
layer3.2.conv3.weight,586,layer3.2.conv3.weight_ch586,3.5687029361724854
layer3.5.conv3.weight,181,layer3.5.conv3.weight_ch181,3.5652308464050293
layer3.2.conv3.weight,140,layer3.2.conv3.weight_ch140,3.5648856163024902
layer3.3.conv3.weight,72,layer3.3.conv3.weight_ch72,3.5619730949401855
layer2.3.conv2.weight,118,layer2.3.conv2.weight_ch118,3.561925172805786
layer3.3.conv3.weight,364,layer3.3.conv3.weight_ch364,3.5602545738220215
layer4.0.conv3.weight,1792,layer4.0.conv3.weight_ch1792,3.55863356590271
layer3.0.conv3.weight,619,layer3.0.conv3.weight_ch619,3.5564069747924805
layer3.3.conv3.weight,856,layer3.3.conv3.weight_ch856,3.5549635887145996
layer3.2.conv3.weight,734,layer3.2.conv3.weight_ch734,3.5533559322357178
layer3.2.conv3.weight,186,layer3.2.conv3.weight_ch186,3.5496253967285156
layer3.1.conv3.weight,167,layer3.1.conv3.weight_ch167,3.5490806102752686
layer4.1.conv1.weight,241,layer4.1.conv1.weight_ch241,3.5477137565612793
layer4.0.conv3.weight,1027,layer4.0.conv3.weight_ch1027,3.547271251678467
layer3.2.conv3.weight,474,layer3.2.conv3.weight_ch474,3.5469110012054443
layer3.2.conv3.weight,267,layer3.2.conv3.weight_ch267,3.5456392765045166
layer3.2.conv1.weight,49,layer3.2.conv1.weight_ch49,3.543627977371216
layer4.0.conv3.weight,502,layer4.0.conv3.weight_ch502,3.541552782058716
layer2.0.conv2.weight,80,layer2.0.conv2.weight_ch80,3.5402345657348633
layer3.0.conv3.weight,465,layer3.0.conv3.weight_ch465,3.5348379611968994
layer3.2.conv3.weight,479,layer3.2.conv3.weight_ch479,3.5334134101867676
layer4.0.conv3.weight,1989,layer4.0.conv3.weight_ch1989,3.530367374420166
layer3.0.conv3.weight,691,layer3.0.conv3.weight_ch691,3.528817653656006
layer4.1.conv1.weight,351,layer4.1.conv1.weight_ch351,3.528541326522827
layer3.5.conv3.weight,749,layer3.5.conv3.weight_ch749,3.528048276901245
layer4.0.conv3.weight,924,layer4.0.conv3.weight_ch924,3.5268146991729736
layer4.0.conv3.weight,1593,layer4.0.conv3.weight_ch1593,3.5263850688934326
layer3.5.conv3.weight,79,layer3.5.conv3.weight_ch79,3.5260541439056396
layer3.1.conv3.weight,135,layer3.1.conv3.weight_ch135,3.5259010791778564
layer3.3.conv3.weight,473,layer3.3.conv3.weight_ch473,3.523789644241333
layer2.1.conv3.weight,219,layer2.1.conv3.weight_ch219,3.523531675338745
layer4.0.conv3.weight,750,layer4.0.conv3.weight_ch750,3.522690534591675
layer2.1.conv3.weight,419,layer2.1.conv3.weight_ch419,3.5218565464019775
layer4.0.conv3.weight,973,layer4.0.conv3.weight_ch973,3.5218112468719482
layer3.5.conv3.weight,914,layer3.5.conv3.weight_ch914,3.520811080932617
layer4.0.conv3.weight,1033,layer4.0.conv3.weight_ch1033,3.520491123199463
layer4.0.conv3.weight,247,layer4.0.conv3.weight_ch247,3.520211935043335
layer4.0.conv3.weight,688,layer4.0.conv3.weight_ch688,3.512078285217285
layer4.0.conv3.weight,1130,layer4.0.conv3.weight_ch1130,3.512075185775757
layer3.2.conv3.weight,839,layer3.2.conv3.weight_ch839,3.5079431533813477
layer2.1.conv3.weight,371,layer2.1.conv3.weight_ch371,3.50600528717041
layer4.0.conv3.weight,1968,layer4.0.conv3.weight_ch1968,3.5021979808807373
layer4.1.conv1.weight,391,layer4.1.conv1.weight_ch391,3.5020101070404053
layer3.2.conv3.weight,772,layer3.2.conv3.weight_ch772,3.4985668659210205
layer4.0.conv3.weight,1748,layer4.0.conv3.weight_ch1748,3.4982337951660156
layer4.0.conv3.weight,196,layer4.0.conv3.weight_ch196,3.498185396194458
layer3.1.conv3.weight,365,layer3.1.conv3.weight_ch365,3.497978687286377
layer3.2.conv3.weight,919,layer3.2.conv3.weight_ch919,3.4965481758117676
layer3.2.conv3.weight,802,layer3.2.conv3.weight_ch802,3.496180534362793
layer3.3.conv3.weight,591,layer3.3.conv3.weight_ch591,3.4915566444396973
layer4.1.conv1.weight,386,layer4.1.conv1.weight_ch386,3.48837947845459
layer3.3.conv3.weight,290,layer3.3.conv3.weight_ch290,3.4864206314086914
layer3.0.conv2.weight,4,layer3.0.conv2.weight_ch4,3.481149435043335
layer3.3.conv3.weight,146,layer3.3.conv3.weight_ch146,3.480116128921509
layer4.0.conv3.weight,1605,layer4.0.conv3.weight_ch1605,3.472057580947876
layer2.1.conv3.weight,207,layer2.1.conv3.weight_ch207,3.471876859664917
layer2.0.conv2.weight,89,layer2.0.conv2.weight_ch89,3.471648931503296
layer3.0.conv2.weight,103,layer3.0.conv2.weight_ch103,3.469796657562256
layer4.1.conv1.weight,403,layer4.1.conv1.weight_ch403,3.4689114093780518
layer3.3.conv3.weight,60,layer3.3.conv3.weight_ch60,3.4628190994262695
layer3.3.conv3.weight,265,layer3.3.conv3.weight_ch265,3.462015151977539
layer4.0.conv3.weight,1358,layer4.0.conv3.weight_ch1358,3.4618313312530518
layer3.0.conv3.weight,299,layer3.0.conv3.weight_ch299,3.4603991508483887
layer4.0.conv3.weight,687,layer4.0.conv3.weight_ch687,3.458456039428711
layer4.0.conv3.weight,1737,layer4.0.conv3.weight_ch1737,3.4583187103271484
layer2.3.conv2.weight,110,layer2.3.conv2.weight_ch110,3.4566516876220703
layer2.0.conv2.weight,10,layer2.0.conv2.weight_ch10,3.4459941387176514
layer4.0.conv3.weight,1127,layer4.0.conv3.weight_ch1127,3.444697141647339
layer3.2.conv3.weight,682,layer3.2.conv3.weight_ch682,3.441307306289673
layer4.0.conv3.weight,233,layer4.0.conv3.weight_ch233,3.4410598278045654
layer3.0.conv3.weight,478,layer3.0.conv3.weight_ch478,3.4407854080200195
layer4.0.conv3.weight,1858,layer4.0.conv3.weight_ch1858,3.4401683807373047
layer3.0.conv3.weight,967,layer3.0.conv3.weight_ch967,3.43949556350708
layer3.0.conv3.weight,1010,layer3.0.conv3.weight_ch1010,3.4389820098876953
layer2.3.conv2.weight,49,layer2.3.conv2.weight_ch49,3.4378862380981445
layer4.0.conv3.weight,1435,layer4.0.conv3.weight_ch1435,3.4340953826904297
layer4.0.conv3.weight,767,layer4.0.conv3.weight_ch767,3.4309399127960205
layer3.3.conv3.weight,898,layer3.3.conv3.weight_ch898,3.4304795265197754
layer3.2.conv3.weight,332,layer3.2.conv3.weight_ch332,3.429422378540039
layer3.5.conv3.weight,242,layer3.5.conv3.weight_ch242,3.4292421340942383
layer3.1.conv3.weight,243,layer3.1.conv3.weight_ch243,3.424852132797241
layer3.0.conv2.weight,51,layer3.0.conv2.weight_ch51,3.4242196083068848
layer3.2.conv3.weight,513,layer3.2.conv3.weight_ch513,3.423107147216797
layer4.0.conv3.weight,1251,layer4.0.conv3.weight_ch1251,3.4229166507720947
layer4.0.conv3.weight,107,layer4.0.conv3.weight_ch107,3.420459747314453
layer4.0.conv3.weight,718,layer4.0.conv3.weight_ch718,3.4193363189697266
layer3.0.conv3.weight,206,layer3.0.conv3.weight_ch206,3.419297933578491
layer1.2.conv3.weight,12,layer1.2.conv3.weight_ch12,3.418720006942749
layer4.0.conv3.weight,1586,layer4.0.conv3.weight_ch1586,3.4171886444091797
layer3.1.conv3.weight,362,layer3.1.conv3.weight_ch362,3.4155941009521484
layer4.1.conv1.weight,269,layer4.1.conv1.weight_ch269,3.4144341945648193
layer4.0.conv3.weight,141,layer4.0.conv3.weight_ch141,3.4144301414489746
layer3.0.conv3.weight,425,layer3.0.conv3.weight_ch425,3.4143590927124023
layer3.3.conv3.weight,504,layer3.3.conv3.weight_ch504,3.4140162467956543
layer3.1.conv3.weight,315,layer3.1.conv3.weight_ch315,3.413822650909424
layer3.3.conv3.weight,469,layer3.3.conv3.weight_ch469,3.4110004901885986
layer4.0.conv3.weight,1856,layer4.0.conv3.weight_ch1856,3.4081640243530273
layer3.3.conv3.weight,225,layer3.3.conv3.weight_ch225,3.406691551208496
layer4.0.conv3.weight,169,layer4.0.conv3.weight_ch169,3.4054951667785645
layer3.3.conv3.weight,141,layer3.3.conv3.weight_ch141,3.404796600341797
layer4.0.conv3.weight,584,layer4.0.conv3.weight_ch584,3.402909755706787
layer4.0.conv3.weight,803,layer4.0.conv3.weight_ch803,3.4022645950317383
layer3.0.conv2.weight,53,layer3.0.conv2.weight_ch53,3.399195671081543
layer3.0.conv3.weight,187,layer3.0.conv3.weight_ch187,3.3983564376831055
layer3.2.conv2.weight,19,layer3.2.conv2.weight_ch19,3.397836923599243
layer3.0.conv3.weight,700,layer3.0.conv3.weight_ch700,3.3978195190429688
layer2.1.conv3.weight,441,layer2.1.conv3.weight_ch441,3.393831491470337
layer3.0.conv3.weight,946,layer3.0.conv3.weight_ch946,3.393256187438965
layer3.2.conv3.weight,407,layer3.2.conv3.weight_ch407,3.391615629196167
layer3.0.conv3.weight,280,layer3.0.conv3.weight_ch280,3.3912153244018555
layer4.1.conv1.weight,138,layer4.1.conv1.weight_ch138,3.384381055831909
layer4.0.conv3.weight,1066,layer4.0.conv3.weight_ch1066,3.3787930011749268
layer3.3.conv3.weight,198,layer3.3.conv3.weight_ch198,3.3778693675994873
layer3.5.conv3.weight,118,layer3.5.conv3.weight_ch118,3.377312183380127
layer3.2.conv3.weight,326,layer3.2.conv3.weight_ch326,3.3748018741607666
layer4.0.conv3.weight,1686,layer4.0.conv3.weight_ch1686,3.3709869384765625
layer4.0.conv3.weight,1511,layer4.0.conv3.weight_ch1511,3.3698902130126953
layer4.0.conv3.weight,1852,layer4.0.conv3.weight_ch1852,3.369838237762451
layer3.3.conv3.weight,1001,layer3.3.conv3.weight_ch1001,3.367615222930908
layer3.0.conv3.weight,885,layer3.0.conv3.weight_ch885,3.366837978363037
layer3.1.conv3.weight,488,layer3.1.conv3.weight_ch488,3.3654818534851074
layer2.3.conv2.weight,99,layer2.3.conv2.weight_ch99,3.3597371578216553
layer4.0.conv3.weight,327,layer4.0.conv3.weight_ch327,3.3581936359405518
layer3.5.conv3.weight,379,layer3.5.conv3.weight_ch379,3.3569068908691406
layer3.0.conv3.weight,131,layer3.0.conv3.weight_ch131,3.3557448387145996
layer3.1.conv3.weight,318,layer3.1.conv3.weight_ch318,3.3556532859802246
layer3.1.conv3.weight,285,layer3.1.conv3.weight_ch285,3.3529601097106934
layer3.0.conv3.weight,332,layer3.0.conv3.weight_ch332,3.3485617637634277
layer3.0.conv3.weight,711,layer3.0.conv3.weight_ch711,3.348470687866211
layer3.1.conv3.weight,234,layer3.1.conv3.weight_ch234,3.3472368717193604
layer3.1.conv3.weight,982,layer3.1.conv3.weight_ch982,3.347074270248413
layer3.3.conv3.weight,230,layer3.3.conv3.weight_ch230,3.345731258392334
layer3.0.conv2.weight,223,layer3.0.conv2.weight_ch223,3.3452839851379395
layer4.0.conv3.weight,1164,layer4.0.conv3.weight_ch1164,3.3448562622070312
layer4.0.conv3.weight,1291,layer4.0.conv3.weight_ch1291,3.3421225547790527
layer3.5.conv3.weight,0,layer3.5.conv3.weight_ch0,3.336811065673828
layer2.1.conv3.weight,175,layer2.1.conv3.weight_ch175,3.3365585803985596
layer4.0.conv3.weight,757,layer4.0.conv3.weight_ch757,3.33600115776062
layer4.0.conv3.weight,273,layer4.0.conv3.weight_ch273,3.334308624267578
layer1.2.conv3.weight,96,layer1.2.conv3.weight_ch96,3.3324697017669678
layer3.1.conv3.weight,287,layer3.1.conv3.weight_ch287,3.3317887783050537
layer4.0.conv3.weight,292,layer4.0.conv3.weight_ch292,3.3296964168548584
layer2.1.conv3.weight,215,layer2.1.conv3.weight_ch215,3.3278374671936035
layer4.0.conv3.weight,567,layer4.0.conv3.weight_ch567,3.3270115852355957
layer3.3.conv3.weight,943,layer3.3.conv3.weight_ch943,3.322031021118164
layer3.1.conv3.weight,625,layer3.1.conv3.weight_ch625,3.3212168216705322
layer3.0.conv3.weight,136,layer3.0.conv3.weight_ch136,3.3168623447418213
layer3.2.conv3.weight,865,layer3.2.conv3.weight_ch865,3.3156824111938477
layer3.0.conv3.weight,472,layer3.0.conv3.weight_ch472,3.314061164855957
layer4.1.conv1.weight,163,layer4.1.conv1.weight_ch163,3.3133151531219482
layer2.1.conv3.weight,287,layer2.1.conv3.weight_ch287,3.312758684158325
layer3.3.conv3.weight,347,layer3.3.conv3.weight_ch347,3.31099009513855
layer3.2.conv1.weight,123,layer3.2.conv1.weight_ch123,3.3102049827575684
layer3.0.conv3.weight,207,layer3.0.conv3.weight_ch207,3.310187339782715
layer2.3.conv2.weight,43,layer2.3.conv2.weight_ch43,3.310009002685547
layer3.0.conv3.weight,0,layer3.0.conv3.weight_ch0,3.3099589347839355
layer4.0.conv3.weight,1180,layer4.0.conv3.weight_ch1180,3.3048577308654785
layer3.5.conv3.weight,243,layer3.5.conv3.weight_ch243,3.3048086166381836
layer2.0.conv1.weight,123,layer2.0.conv1.weight_ch123,3.3043742179870605
layer4.0.conv3.weight,1610,layer4.0.conv3.weight_ch1610,3.304100275039673
layer3.2.conv3.weight,315,layer3.2.conv3.weight_ch315,3.302957534790039
layer3.1.conv3.weight,283,layer3.1.conv3.weight_ch283,3.3024280071258545
layer3.0.conv2.weight,30,layer3.0.conv2.weight_ch30,3.299799919128418
layer3.0.conv3.weight,795,layer3.0.conv3.weight_ch795,3.295689105987549
layer4.1.conv1.weight,346,layer4.1.conv1.weight_ch346,3.2955965995788574
layer4.0.conv3.weight,419,layer4.0.conv3.weight_ch419,3.295009136199951
layer3.0.conv3.weight,726,layer3.0.conv3.weight_ch726,3.294813871383667
layer4.0.conv3.weight,824,layer4.0.conv3.weight_ch824,3.294550895690918
layer3.0.conv3.weight,240,layer3.0.conv3.weight_ch240,3.2916641235351562
layer3.0.conv3.weight,204,layer3.0.conv3.weight_ch204,3.287001609802246
layer3.2.conv3.weight,28,layer3.2.conv3.weight_ch28,3.2840781211853027
layer2.3.conv2.weight,42,layer2.3.conv2.weight_ch42,3.281679153442383
layer3.3.conv3.weight,435,layer3.3.conv3.weight_ch435,3.277536392211914
layer3.2.conv3.weight,671,layer3.2.conv3.weight_ch671,3.2746825218200684
layer4.1.conv1.weight,41,layer4.1.conv1.weight_ch41,3.2742249965667725
layer4.0.conv3.weight,821,layer4.0.conv3.weight_ch821,3.2729079723358154
layer3.3.conv3.weight,894,layer3.3.conv3.weight_ch894,3.2723522186279297
layer4.0.conv3.weight,174,layer4.0.conv3.weight_ch174,3.270216464996338
layer3.2.conv3.weight,79,layer3.2.conv3.weight_ch79,3.2698168754577637
layer4.0.conv3.weight,1009,layer4.0.conv3.weight_ch1009,3.267406702041626
layer4.0.conv3.weight,1670,layer4.0.conv3.weight_ch1670,3.2670583724975586
layer3.0.conv2.weight,93,layer3.0.conv2.weight_ch93,3.2629005908966064
layer3.1.conv3.weight,947,layer3.1.conv3.weight_ch947,3.261183977127075
layer4.0.conv3.weight,1283,layer4.0.conv3.weight_ch1283,3.260124444961548
layer3.2.conv2.weight,198,layer3.2.conv2.weight_ch198,3.2579762935638428
layer3.0.conv3.weight,38,layer3.0.conv3.weight_ch38,3.2550384998321533
layer3.2.conv3.weight,41,layer3.2.conv3.weight_ch41,3.2539896965026855
layer4.0.conv3.weight,772,layer4.0.conv3.weight_ch772,3.2526257038116455
layer4.0.conv3.weight,1518,layer4.0.conv3.weight_ch1518,3.248600482940674
layer4.0.conv3.weight,1528,layer4.0.conv3.weight_ch1528,3.2471446990966797
layer3.1.conv3.weight,600,layer3.1.conv3.weight_ch600,3.2471132278442383
layer3.0.conv3.weight,182,layer3.0.conv3.weight_ch182,3.2468173503875732
layer3.0.conv3.weight,378,layer3.0.conv3.weight_ch378,3.246075391769409
layer3.2.conv3.weight,274,layer3.2.conv3.weight_ch274,3.245856761932373
layer4.1.conv1.weight,174,layer4.1.conv1.weight_ch174,3.24576997756958
layer4.0.conv3.weight,1010,layer4.0.conv3.weight_ch1010,3.2427942752838135
layer4.0.conv3.weight,24,layer4.0.conv3.weight_ch24,3.2424416542053223
layer3.0.conv3.weight,10,layer3.0.conv3.weight_ch10,3.2375741004943848
layer1.2.conv3.weight,11,layer1.2.conv3.weight_ch11,3.2353882789611816
layer4.0.conv3.weight,11,layer4.0.conv3.weight_ch11,3.232640266418457
layer3.0.conv2.weight,165,layer3.0.conv2.weight_ch165,3.2302825450897217
layer3.2.conv2.weight,138,layer3.2.conv2.weight_ch138,3.227725028991699
layer3.2.conv3.weight,916,layer3.2.conv3.weight_ch916,3.227402925491333
layer4.0.conv3.weight,145,layer4.0.conv3.weight_ch145,3.222763776779175
layer3.5.conv3.weight,312,layer3.5.conv3.weight_ch312,3.2202649116516113
layer4.1.conv1.weight,36,layer4.1.conv1.weight_ch36,3.213468551635742
layer3.3.conv3.weight,655,layer3.3.conv3.weight_ch655,3.2124338150024414
layer4.0.conv3.weight,1147,layer4.0.conv3.weight_ch1147,3.212117910385132
layer3.3.conv3.weight,619,layer3.3.conv3.weight_ch619,3.2106990814208984
layer3.2.conv3.weight,56,layer3.2.conv3.weight_ch56,3.210500478744507
layer3.3.conv3.weight,535,layer3.3.conv3.weight_ch535,3.2101387977600098
layer4.0.conv3.weight,1225,layer4.0.conv3.weight_ch1225,3.209989070892334
layer3.5.conv3.weight,992,layer3.5.conv3.weight_ch992,3.209529161453247
layer3.5.conv3.weight,699,layer3.5.conv3.weight_ch699,3.2094085216522217
layer2.1.conv3.weight,224,layer2.1.conv3.weight_ch224,3.2084453105926514
layer3.0.conv3.weight,262,layer3.0.conv3.weight_ch262,3.2075629234313965
layer3.5.conv3.weight,403,layer3.5.conv3.weight_ch403,3.2046332359313965
layer4.0.conv3.weight,746,layer4.0.conv3.weight_ch746,3.2045094966888428
layer4.0.conv3.weight,1289,layer4.0.conv3.weight_ch1289,3.2023446559906006
layer4.0.conv3.weight,715,layer4.0.conv3.weight_ch715,3.1990952491760254
layer3.5.conv3.weight,222,layer3.5.conv3.weight_ch222,3.197389602661133
layer3.2.conv3.weight,736,layer3.2.conv3.weight_ch736,3.1963696479797363
layer3.5.conv3.weight,226,layer3.5.conv3.weight_ch226,3.1948587894439697
layer3.3.conv3.weight,942,layer3.3.conv3.weight_ch942,3.194615602493286
layer3.0.conv3.weight,910,layer3.0.conv3.weight_ch910,3.1937408447265625
layer3.1.conv3.weight,313,layer3.1.conv3.weight_ch313,3.192875385284424
layer3.5.conv3.weight,208,layer3.5.conv3.weight_ch208,3.1928296089172363
layer4.0.conv3.weight,398,layer4.0.conv3.weight_ch398,3.191690683364868
layer4.1.conv1.weight,260,layer4.1.conv1.weight_ch260,3.191117286682129
layer3.2.conv3.weight,384,layer3.2.conv3.weight_ch384,3.1905834674835205
layer2.1.conv3.weight,279,layer2.1.conv3.weight_ch279,3.190110683441162
layer2.1.conv3.weight,348,layer2.1.conv3.weight_ch348,3.1900222301483154
layer4.0.conv3.weight,1038,layer4.0.conv3.weight_ch1038,3.187872886657715
layer2.3.conv2.weight,72,layer2.3.conv2.weight_ch72,3.18633770942688
layer4.0.conv3.weight,1540,layer4.0.conv3.weight_ch1540,3.1858537197113037
layer3.2.conv3.weight,952,layer3.2.conv3.weight_ch952,3.1857850551605225
layer4.0.conv3.weight,1139,layer4.0.conv3.weight_ch1139,3.1854703426361084
layer4.1.conv1.weight,167,layer4.1.conv1.weight_ch167,3.1839852333068848
layer4.0.conv3.weight,1456,layer4.0.conv3.weight_ch1456,3.1834003925323486
layer3.2.conv3.weight,971,layer3.2.conv3.weight_ch971,3.182368278503418
layer4.0.conv3.weight,1428,layer4.0.conv3.weight_ch1428,3.181929588317871
layer3.1.conv3.weight,137,layer3.1.conv3.weight_ch137,3.180203437805176
layer3.0.conv3.weight,512,layer3.0.conv3.weight_ch512,3.1797096729278564
layer3.1.conv3.weight,413,layer3.1.conv3.weight_ch413,3.1786746978759766
layer4.0.conv3.weight,1787,layer4.0.conv3.weight_ch1787,3.178468704223633
layer4.0.conv3.weight,466,layer4.0.conv3.weight_ch466,3.1783735752105713
layer4.1.conv1.weight,201,layer4.1.conv1.weight_ch201,3.178086519241333
layer3.1.conv3.weight,311,layer3.1.conv3.weight_ch311,3.1777689456939697
layer3.3.conv3.weight,411,layer3.3.conv3.weight_ch411,3.177739143371582
layer4.0.conv3.weight,1944,layer4.0.conv3.weight_ch1944,3.17604660987854
layer4.0.conv3.weight,576,layer4.0.conv3.weight_ch576,3.175604820251465
layer3.0.conv3.weight,336,layer3.0.conv3.weight_ch336,3.175579309463501
layer3.3.conv3.weight,929,layer3.3.conv3.weight_ch929,3.171541452407837
layer2.3.conv2.weight,46,layer2.3.conv2.weight_ch46,3.1709389686584473
layer3.3.conv3.weight,719,layer3.3.conv3.weight_ch719,3.165041923522949
layer3.1.conv3.weight,683,layer3.1.conv3.weight_ch683,3.16416597366333
layer3.5.conv3.weight,460,layer3.5.conv3.weight_ch460,3.1634933948516846
layer3.0.conv3.weight,259,layer3.0.conv3.weight_ch259,3.1633431911468506
layer3.2.conv3.weight,532,layer3.2.conv3.weight_ch532,3.1633167266845703
layer4.0.conv3.weight,1104,layer4.0.conv3.weight_ch1104,3.1630961894989014
layer3.1.conv3.weight,207,layer3.1.conv3.weight_ch207,3.1622114181518555
layer3.5.conv3.weight,695,layer3.5.conv3.weight_ch695,3.1596262454986572
layer3.3.conv3.weight,831,layer3.3.conv3.weight_ch831,3.1588196754455566
layer4.0.conv3.weight,1677,layer4.0.conv3.weight_ch1677,3.157892942428589
layer3.1.conv3.weight,259,layer3.1.conv3.weight_ch259,3.157696485519409
layer4.1.conv1.weight,44,layer4.1.conv1.weight_ch44,3.1569342613220215
layer4.0.conv3.weight,606,layer4.0.conv3.weight_ch606,3.1530165672302246
layer3.0.conv3.weight,953,layer3.0.conv3.weight_ch953,3.1494953632354736
layer3.3.conv3.weight,679,layer3.3.conv3.weight_ch679,3.1489601135253906
layer2.1.conv3.weight,218,layer2.1.conv3.weight_ch218,3.1482656002044678
layer2.1.conv3.weight,277,layer2.1.conv3.weight_ch277,3.1470842361450195
layer3.0.conv2.weight,68,layer3.0.conv2.weight_ch68,3.1467878818511963
layer3.2.conv3.weight,767,layer3.2.conv3.weight_ch767,3.1457221508026123
layer4.1.conv1.weight,470,layer4.1.conv1.weight_ch470,3.145195245742798
layer3.3.conv3.weight,932,layer3.3.conv3.weight_ch932,3.143052101135254
layer3.2.conv2.weight,18,layer3.2.conv2.weight_ch18,3.1426243782043457
layer4.0.conv3.weight,72,layer4.0.conv3.weight_ch72,3.139791488647461
layer4.0.conv3.weight,555,layer4.0.conv3.weight_ch555,3.1397383213043213
layer4.0.conv3.weight,1380,layer4.0.conv3.weight_ch1380,3.1367783546447754
layer3.2.conv3.weight,293,layer3.2.conv3.weight_ch293,3.1356968879699707
layer3.1.conv3.weight,454,layer3.1.conv3.weight_ch454,3.1338136196136475
layer2.1.conv3.weight,266,layer2.1.conv3.weight_ch266,3.132430076599121
layer2.0.conv2.weight,75,layer2.0.conv2.weight_ch75,3.130249261856079
layer3.0.conv2.weight,189,layer3.0.conv2.weight_ch189,3.1295013427734375
layer3.1.conv3.weight,682,layer3.1.conv3.weight_ch682,3.128772735595703
layer3.3.conv3.weight,88,layer3.3.conv3.weight_ch88,3.1282200813293457
layer3.2.conv3.weight,619,layer3.2.conv3.weight_ch619,3.1276161670684814
layer3.1.conv3.weight,857,layer3.1.conv3.weight_ch857,3.1268084049224854
layer3.1.conv3.weight,76,layer3.1.conv3.weight_ch76,3.125067710876465
layer3.0.conv3.weight,932,layer3.0.conv3.weight_ch932,3.1230664253234863
layer3.3.conv3.weight,658,layer3.3.conv3.weight_ch658,3.1227264404296875
layer3.3.conv3.weight,805,layer3.3.conv3.weight_ch805,3.12131404876709
layer2.1.conv3.weight,462,layer2.1.conv3.weight_ch462,3.1193931102752686
layer4.0.conv3.weight,536,layer4.0.conv3.weight_ch536,3.1192047595977783
layer3.1.conv3.weight,940,layer3.1.conv3.weight_ch940,3.1186771392822266
layer3.1.conv3.weight,26,layer3.1.conv3.weight_ch26,3.118603229522705
layer4.0.conv3.weight,1525,layer4.0.conv3.weight_ch1525,3.1180636882781982
layer4.0.conv3.weight,1811,layer4.0.conv3.weight_ch1811,3.117661714553833
layer3.3.conv3.weight,396,layer3.3.conv3.weight_ch396,3.1150543689727783
layer3.1.conv3.weight,463,layer3.1.conv3.weight_ch463,3.1136934757232666
layer3.1.conv3.weight,420,layer3.1.conv3.weight_ch420,3.1118662357330322
layer4.0.conv3.weight,62,layer4.0.conv3.weight_ch62,3.10968279838562
layer4.0.conv3.weight,402,layer4.0.conv3.weight_ch402,3.10945200920105
layer4.0.conv3.weight,1135,layer4.0.conv3.weight_ch1135,3.10787034034729
layer3.1.conv3.weight,618,layer3.1.conv3.weight_ch618,3.1061453819274902
layer4.0.conv3.weight,990,layer4.0.conv3.weight_ch990,3.100923776626587
layer3.3.conv3.weight,871,layer3.3.conv3.weight_ch871,3.1005358695983887
layer3.1.conv3.weight,874,layer3.1.conv3.weight_ch874,3.100083589553833
layer3.0.conv2.weight,243,layer3.0.conv2.weight_ch243,3.0996181964874268
layer2.3.conv2.weight,37,layer2.3.conv2.weight_ch37,3.0994932651519775
layer4.0.conv3.weight,879,layer4.0.conv3.weight_ch879,3.0987987518310547
layer1.2.conv3.weight,141,layer1.2.conv3.weight_ch141,3.0986485481262207
layer3.3.conv3.weight,34,layer3.3.conv3.weight_ch34,3.093485116958618
layer3.3.conv3.weight,571,layer3.3.conv3.weight_ch571,3.0920584201812744
layer3.1.conv3.weight,702,layer3.1.conv3.weight_ch702,3.089710235595703
layer4.0.conv3.weight,538,layer4.0.conv3.weight_ch538,3.089560031890869
layer4.0.conv3.weight,2026,layer4.0.conv3.weight_ch2026,3.0870959758758545
layer4.0.conv3.weight,1487,layer4.0.conv3.weight_ch1487,3.0862233638763428
layer3.5.conv3.weight,682,layer3.5.conv3.weight_ch682,3.085606813430786
layer2.1.conv3.weight,506,layer2.1.conv3.weight_ch506,3.085329055786133
layer3.0.conv2.weight,190,layer3.0.conv2.weight_ch190,3.0850415229797363
layer4.0.conv3.weight,1776,layer4.0.conv3.weight_ch1776,3.084531307220459
layer4.0.conv3.weight,1833,layer4.0.conv3.weight_ch1833,3.0800137519836426
layer3.2.conv2.weight,17,layer3.2.conv2.weight_ch17,3.079871892929077
layer3.0.conv3.weight,312,layer3.0.conv3.weight_ch312,3.079181671142578
layer4.0.conv3.weight,1804,layer4.0.conv3.weight_ch1804,3.076484203338623
layer3.5.conv3.weight,879,layer3.5.conv3.weight_ch879,3.0763189792633057
layer3.2.conv2.weight,171,layer3.2.conv2.weight_ch171,3.0758590698242188
layer4.0.conv3.weight,1912,layer4.0.conv3.weight_ch1912,3.07377290725708
layer4.0.conv3.weight,1905,layer4.0.conv3.weight_ch1905,3.071873188018799
layer3.0.conv3.weight,285,layer3.0.conv3.weight_ch285,3.0703227519989014
layer1.2.conv3.weight,1,layer1.2.conv3.weight_ch1,3.0648515224456787
layer4.0.conv3.weight,949,layer4.0.conv3.weight_ch949,3.0640816688537598
layer3.2.conv2.weight,3,layer3.2.conv2.weight_ch3,3.0640058517456055
layer3.1.conv3.weight,553,layer3.1.conv3.weight_ch553,3.0602664947509766
layer3.3.conv3.weight,67,layer3.3.conv3.weight_ch67,3.05993914604187
layer3.0.conv2.weight,39,layer3.0.conv2.weight_ch39,3.0586440563201904
layer3.2.conv3.weight,417,layer3.2.conv3.weight_ch417,3.0583243370056152
layer3.3.conv3.weight,403,layer3.3.conv3.weight_ch403,3.057684898376465
layer4.0.conv3.weight,812,layer4.0.conv3.weight_ch812,3.0575928688049316
layer3.3.conv3.weight,248,layer3.3.conv3.weight_ch248,3.056175947189331
layer4.0.conv3.weight,389,layer4.0.conv3.weight_ch389,3.055431604385376
layer3.2.conv2.weight,0,layer3.2.conv2.weight_ch0,3.0513010025024414
layer3.5.conv3.weight,168,layer3.5.conv3.weight_ch168,3.0510623455047607
layer3.1.conv3.weight,722,layer3.1.conv3.weight_ch722,3.0509190559387207
layer4.0.conv3.weight,15,layer4.0.conv3.weight_ch15,3.048916816711426
layer3.1.conv3.weight,735,layer3.1.conv3.weight_ch735,3.0485689640045166
layer3.1.conv3.weight,80,layer3.1.conv3.weight_ch80,3.0481574535369873
layer4.1.conv1.weight,357,layer4.1.conv1.weight_ch357,3.0475661754608154
layer3.2.conv2.weight,1,layer3.2.conv2.weight_ch1,3.046638011932373
layer2.0.conv2.weight,77,layer2.0.conv2.weight_ch77,3.0432186126708984
layer3.1.conv3.weight,766,layer3.1.conv3.weight_ch766,3.0425469875335693
layer3.0.conv2.weight,74,layer3.0.conv2.weight_ch74,3.0403895378112793
layer4.0.conv3.weight,113,layer4.0.conv3.weight_ch113,3.03950834274292
layer4.0.conv3.weight,660,layer4.0.conv3.weight_ch660,3.038794755935669
layer4.0.conv3.weight,1090,layer4.0.conv3.weight_ch1090,3.0340027809143066
layer4.0.conv3.weight,1743,layer4.0.conv3.weight_ch1743,3.0323872566223145
layer3.2.conv3.weight,70,layer3.2.conv3.weight_ch70,3.030254602432251
layer3.2.conv2.weight,66,layer3.2.conv2.weight_ch66,3.0301754474639893
layer4.0.conv3.weight,1623,layer4.0.conv3.weight_ch1623,3.029430389404297
layer3.1.conv3.weight,537,layer3.1.conv3.weight_ch537,3.0287649631500244
layer3.0.conv2.weight,91,layer3.0.conv2.weight_ch91,3.027913808822632
layer4.0.conv3.weight,585,layer4.0.conv3.weight_ch585,3.027411699295044
layer4.0.conv3.weight,780,layer4.0.conv3.weight_ch780,3.026521682739258
layer3.2.conv3.weight,359,layer3.2.conv3.weight_ch359,3.0261199474334717
layer2.3.conv2.weight,18,layer2.3.conv2.weight_ch18,3.0252838134765625
layer4.0.conv3.weight,147,layer4.0.conv3.weight_ch147,3.023956775665283
layer3.2.conv3.weight,92,layer3.2.conv3.weight_ch92,3.0223636627197266
layer4.0.conv3.weight,1247,layer4.0.conv3.weight_ch1247,3.0222585201263428
layer4.1.conv1.weight,45,layer4.1.conv1.weight_ch45,3.0208895206451416
layer4.0.conv3.weight,791,layer4.0.conv3.weight_ch791,3.0189878940582275
layer3.0.conv3.weight,73,layer3.0.conv3.weight_ch73,3.0189366340637207
layer2.0.conv2.weight,34,layer2.0.conv2.weight_ch34,3.016942024230957
layer4.0.conv3.weight,679,layer4.0.conv3.weight_ch679,3.0157830715179443
layer4.0.conv3.weight,221,layer4.0.conv3.weight_ch221,3.014634370803833
layer4.0.conv3.weight,719,layer4.0.conv3.weight_ch719,3.01423716545105
layer3.0.conv3.weight,176,layer3.0.conv3.weight_ch176,3.0137529373168945
layer4.0.conv3.weight,320,layer4.0.conv3.weight_ch320,3.0129992961883545
layer2.1.conv3.weight,338,layer2.1.conv3.weight_ch338,3.012190818786621
layer3.3.conv3.weight,137,layer3.3.conv3.weight_ch137,3.0115485191345215
layer2.1.conv3.weight,389,layer2.1.conv3.weight_ch389,3.011167049407959
layer4.0.conv3.weight,192,layer4.0.conv3.weight_ch192,3.010131359100342
layer3.1.conv3.weight,840,layer3.1.conv3.weight_ch840,3.0039756298065186
layer3.5.conv3.weight,467,layer3.5.conv3.weight_ch467,3.002181053161621
layer3.1.conv3.weight,367,layer3.1.conv3.weight_ch367,3.001844644546509
layer4.1.conv1.weight,419,layer4.1.conv1.weight_ch419,3.0008180141448975
layer3.2.conv3.weight,693,layer3.2.conv3.weight_ch693,3.0006954669952393
layer4.0.conv3.weight,1359,layer4.0.conv3.weight_ch1359,2.9999568462371826
layer1.2.conv3.weight,215,layer1.2.conv3.weight_ch215,2.998525619506836
layer3.2.conv2.weight,202,layer3.2.conv2.weight_ch202,2.99729061126709
layer4.0.conv3.weight,1340,layer4.0.conv3.weight_ch1340,2.9969992637634277
layer3.3.conv3.weight,667,layer3.3.conv3.weight_ch667,2.9969992637634277
layer4.0.conv3.weight,1920,layer4.0.conv3.weight_ch1920,2.9960575103759766
layer3.2.conv3.weight,596,layer3.2.conv3.weight_ch596,2.995713710784912
layer4.0.conv3.weight,721,layer4.0.conv3.weight_ch721,2.995467185974121
layer4.0.conv3.weight,1994,layer4.0.conv3.weight_ch1994,2.9942617416381836
layer3.0.conv3.weight,235,layer3.0.conv3.weight_ch235,2.993924140930176
layer4.0.conv3.weight,1240,layer4.0.conv3.weight_ch1240,2.9937987327575684
layer4.0.conv3.weight,1745,layer4.0.conv3.weight_ch1745,2.991178035736084
layer3.0.conv2.weight,70,layer3.0.conv2.weight_ch70,2.990771770477295
layer4.0.conv3.weight,1034,layer4.0.conv3.weight_ch1034,2.9891626834869385
layer4.0.conv3.weight,1870,layer4.0.conv3.weight_ch1870,2.9871551990509033
layer3.5.conv3.weight,332,layer3.5.conv3.weight_ch332,2.9830734729766846
layer4.0.conv3.weight,558,layer4.0.conv3.weight_ch558,2.980825424194336
layer4.1.conv1.weight,106,layer4.1.conv1.weight_ch106,2.9776811599731445
layer4.0.conv3.weight,1620,layer4.0.conv3.weight_ch1620,2.977560520172119
layer2.1.conv3.weight,374,layer2.1.conv3.weight_ch374,2.977051019668579
layer4.0.conv3.weight,743,layer4.0.conv3.weight_ch743,2.974921226501465
layer4.0.conv3.weight,1822,layer4.0.conv3.weight_ch1822,2.9725794792175293
layer4.0.conv3.weight,1271,layer4.0.conv3.weight_ch1271,2.9693727493286133
layer4.0.conv3.weight,306,layer4.0.conv3.weight_ch306,2.9682936668395996
layer3.3.conv3.weight,758,layer3.3.conv3.weight_ch758,2.9681973457336426
layer3.2.conv2.weight,86,layer3.2.conv2.weight_ch86,2.967198371887207
layer3.1.conv3.weight,879,layer3.1.conv3.weight_ch879,2.9666748046875
layer4.0.conv3.weight,359,layer4.0.conv3.weight_ch359,2.9664859771728516
layer4.0.conv3.weight,348,layer4.0.conv3.weight_ch348,2.9652693271636963
layer3.2.conv2.weight,13,layer3.2.conv2.weight_ch13,2.96517276763916
layer4.1.conv1.weight,429,layer4.1.conv1.weight_ch429,2.9641246795654297
layer3.0.conv2.weight,67,layer3.0.conv2.weight_ch67,2.9626708030700684
layer3.1.conv3.weight,787,layer3.1.conv3.weight_ch787,2.9586527347564697
layer2.3.conv2.weight,48,layer2.3.conv2.weight_ch48,2.9572060108184814
layer4.0.conv3.weight,873,layer4.0.conv3.weight_ch873,2.9556727409362793
layer3.3.conv3.weight,505,layer3.3.conv3.weight_ch505,2.9538164138793945
layer3.3.conv3.weight,451,layer3.3.conv3.weight_ch451,2.9536170959472656
layer4.0.conv3.weight,1646,layer4.0.conv3.weight_ch1646,2.9526171684265137
layer3.5.conv3.weight,537,layer3.5.conv3.weight_ch537,2.952103614807129
layer3.2.conv3.weight,94,layer3.2.conv3.weight_ch94,2.951803684234619
layer4.0.conv3.weight,1575,layer4.0.conv3.weight_ch1575,2.9504354000091553
layer4.0.conv3.weight,1552,layer4.0.conv3.weight_ch1552,2.9493017196655273
layer3.0.conv3.weight,667,layer3.0.conv3.weight_ch667,2.94606614112854
layer3.3.conv3.weight,222,layer3.3.conv3.weight_ch222,2.945749521255493
layer4.1.conv1.weight,8,layer4.1.conv1.weight_ch8,2.9453907012939453
layer4.0.conv3.weight,1523,layer4.0.conv3.weight_ch1523,2.944077491760254
layer3.0.conv3.weight,381,layer3.0.conv3.weight_ch381,2.943183183670044
layer3.0.conv3.weight,37,layer3.0.conv3.weight_ch37,2.9422059059143066
layer4.0.conv3.weight,1754,layer4.0.conv3.weight_ch1754,2.940959930419922
layer4.0.conv3.weight,467,layer4.0.conv3.weight_ch467,2.9389700889587402
layer3.5.conv3.weight,688,layer3.5.conv3.weight_ch688,2.935238838195801
layer3.1.conv3.weight,386,layer3.1.conv3.weight_ch386,2.9337375164031982
layer3.0.conv3.weight,177,layer3.0.conv3.weight_ch177,2.933427333831787
layer4.0.conv3.weight,165,layer4.0.conv3.weight_ch165,2.931821584701538
layer4.0.conv3.weight,265,layer4.0.conv3.weight_ch265,2.9310061931610107
layer4.0.conv3.weight,1230,layer4.0.conv3.weight_ch1230,2.9301917552948
layer4.0.conv3.weight,1814,layer4.0.conv3.weight_ch1814,2.928971529006958
layer3.3.conv3.weight,756,layer3.3.conv3.weight_ch756,2.925386905670166
layer3.0.conv3.weight,86,layer3.0.conv3.weight_ch86,2.925051689147949
layer3.3.conv3.weight,925,layer3.3.conv3.weight_ch925,2.924806833267212
layer3.3.conv3.weight,644,layer3.3.conv3.weight_ch644,2.923887252807617
layer4.0.conv3.weight,1723,layer4.0.conv3.weight_ch1723,2.92364501953125
layer3.5.conv3.weight,12,layer3.5.conv3.weight_ch12,2.9232959747314453
layer3.2.conv3.weight,881,layer3.2.conv3.weight_ch881,2.9231483936309814
layer4.1.conv1.weight,388,layer4.1.conv1.weight_ch388,2.923029899597168
layer3.2.conv3.weight,1020,layer3.2.conv3.weight_ch1020,2.9222655296325684
layer4.0.conv3.weight,1014,layer4.0.conv3.weight_ch1014,2.921281576156616
layer3.1.conv3.weight,995,layer3.1.conv3.weight_ch995,2.917330265045166
layer3.1.conv3.weight,950,layer3.1.conv3.weight_ch950,2.9160959720611572
layer3.2.conv1.weight,201,layer3.2.conv1.weight_ch201,2.9137275218963623
layer3.0.conv2.weight,88,layer3.0.conv2.weight_ch88,2.9115188121795654
layer3.3.conv3.weight,242,layer3.3.conv3.weight_ch242,2.9105989933013916
layer3.0.conv3.weight,1004,layer3.0.conv3.weight_ch1004,2.91019606590271
layer4.0.conv3.weight,1284,layer4.0.conv3.weight_ch1284,2.909853458404541
layer3.2.conv3.weight,404,layer3.2.conv3.weight_ch404,2.9093973636627197
layer4.0.conv3.weight,1868,layer4.0.conv3.weight_ch1868,2.9072461128234863
layer3.0.conv3.weight,374,layer3.0.conv3.weight_ch374,2.907066822052002
layer4.0.conv3.weight,474,layer4.0.conv3.weight_ch474,2.906632423400879
layer4.0.conv3.weight,987,layer4.0.conv3.weight_ch987,2.906114101409912
layer3.2.conv3.weight,764,layer3.2.conv3.weight_ch764,2.905167579650879
layer4.0.conv3.weight,644,layer4.0.conv3.weight_ch644,2.905160427093506
layer3.3.conv3.weight,940,layer3.3.conv3.weight_ch940,2.9044926166534424
layer3.5.conv3.weight,82,layer3.5.conv3.weight_ch82,2.9039080142974854
layer3.2.conv1.weight,143,layer3.2.conv1.weight_ch143,2.903733253479004
layer4.0.conv3.weight,2024,layer4.0.conv3.weight_ch2024,2.9029581546783447
layer3.2.conv2.weight,147,layer3.2.conv2.weight_ch147,2.9007768630981445
layer4.0.conv3.weight,933,layer4.0.conv3.weight_ch933,2.9006781578063965
layer3.3.conv3.weight,1007,layer3.3.conv3.weight_ch1007,2.8993430137634277
layer3.3.conv3.weight,847,layer3.3.conv3.weight_ch847,2.8986432552337646
layer2.0.conv1.weight,88,layer2.0.conv1.weight_ch88,2.8982796669006348
layer3.2.conv3.weight,269,layer3.2.conv3.weight_ch269,2.8903133869171143
layer4.0.conv3.weight,1998,layer4.0.conv3.weight_ch1998,2.889338731765747
layer3.5.conv3.weight,773,layer3.5.conv3.weight_ch773,2.88816499710083
layer3.5.conv3.weight,356,layer3.5.conv3.weight_ch356,2.887821912765503
layer4.0.conv3.weight,391,layer4.0.conv3.weight_ch391,2.886655807495117
layer3.3.conv3.weight,57,layer3.3.conv3.weight_ch57,2.8853955268859863
layer3.5.conv3.weight,480,layer3.5.conv3.weight_ch480,2.884152889251709
layer4.0.conv3.weight,1141,layer4.0.conv3.weight_ch1141,2.8833653926849365
layer3.2.conv2.weight,92,layer3.2.conv2.weight_ch92,2.8814799785614014
layer3.3.conv3.weight,159,layer3.3.conv3.weight_ch159,2.8812851905822754
layer3.0.conv2.weight,137,layer3.0.conv2.weight_ch137,2.8805723190307617
layer3.0.conv3.weight,345,layer3.0.conv3.weight_ch345,2.87937068939209
layer3.3.conv3.weight,972,layer3.3.conv3.weight_ch972,2.8783469200134277
layer2.1.conv3.weight,158,layer2.1.conv3.weight_ch158,2.8774778842926025
layer3.0.conv2.weight,1,layer3.0.conv2.weight_ch1,2.8772222995758057
layer3.0.conv3.weight,856,layer3.0.conv3.weight_ch856,2.8752965927124023
layer4.1.conv1.weight,154,layer4.1.conv1.weight_ch154,2.875150442123413
layer3.3.conv3.weight,881,layer3.3.conv3.weight_ch881,2.875143051147461
layer3.3.conv3.weight,989,layer3.3.conv3.weight_ch989,2.8739004135131836
layer3.0.conv3.weight,560,layer3.0.conv3.weight_ch560,2.872795581817627
layer4.0.conv3.weight,1292,layer4.0.conv3.weight_ch1292,2.8723866939544678
layer4.0.conv3.weight,41,layer4.0.conv3.weight_ch41,2.8714375495910645
layer4.1.conv1.weight,370,layer4.1.conv1.weight_ch370,2.870424509048462
layer3.2.conv3.weight,876,layer3.2.conv3.weight_ch876,2.869488477706909
layer3.5.conv3.weight,592,layer3.5.conv3.weight_ch592,2.8684651851654053
layer4.1.conv1.weight,72,layer4.1.conv1.weight_ch72,2.8661296367645264
layer3.1.conv3.weight,507,layer3.1.conv3.weight_ch507,2.865222215652466
layer3.1.conv3.weight,472,layer3.1.conv3.weight_ch472,2.86426043510437
layer4.0.conv3.weight,1995,layer4.0.conv3.weight_ch1995,2.8640832901000977
layer3.1.conv3.weight,404,layer3.1.conv3.weight_ch404,2.863074779510498
layer3.1.conv3.weight,271,layer3.1.conv3.weight_ch271,2.8630309104919434
layer3.2.conv1.weight,136,layer3.2.conv1.weight_ch136,2.862091064453125
layer3.1.conv3.weight,743,layer3.1.conv3.weight_ch743,2.8619604110717773
layer3.0.conv2.weight,115,layer3.0.conv2.weight_ch115,2.8607561588287354
layer3.2.conv1.weight,75,layer3.2.conv1.weight_ch75,2.860485792160034
layer3.2.conv1.weight,138,layer3.2.conv1.weight_ch138,2.859070062637329
layer3.3.conv3.weight,58,layer3.3.conv3.weight_ch58,2.8579258918762207
layer3.0.conv3.weight,762,layer3.0.conv3.weight_ch762,2.856998920440674
layer4.0.conv3.weight,672,layer4.0.conv3.weight_ch672,2.855846881866455
layer4.0.conv3.weight,1025,layer4.0.conv3.weight_ch1025,2.855173349380493
layer4.0.conv3.weight,1425,layer4.0.conv3.weight_ch1425,2.8528499603271484
layer4.1.conv1.weight,323,layer4.1.conv1.weight_ch323,2.852442741394043
layer4.0.conv3.weight,1624,layer4.0.conv3.weight_ch1624,2.85235857963562
layer4.0.conv3.weight,1480,layer4.0.conv3.weight_ch1480,2.8519418239593506
layer4.0.conv3.weight,902,layer4.0.conv3.weight_ch902,2.8487887382507324
layer3.3.conv3.weight,366,layer3.3.conv3.weight_ch366,2.8466289043426514
layer4.0.conv3.weight,166,layer4.0.conv3.weight_ch166,2.844637155532837
layer4.0.conv3.weight,1695,layer4.0.conv3.weight_ch1695,2.844184637069702
layer4.1.conv1.weight,397,layer4.1.conv1.weight_ch397,2.8430652618408203
layer4.0.conv3.weight,568,layer4.0.conv3.weight_ch568,2.8422000408172607
layer3.3.conv3.weight,959,layer3.3.conv3.weight_ch959,2.840799331665039
layer4.1.conv1.weight,66,layer4.1.conv1.weight_ch66,2.8406178951263428
layer3.0.conv3.weight,715,layer3.0.conv3.weight_ch715,2.839324712753296
layer4.0.conv3.weight,1563,layer4.0.conv3.weight_ch1563,2.8386409282684326
layer2.0.conv1.weight,83,layer2.0.conv1.weight_ch83,2.838379144668579
layer4.0.conv3.weight,1152,layer4.0.conv3.weight_ch1152,2.8348660469055176
layer4.0.conv3.weight,263,layer4.0.conv3.weight_ch263,2.8332712650299072
layer3.1.conv3.weight,224,layer3.1.conv3.weight_ch224,2.8322761058807373
layer3.1.conv3.weight,93,layer3.1.conv3.weight_ch93,2.8318212032318115
layer4.0.conv3.weight,638,layer4.0.conv3.weight_ch638,2.831622838973999
layer3.5.conv3.weight,761,layer3.5.conv3.weight_ch761,2.8311450481414795
layer3.3.conv3.weight,585,layer3.3.conv3.weight_ch585,2.830028533935547
layer3.1.conv3.weight,582,layer3.1.conv3.weight_ch582,2.8290531635284424
layer3.0.conv3.weight,359,layer3.0.conv3.weight_ch359,2.8288094997406006
layer4.0.conv3.weight,1882,layer4.0.conv3.weight_ch1882,2.8259074687957764
layer4.0.conv3.weight,1975,layer4.0.conv3.weight_ch1975,2.8252017498016357
layer3.2.conv2.weight,137,layer3.2.conv2.weight_ch137,2.8242299556732178
layer3.0.conv2.weight,111,layer3.0.conv2.weight_ch111,2.822397470474243
layer3.5.conv3.weight,972,layer3.5.conv3.weight_ch972,2.822190284729004
layer4.0.conv3.weight,333,layer4.0.conv3.weight_ch333,2.8210504055023193
layer3.5.conv3.weight,988,layer3.5.conv3.weight_ch988,2.820852041244507
layer4.0.conv3.weight,1545,layer4.0.conv3.weight_ch1545,2.8195443153381348
layer3.2.conv1.weight,5,layer3.2.conv1.weight_ch5,2.8187754154205322
layer3.0.conv3.weight,870,layer3.0.conv3.weight_ch870,2.8187639713287354
layer3.1.conv3.weight,172,layer3.1.conv3.weight_ch172,2.816236734390259
layer4.0.conv3.weight,942,layer4.0.conv3.weight_ch942,2.8123905658721924
layer2.1.conv3.weight,107,layer2.1.conv3.weight_ch107,2.8120055198669434
layer3.5.conv3.weight,278,layer3.5.conv3.weight_ch278,2.811774253845215
layer3.1.conv3.weight,446,layer3.1.conv3.weight_ch446,2.8100478649139404
layer4.0.conv3.weight,1988,layer4.0.conv3.weight_ch1988,2.808666944503784
layer4.0.conv3.weight,1327,layer4.0.conv3.weight_ch1327,2.8085310459136963
layer4.0.conv3.weight,134,layer4.0.conv3.weight_ch134,2.8073079586029053
layer3.3.conv3.weight,404,layer3.3.conv3.weight_ch404,2.80615234375
layer4.0.conv3.weight,936,layer4.0.conv3.weight_ch936,2.8049824237823486
layer3.5.conv3.weight,1002,layer3.5.conv3.weight_ch1002,2.8049545288085938
layer3.5.conv3.weight,651,layer3.5.conv3.weight_ch651,2.8027760982513428
layer4.0.conv3.weight,499,layer4.0.conv3.weight_ch499,2.802546262741089
layer4.1.conv1.weight,476,layer4.1.conv1.weight_ch476,2.8021278381347656
layer4.0.conv3.weight,394,layer4.0.conv3.weight_ch394,2.8014562129974365
layer4.0.conv3.weight,1536,layer4.0.conv3.weight_ch1536,2.7992169857025146
layer3.0.conv2.weight,71,layer3.0.conv2.weight_ch71,2.7958827018737793
layer4.1.conv1.weight,442,layer4.1.conv1.weight_ch442,2.7958459854125977
layer3.5.conv3.weight,71,layer3.5.conv3.weight_ch71,2.795494556427002
layer3.5.conv3.weight,602,layer3.5.conv3.weight_ch602,2.79543137550354
layer4.0.conv3.weight,1877,layer4.0.conv3.weight_ch1877,2.795292615890503
layer4.1.conv1.weight,284,layer4.1.conv1.weight_ch284,2.7925775051116943
layer4.0.conv3.weight,676,layer4.0.conv3.weight_ch676,2.7914624214172363
layer1.2.conv3.weight,80,layer1.2.conv3.weight_ch80,2.791388750076294
layer3.2.conv3.weight,711,layer3.2.conv3.weight_ch711,2.790933609008789
layer3.0.conv3.weight,988,layer3.0.conv3.weight_ch988,2.7899417877197266
layer4.0.conv3.weight,35,layer4.0.conv3.weight_ch35,2.7891805171966553
layer3.3.conv3.weight,786,layer3.3.conv3.weight_ch786,2.7890329360961914
layer4.1.conv1.weight,265,layer4.1.conv1.weight_ch265,2.788658857345581
layer4.0.conv3.weight,1981,layer4.0.conv3.weight_ch1981,2.788435935974121
layer3.0.conv3.weight,4,layer3.0.conv3.weight_ch4,2.787268877029419
layer3.1.conv3.weight,249,layer3.1.conv3.weight_ch249,2.787062883377075
layer4.0.conv3.weight,100,layer4.0.conv3.weight_ch100,2.786539316177368
layer2.3.conv2.weight,116,layer2.3.conv2.weight_ch116,2.785616636276245
layer4.0.conv3.weight,1464,layer4.0.conv3.weight_ch1464,2.784247875213623
layer3.2.conv3.weight,918,layer3.2.conv3.weight_ch918,2.7826220989227295
layer4.0.conv3.weight,1430,layer4.0.conv3.weight_ch1430,2.7819125652313232
layer3.2.conv3.weight,259,layer3.2.conv3.weight_ch259,2.7810585498809814
layer3.3.conv3.weight,279,layer3.3.conv3.weight_ch279,2.77992844581604
layer3.3.conv3.weight,783,layer3.3.conv3.weight_ch783,2.7785961627960205
layer3.2.conv3.weight,615,layer3.2.conv3.weight_ch615,2.778158664703369
layer3.2.conv1.weight,108,layer3.2.conv1.weight_ch108,2.778128147125244
layer3.3.conv3.weight,399,layer3.3.conv3.weight_ch399,2.777169942855835
layer3.0.conv3.weight,347,layer3.0.conv3.weight_ch347,2.776620864868164
layer3.1.conv3.weight,992,layer3.1.conv3.weight_ch992,2.775636911392212
layer3.0.conv3.weight,727,layer3.0.conv3.weight_ch727,2.775278329849243
layer3.1.conv3.weight,714,layer3.1.conv3.weight_ch714,2.7749407291412354
layer4.0.conv3.weight,1820,layer4.0.conv3.weight_ch1820,2.774651527404785
layer3.2.conv3.weight,1006,layer3.2.conv3.weight_ch1006,2.7743985652923584
layer3.0.conv2.weight,80,layer3.0.conv2.weight_ch80,2.772369146347046
layer3.3.conv3.weight,40,layer3.3.conv3.weight_ch40,2.772249221801758
layer3.0.conv3.weight,400,layer3.0.conv3.weight_ch400,2.771636962890625
layer3.3.conv3.weight,273,layer3.3.conv3.weight_ch273,2.77085018157959
layer4.0.conv3.weight,1417,layer4.0.conv3.weight_ch1417,2.770355701446533
layer4.0.conv3.weight,395,layer4.0.conv3.weight_ch395,2.769212245941162
layer4.0.conv3.weight,1392,layer4.0.conv3.weight_ch1392,2.768505096435547
layer3.0.conv2.weight,177,layer3.0.conv2.weight_ch177,2.767402172088623
layer4.0.conv3.weight,1722,layer4.0.conv3.weight_ch1722,2.7673161029815674
layer3.0.conv3.weight,80,layer3.0.conv3.weight_ch80,2.7662980556488037
layer3.2.conv3.weight,403,layer3.2.conv3.weight_ch403,2.7652711868286133
layer3.2.conv3.weight,399,layer3.2.conv3.weight_ch399,2.764833927154541
layer3.3.conv3.weight,901,layer3.3.conv3.weight_ch901,2.764662981033325
layer4.0.conv3.weight,1935,layer4.0.conv3.weight_ch1935,2.7640931606292725
layer3.3.conv3.weight,741,layer3.3.conv3.weight_ch741,2.763404369354248
layer3.5.conv3.weight,287,layer3.5.conv3.weight_ch287,2.7632551193237305
layer3.0.conv3.weight,838,layer3.0.conv3.weight_ch838,2.762629508972168
layer4.0.conv3.weight,1017,layer4.0.conv3.weight_ch1017,2.7608091831207275
layer4.0.conv3.weight,204,layer4.0.conv3.weight_ch204,2.7605297565460205
layer3.5.conv3.weight,579,layer3.5.conv3.weight_ch579,2.758141040802002
layer3.0.conv3.weight,543,layer3.0.conv3.weight_ch543,2.757794141769409
layer3.2.conv1.weight,148,layer3.2.conv1.weight_ch148,2.757096767425537
layer3.1.conv3.weight,730,layer3.1.conv3.weight_ch730,2.756845474243164
layer3.1.conv3.weight,552,layer3.1.conv3.weight_ch552,2.755261182785034
layer4.0.conv3.weight,313,layer4.0.conv3.weight_ch313,2.7549593448638916
layer4.1.conv1.weight,255,layer4.1.conv1.weight_ch255,2.7542741298675537
layer3.0.conv3.weight,267,layer3.0.conv3.weight_ch267,2.75374698638916
layer3.5.conv3.weight,885,layer3.5.conv3.weight_ch885,2.752746820449829
layer4.0.conv3.weight,383,layer4.0.conv3.weight_ch383,2.752041816711426
layer2.0.conv2.weight,106,layer2.0.conv2.weight_ch106,2.7514748573303223
layer3.0.conv3.weight,329,layer3.0.conv3.weight_ch329,2.7512407302856445
layer4.0.conv3.weight,1315,layer4.0.conv3.weight_ch1315,2.7495648860931396
layer4.0.conv3.weight,27,layer4.0.conv3.weight_ch27,2.748436689376831
layer4.0.conv3.weight,2020,layer4.0.conv3.weight_ch2020,2.748370409011841
layer4.0.conv3.weight,868,layer4.0.conv3.weight_ch868,2.747730255126953
layer4.0.conv3.weight,1381,layer4.0.conv3.weight_ch1381,2.7471160888671875
layer3.5.conv3.weight,380,layer3.5.conv3.weight_ch380,2.7470033168792725
layer3.0.conv3.weight,219,layer3.0.conv3.weight_ch219,2.746417284011841
layer4.0.conv3.weight,1548,layer4.0.conv3.weight_ch1548,2.745863199234009
layer3.3.conv3.weight,859,layer3.3.conv3.weight_ch859,2.744868278503418
layer3.1.conv3.weight,883,layer3.1.conv3.weight_ch883,2.744826316833496
layer4.0.conv3.weight,915,layer4.0.conv3.weight_ch915,2.743924617767334
layer2.1.conv3.weight,448,layer2.1.conv3.weight_ch448,2.743630886077881
layer3.5.conv3.weight,542,layer3.5.conv3.weight_ch542,2.740422487258911
layer3.3.conv3.weight,249,layer3.3.conv3.weight_ch249,2.7392680644989014
layer2.0.conv2.weight,35,layer2.0.conv2.weight_ch35,2.737438201904297
layer3.0.conv3.weight,53,layer3.0.conv3.weight_ch53,2.736332416534424
layer3.5.conv3.weight,451,layer3.5.conv3.weight_ch451,2.7362899780273438
layer3.1.conv3.weight,798,layer3.1.conv3.weight_ch798,2.735901117324829
layer2.0.conv1.weight,110,layer2.0.conv1.weight_ch110,2.7333292961120605
layer3.0.conv3.weight,292,layer3.0.conv3.weight_ch292,2.7329306602478027
layer4.0.conv3.weight,945,layer4.0.conv3.weight_ch945,2.7321696281433105
layer3.0.conv2.weight,81,layer3.0.conv2.weight_ch81,2.7320966720581055
layer1.2.conv3.weight,195,layer1.2.conv3.weight_ch195,2.731044292449951
layer2.3.conv2.weight,90,layer2.3.conv2.weight_ch90,2.7302067279815674
layer3.1.conv3.weight,889,layer3.1.conv3.weight_ch889,2.7298531532287598
layer3.2.conv3.weight,178,layer3.2.conv3.weight_ch178,2.7268974781036377
layer3.3.conv3.weight,987,layer3.3.conv3.weight_ch987,2.7245099544525146
layer4.0.conv3.weight,375,layer4.0.conv3.weight_ch375,2.7237117290496826
layer4.0.conv3.weight,1816,layer4.0.conv3.weight_ch1816,2.7237069606781006
layer3.1.conv3.weight,956,layer3.1.conv3.weight_ch956,2.722520589828491
layer3.0.conv2.weight,63,layer3.0.conv2.weight_ch63,2.7223403453826904
layer3.2.conv3.weight,258,layer3.2.conv3.weight_ch258,2.7197580337524414
layer1.2.conv3.weight,192,layer1.2.conv3.weight_ch192,2.7175445556640625
layer3.5.conv3.weight,973,layer3.5.conv3.weight_ch973,2.717261791229248
layer3.0.conv3.weight,1013,layer3.0.conv3.weight_ch1013,2.717125415802002
layer3.2.conv1.weight,216,layer3.2.conv1.weight_ch216,2.715435266494751
layer3.3.conv3.weight,181,layer3.3.conv3.weight_ch181,2.715364933013916
layer3.3.conv3.weight,4,layer3.3.conv3.weight_ch4,2.7150256633758545
layer4.0.conv3.weight,765,layer4.0.conv3.weight_ch765,2.7142739295959473
layer3.2.conv3.weight,691,layer3.2.conv3.weight_ch691,2.7140188217163086
layer3.2.conv3.weight,1021,layer3.2.conv3.weight_ch1021,2.7137982845306396
layer3.2.conv3.weight,649,layer3.2.conv3.weight_ch649,2.709757089614868
layer2.0.conv1.weight,53,layer2.0.conv1.weight_ch53,2.7091214656829834
layer3.2.conv3.weight,335,layer3.2.conv3.weight_ch335,2.7077279090881348
layer3.3.conv3.weight,1009,layer3.3.conv3.weight_ch1009,2.7075483798980713
layer4.1.conv1.weight,336,layer4.1.conv1.weight_ch336,2.7074692249298096
layer3.0.conv3.weight,473,layer3.0.conv3.weight_ch473,2.7066030502319336
layer3.0.conv3.weight,1008,layer3.0.conv3.weight_ch1008,2.705371856689453
layer4.1.conv1.weight,31,layer4.1.conv1.weight_ch31,2.7046055793762207
layer3.3.conv3.weight,297,layer3.3.conv3.weight_ch297,2.702838897705078
layer4.0.conv3.weight,959,layer4.0.conv3.weight_ch959,2.7025558948516846
layer4.0.conv3.weight,674,layer4.0.conv3.weight_ch674,2.7006354331970215
layer3.1.conv3.weight,725,layer3.1.conv3.weight_ch725,2.7001490592956543
layer3.2.conv2.weight,255,layer3.2.conv2.weight_ch255,2.698538303375244
layer3.2.conv3.weight,765,layer3.2.conv3.weight_ch765,2.696873903274536
layer4.0.conv3.weight,10,layer4.0.conv3.weight_ch10,2.6966919898986816
layer1.2.conv3.weight,22,layer1.2.conv3.weight_ch22,2.6960487365722656
layer3.0.conv2.weight,252,layer3.0.conv2.weight_ch252,2.695019245147705
layer3.3.conv3.weight,244,layer3.3.conv3.weight_ch244,2.694819688796997
layer3.5.conv3.weight,13,layer3.5.conv3.weight_ch13,2.6942591667175293
layer4.0.conv3.weight,217,layer4.0.conv3.weight_ch217,2.6940560340881348
layer3.2.conv3.weight,431,layer3.2.conv3.weight_ch431,2.693624258041382
layer4.0.conv3.weight,20,layer4.0.conv3.weight_ch20,2.6925148963928223
layer4.0.conv3.weight,692,layer4.0.conv3.weight_ch692,2.6924829483032227
layer1.2.conv3.weight,103,layer1.2.conv3.weight_ch103,2.691387891769409
layer3.1.conv3.weight,325,layer3.1.conv3.weight_ch325,2.689922332763672
layer3.2.conv3.weight,436,layer3.2.conv3.weight_ch436,2.6898839473724365
layer2.0.conv1.weight,51,layer2.0.conv1.weight_ch51,2.6892552375793457
layer3.5.conv3.weight,511,layer3.5.conv3.weight_ch511,2.686460018157959
layer3.1.conv3.weight,942,layer3.1.conv3.weight_ch942,2.6860992908477783
layer4.0.conv3.weight,133,layer4.0.conv3.weight_ch133,2.6851212978363037
layer4.0.conv3.weight,436,layer4.0.conv3.weight_ch436,2.684701681137085
layer3.3.conv3.weight,464,layer3.3.conv3.weight_ch464,2.68330717086792
layer4.1.conv1.weight,206,layer4.1.conv1.weight_ch206,2.6829400062561035
layer3.0.conv3.weight,540,layer3.0.conv3.weight_ch540,2.682032823562622
layer3.5.conv3.weight,931,layer3.5.conv3.weight_ch931,2.682004928588867
layer4.1.conv1.weight,183,layer4.1.conv1.weight_ch183,2.6818861961364746
layer3.5.conv3.weight,872,layer3.5.conv3.weight_ch872,2.6796088218688965
layer3.5.conv3.weight,355,layer3.5.conv3.weight_ch355,2.678342580795288
layer3.2.conv2.weight,100,layer3.2.conv2.weight_ch100,2.6767404079437256
layer4.0.conv3.weight,693,layer4.0.conv3.weight_ch693,2.6758310794830322
layer4.0.conv3.weight,993,layer4.0.conv3.weight_ch993,2.6754794120788574
layer3.1.conv3.weight,890,layer3.1.conv3.weight_ch890,2.6752004623413086
layer4.0.conv3.weight,129,layer4.0.conv3.weight_ch129,2.6750802993774414
layer3.1.conv3.weight,292,layer3.1.conv3.weight_ch292,2.6750376224517822
layer3.3.conv3.weight,489,layer3.3.conv3.weight_ch489,2.674999713897705
layer3.3.conv3.weight,569,layer3.3.conv3.weight_ch569,2.6748337745666504
layer4.0.conv3.weight,260,layer4.0.conv3.weight_ch260,2.6739134788513184
layer3.1.conv3.weight,236,layer3.1.conv3.weight_ch236,2.67338228225708
layer3.5.conv3.weight,601,layer3.5.conv3.weight_ch601,2.671898365020752
layer3.1.conv3.weight,111,layer3.1.conv3.weight_ch111,2.6714060306549072
layer3.2.conv1.weight,205,layer3.2.conv1.weight_ch205,2.6688783168792725
layer2.3.conv2.weight,27,layer2.3.conv2.weight_ch27,2.6688339710235596
layer3.2.conv3.weight,947,layer3.2.conv3.weight_ch947,2.668459892272949
layer3.0.conv3.weight,223,layer3.0.conv3.weight_ch223,2.6683099269866943
layer4.1.conv1.weight,259,layer4.1.conv1.weight_ch259,2.667708158493042
layer4.1.conv1.weight,373,layer4.1.conv1.weight_ch373,2.666259288787842
layer3.3.conv3.weight,601,layer3.3.conv3.weight_ch601,2.6657323837280273
layer3.5.conv3.weight,8,layer3.5.conv3.weight_ch8,2.6656463146209717
layer3.1.conv3.weight,585,layer3.1.conv3.weight_ch585,2.664769411087036
layer4.0.conv3.weight,1293,layer4.0.conv3.weight_ch1293,2.664490222930908
layer3.2.conv2.weight,29,layer3.2.conv2.weight_ch29,2.6632962226867676
layer4.0.conv3.weight,1154,layer4.0.conv3.weight_ch1154,2.6628637313842773
layer4.1.conv1.weight,187,layer4.1.conv1.weight_ch187,2.6617815494537354
layer3.5.conv3.weight,21,layer3.5.conv3.weight_ch21,2.661623477935791
layer4.0.conv3.weight,740,layer4.0.conv3.weight_ch740,2.660433530807495
layer4.0.conv3.weight,341,layer4.0.conv3.weight_ch341,2.658937692642212
layer4.1.conv1.weight,461,layer4.1.conv1.weight_ch461,2.6579415798187256
layer4.0.conv3.weight,354,layer4.0.conv3.weight_ch354,2.6577672958374023
layer4.0.conv3.weight,1828,layer4.0.conv3.weight_ch1828,2.657545804977417
layer3.0.conv2.weight,84,layer3.0.conv2.weight_ch84,2.6566245555877686
layer3.2.conv3.weight,473,layer3.2.conv3.weight_ch473,2.6565840244293213
layer3.3.conv3.weight,448,layer3.3.conv3.weight_ch448,2.656515598297119
layer2.1.conv3.weight,78,layer2.1.conv3.weight_ch78,2.653822422027588
layer2.1.conv3.weight,294,layer2.1.conv3.weight_ch294,2.651752233505249
layer2.1.conv3.weight,91,layer2.1.conv3.weight_ch91,2.6503634452819824
layer3.2.conv3.weight,833,layer3.2.conv3.weight_ch833,2.6501083374023438
layer4.0.conv3.weight,965,layer4.0.conv3.weight_ch965,2.646988868713379
layer3.3.conv3.weight,132,layer3.3.conv3.weight_ch132,2.6463749408721924
layer3.5.conv3.weight,362,layer3.5.conv3.weight_ch362,2.6461217403411865
layer3.3.conv3.weight,71,layer3.3.conv3.weight_ch71,2.6445364952087402
layer2.3.conv2.weight,25,layer2.3.conv2.weight_ch25,2.642542839050293
layer3.0.conv3.weight,785,layer3.0.conv3.weight_ch785,2.641951560974121
layer3.2.conv3.weight,820,layer3.2.conv3.weight_ch820,2.641052484512329
layer2.1.conv3.weight,214,layer2.1.conv3.weight_ch214,2.640307903289795
layer4.0.conv3.weight,562,layer4.0.conv3.weight_ch562,2.639960527420044
layer3.2.conv3.weight,458,layer3.2.conv3.weight_ch458,2.6382787227630615
layer4.0.conv3.weight,1378,layer4.0.conv3.weight_ch1378,2.6369476318359375
layer3.1.conv3.weight,345,layer3.1.conv3.weight_ch345,2.636082887649536
layer3.3.conv3.weight,307,layer3.3.conv3.weight_ch307,2.6347708702087402
layer4.0.conv3.weight,1005,layer4.0.conv3.weight_ch1005,2.633495569229126
layer3.2.conv3.weight,71,layer3.2.conv3.weight_ch71,2.6331660747528076
layer4.0.conv3.weight,346,layer4.0.conv3.weight_ch346,2.632845878601074
layer3.3.conv3.weight,772,layer3.3.conv3.weight_ch772,2.6308581829071045
layer3.0.conv2.weight,99,layer3.0.conv2.weight_ch99,2.630749225616455
layer3.1.conv3.weight,662,layer3.1.conv3.weight_ch662,2.628838539123535
layer2.0.conv1.weight,70,layer2.0.conv1.weight_ch70,2.628220796585083
layer3.0.conv3.weight,942,layer3.0.conv3.weight_ch942,2.6251118183135986
layer3.1.conv3.weight,389,layer3.1.conv3.weight_ch389,2.624474287033081
layer3.0.conv2.weight,8,layer3.0.conv2.weight_ch8,2.624253988265991
layer3.3.conv3.weight,220,layer3.3.conv3.weight_ch220,2.6232001781463623
layer3.0.conv3.weight,1007,layer3.0.conv3.weight_ch1007,2.6227893829345703
layer4.0.conv3.weight,465,layer4.0.conv3.weight_ch465,2.6222405433654785
layer3.3.conv3.weight,801,layer3.3.conv3.weight_ch801,2.6220932006835938
layer4.0.conv3.weight,1446,layer4.0.conv3.weight_ch1446,2.6215391159057617
layer3.1.conv3.weight,792,layer3.1.conv3.weight_ch792,2.621530532836914
layer3.2.conv1.weight,198,layer3.2.conv1.weight_ch198,2.620964527130127
layer4.0.conv3.weight,594,layer4.0.conv3.weight_ch594,2.618858814239502
layer4.0.conv3.weight,420,layer4.0.conv3.weight_ch420,2.618494749069214
layer4.0.conv3.weight,1298,layer4.0.conv3.weight_ch1298,2.6184215545654297
layer3.1.conv3.weight,323,layer3.1.conv3.weight_ch323,2.6180527210235596
layer3.2.conv3.weight,887,layer3.2.conv3.weight_ch887,2.6172714233398438
layer3.2.conv3.weight,107,layer3.2.conv3.weight_ch107,2.615893602371216
layer4.0.conv3.weight,435,layer4.0.conv3.weight_ch435,2.615264415740967
layer4.1.conv1.weight,0,layer4.1.conv1.weight_ch0,2.6130847930908203
layer3.1.conv3.weight,845,layer3.1.conv3.weight_ch845,2.6130237579345703
layer3.2.conv3.weight,111,layer3.2.conv3.weight_ch111,2.612227439880371
layer4.1.conv1.weight,297,layer4.1.conv1.weight_ch297,2.610619306564331
layer3.0.conv2.weight,46,layer3.0.conv2.weight_ch46,2.60910964012146
layer3.0.conv3.weight,159,layer3.0.conv3.weight_ch159,2.6090950965881348
layer4.0.conv3.weight,253,layer4.0.conv3.weight_ch253,2.6090385913848877
layer3.5.conv3.weight,934,layer3.5.conv3.weight_ch934,2.608567953109741
layer3.2.conv3.weight,896,layer3.2.conv3.weight_ch896,2.607630491256714
layer2.1.conv3.weight,63,layer2.1.conv3.weight_ch63,2.6069865226745605
layer3.5.conv3.weight,547,layer3.5.conv3.weight_ch547,2.6059823036193848
layer2.3.conv2.weight,69,layer2.3.conv2.weight_ch69,2.6059155464172363
layer3.2.conv3.weight,885,layer3.2.conv3.weight_ch885,2.605342149734497
layer3.2.conv3.weight,962,layer3.2.conv3.weight_ch962,2.6052873134613037
layer2.3.conv2.weight,7,layer2.3.conv2.weight_ch7,2.6052680015563965
layer4.0.conv3.weight,328,layer4.0.conv3.weight_ch328,2.60526704788208
layer3.5.conv3.weight,580,layer3.5.conv3.weight_ch580,2.6042332649230957
layer3.2.conv2.weight,99,layer3.2.conv2.weight_ch99,2.6039228439331055
layer3.3.conv3.weight,800,layer3.3.conv3.weight_ch800,2.602668285369873
layer3.1.conv3.weight,155,layer3.1.conv3.weight_ch155,2.6026039123535156
layer4.0.conv3.weight,4,layer4.0.conv3.weight_ch4,2.602191686630249
layer3.5.conv3.weight,477,layer3.5.conv3.weight_ch477,2.601766347885132
layer3.2.conv3.weight,741,layer3.2.conv3.weight_ch741,2.600351095199585
layer3.3.conv3.weight,806,layer3.3.conv3.weight_ch806,2.5997514724731445
layer4.1.conv1.weight,29,layer4.1.conv1.weight_ch29,2.5996642112731934
layer3.3.conv3.weight,186,layer3.3.conv3.weight_ch186,2.5989975929260254
layer4.0.conv3.weight,729,layer4.0.conv3.weight_ch729,2.5985982418060303
layer3.2.conv3.weight,141,layer3.2.conv3.weight_ch141,2.5984888076782227
layer3.1.conv3.weight,0,layer3.1.conv3.weight_ch0,2.598376750946045
layer3.0.conv3.weight,154,layer3.0.conv3.weight_ch154,2.5980892181396484
layer4.0.conv3.weight,276,layer4.0.conv3.weight_ch276,2.5974576473236084
layer3.0.conv3.weight,911,layer3.0.conv3.weight_ch911,2.5971617698669434
layer3.0.conv2.weight,36,layer3.0.conv2.weight_ch36,2.596463680267334
layer3.0.conv3.weight,77,layer3.0.conv3.weight_ch77,2.5959365367889404
layer4.0.conv3.weight,1793,layer4.0.conv3.weight_ch1793,2.5947394371032715
layer4.1.conv1.weight,94,layer4.1.conv1.weight_ch94,2.5946459770202637
layer3.0.conv2.weight,12,layer3.0.conv2.weight_ch12,2.5944736003875732
layer2.1.conv3.weight,464,layer2.1.conv3.weight_ch464,2.5933077335357666
layer2.3.conv2.weight,70,layer2.3.conv2.weight_ch70,2.592783212661743
layer3.3.conv3.weight,9,layer3.3.conv3.weight_ch9,2.591365098953247
layer4.1.conv1.weight,381,layer4.1.conv1.weight_ch381,2.591301679611206
layer3.0.conv2.weight,44,layer3.0.conv2.weight_ch44,2.5911388397216797
layer3.3.conv3.weight,421,layer3.3.conv3.weight_ch421,2.5909833908081055
layer4.0.conv3.weight,851,layer4.0.conv3.weight_ch851,2.5909759998321533
layer4.1.conv1.weight,413,layer4.1.conv1.weight_ch413,2.5904664993286133
layer3.2.conv3.weight,75,layer3.2.conv3.weight_ch75,2.590419292449951
layer3.2.conv3.weight,280,layer3.2.conv3.weight_ch280,2.589909791946411
layer3.5.conv3.weight,206,layer3.5.conv3.weight_ch206,2.589409112930298
layer3.5.conv3.weight,45,layer3.5.conv3.weight_ch45,2.589390993118286
layer3.0.conv3.weight,741,layer3.0.conv3.weight_ch741,2.5886778831481934
layer4.0.conv3.weight,1226,layer4.0.conv3.weight_ch1226,2.5886504650115967
layer4.0.conv3.weight,300,layer4.0.conv3.weight_ch300,2.5884523391723633
layer4.1.conv1.weight,199,layer4.1.conv1.weight_ch199,2.5879688262939453
layer3.0.conv3.weight,140,layer3.0.conv3.weight_ch140,2.587911367416382
layer3.3.conv3.weight,626,layer3.3.conv3.weight_ch626,2.5873162746429443
layer4.0.conv3.weight,220,layer4.0.conv3.weight_ch220,2.586338758468628
layer3.0.conv2.weight,255,layer3.0.conv2.weight_ch255,2.5858428478240967
layer3.0.conv2.weight,43,layer3.0.conv2.weight_ch43,2.5856361389160156
layer3.0.conv3.weight,191,layer3.0.conv3.weight_ch191,2.5853214263916016
layer1.2.conv3.weight,16,layer1.2.conv3.weight_ch16,2.5842056274414062
layer2.1.conv3.weight,341,layer2.1.conv3.weight_ch341,2.5840420722961426
layer3.2.conv3.weight,72,layer3.2.conv3.weight_ch72,2.5837881565093994
layer4.0.conv3.weight,232,layer4.0.conv3.weight_ch232,2.5836195945739746
layer3.5.conv3.weight,862,layer3.5.conv3.weight_ch862,2.5835158824920654
layer3.3.conv3.weight,646,layer3.3.conv3.weight_ch646,2.5811164379119873
layer3.2.conv2.weight,42,layer3.2.conv2.weight_ch42,2.581007957458496
layer4.0.conv3.weight,1348,layer4.0.conv3.weight_ch1348,2.5808959007263184
layer3.2.conv3.weight,972,layer3.2.conv3.weight_ch972,2.579542398452759
layer3.3.conv3.weight,827,layer3.3.conv3.weight_ch827,2.579149007797241
layer3.0.conv2.weight,117,layer3.0.conv2.weight_ch117,2.57906436920166
layer3.2.conv3.weight,904,layer3.2.conv3.weight_ch904,2.5790200233459473
layer3.0.conv3.weight,825,layer3.0.conv3.weight_ch825,2.5789976119995117
layer3.1.conv3.weight,168,layer3.1.conv3.weight_ch168,2.5770225524902344
layer3.2.conv2.weight,154,layer3.2.conv2.weight_ch154,2.576582670211792
layer2.1.conv3.weight,134,layer2.1.conv3.weight_ch134,2.575183153152466
layer3.0.conv2.weight,202,layer3.0.conv2.weight_ch202,2.574289321899414
layer4.0.conv3.weight,717,layer4.0.conv3.weight_ch717,2.5735692977905273
layer4.0.conv3.weight,451,layer4.0.conv3.weight_ch451,2.5727789402008057
layer3.2.conv3.weight,978,layer3.2.conv3.weight_ch978,2.571488618850708
layer4.0.conv3.weight,351,layer4.0.conv3.weight_ch351,2.5698413848876953
layer4.0.conv3.weight,340,layer4.0.conv3.weight_ch340,2.5690908432006836
layer4.0.conv3.weight,587,layer4.0.conv3.weight_ch587,2.5687127113342285
layer3.3.conv3.weight,376,layer3.3.conv3.weight_ch376,2.567392349243164
layer3.3.conv3.weight,204,layer3.3.conv3.weight_ch204,2.5668516159057617
layer4.0.conv3.weight,290,layer4.0.conv3.weight_ch290,2.563823938369751
layer2.0.conv2.weight,18,layer2.0.conv2.weight_ch18,2.5625996589660645
layer3.3.conv3.weight,883,layer3.3.conv3.weight_ch883,2.5624356269836426
layer3.1.conv3.weight,71,layer3.1.conv3.weight_ch71,2.562397003173828
layer3.0.conv2.weight,98,layer3.0.conv2.weight_ch98,2.5617551803588867
layer3.0.conv2.weight,114,layer3.0.conv2.weight_ch114,2.560803174972534
layer4.0.conv3.weight,1343,layer4.0.conv3.weight_ch1343,2.560791015625
layer4.0.conv3.weight,1666,layer4.0.conv3.weight_ch1666,2.558870792388916
layer3.3.conv3.weight,656,layer3.3.conv3.weight_ch656,2.5587995052337646
layer4.0.conv3.weight,733,layer4.0.conv3.weight_ch733,2.5582518577575684
layer4.0.conv3.weight,1515,layer4.0.conv3.weight_ch1515,2.5580387115478516
layer4.0.conv3.weight,248,layer4.0.conv3.weight_ch248,2.5554938316345215
layer3.1.conv3.weight,785,layer3.1.conv3.weight_ch785,2.5553128719329834
layer3.3.conv3.weight,963,layer3.3.conv3.weight_ch963,2.5542891025543213
layer3.1.conv3.weight,607,layer3.1.conv3.weight_ch607,2.553988456726074
layer4.0.conv3.weight,905,layer4.0.conv3.weight_ch905,2.553023099899292
layer3.2.conv2.weight,41,layer3.2.conv2.weight_ch41,2.5523593425750732
layer3.5.conv3.weight,943,layer3.5.conv3.weight_ch943,2.550518751144409
layer3.1.conv3.weight,110,layer3.1.conv3.weight_ch110,2.55039119720459
layer4.0.conv3.weight,242,layer4.0.conv3.weight_ch242,2.548656702041626
layer3.5.conv3.weight,247,layer3.5.conv3.weight_ch247,2.548638343811035
layer3.3.conv3.weight,312,layer3.3.conv3.weight_ch312,2.547271966934204
layer4.0.conv3.weight,917,layer4.0.conv3.weight_ch917,2.5471932888031006
layer4.0.conv3.weight,170,layer4.0.conv3.weight_ch170,2.5470893383026123
layer3.0.conv3.weight,621,layer3.0.conv3.weight_ch621,2.5468015670776367
layer4.0.conv3.weight,846,layer4.0.conv3.weight_ch846,2.5466110706329346
layer4.0.conv3.weight,1235,layer4.0.conv3.weight_ch1235,2.544492483139038
layer3.3.conv3.weight,77,layer3.3.conv3.weight_ch77,2.542977809906006
layer2.1.conv3.weight,149,layer2.1.conv3.weight_ch149,2.542919397354126
layer4.0.conv3.weight,1601,layer4.0.conv3.weight_ch1601,2.542663097381592
layer3.1.conv3.weight,1010,layer3.1.conv3.weight_ch1010,2.542436122894287
layer3.3.conv3.weight,812,layer3.3.conv3.weight_ch812,2.542003631591797
layer3.2.conv3.weight,897,layer3.2.conv3.weight_ch897,2.541882276535034
layer4.0.conv3.weight,1991,layer4.0.conv3.weight_ch1991,2.5407800674438477
layer4.0.conv3.weight,1453,layer4.0.conv3.weight_ch1453,2.54071044921875
layer3.5.conv3.weight,532,layer3.5.conv3.weight_ch532,2.539046049118042
layer3.2.conv3.weight,24,layer3.2.conv3.weight_ch24,2.538491725921631
layer4.0.conv3.weight,1987,layer4.0.conv3.weight_ch1987,2.5382888317108154
layer4.0.conv3.weight,1369,layer4.0.conv3.weight_ch1369,2.5353784561157227
layer4.0.conv3.weight,414,layer4.0.conv3.weight_ch414,2.5346133708953857
layer4.0.conv3.weight,1419,layer4.0.conv3.weight_ch1419,2.534005880355835
layer3.1.conv3.weight,915,layer3.1.conv3.weight_ch915,2.533924102783203
layer3.1.conv3.weight,277,layer3.1.conv3.weight_ch277,2.533315658569336
layer3.2.conv3.weight,432,layer3.2.conv3.weight_ch432,2.5318171977996826
layer3.0.conv3.weight,622,layer3.0.conv3.weight_ch622,2.53165340423584
layer3.1.conv3.weight,41,layer3.1.conv3.weight_ch41,2.530547618865967
layer3.0.conv3.weight,535,layer3.0.conv3.weight_ch535,2.5293402671813965
layer3.2.conv1.weight,62,layer3.2.conv1.weight_ch62,2.528761863708496
layer3.0.conv3.weight,360,layer3.0.conv3.weight_ch360,2.528548002243042
layer3.0.conv2.weight,112,layer3.0.conv2.weight_ch112,2.528141975402832
layer4.1.conv1.weight,325,layer4.1.conv1.weight_ch325,2.5275251865386963
layer2.1.conv3.weight,463,layer2.1.conv3.weight_ch463,2.5273189544677734
layer4.0.conv3.weight,1937,layer4.0.conv3.weight_ch1937,2.524759531021118
layer4.0.conv3.weight,625,layer4.0.conv3.weight_ch625,2.5226502418518066
layer3.3.conv3.weight,104,layer3.3.conv3.weight_ch104,2.521956443786621
layer3.5.conv3.weight,30,layer3.5.conv3.weight_ch30,2.521793842315674
layer3.0.conv2.weight,159,layer3.0.conv2.weight_ch159,2.521512031555176
layer3.5.conv3.weight,812,layer3.5.conv3.weight_ch812,2.5213396549224854
layer3.5.conv3.weight,386,layer3.5.conv3.weight_ch386,2.5212602615356445
layer4.0.conv3.weight,2010,layer4.0.conv3.weight_ch2010,2.519807815551758
layer3.1.conv3.weight,868,layer3.1.conv3.weight_ch868,2.5194294452667236
layer3.2.conv3.weight,344,layer3.2.conv3.weight_ch344,2.5190889835357666
layer3.0.conv3.weight,306,layer3.0.conv3.weight_ch306,2.518908739089966
layer1.2.conv3.weight,56,layer1.2.conv3.weight_ch56,2.5186564922332764
layer4.1.conv1.weight,317,layer4.1.conv1.weight_ch317,2.5172204971313477
layer4.0.conv3.weight,927,layer4.0.conv3.weight_ch927,2.5169379711151123
layer3.0.conv3.weight,453,layer3.0.conv3.weight_ch453,2.516751766204834
layer4.0.conv3.weight,1824,layer4.0.conv3.weight_ch1824,2.5159859657287598
layer3.3.conv3.weight,971,layer3.3.conv3.weight_ch971,2.5149362087249756
layer4.1.conv1.weight,492,layer4.1.conv1.weight_ch492,2.5149025917053223
layer3.0.conv2.weight,62,layer3.0.conv2.weight_ch62,2.514336585998535
layer3.3.conv3.weight,25,layer3.3.conv3.weight_ch25,2.513214111328125
layer4.0.conv3.weight,810,layer4.0.conv3.weight_ch810,2.511786699295044
layer3.1.conv3.weight,939,layer3.1.conv3.weight_ch939,2.5107951164245605
layer3.1.conv3.weight,196,layer3.1.conv3.weight_ch196,2.5099289417266846
layer4.1.conv1.weight,39,layer4.1.conv1.weight_ch39,2.5098328590393066
layer4.1.conv1.weight,427,layer4.1.conv1.weight_ch427,2.509277105331421
layer3.3.conv3.weight,567,layer3.3.conv3.weight_ch567,2.5092501640319824
layer4.1.conv1.weight,426,layer4.1.conv1.weight_ch426,2.509073495864868
layer4.0.conv3.weight,748,layer4.0.conv3.weight_ch748,2.508960485458374
layer3.2.conv3.weight,892,layer3.2.conv3.weight_ch892,2.507237434387207
layer4.0.conv3.weight,1406,layer4.0.conv3.weight_ch1406,2.5070674419403076
layer3.1.conv3.weight,810,layer3.1.conv3.weight_ch810,2.5070178508758545
layer3.2.conv1.weight,10,layer3.2.conv1.weight_ch10,2.5067524909973145
layer4.1.conv1.weight,149,layer4.1.conv1.weight_ch149,2.5065362453460693
layer3.1.conv3.weight,192,layer3.1.conv3.weight_ch192,2.504927635192871
layer4.0.conv3.weight,651,layer4.0.conv3.weight_ch651,2.5042548179626465
layer3.3.conv3.weight,256,layer3.3.conv3.weight_ch256,2.5039381980895996
layer2.1.conv3.weight,213,layer2.1.conv3.weight_ch213,2.5038018226623535
layer3.3.conv3.weight,512,layer3.3.conv3.weight_ch512,2.5025155544281006
layer3.3.conv3.weight,401,layer3.3.conv3.weight_ch401,2.499452590942383
layer4.0.conv3.weight,798,layer4.0.conv3.weight_ch798,2.499013900756836
layer4.0.conv3.weight,639,layer4.0.conv3.weight_ch639,2.498957633972168
layer3.0.conv3.weight,56,layer3.0.conv3.weight_ch56,2.498835563659668
layer2.3.conv2.weight,4,layer2.3.conv2.weight_ch4,2.498121976852417
layer4.0.conv3.weight,1974,layer4.0.conv3.weight_ch1974,2.497638702392578
layer4.0.conv3.weight,1831,layer4.0.conv3.weight_ch1831,2.4976015090942383
layer2.1.conv3.weight,124,layer2.1.conv3.weight_ch124,2.4972646236419678
layer4.0.conv3.weight,370,layer4.0.conv3.weight_ch370,2.496906280517578
layer3.5.conv3.weight,207,layer3.5.conv3.weight_ch207,2.494582176208496
layer3.2.conv2.weight,207,layer3.2.conv2.weight_ch207,2.493530750274658
layer3.1.conv3.weight,796,layer3.1.conv3.weight_ch796,2.4934773445129395
layer3.0.conv2.weight,217,layer3.0.conv2.weight_ch217,2.492954730987549
layer3.1.conv3.weight,113,layer3.1.conv3.weight_ch113,2.4926815032958984
layer2.0.conv2.weight,95,layer2.0.conv2.weight_ch95,2.4926695823669434
layer3.2.conv3.weight,327,layer3.2.conv3.weight_ch327,2.4926021099090576
layer4.0.conv3.weight,1819,layer4.0.conv3.weight_ch1819,2.491955041885376
layer4.0.conv3.weight,1300,layer4.0.conv3.weight_ch1300,2.4913086891174316
layer4.0.conv3.weight,87,layer4.0.conv3.weight_ch87,2.4911012649536133
layer3.1.conv3.weight,847,layer3.1.conv3.weight_ch847,2.4905922412872314
layer4.0.conv3.weight,1203,layer4.0.conv3.weight_ch1203,2.4903972148895264
layer3.2.conv3.weight,614,layer3.2.conv3.weight_ch614,2.4896087646484375
layer3.2.conv2.weight,244,layer3.2.conv2.weight_ch244,2.4893832206726074
layer4.0.conv3.weight,586,layer4.0.conv3.weight_ch586,2.4893500804901123
layer4.1.conv1.weight,449,layer4.1.conv1.weight_ch449,2.489112377166748
layer3.5.conv3.weight,33,layer3.5.conv3.weight_ch33,2.4889822006225586
layer4.0.conv3.weight,1643,layer4.0.conv3.weight_ch1643,2.488837480545044
layer4.1.conv1.weight,414,layer4.1.conv1.weight_ch414,2.48760986328125
layer4.0.conv3.weight,551,layer4.0.conv3.weight_ch551,2.487253427505493
layer4.0.conv3.weight,139,layer4.0.conv3.weight_ch139,2.486203908920288
layer3.0.conv3.weight,390,layer3.0.conv3.weight_ch390,2.4849653244018555
layer4.1.conv1.weight,216,layer4.1.conv1.weight_ch216,2.484476089477539
layer2.0.conv2.weight,32,layer2.0.conv2.weight_ch32,2.483196258544922
layer3.1.conv3.weight,21,layer3.1.conv3.weight_ch21,2.4818382263183594
layer3.0.conv2.weight,60,layer3.0.conv2.weight_ch60,2.48180890083313
layer3.2.conv3.weight,110,layer3.2.conv3.weight_ch110,2.4805831909179688
layer3.3.conv3.weight,324,layer3.3.conv3.weight_ch324,2.4805634021759033
layer4.0.conv3.weight,1338,layer4.0.conv3.weight_ch1338,2.4801204204559326
layer4.0.conv3.weight,380,layer4.0.conv3.weight_ch380,2.479973316192627
layer4.1.conv1.weight,110,layer4.1.conv1.weight_ch110,2.479238271713257
layer2.3.conv2.weight,94,layer2.3.conv2.weight_ch94,2.477591037750244
layer4.0.conv3.weight,1585,layer4.0.conv3.weight_ch1585,2.4764959812164307
layer2.1.conv3.weight,298,layer2.1.conv3.weight_ch298,2.4759554862976074
layer3.0.conv3.weight,894,layer3.0.conv3.weight_ch894,2.472860336303711
layer3.0.conv3.weight,539,layer3.0.conv3.weight_ch539,2.4723060131073
layer4.0.conv3.weight,1128,layer4.0.conv3.weight_ch1128,2.4703054428100586
layer3.1.conv3.weight,370,layer3.1.conv3.weight_ch370,2.4696052074432373
layer3.2.conv3.weight,973,layer3.2.conv3.weight_ch973,2.468865394592285
layer4.0.conv3.weight,650,layer4.0.conv3.weight_ch650,2.4680891036987305
layer3.3.conv3.weight,138,layer3.3.conv3.weight_ch138,2.467850685119629
layer4.1.conv1.weight,196,layer4.1.conv1.weight_ch196,2.467076539993286
layer3.0.conv2.weight,234,layer3.0.conv2.weight_ch234,2.4670517444610596
layer3.3.conv3.weight,437,layer3.3.conv3.weight_ch437,2.466830253601074
layer4.0.conv3.weight,741,layer4.0.conv3.weight_ch741,2.4667248725891113
layer4.0.conv3.weight,1895,layer4.0.conv3.weight_ch1895,2.4663360118865967
layer4.0.conv3.weight,504,layer4.0.conv3.weight_ch504,2.465890884399414
layer3.0.conv3.weight,435,layer3.0.conv3.weight_ch435,2.465609312057495
layer4.0.conv3.weight,1888,layer4.0.conv3.weight_ch1888,2.465055465698242
layer3.0.conv2.weight,19,layer3.0.conv2.weight_ch19,2.464874505996704
layer3.1.conv3.weight,809,layer3.1.conv3.weight_ch809,2.464174270629883
layer3.1.conv3.weight,612,layer3.1.conv3.weight_ch612,2.4626307487487793
layer3.0.conv2.weight,109,layer3.0.conv2.weight_ch109,2.458944082260132
layer4.1.conv1.weight,271,layer4.1.conv1.weight_ch271,2.4588310718536377
layer4.0.conv3.weight,1499,layer4.0.conv3.weight_ch1499,2.458524227142334
layer4.0.conv3.weight,648,layer4.0.conv3.weight_ch648,2.458263397216797
layer3.2.conv3.weight,368,layer3.2.conv3.weight_ch368,2.455495834350586
layer3.1.conv3.weight,559,layer3.1.conv3.weight_ch559,2.4533302783966064
layer3.5.conv3.weight,324,layer3.5.conv3.weight_ch324,2.4527320861816406
layer3.1.conv3.weight,416,layer3.1.conv3.weight_ch416,2.452371120452881
layer4.1.conv1.weight,313,layer4.1.conv1.weight_ch313,2.452234983444214
layer3.0.conv2.weight,102,layer3.0.conv2.weight_ch102,2.4521000385284424
layer3.2.conv3.weight,1017,layer3.2.conv3.weight_ch1017,2.451700210571289
layer3.3.conv3.weight,536,layer3.3.conv3.weight_ch536,2.4512877464294434
layer4.0.conv3.weight,422,layer4.0.conv3.weight_ch422,2.4509332180023193
layer3.5.conv3.weight,685,layer3.5.conv3.weight_ch685,2.4507765769958496
layer3.2.conv3.weight,81,layer3.2.conv3.weight_ch81,2.4506325721740723
layer4.0.conv3.weight,1857,layer4.0.conv3.weight_ch1857,2.4504306316375732
layer3.2.conv3.weight,517,layer3.2.conv3.weight_ch517,2.4483895301818848
layer3.1.conv3.weight,490,layer3.1.conv3.weight_ch490,2.448096513748169
layer3.1.conv3.weight,258,layer3.1.conv3.weight_ch258,2.4475560188293457
layer3.1.conv3.weight,963,layer3.1.conv3.weight_ch963,2.4473822116851807
layer4.1.conv1.weight,458,layer4.1.conv1.weight_ch458,2.4473114013671875
layer3.2.conv3.weight,779,layer3.2.conv3.weight_ch779,2.4455082416534424
layer4.0.conv3.weight,1182,layer4.0.conv3.weight_ch1182,2.445350170135498
layer4.0.conv3.weight,494,layer4.0.conv3.weight_ch494,2.443990707397461
layer3.5.conv3.weight,654,layer3.5.conv3.weight_ch654,2.442972421646118
layer4.1.conv1.weight,91,layer4.1.conv1.weight_ch91,2.442394733428955
layer3.5.conv3.weight,503,layer3.5.conv3.weight_ch503,2.4422757625579834
layer3.3.conv3.weight,21,layer3.3.conv3.weight_ch21,2.4421331882476807
layer4.0.conv3.weight,642,layer4.0.conv3.weight_ch642,2.441668748855591
layer2.0.conv2.weight,48,layer2.0.conv2.weight_ch48,2.441518783569336
layer2.1.conv3.weight,117,layer2.1.conv3.weight_ch117,2.441399335861206
layer3.0.conv3.weight,452,layer3.0.conv3.weight_ch452,2.4405102729797363
layer3.0.conv3.weight,252,layer3.0.conv3.weight_ch252,2.4394891262054443
layer3.2.conv1.weight,56,layer3.2.conv1.weight_ch56,2.439351797103882
layer4.1.conv1.weight,5,layer4.1.conv1.weight_ch5,2.4393439292907715
layer4.0.conv3.weight,136,layer4.0.conv3.weight_ch136,2.4383926391601562
layer3.5.conv3.weight,157,layer3.5.conv3.weight_ch157,2.438216209411621
layer3.1.conv3.weight,100,layer3.1.conv3.weight_ch100,2.4373114109039307
layer3.2.conv3.weight,791,layer3.2.conv3.weight_ch791,2.436633586883545
layer3.1.conv3.weight,379,layer3.1.conv3.weight_ch379,2.436413288116455
layer3.5.conv3.weight,809,layer3.5.conv3.weight_ch809,2.436028480529785
layer3.0.conv3.weight,657,layer3.0.conv3.weight_ch657,2.4349400997161865
layer3.3.conv3.weight,604,layer3.3.conv3.weight_ch604,2.434609889984131
layer4.0.conv3.weight,1134,layer4.0.conv3.weight_ch1134,2.434518575668335
layer4.1.conv1.weight,484,layer4.1.conv1.weight_ch484,2.4335618019104004
layer3.3.conv3.weight,498,layer3.3.conv3.weight_ch498,2.4333934783935547
layer4.0.conv3.weight,1201,layer4.0.conv3.weight_ch1201,2.433140993118286
layer2.1.conv3.weight,402,layer2.1.conv3.weight_ch402,2.4315061569213867
layer3.2.conv3.weight,495,layer3.2.conv3.weight_ch495,2.429680347442627
layer3.0.conv3.weight,826,layer3.0.conv3.weight_ch826,2.4292829036712646
layer3.3.conv3.weight,899,layer3.3.conv3.weight_ch899,2.4291391372680664
layer4.0.conv3.weight,1097,layer4.0.conv3.weight_ch1097,2.4286460876464844
layer3.1.conv3.weight,240,layer3.1.conv3.weight_ch240,2.428597927093506
layer4.0.conv3.weight,595,layer4.0.conv3.weight_ch595,2.4278922080993652
layer3.2.conv3.weight,285,layer3.2.conv3.weight_ch285,2.427729606628418
layer4.0.conv3.weight,861,layer4.0.conv3.weight_ch861,2.426774501800537
layer3.5.conv3.weight,504,layer3.5.conv3.weight_ch504,2.4267055988311768
layer3.3.conv3.weight,821,layer3.3.conv3.weight_ch821,2.4266135692596436
layer3.2.conv3.weight,625,layer3.2.conv3.weight_ch625,2.4261715412139893
layer2.1.conv3.weight,66,layer2.1.conv3.weight_ch66,2.426146984100342
layer2.0.conv2.weight,122,layer2.0.conv2.weight_ch122,2.425229787826538
layer2.1.conv3.weight,320,layer2.1.conv3.weight_ch320,2.4245243072509766
layer3.1.conv3.weight,153,layer3.1.conv3.weight_ch153,2.4231302738189697
layer4.1.conv1.weight,315,layer4.1.conv1.weight_ch315,2.4212629795074463
layer3.2.conv1.weight,1,layer3.2.conv1.weight_ch1,2.4199039936065674
layer3.3.conv3.weight,18,layer3.3.conv3.weight_ch18,2.419628143310547
layer2.1.conv3.weight,70,layer2.1.conv3.weight_ch70,2.419121265411377
layer4.0.conv3.weight,1730,layer4.0.conv3.weight_ch1730,2.416926383972168
layer2.1.conv3.weight,422,layer2.1.conv3.weight_ch422,2.4165239334106445
layer3.0.conv3.weight,684,layer3.0.conv3.weight_ch684,2.416102170944214
layer3.2.conv3.weight,234,layer3.2.conv3.weight_ch234,2.4158082008361816
layer4.0.conv3.weight,1516,layer4.0.conv3.weight_ch1516,2.4157021045684814
layer3.2.conv3.weight,175,layer3.2.conv3.weight_ch175,2.4144115447998047
layer3.3.conv3.weight,990,layer3.3.conv3.weight_ch990,2.414278507232666
layer3.0.conv3.weight,686,layer3.0.conv3.weight_ch686,2.4140405654907227
layer3.5.conv3.weight,281,layer3.5.conv3.weight_ch281,2.413644313812256
layer4.0.conv3.weight,1940,layer4.0.conv3.weight_ch1940,2.4135544300079346
layer3.0.conv2.weight,160,layer3.0.conv2.weight_ch160,2.4117660522460938
layer4.0.conv3.weight,1354,layer4.0.conv3.weight_ch1354,2.411503553390503
layer4.1.conv1.weight,119,layer4.1.conv1.weight_ch119,2.411477565765381
layer3.5.conv3.weight,346,layer3.5.conv3.weight_ch346,2.410635232925415
layer4.0.conv3.weight,438,layer4.0.conv3.weight_ch438,2.410090208053589
layer4.0.conv3.weight,1208,layer4.0.conv3.weight_ch1208,2.409794330596924
layer3.1.conv3.weight,775,layer3.1.conv3.weight_ch775,2.4097659587860107
layer4.0.conv3.weight,1115,layer4.0.conv3.weight_ch1115,2.4082043170928955
layer3.1.conv3.weight,84,layer3.1.conv3.weight_ch84,2.4076945781707764
layer3.0.conv3.weight,557,layer3.0.conv3.weight_ch557,2.407341718673706
layer3.3.conv3.weight,926,layer3.3.conv3.weight_ch926,2.4069221019744873
layer3.3.conv3.weight,839,layer3.3.conv3.weight_ch839,2.4067752361297607
layer4.0.conv3.weight,1169,layer4.0.conv3.weight_ch1169,2.4065608978271484
layer3.2.conv3.weight,658,layer3.2.conv3.weight_ch658,2.4056718349456787
layer3.1.conv3.weight,850,layer3.1.conv3.weight_ch850,2.404803991317749
layer3.2.conv3.weight,709,layer3.2.conv3.weight_ch709,2.404320240020752
layer4.0.conv3.weight,1436,layer4.0.conv3.weight_ch1436,2.401008367538452
layer2.0.conv1.weight,108,layer2.0.conv1.weight_ch108,2.399616003036499
layer3.2.conv1.weight,60,layer3.2.conv1.weight_ch60,2.399507999420166
layer3.2.conv1.weight,114,layer3.2.conv1.weight_ch114,2.399160385131836
layer4.0.conv3.weight,1020,layer4.0.conv3.weight_ch1020,2.3990468978881836
layer3.1.conv3.weight,835,layer3.1.conv3.weight_ch835,2.39785099029541
layer4.0.conv3.weight,1733,layer4.0.conv3.weight_ch1733,2.397585868835449
layer3.3.conv3.weight,515,layer3.3.conv3.weight_ch515,2.39734148979187
layer4.0.conv3.weight,941,layer4.0.conv3.weight_ch941,2.397118091583252
layer3.0.conv3.weight,738,layer3.0.conv3.weight_ch738,2.396749496459961
layer4.0.conv3.weight,1555,layer4.0.conv3.weight_ch1555,2.3965442180633545
layer2.0.conv1.weight,32,layer2.0.conv1.weight_ch32,2.396200180053711
layer4.1.conv1.weight,274,layer4.1.conv1.weight_ch274,2.395291566848755
layer3.1.conv3.weight,308,layer3.1.conv3.weight_ch308,2.3950884342193604
layer3.5.conv3.weight,703,layer3.5.conv3.weight_ch703,2.3949131965637207
layer3.0.conv2.weight,116,layer3.0.conv2.weight_ch116,2.3938708305358887
layer3.3.conv3.weight,7,layer3.3.conv3.weight_ch7,2.3934073448181152
layer3.2.conv3.weight,23,layer3.2.conv3.weight_ch23,2.393218994140625
layer3.3.conv3.weight,322,layer3.3.conv3.weight_ch322,2.391871452331543
layer3.3.conv3.weight,575,layer3.3.conv3.weight_ch575,2.391641139984131
layer4.0.conv3.weight,1120,layer4.0.conv3.weight_ch1120,2.3895161151885986
layer3.2.conv3.weight,151,layer3.2.conv3.weight_ch151,2.389258623123169
layer4.0.conv3.weight,1131,layer4.0.conv3.weight_ch1131,2.389178514480591
layer3.3.conv3.weight,645,layer3.3.conv3.weight_ch645,2.3881776332855225
layer3.3.conv3.weight,950,layer3.3.conv3.weight_ch950,2.3880021572113037
layer3.2.conv2.weight,167,layer3.2.conv2.weight_ch167,2.3879857063293457
layer3.1.conv3.weight,665,layer3.1.conv3.weight_ch665,2.387901782989502
layer3.0.conv3.weight,286,layer3.0.conv3.weight_ch286,2.3868703842163086
layer1.2.conv3.weight,189,layer1.2.conv3.weight_ch189,2.3847367763519287
layer3.2.conv3.weight,845,layer3.2.conv3.weight_ch845,2.384495258331299
layer4.1.conv1.weight,249,layer4.1.conv1.weight_ch249,2.3842833042144775
layer4.0.conv3.weight,1577,layer4.0.conv3.weight_ch1577,2.3841488361358643
layer3.3.conv3.weight,1000,layer3.3.conv3.weight_ch1000,2.380181074142456
layer4.0.conv3.weight,1764,layer4.0.conv3.weight_ch1764,2.37917423248291
layer2.1.conv3.weight,414,layer2.1.conv3.weight_ch414,2.378909111022949
layer3.0.conv3.weight,183,layer3.0.conv3.weight_ch183,2.3788907527923584
layer3.2.conv2.weight,157,layer3.2.conv2.weight_ch157,2.3783514499664307
layer4.1.conv1.weight,23,layer4.1.conv1.weight_ch23,2.377450704574585
layer4.0.conv3.weight,344,layer4.0.conv3.weight_ch344,2.3769350051879883
layer3.1.conv3.weight,882,layer3.1.conv3.weight_ch882,2.376697540283203
layer3.1.conv3.weight,103,layer3.1.conv3.weight_ch103,2.37654709815979
layer2.0.conv2.weight,76,layer2.0.conv2.weight_ch76,2.3761913776397705
layer4.0.conv3.weight,1352,layer4.0.conv3.weight_ch1352,2.3756139278411865
layer3.2.conv1.weight,252,layer3.2.conv1.weight_ch252,2.3741796016693115
layer1.2.conv3.weight,225,layer1.2.conv3.weight_ch225,2.373786687850952
layer4.1.conv1.weight,140,layer4.1.conv1.weight_ch140,2.3730480670928955
layer4.0.conv3.weight,686,layer4.0.conv3.weight_ch686,2.3726727962493896
layer3.1.conv3.weight,811,layer3.1.conv3.weight_ch811,2.372270345687866
layer3.5.conv3.weight,810,layer3.5.conv3.weight_ch810,2.3718018531799316
layer3.5.conv3.weight,953,layer3.5.conv3.weight_ch953,2.371004819869995
layer1.2.conv3.weight,28,layer1.2.conv3.weight_ch28,2.370391607284546
layer4.0.conv3.weight,1694,layer4.0.conv3.weight_ch1694,2.3682966232299805
layer4.0.conv3.weight,1145,layer4.0.conv3.weight_ch1145,2.3675785064697266
layer3.0.conv3.weight,431,layer3.0.conv3.weight_ch431,2.367056369781494
layer3.0.conv3.weight,625,layer3.0.conv3.weight_ch625,2.366992712020874
layer3.5.conv3.weight,70,layer3.5.conv3.weight_ch70,2.3667850494384766
layer3.3.conv3.weight,387,layer3.3.conv3.weight_ch387,2.366105556488037
layer3.3.conv3.weight,492,layer3.3.conv3.weight_ch492,2.3639204502105713
layer3.2.conv3.weight,1014,layer3.2.conv3.weight_ch1014,2.3636014461517334
layer4.1.conv1.weight,245,layer4.1.conv1.weight_ch245,2.3634543418884277
layer3.1.conv3.weight,913,layer3.1.conv3.weight_ch913,2.363389253616333
layer3.2.conv1.weight,135,layer3.2.conv1.weight_ch135,2.363311290740967
layer4.1.conv1.weight,7,layer4.1.conv1.weight_ch7,2.3622419834136963
layer3.1.conv3.weight,359,layer3.1.conv3.weight_ch359,2.360031843185425
layer4.0.conv3.weight,490,layer4.0.conv3.weight_ch490,2.359154462814331
layer4.0.conv3.weight,149,layer4.0.conv3.weight_ch149,2.358846664428711
layer3.0.conv3.weight,106,layer3.0.conv3.weight_ch106,2.3582539558410645
layer3.2.conv2.weight,183,layer3.2.conv2.weight_ch183,2.358081579208374
layer4.0.conv3.weight,510,layer4.0.conv3.weight_ch510,2.3568527698516846
layer4.0.conv3.weight,626,layer4.0.conv3.weight_ch626,2.3568453788757324
layer4.0.conv3.weight,979,layer4.0.conv3.weight_ch979,2.3566794395446777
layer4.0.conv3.weight,437,layer4.0.conv3.weight_ch437,2.3563308715820312
layer3.1.conv3.weight,740,layer3.1.conv3.weight_ch740,2.356292486190796
layer3.2.conv3.weight,787,layer3.2.conv3.weight_ch787,2.354396104812622
layer4.0.conv3.weight,805,layer4.0.conv3.weight_ch805,2.3540024757385254
layer4.1.conv1.weight,102,layer4.1.conv1.weight_ch102,2.3535611629486084
layer3.0.conv3.weight,429,layer3.0.conv3.weight_ch429,2.3528878688812256
layer4.1.conv1.weight,209,layer4.1.conv1.weight_ch209,2.3527779579162598
layer4.0.conv3.weight,910,layer4.0.conv3.weight_ch910,2.349915027618408
layer4.0.conv3.weight,1851,layer4.0.conv3.weight_ch1851,2.3497281074523926
layer2.3.conv2.weight,101,layer2.3.conv2.weight_ch101,2.3488452434539795
layer4.1.conv1.weight,88,layer4.1.conv1.weight_ch88,2.3486170768737793
layer2.1.conv3.weight,385,layer2.1.conv3.weight_ch385,2.348588228225708
layer3.0.conv2.weight,170,layer3.0.conv2.weight_ch170,2.348285675048828
layer3.3.conv3.weight,895,layer3.3.conv3.weight_ch895,2.3482182025909424
layer4.0.conv3.weight,1558,layer4.0.conv3.weight_ch1558,2.3481264114379883
layer3.3.conv3.weight,514,layer3.3.conv3.weight_ch514,2.3476929664611816
layer3.0.conv3.weight,655,layer3.0.conv3.weight_ch655,2.347507953643799
layer3.1.conv3.weight,395,layer3.1.conv3.weight_ch395,2.3466930389404297
layer3.0.conv2.weight,69,layer3.0.conv2.weight_ch69,2.346470355987549
layer3.0.conv3.weight,385,layer3.0.conv3.weight_ch385,2.3453638553619385
layer3.5.conv3.weight,588,layer3.5.conv3.weight_ch588,2.3452985286712646
layer3.1.conv3.weight,141,layer3.1.conv3.weight_ch141,2.3448522090911865
layer4.0.conv3.weight,1838,layer4.0.conv3.weight_ch1838,2.341768980026245
layer4.1.conv1.weight,258,layer4.1.conv1.weight_ch258,2.3408002853393555
layer3.2.conv3.weight,623,layer3.2.conv3.weight_ch623,2.3396058082580566
layer4.0.conv3.weight,1718,layer4.0.conv3.weight_ch1718,2.3391010761260986
layer4.0.conv3.weight,1720,layer4.0.conv3.weight_ch1720,2.3369784355163574
layer3.2.conv3.weight,317,layer3.2.conv3.weight_ch317,2.336181402206421
layer3.2.conv3.weight,1023,layer3.2.conv3.weight_ch1023,2.3356919288635254
layer4.0.conv3.weight,1508,layer4.0.conv3.weight_ch1508,2.3350045680999756
layer3.2.conv3.weight,732,layer3.2.conv3.weight_ch732,2.3337819576263428
layer3.2.conv2.weight,63,layer3.2.conv2.weight_ch63,2.33341908454895
layer3.0.conv3.weight,714,layer3.0.conv3.weight_ch714,2.3332018852233887
layer3.0.conv2.weight,108,layer3.0.conv2.weight_ch108,2.3323721885681152
layer3.2.conv3.weight,157,layer3.2.conv3.weight_ch157,2.332369804382324
layer3.5.conv3.weight,434,layer3.5.conv3.weight_ch434,2.3309733867645264
layer4.0.conv3.weight,1551,layer4.0.conv3.weight_ch1551,2.330523729324341
layer3.0.conv3.weight,33,layer3.0.conv3.weight_ch33,2.3303637504577637
layer3.3.conv3.weight,965,layer3.3.conv3.weight_ch965,2.3301587104797363
layer3.3.conv3.weight,402,layer3.3.conv3.weight_ch402,2.3289642333984375
layer3.0.conv3.weight,713,layer3.0.conv3.weight_ch713,2.3285396099090576
layer4.0.conv3.weight,774,layer4.0.conv3.weight_ch774,2.328068971633911
layer4.1.conv1.weight,396,layer4.1.conv1.weight_ch396,2.3270230293273926
layer3.2.conv3.weight,459,layer3.2.conv3.weight_ch459,2.326979875564575
layer4.0.conv3.weight,919,layer4.0.conv3.weight_ch919,2.3269524574279785
layer3.5.conv3.weight,552,layer3.5.conv3.weight_ch552,2.3256325721740723
layer3.5.conv3.weight,752,layer3.5.conv3.weight_ch752,2.324538469314575
layer4.0.conv3.weight,1846,layer4.0.conv3.weight_ch1846,2.3233580589294434
layer3.2.conv3.weight,36,layer3.2.conv3.weight_ch36,2.3232154846191406
layer4.0.conv3.weight,1170,layer4.0.conv3.weight_ch1170,2.322906970977783
layer3.1.conv3.weight,522,layer3.1.conv3.weight_ch522,2.3217928409576416
layer3.2.conv2.weight,228,layer3.2.conv2.weight_ch228,2.321732759475708
layer4.0.conv3.weight,1111,layer4.0.conv3.weight_ch1111,2.3201563358306885
layer3.1.conv3.weight,684,layer3.1.conv3.weight_ch684,2.3197638988494873
layer2.0.conv2.weight,123,layer2.0.conv2.weight_ch123,2.3194332122802734
layer4.0.conv3.weight,1087,layer4.0.conv3.weight_ch1087,2.3187382221221924
layer3.0.conv3.weight,615,layer3.0.conv3.weight_ch615,2.318612575531006
layer3.5.conv3.weight,48,layer3.5.conv3.weight_ch48,2.3186068534851074
layer3.1.conv3.weight,383,layer3.1.conv3.weight_ch383,2.3183372020721436
layer3.1.conv3.weight,659,layer3.1.conv3.weight_ch659,2.317622423171997
layer3.0.conv2.weight,34,layer3.0.conv2.weight_ch34,2.3165600299835205
layer4.0.conv3.weight,797,layer4.0.conv3.weight_ch797,2.3163516521453857
layer3.5.conv3.weight,571,layer3.5.conv3.weight_ch571,2.316218852996826
layer3.0.conv3.weight,798,layer3.0.conv3.weight_ch798,2.315937042236328
layer3.2.conv3.weight,528,layer3.2.conv3.weight_ch528,2.3142659664154053
layer3.0.conv3.weight,547,layer3.0.conv3.weight_ch547,2.3141095638275146
layer4.0.conv3.weight,896,layer4.0.conv3.weight_ch896,2.3135557174682617
layer3.0.conv2.weight,130,layer3.0.conv2.weight_ch130,2.31330943107605
layer4.1.conv1.weight,168,layer4.1.conv1.weight_ch168,2.3128039836883545
layer3.2.conv3.weight,90,layer3.2.conv3.weight_ch90,2.3124818801879883
layer4.1.conv1.weight,379,layer4.1.conv1.weight_ch379,2.312357187271118
layer3.0.conv3.weight,438,layer3.0.conv3.weight_ch438,2.3121206760406494
layer4.0.conv3.weight,684,layer4.0.conv3.weight_ch684,2.3119192123413086
layer4.0.conv3.weight,845,layer4.0.conv3.weight_ch845,2.3118581771850586
layer3.2.conv2.weight,194,layer3.2.conv2.weight_ch194,2.311560869216919
layer3.2.conv2.weight,88,layer3.2.conv2.weight_ch88,2.3113152980804443
layer4.0.conv3.weight,157,layer4.0.conv3.weight_ch157,2.311297655105591
layer4.0.conv3.weight,297,layer4.0.conv3.weight_ch297,2.311224937438965
layer4.0.conv3.weight,1042,layer4.0.conv3.weight_ch1042,2.3100366592407227
layer2.1.conv3.weight,201,layer2.1.conv3.weight_ch201,2.3094065189361572
layer3.0.conv3.weight,364,layer3.0.conv3.weight_ch364,2.3085403442382812
layer3.5.conv3.weight,918,layer3.5.conv3.weight_ch918,2.3082070350646973
layer3.5.conv3.weight,841,layer3.5.conv3.weight_ch841,2.3079404830932617
layer4.0.conv3.weight,194,layer4.0.conv3.weight_ch194,2.307783842086792
layer3.0.conv3.weight,283,layer3.0.conv3.weight_ch283,2.307178497314453
layer4.0.conv3.weight,1731,layer4.0.conv3.weight_ch1731,2.306952953338623
layer4.0.conv3.weight,1572,layer4.0.conv3.weight_ch1572,2.3066251277923584
layer4.0.conv3.weight,814,layer4.0.conv3.weight_ch814,2.306406021118164
layer2.1.conv3.weight,123,layer2.1.conv3.weight_ch123,2.3058691024780273
layer3.1.conv3.weight,906,layer3.1.conv3.weight_ch906,2.305845260620117
layer3.1.conv3.weight,31,layer3.1.conv3.weight_ch31,2.3056540489196777
layer3.5.conv3.weight,995,layer3.5.conv3.weight_ch995,2.3048131465911865
layer4.0.conv3.weight,1947,layer4.0.conv3.weight_ch1947,2.3046083450317383
layer3.3.conv3.weight,927,layer3.3.conv3.weight_ch927,2.3044650554656982
layer2.1.conv3.weight,135,layer2.1.conv3.weight_ch135,2.3042354583740234
layer2.0.conv1.weight,114,layer2.0.conv1.weight_ch114,2.3039183616638184
layer4.1.conv1.weight,189,layer4.1.conv1.weight_ch189,2.303752899169922
layer4.1.conv1.weight,10,layer4.1.conv1.weight_ch10,2.3031206130981445
layer3.5.conv3.weight,572,layer3.5.conv3.weight_ch572,2.302096366882324
layer4.1.conv1.weight,4,layer4.1.conv1.weight_ch4,2.3019237518310547
layer4.0.conv3.weight,773,layer4.0.conv3.weight_ch773,2.3011093139648438
layer3.0.conv3.weight,948,layer3.0.conv3.weight_ch948,2.300551652908325
layer3.1.conv3.weight,388,layer3.1.conv3.weight_ch388,2.3003132343292236
layer3.0.conv2.weight,65,layer3.0.conv2.weight_ch65,2.300020456314087
layer4.1.conv1.weight,132,layer4.1.conv1.weight_ch132,2.2995033264160156
layer3.1.conv3.weight,392,layer3.1.conv3.weight_ch392,2.2961480617523193
layer4.0.conv3.weight,853,layer4.0.conv3.weight_ch853,2.2961056232452393
layer3.0.conv3.weight,1000,layer3.0.conv3.weight_ch1000,2.29512619972229
layer4.0.conv3.weight,1318,layer4.0.conv3.weight_ch1318,2.2945728302001953
layer3.3.conv3.weight,771,layer3.3.conv3.weight_ch771,2.293665647506714
layer3.1.conv3.weight,25,layer3.1.conv3.weight_ch25,2.293637752532959
layer3.1.conv3.weight,476,layer3.1.conv3.weight_ch476,2.2934012413024902
layer3.2.conv3.weight,233,layer3.2.conv3.weight_ch233,2.292982339859009
layer3.2.conv2.weight,67,layer3.2.conv2.weight_ch67,2.292090892791748
layer3.0.conv2.weight,147,layer3.0.conv2.weight_ch147,2.292088031768799
layer3.5.conv3.weight,639,layer3.5.conv3.weight_ch639,2.2909271717071533
layer3.5.conv3.weight,538,layer3.5.conv3.weight_ch538,2.29083514213562
layer4.0.conv3.weight,1996,layer4.0.conv3.weight_ch1996,2.2895753383636475
layer4.1.conv1.weight,127,layer4.1.conv1.weight_ch127,2.288980007171631
layer3.1.conv3.weight,1002,layer3.1.conv3.weight_ch1002,2.288902521133423
layer3.0.conv3.weight,975,layer3.0.conv3.weight_ch975,2.2888343334198
layer2.3.conv2.weight,74,layer2.3.conv2.weight_ch74,2.2885477542877197
layer3.1.conv3.weight,291,layer3.1.conv3.weight_ch291,2.2877354621887207
layer4.0.conv3.weight,1166,layer4.0.conv3.weight_ch1166,2.287640333175659
layer3.2.conv3.weight,984,layer3.2.conv3.weight_ch984,2.2874040603637695
layer3.3.conv3.weight,158,layer3.3.conv3.weight_ch158,2.2872233390808105
layer3.3.conv3.weight,50,layer3.3.conv3.weight_ch50,2.287161111831665
layer4.0.conv3.weight,762,layer4.0.conv3.weight_ch762,2.285893440246582
layer3.2.conv3.weight,104,layer3.2.conv3.weight_ch104,2.284943103790283
layer4.0.conv3.weight,1775,layer4.0.conv3.weight_ch1775,2.284787178039551
layer3.1.conv3.weight,615,layer3.1.conv3.weight_ch615,2.2847325801849365
layer3.0.conv3.weight,683,layer3.0.conv3.weight_ch683,2.284639835357666
layer2.0.conv2.weight,67,layer2.0.conv2.weight_ch67,2.2828643321990967
layer3.2.conv3.weight,398,layer3.2.conv3.weight_ch398,2.281728982925415
layer3.3.conv3.weight,834,layer3.3.conv3.weight_ch834,2.281721830368042
layer3.0.conv3.weight,393,layer3.0.conv3.weight_ch393,2.2814884185791016
layer4.0.conv3.weight,1768,layer4.0.conv3.weight_ch1768,2.2812209129333496
layer3.5.conv3.weight,909,layer3.5.conv3.weight_ch909,2.2801833152770996
layer3.1.conv3.weight,208,layer3.1.conv3.weight_ch208,2.2801284790039062
layer3.2.conv3.weight,418,layer3.2.conv3.weight_ch418,2.2799277305603027
layer4.0.conv3.weight,1249,layer4.0.conv3.weight_ch1249,2.278578281402588
layer2.3.conv2.weight,11,layer2.3.conv2.weight_ch11,2.277979612350464
layer3.5.conv3.weight,1018,layer3.5.conv3.weight_ch1018,2.2762296199798584
layer4.0.conv3.weight,883,layer4.0.conv3.weight_ch883,2.275725841522217
layer4.0.conv3.weight,1655,layer4.0.conv3.weight_ch1655,2.2752203941345215
layer3.5.conv3.weight,473,layer3.5.conv3.weight_ch473,2.275205612182617
layer4.0.conv3.weight,52,layer4.0.conv3.weight_ch52,2.27475643157959
layer3.3.conv3.weight,892,layer3.3.conv3.weight_ch892,2.2734532356262207
layer4.0.conv3.weight,1705,layer4.0.conv3.weight_ch1705,2.273259401321411
layer3.5.conv3.weight,566,layer3.5.conv3.weight_ch566,2.2728374004364014
layer3.2.conv3.weight,374,layer3.2.conv3.weight_ch374,2.2721738815307617
layer2.0.conv2.weight,93,layer2.0.conv2.weight_ch93,2.2720823287963867
layer3.1.conv3.weight,744,layer3.1.conv3.weight_ch744,2.2707881927490234
layer3.2.conv3.weight,871,layer3.2.conv3.weight_ch871,2.2698636054992676
layer3.3.conv3.weight,39,layer3.3.conv3.weight_ch39,2.268927812576294
layer3.3.conv3.weight,173,layer3.3.conv3.weight_ch173,2.2689239978790283
layer4.0.conv3.weight,1149,layer4.0.conv3.weight_ch1149,2.2687065601348877
layer3.1.conv3.weight,266,layer3.1.conv3.weight_ch266,2.2678439617156982
layer3.3.conv3.weight,593,layer3.3.conv3.weight_ch593,2.2678074836730957
layer3.5.conv3.weight,581,layer3.5.conv3.weight_ch581,2.2670440673828125
layer3.1.conv3.weight,638,layer3.1.conv3.weight_ch638,2.2668166160583496
layer3.0.conv3.weight,456,layer3.0.conv3.weight_ch456,2.266505718231201
layer3.5.conv3.weight,797,layer3.5.conv3.weight_ch797,2.2662785053253174
layer4.0.conv3.weight,1405,layer4.0.conv3.weight_ch1405,2.2662770748138428
layer2.1.conv3.weight,246,layer2.1.conv3.weight_ch246,2.266155242919922
layer3.2.conv3.weight,466,layer3.2.conv3.weight_ch466,2.265883207321167
layer4.0.conv3.weight,657,layer4.0.conv3.weight_ch657,2.2655227184295654
layer3.1.conv3.weight,587,layer3.1.conv3.weight_ch587,2.264432191848755
layer3.2.conv3.weight,427,layer3.2.conv3.weight_ch427,2.2634220123291016
layer3.2.conv3.weight,349,layer3.2.conv3.weight_ch349,2.263338804244995
layer3.0.conv3.weight,68,layer3.0.conv3.weight_ch68,2.263293504714966
layer3.2.conv2.weight,98,layer3.2.conv2.weight_ch98,2.2626237869262695
layer3.3.conv3.weight,914,layer3.3.conv3.weight_ch914,2.2614924907684326
layer4.0.conv3.weight,104,layer4.0.conv3.weight_ch104,2.260995626449585
layer3.1.conv3.weight,28,layer3.1.conv3.weight_ch28,2.260101795196533
layer3.1.conv3.weight,957,layer3.1.conv3.weight_ch957,2.260007381439209
layer4.0.conv3.weight,1735,layer4.0.conv3.weight_ch1735,2.259533643722534
layer3.5.conv3.weight,410,layer3.5.conv3.weight_ch410,2.2588725090026855
layer3.5.conv3.weight,952,layer3.5.conv3.weight_ch952,2.258375406265259
layer3.0.conv2.weight,105,layer3.0.conv2.weight_ch105,2.2581493854522705
layer2.0.conv2.weight,99,layer2.0.conv2.weight_ch99,2.2578632831573486
layer4.0.conv3.weight,1755,layer4.0.conv3.weight_ch1755,2.2573256492614746
layer4.0.conv3.weight,472,layer4.0.conv3.weight_ch472,2.257068395614624
layer4.1.conv1.weight,3,layer4.1.conv1.weight_ch3,2.256950616836548
layer2.0.conv1.weight,18,layer2.0.conv1.weight_ch18,2.256937026977539
layer2.0.conv1.weight,10,layer2.0.conv1.weight_ch10,2.2553606033325195
layer4.0.conv3.weight,769,layer4.0.conv3.weight_ch769,2.254818916320801
layer4.1.conv1.weight,506,layer4.1.conv1.weight_ch506,2.2543673515319824
layer3.2.conv3.weight,803,layer3.2.conv3.weight_ch803,2.2541093826293945
layer3.2.conv3.weight,592,layer3.2.conv3.weight_ch592,2.2534515857696533
layer3.3.conv3.weight,740,layer3.3.conv3.weight_ch740,2.2534079551696777
layer4.0.conv3.weight,1362,layer4.0.conv3.weight_ch1362,2.252638816833496
layer2.3.conv2.weight,80,layer2.3.conv2.weight_ch80,2.2524518966674805
layer4.0.conv3.weight,707,layer4.0.conv3.weight_ch707,2.2513294219970703
layer3.2.conv3.weight,397,layer3.2.conv3.weight_ch397,2.2512059211730957
layer2.3.conv2.weight,113,layer2.3.conv2.weight_ch113,2.2510218620300293
layer3.0.conv3.weight,651,layer3.0.conv3.weight_ch651,2.2508559226989746
layer4.0.conv3.weight,146,layer4.0.conv3.weight_ch146,2.250331163406372
layer3.3.conv3.weight,967,layer3.3.conv3.weight_ch967,2.250314474105835
layer4.1.conv1.weight,257,layer4.1.conv1.weight_ch257,2.2498416900634766
layer2.1.conv3.weight,71,layer2.1.conv3.weight_ch71,2.24967360496521
layer3.1.conv3.weight,632,layer3.1.conv3.weight_ch632,2.2492527961730957
layer3.5.conv3.weight,771,layer3.5.conv3.weight_ch771,2.2490203380584717
layer3.5.conv3.weight,299,layer3.5.conv3.weight_ch299,2.248939275741577
layer3.2.conv3.weight,356,layer3.2.conv3.weight_ch356,2.2483856678009033
layer3.2.conv2.weight,95,layer3.2.conv2.weight_ch95,2.2483556270599365
layer3.0.conv2.weight,244,layer3.0.conv2.weight_ch244,2.247633695602417
layer3.3.conv3.weight,820,layer3.3.conv3.weight_ch820,2.24698543548584
layer3.2.conv3.weight,847,layer3.2.conv3.weight_ch847,2.243196487426758
layer3.5.conv3.weight,75,layer3.5.conv3.weight_ch75,2.24272084236145
layer3.0.conv3.weight,321,layer3.0.conv3.weight_ch321,2.2425765991210938
layer4.0.conv3.weight,2032,layer4.0.conv3.weight_ch2032,2.2425615787506104
layer4.0.conv3.weight,491,layer4.0.conv3.weight_ch491,2.2422146797180176
layer4.0.conv3.weight,563,layer4.0.conv3.weight_ch563,2.242133617401123
layer4.1.conv1.weight,15,layer4.1.conv1.weight_ch15,2.242070198059082
layer4.0.conv3.weight,700,layer4.0.conv3.weight_ch700,2.2417821884155273
layer2.3.conv2.weight,95,layer2.3.conv2.weight_ch95,2.241776466369629
layer1.2.conv3.weight,19,layer1.2.conv3.weight_ch19,2.2417473793029785
layer4.0.conv3.weight,1416,layer4.0.conv3.weight_ch1416,2.2410478591918945
layer3.3.conv3.weight,615,layer3.3.conv3.weight_ch615,2.2408928871154785
layer4.0.conv3.weight,1687,layer4.0.conv3.weight_ch1687,2.2407419681549072
layer4.0.conv3.weight,994,layer4.0.conv3.weight_ch994,2.240722417831421
layer3.3.conv3.weight,0,layer3.3.conv3.weight_ch0,2.2401561737060547
layer3.2.conv3.weight,386,layer3.2.conv3.weight_ch386,2.239736557006836
layer3.2.conv3.weight,968,layer3.2.conv3.weight_ch968,2.239543914794922
layer2.3.conv2.weight,60,layer2.3.conv2.weight_ch60,2.239194631576538
layer4.0.conv3.weight,492,layer4.0.conv3.weight_ch492,2.2391197681427
layer3.2.conv3.weight,948,layer3.2.conv3.weight_ch948,2.2390003204345703
layer3.0.conv2.weight,207,layer3.0.conv2.weight_ch207,2.2384419441223145
layer2.0.conv2.weight,72,layer2.0.conv2.weight_ch72,2.2380876541137695
layer2.0.conv1.weight,106,layer2.0.conv1.weight_ch106,2.235806941986084
layer3.5.conv3.weight,138,layer3.5.conv3.weight_ch138,2.2354109287261963
layer4.0.conv3.weight,1393,layer4.0.conv3.weight_ch1393,2.2340643405914307
layer4.0.conv3.weight,1279,layer4.0.conv3.weight_ch1279,2.233752489089966
layer3.2.conv1.weight,109,layer3.2.conv1.weight_ch109,2.2328872680664062
layer3.3.conv3.weight,524,layer3.3.conv3.weight_ch524,2.2316181659698486
layer4.1.conv1.weight,377,layer4.1.conv1.weight_ch377,2.2294278144836426
layer4.0.conv3.weight,801,layer4.0.conv3.weight_ch801,2.229011058807373
layer4.1.conv1.weight,292,layer4.1.conv1.weight_ch292,2.2289628982543945
layer4.1.conv1.weight,398,layer4.1.conv1.weight_ch398,2.2275843620300293
layer4.1.conv1.weight,433,layer4.1.conv1.weight_ch433,2.2263410091400146
layer4.1.conv1.weight,443,layer4.1.conv1.weight_ch443,2.2241756916046143
layer3.3.conv3.weight,1010,layer3.3.conv3.weight_ch1010,2.224111795425415
layer3.0.conv3.weight,383,layer3.0.conv3.weight_ch383,2.223965883255005
layer4.0.conv3.weight,462,layer4.0.conv3.weight_ch462,2.223942279815674
layer4.0.conv3.weight,1696,layer4.0.conv3.weight_ch1696,2.222931146621704
layer3.0.conv3.weight,433,layer3.0.conv3.weight_ch433,2.2228894233703613
layer3.0.conv3.weight,17,layer3.0.conv3.weight_ch17,2.2216994762420654
layer1.2.conv3.weight,65,layer1.2.conv3.weight_ch65,2.2215256690979004
layer3.0.conv3.weight,214,layer3.0.conv3.weight_ch214,2.2213704586029053
layer3.2.conv1.weight,164,layer3.2.conv1.weight_ch164,2.221022129058838
layer2.1.conv3.weight,81,layer2.1.conv3.weight_ch81,2.220885753631592
layer2.0.conv2.weight,41,layer2.0.conv2.weight_ch41,2.220665693283081
layer4.0.conv3.weight,1211,layer4.0.conv3.weight_ch1211,2.2200429439544678
layer3.0.conv3.weight,356,layer3.0.conv3.weight_ch356,2.219933032989502
layer3.3.conv3.weight,685,layer3.3.conv3.weight_ch685,2.2197751998901367
layer3.3.conv3.weight,258,layer3.3.conv3.weight_ch258,2.2194554805755615
layer1.2.conv3.weight,191,layer1.2.conv3.weight_ch191,2.2193403244018555
layer3.3.conv3.weight,277,layer3.3.conv3.weight_ch277,2.2190873622894287
layer3.2.conv3.weight,420,layer3.2.conv3.weight_ch420,2.219006061553955
layer4.1.conv1.weight,237,layer4.1.conv1.weight_ch237,2.2183420658111572
layer3.5.conv3.weight,395,layer3.5.conv3.weight_ch395,2.217686653137207
layer3.1.conv3.weight,758,layer3.1.conv3.weight_ch758,2.217651605606079
layer4.0.conv3.weight,1418,layer4.0.conv3.weight_ch1418,2.2163643836975098
layer4.1.conv1.weight,69,layer4.1.conv1.weight_ch69,2.2159264087677
layer3.2.conv2.weight,34,layer3.2.conv2.weight_ch34,2.215895175933838
layer3.3.conv3.weight,133,layer3.3.conv3.weight_ch133,2.2152669429779053
layer4.0.conv3.weight,60,layer4.0.conv3.weight_ch60,2.2149298191070557
layer3.2.conv3.weight,713,layer3.2.conv3.weight_ch713,2.2149012088775635
layer4.0.conv3.weight,1890,layer4.0.conv3.weight_ch1890,2.2143900394439697
layer3.0.conv3.weight,781,layer3.0.conv3.weight_ch781,2.2132067680358887
layer3.0.conv2.weight,247,layer3.0.conv2.weight_ch247,2.2128443717956543
layer2.0.conv2.weight,112,layer2.0.conv2.weight_ch112,2.2124080657958984
layer3.5.conv3.weight,28,layer3.5.conv3.weight_ch28,2.2113559246063232
layer3.3.conv3.weight,282,layer3.3.conv3.weight_ch282,2.2109856605529785
layer2.1.conv3.weight,85,layer2.1.conv3.weight_ch85,2.2109766006469727
layer3.0.conv3.weight,747,layer3.0.conv3.weight_ch747,2.2108631134033203
layer3.2.conv3.weight,437,layer3.2.conv3.weight_ch437,2.210808753967285
layer3.2.conv2.weight,65,layer3.2.conv2.weight_ch65,2.2098114490509033
layer3.2.conv1.weight,139,layer3.2.conv1.weight_ch139,2.209592819213867
layer2.1.conv3.weight,293,layer2.1.conv3.weight_ch293,2.2088379859924316
layer3.0.conv3.weight,642,layer3.0.conv3.weight_ch642,2.208653688430786
layer4.0.conv3.weight,545,layer4.0.conv3.weight_ch545,2.2086381912231445
layer4.1.conv1.weight,116,layer4.1.conv1.weight_ch116,2.208449363708496
layer1.2.conv3.weight,73,layer1.2.conv3.weight_ch73,2.2079758644104004
layer3.2.conv3.weight,304,layer3.2.conv3.weight_ch304,2.2071638107299805
layer3.0.conv2.weight,176,layer3.0.conv2.weight_ch176,2.2066094875335693
layer4.1.conv1.weight,486,layer4.1.conv1.weight_ch486,2.205231189727783
layer3.1.conv3.weight,842,layer3.1.conv3.weight_ch842,2.2051212787628174
layer2.1.conv3.weight,37,layer2.1.conv3.weight_ch37,2.2047369480133057
layer3.0.conv3.weight,151,layer3.0.conv3.weight_ch151,2.2044527530670166
layer2.1.conv3.weight,15,layer2.1.conv3.weight_ch15,2.20393443107605
layer3.1.conv3.weight,746,layer3.1.conv3.weight_ch746,2.202573776245117
layer4.0.conv3.weight,1060,layer4.0.conv3.weight_ch1060,2.2020373344421387
layer4.0.conv3.weight,735,layer4.0.conv3.weight_ch735,2.201859474182129
layer3.2.conv2.weight,127,layer3.2.conv2.weight_ch127,2.20151686668396
layer3.5.conv3.weight,52,layer3.5.conv3.weight_ch52,2.201434373855591
layer3.2.conv3.weight,383,layer3.2.conv3.weight_ch383,2.2004706859588623
layer4.0.conv3.weight,678,layer4.0.conv3.weight_ch678,2.2003631591796875
layer3.0.conv3.weight,536,layer3.0.conv3.weight_ch536,2.199855089187622
layer3.2.conv3.weight,153,layer3.2.conv3.weight_ch153,2.199732780456543
layer3.3.conv3.weight,808,layer3.3.conv3.weight_ch808,2.199032783508301
layer4.0.conv3.weight,512,layer4.0.conv3.weight_ch512,2.1986048221588135
layer4.0.conv3.weight,182,layer4.0.conv3.weight_ch182,2.1979784965515137
layer2.0.conv2.weight,107,layer2.0.conv2.weight_ch107,2.1977243423461914
layer3.2.conv3.weight,435,layer3.2.conv3.weight_ch435,2.1977171897888184
layer1.2.conv3.weight,175,layer1.2.conv3.weight_ch175,2.1976358890533447
layer3.2.conv3.weight,114,layer3.2.conv3.weight_ch114,2.1976053714752197
layer3.5.conv3.weight,415,layer3.5.conv3.weight_ch415,2.196537971496582
layer4.0.conv3.weight,1079,layer4.0.conv3.weight_ch1079,2.1964409351348877
layer3.5.conv3.weight,229,layer3.5.conv3.weight_ch229,2.196401596069336
layer4.0.conv3.weight,1266,layer4.0.conv3.weight_ch1266,2.1959638595581055
layer3.2.conv3.weight,883,layer3.2.conv3.weight_ch883,2.1958935260772705
layer4.0.conv3.weight,1365,layer4.0.conv3.weight_ch1365,2.1954028606414795
layer4.0.conv3.weight,752,layer4.0.conv3.weight_ch752,2.195091724395752
layer4.1.conv1.weight,495,layer4.1.conv1.weight_ch495,2.195014476776123
layer4.0.conv3.weight,1377,layer4.0.conv3.weight_ch1377,2.194708824157715
layer3.1.conv3.weight,20,layer3.1.conv3.weight_ch20,2.194495439529419
layer3.3.conv3.weight,975,layer3.3.conv3.weight_ch975,2.194458484649658
layer3.5.conv3.weight,619,layer3.5.conv3.weight_ch619,2.193798542022705
layer3.0.conv3.weight,807,layer3.0.conv3.weight_ch807,2.1934006214141846
layer2.1.conv3.weight,45,layer2.1.conv3.weight_ch45,2.193091630935669
layer3.2.conv3.weight,777,layer3.2.conv3.weight_ch777,2.192606210708618
layer3.2.conv3.weight,413,layer3.2.conv3.weight_ch413,2.192276954650879
layer3.3.conv3.weight,228,layer3.3.conv3.weight_ch228,2.1912612915039062
layer3.2.conv3.weight,622,layer3.2.conv3.weight_ch622,2.1904516220092773
layer3.1.conv3.weight,692,layer3.1.conv3.weight_ch692,2.1899819374084473
layer3.3.conv3.weight,144,layer3.3.conv3.weight_ch144,2.1895151138305664
layer4.0.conv3.weight,677,layer4.0.conv3.weight_ch677,2.188807725906372
layer4.0.conv3.weight,1907,layer4.0.conv3.weight_ch1907,2.1887426376342773
layer3.0.conv2.weight,222,layer3.0.conv2.weight_ch222,2.1885740756988525
layer2.0.conv2.weight,33,layer2.0.conv2.weight_ch33,2.1884636878967285
layer4.0.conv3.weight,1512,layer4.0.conv3.weight_ch1512,2.188422441482544
layer4.0.conv3.weight,864,layer4.0.conv3.weight_ch864,2.188335657119751
layer3.1.conv3.weight,886,layer3.1.conv3.weight_ch886,2.188246250152588
layer3.3.conv3.weight,436,layer3.3.conv3.weight_ch436,2.186274528503418
layer3.0.conv3.weight,70,layer3.0.conv3.weight_ch70,2.1853232383728027
layer4.0.conv3.weight,1314,layer4.0.conv3.weight_ch1314,2.184762954711914
layer3.2.conv3.weight,654,layer3.2.conv3.weight_ch654,2.184156894683838
layer3.1.conv3.weight,860,layer3.1.conv3.weight_ch860,2.183861017227173
layer3.2.conv3.weight,96,layer3.2.conv3.weight_ch96,2.183767557144165
layer3.0.conv3.weight,110,layer3.0.conv3.weight_ch110,2.183131217956543
layer4.1.conv1.weight,115,layer4.1.conv1.weight_ch115,2.182605743408203
layer4.0.conv3.weight,1478,layer4.0.conv3.weight_ch1478,2.1824588775634766
layer4.0.conv3.weight,1019,layer4.0.conv3.weight_ch1019,2.1823456287384033
layer4.0.conv3.weight,789,layer4.0.conv3.weight_ch789,2.182108163833618
layer3.3.conv3.weight,528,layer3.3.conv3.weight_ch528,2.181974172592163
layer4.0.conv3.weight,448,layer4.0.conv3.weight_ch448,2.1818528175354004
layer4.0.conv3.weight,83,layer4.0.conv3.weight_ch83,2.1817729473114014
layer4.0.conv3.weight,262,layer4.0.conv3.weight_ch262,2.1814377307891846
layer3.5.conv3.weight,47,layer3.5.conv3.weight_ch47,2.1808323860168457
layer4.0.conv3.weight,1784,layer4.0.conv3.weight_ch1784,2.1804356575012207
layer3.5.conv3.weight,623,layer3.5.conv3.weight_ch623,2.180321455001831
layer3.0.conv3.weight,799,layer3.0.conv3.weight_ch799,2.1800408363342285
layer3.0.conv2.weight,55,layer3.0.conv2.weight_ch55,2.1793744564056396
layer3.1.conv3.weight,450,layer3.1.conv3.weight_ch450,2.17922043800354
layer4.0.conv3.weight,1276,layer4.0.conv3.weight_ch1276,2.1780736446380615
layer3.2.conv2.weight,83,layer3.2.conv2.weight_ch83,2.1776609420776367
layer3.1.conv3.weight,75,layer3.1.conv3.weight_ch75,2.1771903038024902
layer3.0.conv2.weight,196,layer3.0.conv2.weight_ch196,2.176997423171997
layer3.1.conv3.weight,99,layer3.1.conv3.weight_ch99,2.1767005920410156
layer4.1.conv1.weight,22,layer4.1.conv1.weight_ch22,2.1765782833099365
layer3.1.conv3.weight,33,layer3.1.conv3.weight_ch33,2.175265312194824
layer2.1.conv3.weight,49,layer2.1.conv3.weight_ch49,2.1751084327697754
layer3.5.conv3.weight,74,layer3.5.conv3.weight_ch74,2.1748528480529785
layer3.1.conv3.weight,106,layer3.1.conv3.weight_ch106,2.1746904850006104
layer4.0.conv3.weight,1682,layer4.0.conv3.weight_ch1682,2.1741535663604736
layer4.0.conv3.weight,400,layer4.0.conv3.weight_ch400,2.1736371517181396
layer3.3.conv3.weight,359,layer3.3.conv3.weight_ch359,2.173468828201294
layer3.5.conv3.weight,486,layer3.5.conv3.weight_ch486,2.1715641021728516
layer3.5.conv3.weight,663,layer3.5.conv3.weight_ch663,2.1711223125457764
layer3.5.conv3.weight,448,layer3.5.conv3.weight_ch448,2.1702489852905273
layer3.0.conv2.weight,201,layer3.0.conv2.weight_ch201,2.1701571941375732
layer3.1.conv3.weight,989,layer3.1.conv3.weight_ch989,2.1700212955474854
layer4.0.conv3.weight,1992,layer4.0.conv3.weight_ch1992,2.1697824001312256
layer2.1.conv3.weight,280,layer2.1.conv3.weight_ch280,2.1690049171447754
layer4.0.conv3.weight,1218,layer4.0.conv3.weight_ch1218,2.1689419746398926
layer2.1.conv3.weight,226,layer2.1.conv3.weight_ch226,2.1689350605010986
layer3.0.conv3.weight,144,layer3.0.conv3.weight_ch144,2.1687865257263184
layer3.0.conv2.weight,253,layer3.0.conv2.weight_ch253,2.168490409851074
layer3.1.conv3.weight,200,layer3.1.conv3.weight_ch200,2.167809247970581
layer3.3.conv3.weight,789,layer3.3.conv3.weight_ch789,2.1672308444976807
layer3.5.conv3.weight,824,layer3.5.conv3.weight_ch824,2.1671297550201416
layer4.0.conv3.weight,281,layer4.0.conv3.weight_ch281,2.165205240249634
layer3.2.conv2.weight,49,layer3.2.conv2.weight_ch49,2.1647286415100098
layer3.2.conv3.weight,500,layer3.2.conv3.weight_ch500,2.1645667552948
layer3.5.conv3.weight,347,layer3.5.conv3.weight_ch347,2.164487838745117
layer4.0.conv3.weight,1749,layer4.0.conv3.weight_ch1749,2.1644465923309326
layer4.0.conv3.weight,473,layer4.0.conv3.weight_ch473,2.164323329925537
layer4.0.conv3.weight,303,layer4.0.conv3.weight_ch303,2.164280414581299
layer4.0.conv3.weight,22,layer4.0.conv3.weight_ch22,2.1638576984405518
layer1.2.conv3.weight,50,layer1.2.conv3.weight_ch50,2.163632392883301
layer2.0.conv2.weight,109,layer2.0.conv2.weight_ch109,2.1631672382354736
layer3.3.conv3.weight,893,layer3.3.conv3.weight_ch893,2.162628173828125
layer4.0.conv3.weight,832,layer4.0.conv3.weight_ch832,2.162618398666382
layer3.0.conv2.weight,215,layer3.0.conv2.weight_ch215,2.1607449054718018
layer3.5.conv3.weight,409,layer3.5.conv3.weight_ch409,2.1606605052948
layer4.0.conv3.weight,1921,layer4.0.conv3.weight_ch1921,2.1588642597198486
layer3.3.conv3.weight,16,layer3.3.conv3.weight_ch16,2.157402276992798
layer3.0.conv3.weight,166,layer3.0.conv3.weight_ch166,2.156374931335449
layer4.0.conv3.weight,475,layer4.0.conv3.weight_ch475,2.154938220977783
layer3.0.conv3.weight,278,layer3.0.conv3.weight_ch278,2.1549072265625
layer3.3.conv3.weight,921,layer3.3.conv3.weight_ch921,2.154214382171631
layer3.1.conv3.weight,602,layer3.1.conv3.weight_ch602,2.154074192047119
layer4.0.conv3.weight,1390,layer4.0.conv3.weight_ch1390,2.15402889251709
layer3.0.conv3.weight,504,layer3.0.conv3.weight_ch504,2.1536731719970703
layer4.1.conv1.weight,175,layer4.1.conv1.weight_ch175,2.1536126136779785
layer3.2.conv3.weight,985,layer3.2.conv3.weight_ch985,2.153482437133789
layer3.2.conv3.weight,547,layer3.2.conv3.weight_ch547,2.153007984161377
layer3.0.conv3.weight,164,layer3.0.conv3.weight_ch164,2.152616024017334
layer3.3.conv3.weight,629,layer3.3.conv3.weight_ch629,2.1503801345825195
layer2.0.conv2.weight,36,layer2.0.conv2.weight_ch36,2.1503424644470215
layer3.0.conv3.weight,288,layer3.0.conv3.weight_ch288,2.1502933502197266
layer3.0.conv3.weight,18,layer3.0.conv3.weight_ch18,2.149873733520508
layer3.0.conv2.weight,193,layer3.0.conv2.weight_ch193,2.1497843265533447
layer3.3.conv3.weight,163,layer3.3.conv3.weight_ch163,2.149247169494629
layer3.0.conv2.weight,132,layer3.0.conv2.weight_ch132,2.1490988731384277
layer4.0.conv3.weight,481,layer4.0.conv3.weight_ch481,2.148908853530884
layer3.0.conv2.weight,214,layer3.0.conv2.weight_ch214,2.147646903991699
layer3.1.conv3.weight,235,layer3.1.conv3.weight_ch235,2.146470546722412
layer3.2.conv3.weight,730,layer3.2.conv3.weight_ch730,2.1461734771728516
layer3.0.conv3.weight,43,layer3.0.conv3.weight_ch43,2.145742177963257
layer4.0.conv3.weight,130,layer4.0.conv3.weight_ch130,2.1447532176971436
layer3.2.conv3.weight,166,layer3.2.conv3.weight_ch166,2.1446468830108643
layer3.3.conv3.weight,775,layer3.3.conv3.weight_ch775,2.1440367698669434
layer3.2.conv2.weight,120,layer3.2.conv2.weight_ch120,2.1432206630706787
layer4.0.conv3.weight,1395,layer4.0.conv3.weight_ch1395,2.1432180404663086
layer3.3.conv3.weight,878,layer3.3.conv3.weight_ch878,2.141773223876953
layer3.5.conv3.weight,433,layer3.5.conv3.weight_ch433,2.1411783695220947
layer3.3.conv3.weight,303,layer3.3.conv3.weight_ch303,2.1400182247161865
layer3.2.conv1.weight,127,layer3.2.conv1.weight_ch127,2.1386194229125977
layer4.0.conv3.weight,1053,layer4.0.conv3.weight_ch1053,2.138491630554199
layer4.1.conv1.weight,393,layer4.1.conv1.weight_ch393,2.1382172107696533
layer3.2.conv1.weight,204,layer3.2.conv1.weight_ch204,2.1379191875457764
layer3.2.conv3.weight,864,layer3.2.conv3.weight_ch864,2.137855052947998
layer3.2.conv3.weight,769,layer3.2.conv3.weight_ch769,2.1370835304260254
layer3.3.conv3.weight,923,layer3.3.conv3.weight_ch923,2.13683819770813
layer4.0.conv3.weight,85,layer4.0.conv3.weight_ch85,2.1358628273010254
layer3.2.conv2.weight,31,layer3.2.conv2.weight_ch31,2.1354494094848633
layer3.0.conv3.weight,569,layer3.0.conv3.weight_ch569,2.1352155208587646
layer3.2.conv3.weight,991,layer3.2.conv3.weight_ch991,2.1347110271453857
layer3.2.conv3.weight,131,layer3.2.conv3.weight_ch131,2.1346511840820312
layer4.0.conv3.weight,1335,layer4.0.conv3.weight_ch1335,2.134404182434082
layer4.1.conv1.weight,487,layer4.1.conv1.weight_ch487,2.1337873935699463
layer4.1.conv1.weight,228,layer4.1.conv1.weight_ch228,2.1334407329559326
layer4.1.conv1.weight,231,layer4.1.conv1.weight_ch231,2.1329729557037354
layer4.1.conv1.weight,60,layer4.1.conv1.weight_ch60,2.132516384124756
layer3.0.conv3.weight,671,layer3.0.conv3.weight_ch671,2.132262706756592
layer4.0.conv3.weight,1244,layer4.0.conv3.weight_ch1244,2.1322033405303955
layer3.0.conv3.weight,179,layer3.0.conv3.weight_ch179,2.1320390701293945
layer3.1.conv3.weight,88,layer3.1.conv3.weight_ch88,2.1315252780914307
layer3.2.conv1.weight,110,layer3.2.conv1.weight_ch110,2.1309590339660645
layer3.3.conv3.weight,596,layer3.3.conv3.weight_ch596,2.1306967735290527
layer4.0.conv3.weight,369,layer4.0.conv3.weight_ch369,2.1302807331085205
layer4.0.conv3.weight,338,layer4.0.conv3.weight_ch338,2.130150079727173
layer3.2.conv1.weight,133,layer3.2.conv1.weight_ch133,2.128380298614502
layer4.1.conv1.weight,150,layer4.1.conv1.weight_ch150,2.127937078475952
layer3.0.conv3.weight,755,layer3.0.conv3.weight_ch755,2.127246379852295
layer3.3.conv3.weight,271,layer3.3.conv3.weight_ch271,2.1272082328796387
layer3.0.conv3.weight,710,layer3.0.conv3.weight_ch710,2.1272072792053223
layer3.2.conv2.weight,6,layer3.2.conv2.weight_ch6,2.126908779144287
layer1.2.conv3.weight,223,layer1.2.conv3.weight_ch223,2.126530885696411
layer2.3.conv2.weight,40,layer2.3.conv2.weight_ch40,2.12553071975708
layer4.0.conv3.weight,1254,layer4.0.conv3.weight_ch1254,2.1253623962402344
layer3.5.conv3.weight,235,layer3.5.conv3.weight_ch235,2.1252996921539307
layer2.0.conv2.weight,124,layer2.0.conv2.weight_ch124,2.1245408058166504
layer3.2.conv3.weight,950,layer3.2.conv3.weight_ch950,2.1244380474090576
layer4.0.conv3.weight,310,layer4.0.conv3.weight_ch310,2.123891592025757
layer3.0.conv3.weight,36,layer3.0.conv3.weight_ch36,2.123656749725342
layer4.0.conv3.weight,869,layer4.0.conv3.weight_ch869,2.1225929260253906
layer4.0.conv3.weight,54,layer4.0.conv3.weight_ch54,2.1206464767456055
layer4.1.conv1.weight,456,layer4.1.conv1.weight_ch456,2.1202051639556885
layer3.3.conv3.weight,405,layer3.3.conv3.weight_ch405,2.119880437850952
layer3.0.conv2.weight,76,layer3.0.conv2.weight_ch76,2.1198079586029053
layer3.1.conv3.weight,551,layer3.1.conv3.weight_ch551,2.119412899017334
layer4.0.conv3.weight,1503,layer4.0.conv3.weight_ch1503,2.1184487342834473
layer4.0.conv3.weight,460,layer4.0.conv3.weight_ch460,2.1182312965393066
layer4.0.conv3.weight,1015,layer4.0.conv3.weight_ch1015,2.1179850101470947
layer4.0.conv3.weight,988,layer4.0.conv3.weight_ch988,2.1179113388061523
layer2.0.conv2.weight,94,layer2.0.conv2.weight_ch94,2.1175622940063477
layer3.0.conv3.weight,704,layer3.0.conv3.weight_ch704,2.1170716285705566
layer4.0.conv3.weight,1094,layer4.0.conv3.weight_ch1094,2.1170034408569336
layer3.0.conv3.weight,656,layer3.0.conv3.weight_ch656,2.1168270111083984
layer4.0.conv3.weight,1447,layer4.0.conv3.weight_ch1447,2.1165595054626465
layer3.1.conv3.weight,131,layer3.1.conv3.weight_ch131,2.1164517402648926
layer4.0.conv3.weight,1774,layer4.0.conv3.weight_ch1774,2.1162259578704834
layer4.0.conv3.weight,33,layer4.0.conv3.weight_ch33,2.115133047103882
layer4.0.conv3.weight,1627,layer4.0.conv3.weight_ch1627,2.1141679286956787
layer4.0.conv3.weight,1715,layer4.0.conv3.weight_ch1715,2.113234519958496
layer4.0.conv3.weight,1459,layer4.0.conv3.weight_ch1459,2.1126201152801514
layer4.0.conv3.weight,511,layer4.0.conv3.weight_ch511,2.1123862266540527
layer3.0.conv3.weight,190,layer3.0.conv3.weight_ch190,2.112229585647583
layer3.1.conv3.weight,341,layer3.1.conv3.weight_ch341,2.1121721267700195
layer3.0.conv3.weight,881,layer3.0.conv3.weight_ch881,2.1121551990509033
layer1.2.conv3.weight,154,layer1.2.conv3.weight_ch154,2.1121199131011963
layer2.1.conv3.weight,504,layer2.1.conv3.weight_ch504,2.112008571624756
layer4.0.conv3.weight,534,layer4.0.conv3.weight_ch534,2.111996650695801
layer4.1.conv1.weight,114,layer4.1.conv1.weight_ch114,2.1115846633911133
layer4.0.conv3.weight,2015,layer4.0.conv3.weight_ch2015,2.1103646755218506
layer1.2.conv3.weight,2,layer1.2.conv3.weight_ch2,2.1102898120880127
layer3.3.conv3.weight,613,layer3.3.conv3.weight_ch613,2.109943389892578
layer4.0.conv3.weight,264,layer4.0.conv3.weight_ch264,2.109539270401001
layer4.0.conv3.weight,826,layer4.0.conv3.weight_ch826,2.109273672103882
layer4.0.conv3.weight,1744,layer4.0.conv3.weight_ch1744,2.1091370582580566
layer3.5.conv3.weight,487,layer3.5.conv3.weight_ch487,2.1091113090515137
layer3.3.conv3.weight,1002,layer3.3.conv3.weight_ch1002,2.1090540885925293
layer3.5.conv3.weight,67,layer3.5.conv3.weight_ch67,2.108307361602783
layer3.5.conv3.weight,633,layer3.5.conv3.weight_ch633,2.1078031063079834
layer4.0.conv3.weight,1215,layer4.0.conv3.weight_ch1215,2.1071345806121826
layer3.1.conv3.weight,217,layer3.1.conv3.weight_ch217,2.1063945293426514
layer3.0.conv3.weight,155,layer3.0.conv3.weight_ch155,2.1061909198760986
layer3.2.conv3.weight,45,layer3.2.conv3.weight_ch45,2.105975389480591
layer3.0.conv3.weight,645,layer3.0.conv3.weight_ch645,2.105675458908081
layer3.3.conv3.weight,543,layer3.3.conv3.weight_ch543,2.105524778366089
layer4.1.conv1.weight,134,layer4.1.conv1.weight_ch134,2.1055076122283936
layer3.5.conv3.weight,143,layer3.5.conv3.weight_ch143,2.1047191619873047
layer4.0.conv3.weight,137,layer4.0.conv3.weight_ch137,2.104094982147217
layer3.0.conv3.weight,955,layer3.0.conv3.weight_ch955,2.103795051574707
layer3.0.conv3.weight,79,layer3.0.conv3.weight_ch79,2.1037917137145996
layer4.0.conv3.weight,763,layer4.0.conv3.weight_ch763,2.103663682937622
layer3.0.conv2.weight,221,layer3.0.conv2.weight_ch221,2.103605031967163
layer1.2.conv3.weight,125,layer1.2.conv3.weight_ch125,2.103555202484131
layer2.0.conv2.weight,90,layer2.0.conv2.weight_ch90,2.1034088134765625
layer3.0.conv3.weight,328,layer3.0.conv3.weight_ch328,2.1032068729400635
layer4.0.conv3.weight,932,layer4.0.conv3.weight_ch932,2.103041410446167
layer3.0.conv3.weight,678,layer3.0.conv3.weight_ch678,2.1030008792877197
layer3.1.conv3.weight,571,layer3.1.conv3.weight_ch571,2.102959156036377
layer3.1.conv3.weight,186,layer3.1.conv3.weight_ch186,2.1027166843414307
layer3.2.conv3.weight,284,layer3.2.conv3.weight_ch284,2.1012253761291504
layer3.0.conv3.weight,680,layer3.0.conv3.weight_ch680,2.1010568141937256
layer3.0.conv3.weight,761,layer3.0.conv3.weight_ch761,2.100745916366577
layer3.1.conv3.weight,6,layer3.1.conv3.weight_ch6,2.099552869796753
layer4.1.conv1.weight,248,layer4.1.conv1.weight_ch248,2.0986597537994385
layer3.2.conv3.weight,536,layer3.2.conv3.weight_ch536,2.0981578826904297
layer3.3.conv3.weight,746,layer3.3.conv3.weight_ch746,2.0979526042938232
layer4.0.conv3.weight,950,layer4.0.conv3.weight_ch950,2.097416639328003
layer4.0.conv3.weight,1990,layer4.0.conv3.weight_ch1990,2.097201108932495
layer4.1.conv1.weight,101,layer4.1.conv1.weight_ch101,2.0971784591674805
layer2.1.conv3.weight,55,layer2.1.conv3.weight_ch55,2.097013473510742
layer3.1.conv3.weight,356,layer3.1.conv3.weight_ch356,2.0967307090759277
layer2.1.conv3.weight,84,layer2.1.conv3.weight_ch84,2.096675395965576
layer3.0.conv3.weight,813,layer3.0.conv3.weight_ch813,2.0966014862060547
layer3.2.conv3.weight,989,layer3.2.conv3.weight_ch989,2.0964789390563965
layer3.3.conv3.weight,348,layer3.3.conv3.weight_ch348,2.096041440963745
layer3.2.conv3.weight,38,layer3.2.conv3.weight_ch38,2.0959296226501465
layer4.0.conv3.weight,1185,layer4.0.conv3.weight_ch1185,2.09584641456604
layer4.1.conv1.weight,359,layer4.1.conv1.weight_ch359,2.095808744430542
layer3.2.conv2.weight,76,layer3.2.conv2.weight_ch76,2.0950767993927
layer3.2.conv1.weight,144,layer3.2.conv1.weight_ch144,2.0948355197906494
layer4.1.conv1.weight,1,layer4.1.conv1.weight_ch1,2.0943121910095215
layer3.3.conv3.weight,109,layer3.3.conv3.weight_ch109,2.0941898822784424
layer3.5.conv3.weight,210,layer3.5.conv3.weight_ch210,2.093959331512451
layer3.2.conv1.weight,247,layer3.2.conv1.weight_ch247,2.093855142593384
layer3.1.conv3.weight,5,layer3.1.conv3.weight_ch5,2.0935511589050293
layer3.0.conv3.weight,192,layer3.0.conv3.weight_ch192,2.0934178829193115
layer3.1.conv3.weight,474,layer3.1.conv3.weight_ch474,2.093388557434082
layer4.0.conv3.weight,531,layer4.0.conv3.weight_ch531,2.093280076980591
layer4.0.conv3.weight,225,layer4.0.conv3.weight_ch225,2.0931522846221924
layer3.0.conv3.weight,801,layer3.0.conv3.weight_ch801,2.0927836894989014
layer4.0.conv3.weight,1834,layer4.0.conv3.weight_ch1834,2.0927488803863525
layer4.0.conv3.weight,1368,layer4.0.conv3.weight_ch1368,2.092676877975464
layer3.0.conv3.weight,819,layer3.0.conv3.weight_ch819,2.0922417640686035
layer3.0.conv3.weight,233,layer3.0.conv3.weight_ch233,2.091357707977295
layer3.5.conv3.weight,534,layer3.5.conv3.weight_ch534,2.09126353263855
layer3.1.conv3.weight,418,layer3.1.conv3.weight_ch418,2.0901601314544678
layer4.1.conv1.weight,404,layer4.1.conv1.weight_ch404,2.0900986194610596
layer4.1.conv1.weight,436,layer4.1.conv1.weight_ch436,2.089125871658325
layer4.0.conv3.weight,1738,layer4.0.conv3.weight_ch1738,2.089116334915161
layer3.1.conv3.weight,748,layer3.1.conv3.weight_ch748,2.0883800983428955
layer3.2.conv3.weight,212,layer3.2.conv3.weight_ch212,2.0882863998413086
layer4.0.conv3.weight,940,layer4.0.conv3.weight_ch940,2.0882725715637207
layer3.5.conv3.weight,784,layer3.5.conv3.weight_ch784,2.0878121852874756
layer4.0.conv3.weight,153,layer4.0.conv3.weight_ch153,2.0876195430755615
layer3.2.conv2.weight,153,layer3.2.conv2.weight_ch153,2.0874109268188477
layer2.1.conv3.weight,4,layer2.1.conv3.weight_ch4,2.0873355865478516
layer4.1.conv1.weight,326,layer4.1.conv1.weight_ch326,2.08682918548584
layer3.1.conv3.weight,754,layer3.1.conv3.weight_ch754,2.086297035217285
layer3.1.conv3.weight,244,layer3.1.conv3.weight_ch244,2.085686683654785
layer4.0.conv3.weight,1977,layer4.0.conv3.weight_ch1977,2.0853195190429688
layer2.1.conv3.weight,100,layer2.1.conv3.weight_ch100,2.0851011276245117
layer2.0.conv1.weight,101,layer2.0.conv1.weight_ch101,2.084446430206299
layer3.3.conv3.weight,1014,layer3.3.conv3.weight_ch1014,2.084226131439209
layer4.0.conv3.weight,469,layer4.0.conv3.weight_ch469,2.084207773208618
layer4.0.conv3.weight,1304,layer4.0.conv3.weight_ch1304,2.0839648246765137
layer3.0.conv3.weight,542,layer3.0.conv3.weight_ch542,2.083780288696289
layer3.5.conv3.weight,967,layer3.5.conv3.weight_ch967,2.0837552547454834
layer3.5.conv3.weight,991,layer3.5.conv3.weight_ch991,2.083584785461426
layer3.2.conv3.weight,83,layer3.2.conv3.weight_ch83,2.083498954772949
layer3.0.conv3.weight,699,layer3.0.conv3.weight_ch699,2.0830819606781006
layer3.1.conv3.weight,1001,layer3.1.conv3.weight_ch1001,2.0826685428619385
layer3.3.conv3.weight,139,layer3.3.conv3.weight_ch139,2.082604169845581
layer2.1.conv3.weight,367,layer2.1.conv3.weight_ch367,2.0821850299835205
layer3.3.conv3.weight,860,layer3.3.conv3.weight_ch860,2.081547260284424
layer3.0.conv2.weight,231,layer3.0.conv2.weight_ch231,2.080247640609741
layer4.1.conv1.weight,157,layer4.1.conv1.weight_ch157,2.079838275909424
layer3.5.conv3.weight,719,layer3.5.conv3.weight_ch719,2.0796353816986084
layer3.2.conv3.weight,243,layer3.2.conv3.weight_ch243,2.0795857906341553
layer3.2.conv3.weight,520,layer3.2.conv3.weight_ch520,2.0790677070617676
layer2.1.conv3.weight,205,layer2.1.conv3.weight_ch205,2.0788936614990234
layer2.1.conv3.weight,479,layer2.1.conv3.weight_ch479,2.0784244537353516
layer3.5.conv3.weight,636,layer3.5.conv3.weight_ch636,2.078270673751831
layer3.0.conv3.weight,773,layer3.0.conv3.weight_ch773,2.0781965255737305
layer3.5.conv3.weight,344,layer3.5.conv3.weight_ch344,2.0781445503234863
layer4.0.conv3.weight,1925,layer4.0.conv3.weight_ch1925,2.077752113342285
layer3.3.conv3.weight,810,layer3.3.conv3.weight_ch810,2.077500343322754
layer2.1.conv3.weight,296,layer2.1.conv3.weight_ch296,2.0773983001708984
layer3.5.conv3.weight,883,layer3.5.conv3.weight_ch883,2.077348470687866
layer4.0.conv3.weight,1466,layer4.0.conv3.weight_ch1466,2.077145576477051
layer4.1.conv1.weight,160,layer4.1.conv1.weight_ch160,2.0771350860595703
layer4.0.conv3.weight,1979,layer4.0.conv3.weight_ch1979,2.0765793323516846
layer2.1.conv3.weight,46,layer2.1.conv3.weight_ch46,2.0764975547790527
layer3.2.conv3.weight,943,layer3.2.conv3.weight_ch943,2.076237678527832
layer4.0.conv3.weight,1109,layer4.0.conv3.weight_ch1109,2.076127529144287
layer3.2.conv3.weight,810,layer3.2.conv3.weight_ch810,2.0758249759674072
layer2.1.conv3.weight,249,layer2.1.conv3.weight_ch249,2.0754737854003906
layer3.0.conv2.weight,142,layer3.0.conv2.weight_ch142,2.0750722885131836
layer3.2.conv3.weight,695,layer3.2.conv3.weight_ch695,2.0750608444213867
layer3.2.conv3.weight,7,layer3.2.conv3.weight_ch7,2.073765993118286
layer3.2.conv3.weight,180,layer3.2.conv3.weight_ch180,2.0737600326538086
layer3.5.conv3.weight,905,layer3.5.conv3.weight_ch905,2.073652744293213
layer3.2.conv3.weight,598,layer3.2.conv3.weight_ch598,2.073519468307495
layer3.1.conv3.weight,997,layer3.1.conv3.weight_ch997,2.073476791381836
layer4.0.conv3.weight,1634,layer4.0.conv3.weight_ch1634,2.073270320892334
layer3.5.conv3.weight,850,layer3.5.conv3.weight_ch850,2.0729124546051025
layer3.0.conv3.weight,23,layer3.0.conv3.weight_ch23,2.0728466510772705
layer3.5.conv3.weight,204,layer3.5.conv3.weight_ch204,2.0718023777008057
layer4.1.conv1.weight,148,layer4.1.conv1.weight_ch148,2.071626901626587
layer3.1.conv3.weight,412,layer3.1.conv3.weight_ch412,2.0710678100585938
layer3.1.conv3.weight,1020,layer3.1.conv3.weight_ch1020,2.0708789825439453
layer3.0.conv2.weight,178,layer3.0.conv2.weight_ch178,2.070596933364868
layer3.2.conv3.weight,815,layer3.2.conv3.weight_ch815,2.0705363750457764
layer4.1.conv1.weight,478,layer4.1.conv1.weight_ch478,2.070152997970581
layer3.5.conv3.weight,267,layer3.5.conv3.weight_ch267,2.0690677165985107
layer3.1.conv3.weight,430,layer3.1.conv3.weight_ch430,2.0690605640411377
layer4.0.conv3.weight,952,layer4.0.conv3.weight_ch952,2.068815231323242
layer4.0.conv3.weight,964,layer4.0.conv3.weight_ch964,2.0685482025146484
layer1.2.conv3.weight,166,layer1.2.conv3.weight_ch166,2.0683279037475586
layer4.0.conv3.weight,1088,layer4.0.conv3.weight_ch1088,2.0682621002197266
layer3.3.conv3.weight,666,layer3.3.conv3.weight_ch666,2.0680108070373535
layer3.2.conv3.weight,747,layer3.2.conv3.weight_ch747,2.0669384002685547
layer3.2.conv3.weight,331,layer3.2.conv3.weight_ch331,2.0664901733398438
layer3.0.conv3.weight,647,layer3.0.conv3.weight_ch647,2.065655469894409
layer4.0.conv3.weight,1062,layer4.0.conv3.weight_ch1062,2.063922882080078
layer4.0.conv3.weight,1307,layer4.0.conv3.weight_ch1307,2.063645839691162
layer1.2.conv3.weight,14,layer1.2.conv3.weight_ch14,2.0633339881896973
layer3.3.conv3.weight,75,layer3.3.conv3.weight_ch75,2.062751293182373
layer4.0.conv3.weight,1372,layer4.0.conv3.weight_ch1372,2.062751054763794
layer3.2.conv1.weight,191,layer3.2.conv1.weight_ch191,2.062741756439209
layer3.1.conv3.weight,326,layer3.1.conv3.weight_ch326,2.0625104904174805
layer3.0.conv3.weight,238,layer3.0.conv3.weight_ch238,2.062185287475586
layer2.1.conv3.weight,162,layer2.1.conv3.weight_ch162,2.0618512630462646
layer3.1.conv3.weight,506,layer3.1.conv3.weight_ch506,2.0617289543151855
layer3.5.conv3.weight,729,layer3.5.conv3.weight_ch729,2.0613064765930176
layer3.0.conv2.weight,24,layer3.0.conv2.weight_ch24,2.061218023300171
layer3.3.conv3.weight,570,layer3.3.conv3.weight_ch570,2.0610361099243164
layer3.1.conv3.weight,317,layer3.1.conv3.weight_ch317,2.060969591140747
layer3.5.conv3.weight,162,layer3.5.conv3.weight_ch162,2.0609261989593506
layer4.0.conv3.weight,944,layer4.0.conv3.weight_ch944,2.0606536865234375
layer2.0.conv1.weight,121,layer2.0.conv1.weight_ch121,2.0598931312561035
layer3.3.conv3.weight,700,layer3.3.conv3.weight_ch700,2.0595388412475586
layer3.5.conv3.weight,92,layer3.5.conv3.weight_ch92,2.0593998432159424
layer4.1.conv1.weight,14,layer4.1.conv1.weight_ch14,2.0593457221984863
layer4.0.conv3.weight,1704,layer4.0.conv3.weight_ch1704,2.058920383453369
layer3.0.conv3.weight,358,layer3.0.conv3.weight_ch358,2.05857253074646
layer3.2.conv3.weight,723,layer3.2.conv3.weight_ch723,2.058429002761841
layer3.0.conv2.weight,89,layer3.0.conv2.weight_ch89,2.056936502456665
layer4.0.conv3.weight,1011,layer4.0.conv3.weight_ch1011,2.0566694736480713
layer4.0.conv3.weight,503,layer4.0.conv3.weight_ch503,2.055877923965454
layer4.0.conv3.weight,42,layer4.0.conv3.weight_ch42,2.0552706718444824
layer1.2.conv3.weight,126,layer1.2.conv3.weight_ch126,2.054776191711426
layer3.0.conv3.weight,751,layer3.0.conv3.weight_ch751,2.0546681880950928
layer4.1.conv1.weight,227,layer4.1.conv1.weight_ch227,2.0544724464416504
layer3.5.conv3.weight,238,layer3.5.conv3.weight_ch238,2.0544092655181885
layer4.0.conv3.weight,1325,layer4.0.conv3.weight_ch1325,2.0542502403259277
layer3.0.conv3.weight,706,layer3.0.conv3.weight_ch706,2.0542328357696533
layer3.5.conv3.weight,732,layer3.5.conv3.weight_ch732,2.054077386856079
layer3.1.conv3.weight,650,layer3.1.conv3.weight_ch650,2.05293607711792
layer3.0.conv3.weight,282,layer3.0.conv3.weight_ch282,2.052647829055786
layer4.0.conv3.weight,1467,layer4.0.conv3.weight_ch1467,2.0517966747283936
layer3.1.conv3.weight,66,layer3.1.conv3.weight_ch66,2.0514979362487793
layer4.0.conv3.weight,1489,layer4.0.conv3.weight_ch1489,2.051431894302368
layer4.1.conv1.weight,123,layer4.1.conv1.weight_ch123,2.051307439804077
layer2.1.conv3.weight,67,layer2.1.conv3.weight_ch67,2.0512986183166504
layer4.0.conv3.weight,645,layer4.0.conv3.weight_ch645,2.0511186122894287
layer3.2.conv3.weight,370,layer3.2.conv3.weight_ch370,2.0509610176086426
layer3.3.conv3.weight,561,layer3.3.conv3.weight_ch561,2.050340175628662
layer3.0.conv3.weight,26,layer3.0.conv3.weight_ch26,2.050199508666992
layer4.1.conv1.weight,329,layer4.1.conv1.weight_ch329,2.0497140884399414
layer4.0.conv3.weight,1616,layer4.0.conv3.weight_ch1616,2.0488014221191406
layer4.0.conv3.weight,647,layer4.0.conv3.weight_ch647,2.048099994659424
layer3.5.conv3.weight,328,layer3.5.conv3.weight_ch328,2.048078775405884
layer3.2.conv3.weight,680,layer3.2.conv3.weight_ch680,2.0480499267578125
layer4.0.conv3.weight,1278,layer4.0.conv3.weight_ch1278,2.047861099243164
layer3.0.conv2.weight,9,layer3.0.conv2.weight_ch9,2.047485113143921
layer3.2.conv3.weight,571,layer3.2.conv3.weight_ch571,2.0474815368652344
layer3.0.conv3.weight,816,layer3.0.conv3.weight_ch816,2.0472517013549805
layer4.0.conv3.weight,914,layer4.0.conv3.weight_ch914,2.0466933250427246
layer3.5.conv3.weight,514,layer3.5.conv3.weight_ch514,2.0466482639312744
layer3.3.conv3.weight,243,layer3.3.conv3.weight_ch243,2.0465152263641357
layer3.3.conv3.weight,1022,layer3.3.conv3.weight_ch1022,2.0462706089019775
layer4.0.conv3.weight,1426,layer4.0.conv3.weight_ch1426,2.0460429191589355
layer4.0.conv3.weight,1580,layer4.0.conv3.weight_ch1580,2.045719861984253
layer3.2.conv3.weight,156,layer3.2.conv3.weight_ch156,2.0455844402313232
layer3.5.conv3.weight,528,layer3.5.conv3.weight_ch528,2.0453929901123047
layer3.2.conv3.weight,275,layer3.2.conv3.weight_ch275,2.0451502799987793
layer4.0.conv3.weight,103,layer4.0.conv3.weight_ch103,2.044454336166382
layer4.0.conv3.weight,755,layer4.0.conv3.weight_ch755,2.0444414615631104
layer2.0.conv2.weight,8,layer2.0.conv2.weight_ch8,2.0442237854003906
layer4.1.conv1.weight,331,layer4.1.conv1.weight_ch331,2.04384446144104
layer3.0.conv3.weight,289,layer3.0.conv3.weight_ch289,2.0428006649017334
layer3.2.conv3.weight,371,layer3.2.conv3.weight_ch371,2.042656421661377
layer3.1.conv3.weight,536,layer3.1.conv3.weight_ch536,2.0415048599243164
layer3.0.conv3.weight,586,layer3.0.conv3.weight_ch586,2.04150390625
layer4.0.conv3.weight,497,layer4.0.conv3.weight_ch497,2.041242837905884
layer3.3.conv3.weight,53,layer3.3.conv3.weight_ch53,2.0409369468688965
layer3.1.conv3.weight,698,layer3.1.conv3.weight_ch698,2.0404655933380127
layer2.3.conv2.weight,67,layer2.3.conv2.weight_ch67,2.0396158695220947
layer4.1.conv1.weight,58,layer4.1.conv1.weight_ch58,2.0396034717559814
layer3.0.conv3.weight,119,layer3.0.conv3.weight_ch119,2.0389761924743652
layer3.0.conv3.weight,694,layer3.0.conv3.weight_ch694,2.038947343826294
layer3.2.conv2.weight,108,layer3.2.conv2.weight_ch108,2.0386931896209717
layer3.5.conv3.weight,591,layer3.5.conv3.weight_ch591,2.037754535675049
layer3.3.conv3.weight,701,layer3.3.conv3.weight_ch701,2.0362956523895264
layer4.0.conv3.weight,532,layer4.0.conv3.weight_ch532,2.0356130599975586
layer3.2.conv3.weight,909,layer3.2.conv3.weight_ch909,2.0352797508239746
layer3.3.conv3.weight,10,layer3.3.conv3.weight_ch10,2.034750461578369
layer3.3.conv3.weight,511,layer3.3.conv3.weight_ch511,2.034602403640747
layer3.5.conv3.weight,325,layer3.5.conv3.weight_ch325,2.034432888031006
layer3.5.conv3.weight,306,layer3.5.conv3.weight_ch306,2.0341427326202393
layer3.5.conv3.weight,290,layer3.5.conv3.weight_ch290,2.0335488319396973
layer3.0.conv3.weight,960,layer3.0.conv3.weight_ch960,2.0334744453430176
layer3.1.conv3.weight,466,layer3.1.conv3.weight_ch466,2.033255100250244
layer3.2.conv3.weight,954,layer3.2.conv3.weight_ch954,2.0331692695617676
layer2.1.conv3.weight,424,layer2.1.conv3.weight_ch424,2.0330722332000732
layer3.1.conv3.weight,213,layer3.1.conv3.weight_ch213,2.032825469970703
layer3.1.conv3.weight,294,layer3.1.conv3.weight_ch294,2.03281307220459
layer3.5.conv3.weight,390,layer3.5.conv3.weight_ch390,2.032719373703003
layer3.5.conv3.weight,858,layer3.5.conv3.weight_ch858,2.0306854248046875
layer4.0.conv3.weight,848,layer4.0.conv3.weight_ch848,2.030597448348999
layer3.2.conv3.weight,842,layer3.2.conv3.weight_ch842,2.029926300048828
layer2.1.conv3.weight,65,layer2.1.conv3.weight_ch65,2.028782606124878
layer4.0.conv3.weight,697,layer4.0.conv3.weight_ch697,2.0282044410705566
layer3.0.conv3.weight,276,layer3.0.conv3.weight_ch276,2.0281131267547607
layer3.5.conv3.weight,507,layer3.5.conv3.weight_ch507,2.0280747413635254
layer4.1.conv1.weight,367,layer4.1.conv1.weight_ch367,2.0275800228118896
layer3.1.conv3.weight,409,layer3.1.conv3.weight_ch409,2.027475357055664
layer3.1.conv3.weight,1016,layer3.1.conv3.weight_ch1016,2.0271949768066406
layer3.3.conv3.weight,495,layer3.3.conv3.weight_ch495,2.0271825790405273
layer3.1.conv3.weight,965,layer3.1.conv3.weight_ch965,2.026890277862549
layer3.2.conv3.weight,988,layer3.2.conv3.weight_ch988,2.0266683101654053
layer4.0.conv3.weight,652,layer4.0.conv3.weight_ch652,2.0265307426452637
layer3.2.conv3.weight,29,layer3.2.conv3.weight_ch29,2.0261285305023193
layer3.0.conv3.weight,730,layer3.0.conv3.weight_ch730,2.025055408477783
layer4.0.conv3.weight,590,layer4.0.conv3.weight_ch590,2.024956226348877
layer3.3.conv3.weight,393,layer3.3.conv3.weight_ch393,2.024662733078003
layer4.0.conv3.weight,1595,layer4.0.conv3.weight_ch1595,2.024040937423706
layer4.0.conv3.weight,1707,layer4.0.conv3.weight_ch1707,2.02327299118042
layer4.0.conv3.weight,1810,layer4.0.conv3.weight_ch1810,2.0231287479400635
layer3.0.conv3.weight,197,layer3.0.conv3.weight_ch197,2.0227153301239014
layer3.1.conv3.weight,402,layer3.1.conv3.weight_ch402,2.0226011276245117
layer3.2.conv1.weight,223,layer3.2.conv1.weight_ch223,2.0224945545196533
layer4.1.conv1.weight,406,layer4.1.conv1.weight_ch406,2.0224857330322266
layer3.0.conv3.weight,791,layer3.0.conv3.weight_ch791,2.0221705436706543
layer3.5.conv3.weight,717,layer3.5.conv3.weight_ch717,2.0216076374053955
layer4.0.conv3.weight,1680,layer4.0.conv3.weight_ch1680,2.0211973190307617
layer4.1.conv1.weight,428,layer4.1.conv1.weight_ch428,2.0207173824310303
layer4.0.conv3.weight,1333,layer4.0.conv3.weight_ch1333,2.0200448036193848
layer3.3.conv3.weight,194,layer3.3.conv3.weight_ch194,2.0198371410369873
layer3.5.conv3.weight,739,layer3.5.conv3.weight_ch739,2.0196878910064697
layer4.0.conv3.weight,1309,layer4.0.conv3.weight_ch1309,2.019103765487671
layer3.5.conv3.weight,150,layer3.5.conv3.weight_ch150,2.0169951915740967
layer3.2.conv3.weight,566,layer3.2.conv3.weight_ch566,2.016019821166992
layer3.2.conv3.weight,132,layer3.2.conv3.weight_ch132,2.0157814025878906
layer3.3.conv3.weight,749,layer3.3.conv3.weight_ch749,2.014683961868286
layer3.1.conv3.weight,808,layer3.1.conv3.weight_ch808,2.014167308807373
layer2.1.conv3.weight,167,layer2.1.conv3.weight_ch167,2.013451337814331
layer4.0.conv3.weight,431,layer4.0.conv3.weight_ch431,2.0133438110351562
layer3.1.conv3.weight,204,layer3.1.conv3.weight_ch204,2.01235032081604
layer3.2.conv3.weight,940,layer3.2.conv3.weight_ch940,2.0120160579681396
layer4.0.conv3.weight,307,layer4.0.conv3.weight_ch307,2.0115482807159424
layer3.1.conv3.weight,586,layer3.1.conv3.weight_ch586,2.011460781097412
layer4.1.conv1.weight,483,layer4.1.conv1.weight_ch483,2.0111937522888184
layer3.0.conv2.weight,168,layer3.0.conv2.weight_ch168,2.010857582092285
layer4.0.conv3.weight,621,layer4.0.conv3.weight_ch621,2.010106086730957
layer3.0.conv3.weight,271,layer3.0.conv3.weight_ch271,2.0099167823791504
layer2.0.conv1.weight,84,layer2.0.conv1.weight_ch84,2.009648323059082
layer3.0.conv3.weight,40,layer3.0.conv3.weight_ch40,2.0095677375793457
layer4.0.conv3.weight,542,layer4.0.conv3.weight_ch542,2.009307622909546
layer3.3.conv3.weight,553,layer3.3.conv3.weight_ch553,2.009197950363159
layer2.1.conv3.weight,197,layer2.1.conv3.weight_ch197,2.00892972946167
layer3.1.conv3.weight,415,layer3.1.conv3.weight_ch415,2.008395195007324
layer4.0.conv3.weight,1391,layer4.0.conv3.weight_ch1391,2.0075597763061523
layer2.1.conv3.weight,179,layer2.1.conv3.weight_ch179,2.0075244903564453
layer3.0.conv3.weight,379,layer3.0.conv3.weight_ch379,2.007194995880127
layer3.2.conv2.weight,10,layer3.2.conv2.weight_ch10,2.0067903995513916
layer3.0.conv3.weight,138,layer3.0.conv3.weight_ch138,2.0066800117492676
layer4.0.conv3.weight,2012,layer4.0.conv3.weight_ch2012,2.0066213607788086
layer4.1.conv1.weight,421,layer4.1.conv1.weight_ch421,2.0063133239746094
layer3.2.conv3.weight,472,layer3.2.conv3.weight_ch472,2.0062592029571533
layer3.2.conv3.weight,1009,layer3.2.conv3.weight_ch1009,2.0058541297912598
layer3.2.conv3.weight,933,layer3.2.conv3.weight_ch933,2.0057222843170166
layer4.0.conv3.weight,1308,layer4.0.conv3.weight_ch1308,2.005476951599121
layer3.3.conv3.weight,454,layer3.3.conv3.weight_ch454,2.005232334136963
layer3.0.conv2.weight,29,layer3.0.conv2.weight_ch29,2.0052127838134766
layer4.0.conv3.weight,360,layer4.0.conv3.weight_ch360,2.0046911239624023
layer4.0.conv3.weight,1570,layer4.0.conv3.weight_ch1570,2.0041799545288086
layer4.0.conv3.weight,1867,layer4.0.conv3.weight_ch1867,2.0034468173980713
layer4.0.conv3.weight,1476,layer4.0.conv3.weight_ch1476,2.003169536590576
layer4.0.conv3.weight,450,layer4.0.conv3.weight_ch450,2.0031418800354004
layer3.2.conv3.weight,453,layer3.2.conv3.weight_ch453,2.0031239986419678
layer4.1.conv1.weight,223,layer4.1.conv1.weight_ch223,2.0027823448181152
layer3.0.conv3.weight,395,layer3.0.conv3.weight_ch395,2.002051591873169
layer3.0.conv3.weight,757,layer3.0.conv3.weight_ch757,2.0019097328186035
layer4.0.conv3.weight,180,layer4.0.conv3.weight_ch180,2.0018534660339355
layer3.5.conv3.weight,104,layer3.5.conv3.weight_ch104,2.0017266273498535
layer3.5.conv3.weight,754,layer3.5.conv3.weight_ch754,2.0014941692352295
layer4.1.conv1.weight,305,layer4.1.conv1.weight_ch305,2.001312255859375
layer3.3.conv3.weight,238,layer3.3.conv3.weight_ch238,2.0012919902801514
layer3.2.conv3.weight,387,layer3.2.conv3.weight_ch387,2.0009779930114746
layer3.3.conv3.weight,518,layer3.3.conv3.weight_ch518,2.0005483627319336
layer4.0.conv3.weight,667,layer4.0.conv3.weight_ch667,2.0003414154052734
layer3.2.conv3.weight,122,layer3.2.conv3.weight_ch122,1.9996519088745117
layer3.2.conv2.weight,211,layer3.2.conv2.weight_ch211,1.9992152452468872
layer4.1.conv1.weight,95,layer4.1.conv1.weight_ch95,1.9980297088623047
layer3.0.conv3.weight,876,layer3.0.conv3.weight_ch876,1.9979697465896606
layer3.5.conv3.weight,366,layer3.5.conv3.weight_ch366,1.9977660179138184
layer4.0.conv3.weight,1853,layer4.0.conv3.weight_ch1853,1.9976407289505005
layer4.1.conv1.weight,202,layer4.1.conv1.weight_ch202,1.9974174499511719
layer3.1.conv3.weight,94,layer3.1.conv3.weight_ch94,1.9973673820495605
layer3.5.conv3.weight,1005,layer3.5.conv3.weight_ch1005,1.9972829818725586
layer3.2.conv2.weight,225,layer3.2.conv2.weight_ch225,1.99726402759552
layer3.5.conv3.weight,202,layer3.5.conv3.weight_ch202,1.9969626665115356
layer3.5.conv3.weight,757,layer3.5.conv3.weight_ch757,1.996657371520996
layer4.0.conv3.weight,1302,layer4.0.conv3.weight_ch1302,1.9947242736816406
layer4.0.conv3.weight,1967,layer4.0.conv3.weight_ch1967,1.9934933185577393
layer4.0.conv3.weight,515,layer4.0.conv3.weight_ch515,1.9919462203979492
layer3.1.conv3.weight,800,layer3.1.conv3.weight_ch800,1.991299033164978
layer4.0.conv3.weight,620,layer4.0.conv3.weight_ch620,1.9911755323410034
layer4.1.conv1.weight,112,layer4.1.conv1.weight_ch112,1.9906175136566162
layer3.1.conv3.weight,270,layer3.1.conv3.weight_ch270,1.990601897239685
layer3.1.conv3.weight,717,layer3.1.conv3.weight_ch717,1.9904539585113525
layer4.0.conv3.weight,325,layer4.0.conv3.weight_ch325,1.989732027053833
layer3.1.conv3.weight,397,layer3.1.conv3.weight_ch397,1.9886819124221802
layer3.3.conv3.weight,516,layer3.3.conv3.weight_ch516,1.9886608123779297
layer3.2.conv1.weight,17,layer3.2.conv1.weight_ch17,1.9883179664611816
layer4.0.conv3.weight,1159,layer4.0.conv3.weight_ch1159,1.9881397485733032
layer2.0.conv2.weight,19,layer2.0.conv2.weight_ch19,1.9867030382156372
layer3.0.conv2.weight,101,layer3.0.conv2.weight_ch101,1.986480474472046
layer3.1.conv3.weight,710,layer3.1.conv3.weight_ch710,1.9861383438110352
layer4.1.conv1.weight,56,layer4.1.conv1.weight_ch56,1.9861061573028564
layer4.0.conv3.weight,1806,layer4.0.conv3.weight_ch1806,1.9859164953231812
layer3.5.conv3.weight,815,layer3.5.conv3.weight_ch815,1.9849776029586792
layer4.0.conv3.weight,603,layer4.0.conv3.weight_ch603,1.984972357749939
layer3.0.conv2.weight,125,layer3.0.conv2.weight_ch125,1.9848954677581787
layer3.0.conv2.weight,15,layer3.0.conv2.weight_ch15,1.9840044975280762
layer3.1.conv3.weight,609,layer3.1.conv3.weight_ch609,1.9836307764053345
layer3.0.conv3.weight,28,layer3.0.conv3.weight_ch28,1.9833173751831055
layer3.0.conv2.weight,194,layer3.0.conv2.weight_ch194,1.9832913875579834
layer3.1.conv3.weight,773,layer3.1.conv3.weight_ch773,1.9832466840744019
layer4.0.conv3.weight,1564,layer4.0.conv3.weight_ch1564,1.9822099208831787
layer4.1.conv1.weight,130,layer4.1.conv1.weight_ch130,1.982205867767334
layer2.1.conv3.weight,439,layer2.1.conv3.weight_ch439,1.9820263385772705
layer3.1.conv3.weight,959,layer3.1.conv3.weight_ch959,1.9810222387313843
layer4.0.conv3.weight,1569,layer4.0.conv3.weight_ch1569,1.9806097745895386
layer4.1.conv1.weight,407,layer4.1.conv1.weight_ch407,1.9803720712661743
layer3.1.conv3.weight,1011,layer3.1.conv3.weight_ch1011,1.980198860168457
layer3.5.conv3.weight,599,layer3.5.conv3.weight_ch599,1.9800310134887695
layer3.0.conv3.weight,8,layer3.0.conv3.weight_ch8,1.9794498682022095
layer3.1.conv3.weight,216,layer3.1.conv3.weight_ch216,1.978537917137146
layer3.1.conv3.weight,918,layer3.1.conv3.weight_ch918,1.978278398513794
layer3.5.conv3.weight,643,layer3.5.conv3.weight_ch643,1.978126883506775
layer2.0.conv1.weight,102,layer2.0.conv1.weight_ch102,1.9776724576950073
layer3.2.conv2.weight,142,layer3.2.conv2.weight_ch142,1.9775984287261963
layer3.0.conv3.weight,768,layer3.0.conv3.weight_ch768,1.9770373106002808
layer4.0.conv3.weight,1452,layer4.0.conv3.weight_ch1452,1.9770303964614868
layer3.3.conv3.weight,80,layer3.3.conv3.weight_ch80,1.9769487380981445
layer3.2.conv2.weight,81,layer3.2.conv2.weight_ch81,1.976370930671692
layer3.3.conv3.weight,422,layer3.3.conv3.weight_ch422,1.9756324291229248
layer2.1.conv3.weight,151,layer2.1.conv3.weight_ch151,1.974539875984192
layer4.0.conv3.weight,1165,layer4.0.conv3.weight_ch1165,1.9742051362991333
layer3.0.conv3.weight,733,layer3.0.conv3.weight_ch733,1.973454236984253
layer4.0.conv3.weight,1078,layer4.0.conv3.weight_ch1078,1.9720240831375122
layer3.5.conv3.weight,492,layer3.5.conv3.weight_ch492,1.972001552581787
layer1.2.conv3.weight,144,layer1.2.conv3.weight_ch144,1.9719128608703613
layer3.1.conv3.weight,222,layer3.1.conv3.weight_ch222,1.9715471267700195
layer2.1.conv3.weight,174,layer2.1.conv3.weight_ch174,1.9715344905853271
layer4.0.conv3.weight,1633,layer4.0.conv3.weight_ch1633,1.971171498298645
layer3.0.conv3.weight,180,layer3.0.conv3.weight_ch180,1.9709320068359375
layer3.1.conv3.weight,114,layer3.1.conv3.weight_ch114,1.9695172309875488
layer3.2.conv3.weight,690,layer3.2.conv3.weight_ch690,1.9686692953109741
layer4.0.conv3.weight,1524,layer4.0.conv3.weight_ch1524,1.9680886268615723
layer4.0.conv3.weight,1024,layer4.0.conv3.weight_ch1024,1.967815637588501
layer3.3.conv3.weight,792,layer3.3.conv3.weight_ch792,1.9675828218460083
layer3.1.conv3.weight,984,layer3.1.conv3.weight_ch984,1.9674077033996582
layer3.5.conv3.weight,297,layer3.5.conv3.weight_ch297,1.9672213792800903
layer4.0.conv3.weight,1037,layer4.0.conv3.weight_ch1037,1.9668738842010498
layer3.2.conv2.weight,109,layer3.2.conv2.weight_ch109,1.9668354988098145
layer3.0.conv3.weight,173,layer3.0.conv3.weight_ch173,1.9668020009994507
layer4.0.conv3.weight,1022,layer4.0.conv3.weight_ch1022,1.9666223526000977
layer3.2.conv2.weight,200,layer3.2.conv2.weight_ch200,1.9655721187591553
layer2.1.conv3.weight,366,layer2.1.conv3.weight_ch366,1.965505599975586
layer4.0.conv3.weight,1906,layer4.0.conv3.weight_ch1906,1.9651601314544678
layer3.1.conv3.weight,174,layer3.1.conv3.weight_ch174,1.965146541595459
layer3.5.conv3.weight,147,layer3.5.conv3.weight_ch147,1.964711308479309
layer4.0.conv3.weight,1493,layer4.0.conv3.weight_ch1493,1.964684247970581
layer4.0.conv3.weight,897,layer4.0.conv3.weight_ch897,1.9646812677383423
layer3.2.conv3.weight,557,layer3.2.conv3.weight_ch557,1.9644707441329956
layer3.2.conv2.weight,15,layer3.2.conv2.weight_ch15,1.9644663333892822
layer3.0.conv2.weight,38,layer3.0.conv2.weight_ch38,1.9640390872955322
layer4.1.conv1.weight,162,layer4.1.conv1.weight_ch162,1.9639192819595337
layer3.2.conv3.weight,856,layer3.2.conv3.weight_ch856,1.963777780532837
layer3.0.conv3.weight,116,layer3.0.conv3.weight_ch116,1.9635757207870483
layer4.0.conv3.weight,906,layer4.0.conv3.weight_ch906,1.9630273580551147
layer3.3.conv3.weight,635,layer3.3.conv3.weight_ch635,1.9629759788513184
layer2.0.conv2.weight,23,layer2.0.conv2.weight_ch23,1.9625695943832397
layer4.0.conv3.weight,1691,layer4.0.conv3.weight_ch1691,1.9621061086654663
layer3.5.conv3.weight,248,layer3.5.conv3.weight_ch248,1.96210515499115
layer3.5.conv3.weight,593,layer3.5.conv3.weight_ch593,1.961207628250122
layer3.2.conv3.weight,330,layer3.2.conv3.weight_ch330,1.961119532585144
layer3.1.conv3.weight,151,layer3.1.conv3.weight_ch151,1.9605215787887573
layer4.0.conv3.weight,1360,layer4.0.conv3.weight_ch1360,1.960418462753296
layer3.0.conv3.weight,508,layer3.0.conv3.weight_ch508,1.9593274593353271
layer3.1.conv3.weight,854,layer3.1.conv3.weight_ch854,1.9591530561447144
layer4.0.conv3.weight,318,layer4.0.conv3.weight_ch318,1.9587314128875732
layer3.0.conv3.weight,6,layer3.0.conv3.weight_ch6,1.9586620330810547
layer3.0.conv3.weight,115,layer3.0.conv3.weight_ch115,1.9578925371170044
layer3.3.conv3.weight,378,layer3.3.conv3.weight_ch378,1.9577335119247437
layer4.0.conv3.weight,32,layer4.0.conv3.weight_ch32,1.9576938152313232
layer4.0.conv3.weight,1753,layer4.0.conv3.weight_ch1753,1.957392930984497
layer3.5.conv3.weight,505,layer3.5.conv3.weight_ch505,1.9569774866104126
layer2.1.conv3.weight,411,layer2.1.conv3.weight_ch411,1.9569222927093506
layer3.3.conv3.weight,598,layer3.3.conv3.weight_ch598,1.9567254781723022
layer3.3.conv3.weight,542,layer3.3.conv3.weight_ch542,1.9560476541519165
layer1.2.conv3.weight,255,layer1.2.conv3.weight_ch255,1.9559922218322754
layer3.2.conv3.weight,879,layer3.2.conv3.weight_ch879,1.9556816816329956
layer4.1.conv1.weight,232,layer4.1.conv1.weight_ch232,1.9553775787353516
layer4.1.conv1.weight,455,layer4.1.conv1.weight_ch455,1.9547414779663086
layer3.2.conv1.weight,61,layer3.2.conv1.weight_ch61,1.9546440839767456
layer4.0.conv3.weight,1350,layer4.0.conv3.weight_ch1350,1.954494833946228
layer4.0.conv3.weight,1761,layer4.0.conv3.weight_ch1761,1.9543612003326416
layer1.2.conv3.weight,211,layer1.2.conv3.weight_ch211,1.9542624950408936
layer3.2.conv3.weight,63,layer3.2.conv3.weight_ch63,1.9541462659835815
layer4.0.conv3.weight,1214,layer4.0.conv3.weight_ch1214,1.9538772106170654
layer4.0.conv3.weight,526,layer4.0.conv3.weight_ch526,1.9537982940673828
layer4.0.conv3.weight,1612,layer4.0.conv3.weight_ch1612,1.9529242515563965
layer4.0.conv3.weight,1681,layer4.0.conv3.weight_ch1681,1.9526125192642212
layer4.0.conv3.weight,1962,layer4.0.conv3.weight_ch1962,1.9525220394134521
layer3.5.conv3.weight,845,layer3.5.conv3.weight_ch845,1.9525160789489746
layer3.1.conv3.weight,900,layer3.1.conv3.weight_ch900,1.9524202346801758
layer3.3.conv3.weight,688,layer3.3.conv3.weight_ch688,1.9518381357192993
layer3.5.conv3.weight,389,layer3.5.conv3.weight_ch389,1.9515538215637207
layer3.0.conv3.weight,146,layer3.0.conv3.weight_ch146,1.9512436389923096
layer4.1.conv1.weight,141,layer4.1.conv1.weight_ch141,1.9511593580245972
layer3.0.conv3.weight,860,layer3.0.conv3.weight_ch860,1.951132893562317
layer3.2.conv2.weight,152,layer3.2.conv2.weight_ch152,1.9509012699127197
layer4.0.conv3.weight,850,layer4.0.conv3.weight_ch850,1.9503822326660156
layer1.2.conv3.weight,60,layer1.2.conv3.weight_ch60,1.950160026550293
layer2.0.conv1.weight,75,layer2.0.conv1.weight_ch75,1.9493491649627686
layer3.1.conv3.weight,826,layer3.1.conv3.weight_ch826,1.9492473602294922
layer3.1.conv3.weight,734,layer3.1.conv3.weight_ch734,1.9491732120513916
layer3.2.conv1.weight,253,layer3.2.conv1.weight_ch253,1.9489123821258545
layer4.1.conv1.weight,420,layer4.1.conv1.weight_ch420,1.9488589763641357
layer3.0.conv2.weight,164,layer3.0.conv2.weight_ch164,1.948838710784912
layer3.5.conv3.weight,178,layer3.5.conv3.weight_ch178,1.9477790594100952
layer3.3.conv3.weight,365,layer3.3.conv3.weight_ch365,1.9471155405044556
layer3.2.conv3.weight,281,layer3.2.conv3.weight_ch281,1.9469472169876099
layer4.0.conv3.weight,193,layer4.0.conv3.weight_ch193,1.9457405805587769
layer4.0.conv3.weight,1883,layer4.0.conv3.weight_ch1883,1.9457194805145264
layer3.1.conv3.weight,101,layer3.1.conv3.weight_ch101,1.9454255104064941
layer4.0.conv3.weight,794,layer4.0.conv3.weight_ch794,1.9451768398284912
layer3.0.conv2.weight,37,layer3.0.conv2.weight_ch37,1.9435269832611084
layer3.1.conv3.weight,560,layer3.1.conv3.weight_ch560,1.942108154296875
layer3.5.conv3.weight,678,layer3.5.conv3.weight_ch678,1.9418693780899048
layer3.0.conv3.weight,790,layer3.0.conv3.weight_ch790,1.9414702653884888
layer3.2.conv2.weight,113,layer3.2.conv2.weight_ch113,1.9414106607437134
layer3.2.conv3.weight,449,layer3.2.conv3.weight_ch449,1.941155195236206
layer3.0.conv2.weight,113,layer3.0.conv2.weight_ch113,1.94020414352417
layer4.0.conv3.weight,284,layer4.0.conv3.weight_ch284,1.9401991367340088
layer4.1.conv1.weight,437,layer4.1.conv1.weight_ch437,1.9399611949920654
layer4.0.conv3.weight,1252,layer4.0.conv3.weight_ch1252,1.939850091934204
layer2.0.conv1.weight,59,layer2.0.conv1.weight_ch59,1.939836025238037
layer3.0.conv3.weight,777,layer3.0.conv3.weight_ch777,1.9395594596862793
layer4.0.conv3.weight,712,layer4.0.conv3.weight_ch712,1.9393932819366455
layer4.0.conv3.weight,573,layer4.0.conv3.weight_ch573,1.9390255212783813
layer3.3.conv3.weight,725,layer3.3.conv3.weight_ch725,1.9390017986297607
layer4.0.conv3.weight,16,layer4.0.conv3.weight_ch16,1.9389034509658813
layer4.1.conv1.weight,93,layer4.1.conv1.weight_ch93,1.9387651681900024
layer3.0.conv3.weight,887,layer3.0.conv3.weight_ch887,1.938483476638794
layer2.1.conv3.weight,461,layer2.1.conv3.weight_ch461,1.9383255243301392
layer3.5.conv3.weight,990,layer3.5.conv3.weight_ch990,1.9378448724746704
layer3.0.conv2.weight,205,layer3.0.conv2.weight_ch205,1.9376310110092163
layer3.2.conv3.weight,963,layer3.2.conv3.weight_ch963,1.937584400177002
layer4.0.conv3.weight,875,layer4.0.conv3.weight_ch875,1.9375463724136353
layer3.1.conv3.weight,790,layer3.1.conv3.weight_ch790,1.9370702505111694
layer3.1.conv3.weight,649,layer3.1.conv3.weight_ch649,1.9368906021118164
layer3.2.conv1.weight,228,layer3.2.conv1.weight_ch228,1.9366885423660278
layer4.0.conv3.weight,1849,layer4.0.conv3.weight_ch1849,1.9363588094711304
layer4.1.conv1.weight,283,layer4.1.conv1.weight_ch283,1.9362398386001587
layer3.5.conv3.weight,893,layer3.5.conv3.weight_ch893,1.9358820915222168
layer4.1.conv1.weight,190,layer4.1.conv1.weight_ch190,1.9355130195617676
layer3.2.conv3.weight,346,layer3.2.conv3.weight_ch346,1.934651494026184
layer3.2.conv3.weight,225,layer3.2.conv3.weight_ch225,1.9344545602798462
layer4.1.conv1.weight,71,layer4.1.conv1.weight_ch71,1.9338406324386597
layer3.2.conv3.weight,716,layer3.2.conv3.weight_ch716,1.9335849285125732
layer4.0.conv3.weight,1077,layer4.0.conv3.weight_ch1077,1.9333089590072632
layer3.1.conv3.weight,844,layer3.1.conv3.weight_ch844,1.9330052137374878
layer2.1.conv3.weight,302,layer2.1.conv3.weight_ch302,1.9329016208648682
layer4.0.conv3.weight,1876,layer4.0.conv3.weight_ch1876,1.932291030883789
layer3.0.conv2.weight,25,layer3.0.conv2.weight_ch25,1.932080626487732
layer3.2.conv1.weight,91,layer3.2.conv1.weight_ch91,1.9314916133880615
layer4.0.conv3.weight,116,layer4.0.conv3.weight_ch116,1.9309680461883545
layer3.0.conv3.weight,87,layer3.0.conv3.weight_ch87,1.930534839630127
layer3.1.conv3.weight,1022,layer3.1.conv3.weight_ch1022,1.9303584098815918
layer4.0.conv3.weight,1522,layer4.0.conv3.weight_ch1522,1.930320382118225
layer3.2.conv1.weight,94,layer3.2.conv1.weight_ch94,1.9301577806472778
layer4.0.conv3.weight,1772,layer4.0.conv3.weight_ch1772,1.9297088384628296
layer3.5.conv3.weight,827,layer3.5.conv3.weight_ch827,1.9295687675476074
layer3.2.conv2.weight,218,layer3.2.conv2.weight_ch218,1.9294695854187012
layer4.0.conv3.weight,2044,layer4.0.conv3.weight_ch2044,1.9290356636047363
layer4.1.conv1.weight,304,layer4.1.conv1.weight_ch304,1.9289473295211792
layer4.1.conv1.weight,372,layer4.1.conv1.weight_ch372,1.92830228805542
layer2.0.conv2.weight,91,layer2.0.conv2.weight_ch91,1.9280611276626587
layer3.0.conv3.weight,315,layer3.0.conv3.weight_ch315,1.9274911880493164
layer3.0.conv2.weight,47,layer3.0.conv2.weight_ch47,1.9273408651351929
layer3.1.conv3.weight,254,layer3.1.conv3.weight_ch254,1.9265573024749756
layer4.1.conv1.weight,226,layer4.1.conv1.weight_ch226,1.9259827136993408
layer2.1.conv3.weight,62,layer2.1.conv3.weight_ch62,1.9258311986923218
layer3.5.conv3.weight,901,layer3.5.conv3.weight_ch901,1.9257259368896484
layer3.2.conv1.weight,58,layer3.2.conv1.weight_ch58,1.9256340265274048
layer3.2.conv1.weight,168,layer3.2.conv1.weight_ch168,1.9255965948104858
layer4.0.conv3.weight,1665,layer4.0.conv3.weight_ch1665,1.9253449440002441
layer3.2.conv3.weight,812,layer3.2.conv3.weight_ch812,1.9250996112823486
layer3.5.conv3.weight,375,layer3.5.conv3.weight_ch375,1.924665093421936
layer4.0.conv3.weight,582,layer4.0.conv3.weight_ch582,1.9245818853378296
layer3.0.conv3.weight,213,layer3.0.conv3.weight_ch213,1.9236878156661987
layer3.0.conv2.weight,128,layer3.0.conv2.weight_ch128,1.9235178232192993
layer3.0.conv3.weight,13,layer3.0.conv3.weight_ch13,1.9232215881347656
layer3.3.conv3.weight,984,layer3.3.conv3.weight_ch984,1.922796607017517
layer3.2.conv2.weight,21,layer3.2.conv2.weight_ch21,1.9218788146972656
layer3.0.conv2.weight,216,layer3.0.conv2.weight_ch216,1.9217932224273682
layer4.0.conv3.weight,541,layer4.0.conv3.weight_ch541,1.9216101169586182
layer4.0.conv3.weight,1402,layer4.0.conv3.weight_ch1402,1.921525239944458
layer3.1.conv3.weight,941,layer3.1.conv3.weight_ch941,1.9211018085479736
layer3.0.conv2.weight,239,layer3.0.conv2.weight_ch239,1.9209014177322388
layer4.0.conv3.weight,236,layer4.0.conv3.weight_ch236,1.9208042621612549
layer4.1.conv1.weight,144,layer4.1.conv1.weight_ch144,1.920701026916504
layer4.0.conv3.weight,1334,layer4.0.conv3.weight_ch1334,1.9202218055725098
layer4.0.conv3.weight,615,layer4.0.conv3.weight_ch615,1.9197505712509155
layer3.3.conv3.weight,589,layer3.3.conv3.weight_ch589,1.919276475906372
layer3.1.conv3.weight,239,layer3.1.conv3.weight_ch239,1.9191935062408447
layer2.1.conv3.weight,318,layer2.1.conv3.weight_ch318,1.918468713760376
layer4.0.conv3.weight,1382,layer4.0.conv3.weight_ch1382,1.9182684421539307
layer4.0.conv3.weight,1246,layer4.0.conv3.weight_ch1246,1.9177793264389038
layer3.5.conv3.weight,97,layer3.5.conv3.weight_ch97,1.9175244569778442
layer3.1.conv3.weight,190,layer3.1.conv3.weight_ch190,1.9175171852111816
layer4.1.conv1.weight,505,layer4.1.conv1.weight_ch505,1.9174489974975586
layer3.0.conv3.weight,317,layer3.0.conv3.weight_ch317,1.9174137115478516
layer2.1.conv3.weight,301,layer2.1.conv3.weight_ch301,1.917409062385559
layer3.5.conv3.weight,391,layer3.5.conv3.weight_ch391,1.9173327684402466
layer4.0.conv3.weight,992,layer4.0.conv3.weight_ch992,1.9170695543289185
layer3.2.conv2.weight,186,layer3.2.conv2.weight_ch186,1.9160033464431763
layer1.2.conv3.weight,160,layer1.2.conv3.weight_ch160,1.9153192043304443
layer4.0.conv3.weight,23,layer4.0.conv3.weight_ch23,1.914766788482666
layer4.0.conv3.weight,1490,layer4.0.conv3.weight_ch1490,1.914243459701538
layer3.0.conv2.weight,14,layer3.0.conv2.weight_ch14,1.9137022495269775
layer3.5.conv3.weight,426,layer3.5.conv3.weight_ch426,1.9134739637374878
layer3.2.conv2.weight,234,layer3.2.conv2.weight_ch234,1.913158655166626
layer4.0.conv3.weight,1619,layer4.0.conv3.weight_ch1619,1.913131833076477
layer1.2.conv3.weight,29,layer1.2.conv3.weight_ch29,1.912717342376709
layer2.1.conv3.weight,309,layer2.1.conv3.weight_ch309,1.9121347665786743
layer4.0.conv3.weight,2000,layer4.0.conv3.weight_ch2000,1.9121320247650146
layer3.3.conv3.weight,634,layer3.3.conv3.weight_ch634,1.9119935035705566
layer3.3.conv3.weight,680,layer3.3.conv3.weight_ch680,1.9114563465118408
layer3.0.conv3.weight,101,layer3.0.conv3.weight_ch101,1.911350965499878
layer3.0.conv3.weight,132,layer3.0.conv3.weight_ch132,1.9112719297409058
layer4.0.conv3.weight,1081,layer4.0.conv3.weight_ch1081,1.9111511707305908
layer2.3.conv2.weight,13,layer2.3.conv2.weight_ch13,1.908124327659607
layer4.1.conv1.weight,62,layer4.1.conv1.weight_ch62,1.9077270030975342
layer4.0.conv3.weight,989,layer4.0.conv3.weight_ch989,1.9076018333435059
layer3.0.conv2.weight,185,layer3.0.conv2.weight_ch185,1.9070534706115723
layer4.0.conv3.weight,326,layer4.0.conv3.weight_ch326,1.904834270477295
layer3.0.conv3.weight,167,layer3.0.conv3.weight_ch167,1.9042471647262573
layer3.1.conv3.weight,280,layer3.1.conv3.weight_ch280,1.9039766788482666
layer3.5.conv3.weight,517,layer3.5.conv3.weight_ch517,1.9034252166748047
layer3.0.conv3.weight,600,layer3.0.conv3.weight_ch600,1.903011441230774
layer4.0.conv3.weight,581,layer4.0.conv3.weight_ch581,1.9026561975479126
layer3.3.conv3.weight,483,layer3.3.conv3.weight_ch483,1.9025589227676392
layer3.0.conv2.weight,248,layer3.0.conv2.weight_ch248,1.9024348258972168
layer3.3.conv3.weight,564,layer3.3.conv3.weight_ch564,1.9020106792449951
layer3.5.conv3.weight,693,layer3.5.conv3.weight_ch693,1.901815414428711
layer3.3.conv3.weight,612,layer3.3.conv3.weight_ch612,1.9015262126922607
layer3.0.conv2.weight,210,layer3.0.conv2.weight_ch210,1.9010825157165527
layer3.1.conv3.weight,237,layer3.1.conv3.weight_ch237,1.9000332355499268
layer3.2.conv1.weight,0,layer3.2.conv1.weight_ch0,1.899877667427063
layer4.1.conv1.weight,176,layer4.1.conv1.weight_ch176,1.899009108543396
layer4.0.conv3.weight,548,layer4.0.conv3.weight_ch548,1.8988652229309082
layer4.0.conv3.weight,407,layer4.0.conv3.weight_ch407,1.8986454010009766
layer4.0.conv3.weight,1455,layer4.0.conv3.weight_ch1455,1.8977131843566895
layer4.0.conv3.weight,646,layer4.0.conv3.weight_ch646,1.8966865539550781
layer4.0.conv3.weight,119,layer4.0.conv3.weight_ch119,1.8963000774383545
layer3.0.conv2.weight,17,layer3.0.conv2.weight_ch17,1.8959397077560425
layer3.1.conv3.weight,451,layer3.1.conv3.weight_ch451,1.895508050918579
layer3.5.conv3.weight,676,layer3.5.conv3.weight_ch676,1.8952703475952148
layer3.1.conv3.weight,17,layer3.1.conv3.weight_ch17,1.8951772451400757
layer3.5.conv3.weight,755,layer3.5.conv3.weight_ch755,1.8948123455047607
layer4.0.conv3.weight,122,layer4.0.conv3.weight_ch122,1.8947973251342773
layer4.0.conv3.weight,302,layer4.0.conv3.weight_ch302,1.894676923751831
layer4.0.conv3.weight,640,layer4.0.conv3.weight_ch640,1.8945362567901611
layer3.3.conv3.weight,241,layer3.3.conv3.weight_ch241,1.894120216369629
layer3.2.conv3.weight,886,layer3.2.conv3.weight_ch886,1.8937463760375977
layer4.0.conv3.weight,440,layer4.0.conv3.weight_ch440,1.8936121463775635
layer2.1.conv3.weight,329,layer2.1.conv3.weight_ch329,1.8934634923934937
layer4.0.conv3.weight,1878,layer4.0.conv3.weight_ch1878,1.8934125900268555
layer3.2.conv3.weight,773,layer3.2.conv3.weight_ch773,1.8933206796646118
layer4.1.conv1.weight,405,layer4.1.conv1.weight_ch405,1.8932313919067383
layer3.0.conv2.weight,228,layer3.0.conv2.weight_ch228,1.8931503295898438
layer3.2.conv3.weight,115,layer3.2.conv3.weight_ch115,1.8931468725204468
layer4.1.conv1.weight,411,layer4.1.conv1.weight_ch411,1.8928428888320923
layer3.0.conv3.weight,225,layer3.0.conv3.weight_ch225,1.8927009105682373
layer3.2.conv3.weight,207,layer3.2.conv3.weight_ch207,1.8922104835510254
layer3.3.conv3.weight,537,layer3.3.conv3.weight_ch537,1.8921823501586914
layer3.1.conv3.weight,873,layer3.1.conv3.weight_ch873,1.8915536403656006
layer3.3.conv3.weight,822,layer3.3.conv3.weight_ch822,1.890684962272644
layer3.5.conv3.weight,294,layer3.5.conv3.weight_ch294,1.8906481266021729
layer3.2.conv2.weight,57,layer3.2.conv2.weight_ch57,1.890360951423645
layer4.0.conv3.weight,816,layer4.0.conv3.weight_ch816,1.8903439044952393
layer3.0.conv3.weight,153,layer3.0.conv3.weight_ch153,1.8900712728500366
layer3.1.conv3.weight,922,layer3.1.conv3.weight_ch922,1.8899617195129395
layer3.1.conv3.weight,640,layer3.1.conv3.weight_ch640,1.8896563053131104
layer3.2.conv3.weight,406,layer3.2.conv3.weight_ch406,1.88954758644104
layer3.2.conv3.weight,957,layer3.2.conv3.weight_ch957,1.8893544673919678
layer4.1.conv1.weight,97,layer4.1.conv1.weight_ch97,1.8891019821166992
layer3.0.conv3.weight,810,layer3.0.conv3.weight_ch810,1.8889617919921875
layer4.1.conv1.weight,173,layer4.1.conv1.weight_ch173,1.8878352642059326
layer3.2.conv1.weight,72,layer3.2.conv1.weight_ch72,1.8873826265335083
layer3.0.conv3.weight,46,layer3.0.conv3.weight_ch46,1.8871155977249146
layer4.0.conv3.weight,230,layer4.0.conv3.weight_ch230,1.8867886066436768
layer3.0.conv3.weight,126,layer3.0.conv3.weight_ch126,1.8864415884017944
layer3.2.conv3.weight,544,layer3.2.conv3.weight_ch544,1.8863797187805176
layer4.0.conv3.weight,589,layer4.0.conv3.weight_ch589,1.885917067527771
layer1.2.conv3.weight,59,layer1.2.conv3.weight_ch59,1.8859132528305054
layer3.0.conv3.weight,118,layer3.0.conv3.weight_ch118,1.8857841491699219
layer2.3.conv2.weight,22,layer2.3.conv2.weight_ch22,1.885516881942749
layer3.5.conv3.weight,156,layer3.5.conv3.weight_ch156,1.8854124546051025
layer3.2.conv1.weight,43,layer3.2.conv1.weight_ch43,1.8833558559417725
layer3.3.conv3.weight,54,layer3.3.conv3.weight_ch54,1.8833214044570923
layer4.1.conv1.weight,235,layer4.1.conv1.weight_ch235,1.8824357986450195
layer3.1.conv3.weight,247,layer3.1.conv3.weight_ch247,1.8822131156921387
layer3.5.conv3.weight,911,layer3.5.conv3.weight_ch911,1.8815735578536987
layer4.1.conv1.weight,153,layer4.1.conv1.weight_ch153,1.8815679550170898
layer3.5.conv3.weight,498,layer3.5.conv3.weight_ch498,1.8814914226531982
layer2.1.conv3.weight,304,layer2.1.conv3.weight_ch304,1.8809418678283691
layer3.1.conv3.weight,70,layer3.1.conv3.weight_ch70,1.880751609802246
layer4.0.conv3.weight,804,layer4.0.conv3.weight_ch804,1.8805012702941895
layer3.1.conv3.weight,813,layer3.1.conv3.weight_ch813,1.8801175355911255
layer3.1.conv3.weight,943,layer3.1.conv3.weight_ch943,1.879218339920044
layer3.0.conv3.weight,1009,layer3.0.conv3.weight_ch1009,1.878893494606018
layer4.0.conv3.weight,1818,layer4.0.conv3.weight_ch1818,1.878846287727356
layer4.1.conv1.weight,290,layer4.1.conv1.weight_ch290,1.8786206245422363
layer4.0.conv3.weight,891,layer4.0.conv3.weight_ch891,1.8783800601959229
layer3.1.conv3.weight,58,layer3.1.conv3.weight_ch58,1.8783369064331055
layer4.1.conv1.weight,214,layer4.1.conv1.weight_ch214,1.8779243230819702
layer4.1.conv1.weight,108,layer4.1.conv1.weight_ch108,1.8775510787963867
layer3.0.conv3.weight,921,layer3.0.conv3.weight_ch921,1.877445101737976
layer3.0.conv2.weight,149,layer3.0.conv2.weight_ch149,1.8772695064544678
layer4.0.conv3.weight,1197,layer4.0.conv3.weight_ch1197,1.8771650791168213
layer4.0.conv3.weight,1785,layer4.0.conv3.weight_ch1785,1.8771358728408813
layer4.1.conv1.weight,494,layer4.1.conv1.weight_ch494,1.877096176147461
layer3.5.conv3.weight,1010,layer3.5.conv3.weight_ch1010,1.876941204071045
layer3.2.conv3.weight,797,layer3.2.conv3.weight_ch797,1.87679922580719
layer3.2.conv3.weight,922,layer3.2.conv3.weight_ch922,1.8767104148864746
layer4.0.conv3.weight,1163,layer4.0.conv3.weight_ch1163,1.876469612121582
layer3.3.conv3.weight,704,layer3.3.conv3.weight_ch704,1.8760496377944946
layer4.0.conv3.weight,788,layer4.0.conv3.weight_ch788,1.8759533166885376
layer3.5.conv3.weight,381,layer3.5.conv3.weight_ch381,1.8755607604980469
layer4.0.conv3.weight,744,layer4.0.conv3.weight_ch744,1.8755292892456055
layer4.0.conv3.weight,885,layer4.0.conv3.weight_ch885,1.8752708435058594
layer3.0.conv3.weight,34,layer3.0.conv3.weight_ch34,1.8751888275146484
layer4.1.conv1.weight,319,layer4.1.conv1.weight_ch319,1.8751074075698853
layer4.0.conv3.weight,1839,layer4.0.conv3.weight_ch1839,1.8750202655792236
layer2.1.conv3.weight,177,layer2.1.conv3.weight_ch177,1.8749727010726929
layer4.0.conv3.weight,277,layer4.0.conv3.weight_ch277,1.8749300241470337
layer3.0.conv2.weight,42,layer3.0.conv2.weight_ch42,1.8748793601989746
layer4.0.conv3.weight,852,layer4.0.conv3.weight_ch852,1.874828577041626
layer2.1.conv3.weight,13,layer2.1.conv3.weight_ch13,1.874671220779419
layer3.3.conv3.weight,702,layer3.3.conv3.weight_ch702,1.8743423223495483
layer3.1.conv3.weight,715,layer3.1.conv3.weight_ch715,1.8737537860870361
layer3.5.conv3.weight,959,layer3.5.conv3.weight_ch959,1.8736889362335205
layer3.0.conv2.weight,241,layer3.0.conv2.weight_ch241,1.8736621141433716
layer3.1.conv3.weight,489,layer3.1.conv3.weight_ch489,1.8731096982955933
layer3.0.conv3.weight,972,layer3.0.conv3.weight_ch972,1.872514009475708
layer3.2.conv3.weight,951,layer3.2.conv3.weight_ch951,1.8724414110183716
layer2.0.conv2.weight,81,layer2.0.conv2.weight_ch81,1.8715877532958984
layer4.0.conv3.weight,1542,layer4.0.conv3.weight_ch1542,1.8705925941467285
layer3.5.conv3.weight,509,layer3.5.conv3.weight_ch509,1.8703117370605469
layer3.1.conv3.weight,584,layer3.1.conv3.weight_ch584,1.8701646327972412
layer3.0.conv2.weight,126,layer3.0.conv2.weight_ch126,1.870038390159607
layer3.0.conv3.weight,561,layer3.0.conv3.weight_ch561,1.8699462413787842
layer3.1.conv3.weight,776,layer3.1.conv3.weight_ch776,1.8695859909057617
layer4.0.conv3.weight,155,layer4.0.conv3.weight_ch155,1.8694400787353516
layer3.2.conv3.weight,718,layer3.2.conv3.weight_ch718,1.8691850900650024
layer3.1.conv3.weight,728,layer3.1.conv3.weight_ch728,1.868607521057129
layer3.1.conv3.weight,937,layer3.1.conv3.weight_ch937,1.8682007789611816
layer4.0.conv3.weight,250,layer4.0.conv3.weight_ch250,1.867443323135376
layer3.3.conv3.weight,440,layer3.3.conv3.weight_ch440,1.8673298358917236
layer3.3.conv3.weight,556,layer3.3.conv3.weight_ch556,1.867072343826294
layer2.1.conv3.weight,163,layer2.1.conv3.weight_ch163,1.8666967153549194
layer3.1.conv3.weight,298,layer3.1.conv3.weight_ch298,1.8666001558303833
layer3.1.conv3.weight,821,layer3.1.conv3.weight_ch821,1.8665575981140137
layer4.1.conv1.weight,219,layer4.1.conv1.weight_ch219,1.8662774562835693
layer3.1.conv3.weight,482,layer3.1.conv3.weight_ch482,1.865679383277893
layer4.1.conv1.weight,472,layer4.1.conv1.weight_ch472,1.8656164407730103
layer2.1.conv3.weight,492,layer2.1.conv3.weight_ch492,1.8654054403305054
layer2.0.conv2.weight,46,layer2.0.conv2.weight_ch46,1.864341139793396
layer3.5.conv3.weight,999,layer3.5.conv3.weight_ch999,1.8641046285629272
layer3.5.conv3.weight,506,layer3.5.conv3.weight_ch506,1.864096760749817
layer3.2.conv3.weight,323,layer3.2.conv3.weight_ch323,1.864012598991394
layer4.1.conv1.weight,339,layer4.1.conv1.weight_ch339,1.863971471786499
layer3.0.conv2.weight,195,layer3.0.conv2.weight_ch195,1.8639076948165894
layer2.1.conv3.weight,357,layer2.1.conv3.weight_ch357,1.8636963367462158
layer3.1.conv3.weight,932,layer3.1.conv3.weight_ch932,1.8635562658309937
layer3.2.conv3.weight,593,layer3.2.conv3.weight_ch593,1.8633975982666016
layer3.0.conv2.weight,246,layer3.0.conv2.weight_ch246,1.863038182258606
layer3.0.conv2.weight,59,layer3.0.conv2.weight_ch59,1.862555980682373
layer3.2.conv3.weight,382,layer3.2.conv3.weight_ch382,1.8625192642211914
layer3.2.conv1.weight,159,layer3.2.conv1.weight_ch159,1.8623803853988647
layer3.2.conv2.weight,205,layer3.2.conv2.weight_ch205,1.8621360063552856
layer4.0.conv3.weight,231,layer4.0.conv3.weight_ch231,1.8619154691696167
layer3.3.conv3.weight,832,layer3.3.conv3.weight_ch832,1.861600637435913
layer4.0.conv3.weight,74,layer4.0.conv3.weight_ch74,1.861043095588684
layer3.3.conv3.weight,136,layer3.3.conv3.weight_ch136,1.8610423803329468
layer3.3.conv3.weight,882,layer3.3.conv3.weight_ch882,1.860563039779663
layer3.0.conv2.weight,151,layer3.0.conv2.weight_ch151,1.8602964878082275
layer3.3.conv3.weight,802,layer3.3.conv3.weight_ch802,1.8601845502853394
layer3.3.conv3.weight,751,layer3.3.conv3.weight_ch751,1.8601102828979492
layer4.0.conv3.weight,198,layer4.0.conv3.weight_ch198,1.8590811491012573
layer4.1.conv1.weight,279,layer4.1.conv1.weight_ch279,1.858673334121704
layer4.0.conv3.weight,1759,layer4.0.conv3.weight_ch1759,1.8574917316436768
layer3.2.conv1.weight,101,layer3.2.conv1.weight_ch101,1.857012391090393
layer2.1.conv3.weight,128,layer2.1.conv3.weight_ch128,1.8565495014190674
layer3.0.conv3.weight,48,layer3.0.conv3.weight_ch48,1.8564568758010864
layer4.0.conv3.weight,519,layer4.0.conv3.weight_ch519,1.8564453125
layer3.0.conv3.weight,662,layer3.0.conv3.weight_ch662,1.8562802076339722
layer4.0.conv3.weight,1220,layer4.0.conv3.weight_ch1220,1.8560134172439575
layer3.0.conv3.weight,748,layer3.0.conv3.weight_ch748,1.855555534362793
layer4.0.conv3.weight,1559,layer4.0.conv3.weight_ch1559,1.8552573919296265
layer3.1.conv3.weight,549,layer3.1.conv3.weight_ch549,1.8547255992889404
layer3.0.conv3.weight,459,layer3.0.conv3.weight_ch459,1.8544509410858154
layer4.0.conv3.weight,1233,layer4.0.conv3.weight_ch1233,1.8542791604995728
layer3.1.conv3.weight,233,layer3.1.conv3.weight_ch233,1.8540383577346802
layer3.2.conv3.weight,846,layer3.2.conv3.weight_ch846,1.8536202907562256
layer3.3.conv3.weight,339,layer3.3.conv3.weight_ch339,1.8522117137908936
layer4.0.conv3.weight,406,layer4.0.conv3.weight_ch406,1.8521411418914795
layer3.0.conv3.weight,1001,layer3.0.conv3.weight_ch1001,1.8521406650543213
layer3.3.conv3.weight,49,layer3.3.conv3.weight_ch49,1.8515617847442627
layer2.1.conv3.weight,327,layer2.1.conv3.weight_ch327,1.8513140678405762
layer3.0.conv3.weight,174,layer3.0.conv3.weight_ch174,1.8511784076690674
layer3.1.conv3.weight,51,layer3.1.conv3.weight_ch51,1.85086190700531
layer4.0.conv3.weight,796,layer4.0.conv3.weight_ch796,1.8508156538009644
layer3.0.conv3.weight,532,layer3.0.conv3.weight_ch532,1.849941611289978
layer4.1.conv1.weight,479,layer4.1.conv1.weight_ch479,1.8499109745025635
layer4.1.conv1.weight,497,layer4.1.conv1.weight_ch497,1.8491476774215698
layer3.2.conv3.weight,811,layer3.2.conv3.weight_ch811,1.848608374595642
layer3.0.conv2.weight,139,layer3.0.conv2.weight_ch139,1.848602056503296
layer3.0.conv3.weight,538,layer3.0.conv3.weight_ch538,1.8481509685516357
layer1.2.conv3.weight,205,layer1.2.conv3.weight_ch205,1.8480288982391357
layer3.5.conv3.weight,369,layer3.5.conv3.weight_ch369,1.847763180732727
layer4.0.conv3.weight,1799,layer4.0.conv3.weight_ch1799,1.8477537631988525
layer3.3.conv3.weight,769,layer3.3.conv3.weight_ch769,1.8476468324661255
layer3.0.conv3.weight,3,layer3.0.conv3.weight_ch3,1.8475379943847656
layer4.0.conv3.weight,520,layer4.0.conv3.weight_ch520,1.847130298614502
layer3.0.conv3.weight,218,layer3.0.conv3.weight_ch218,1.8462891578674316
layer3.1.conv3.weight,289,layer3.1.conv3.weight_ch289,1.846279263496399
layer4.0.conv3.weight,1364,layer4.0.conv3.weight_ch1364,1.8462789058685303
layer3.1.conv3.weight,363,layer3.1.conv3.weight_ch363,1.8457274436950684
layer4.0.conv3.weight,1850,layer4.0.conv3.weight_ch1850,1.8457176685333252
layer3.3.conv3.weight,335,layer3.3.conv3.weight_ch335,1.8452458381652832
layer3.1.conv3.weight,981,layer3.1.conv3.weight_ch981,1.8450911045074463
layer4.0.conv3.weight,1827,layer4.0.conv3.weight_ch1827,1.8449279069900513
layer3.3.conv3.weight,43,layer3.3.conv3.weight_ch43,1.8447879552841187
layer3.0.conv3.weight,581,layer3.0.conv3.weight_ch581,1.843799114227295
layer3.1.conv3.weight,985,layer3.1.conv3.weight_ch985,1.8437848091125488
layer3.2.conv3.weight,612,layer3.2.conv3.weight_ch612,1.8432283401489258
layer4.1.conv1.weight,293,layer4.1.conv1.weight_ch293,1.843118667602539
layer3.2.conv3.weight,14,layer3.2.conv3.weight_ch14,1.8430349826812744
layer4.1.conv1.weight,191,layer4.1.conv1.weight_ch191,1.8428977727890015
layer3.1.conv3.weight,910,layer3.1.conv3.weight_ch910,1.8425407409667969
layer3.0.conv3.weight,58,layer3.0.conv3.weight_ch58,1.8424794673919678
layer3.1.conv3.weight,535,layer3.1.conv3.weight_ch535,1.8424371480941772
layer3.0.conv3.weight,468,layer3.0.conv3.weight_ch468,1.8416131734848022
layer4.0.conv3.weight,3,layer4.0.conv3.weight_ch3,1.8415552377700806
layer3.1.conv3.weight,864,layer3.1.conv3.weight_ch864,1.8413903713226318
layer3.1.conv3.weight,191,layer3.1.conv3.weight_ch191,1.8412888050079346
layer3.2.conv3.weight,35,layer3.2.conv3.weight_ch35,1.8408185243606567
layer4.0.conv3.weight,1607,layer4.0.conv3.weight_ch1607,1.840022325515747
layer3.3.conv3.weight,276,layer3.3.conv3.weight_ch276,1.8397048711776733
layer4.1.conv1.weight,52,layer4.1.conv1.weight_ch52,1.839164137840271
layer3.2.conv1.weight,170,layer3.2.conv1.weight_ch170,1.8390202522277832
layer3.3.conv3.weight,784,layer3.3.conv3.weight_ch784,1.8386608362197876
layer3.2.conv1.weight,50,layer3.2.conv1.weight_ch50,1.8386083841323853
layer3.2.conv2.weight,79,layer3.2.conv2.weight_ch79,1.8386054039001465
layer3.1.conv3.weight,815,layer3.1.conv3.weight_ch815,1.8384935855865479
layer3.1.conv3.weight,309,layer3.1.conv3.weight_ch309,1.8381540775299072
layer4.0.conv3.weight,1617,layer4.0.conv3.weight_ch1617,1.8375097513198853
layer3.2.conv3.weight,994,layer3.2.conv3.weight_ch994,1.8375052213668823
layer2.0.conv2.weight,68,layer2.0.conv2.weight_ch68,1.8373724222183228
layer4.0.conv3.weight,1654,layer4.0.conv3.weight_ch1654,1.837169885635376
layer3.1.conv3.weight,972,layer3.1.conv3.weight_ch972,1.8369572162628174
layer3.3.conv3.weight,94,layer3.3.conv3.weight_ch94,1.8367993831634521
layer3.2.conv3.weight,505,layer3.2.conv3.weight_ch505,1.8366127014160156
layer4.0.conv3.weight,76,layer4.0.conv3.weight_ch76,1.836484432220459
layer3.3.conv3.weight,480,layer3.3.conv3.weight_ch480,1.8363051414489746
layer3.2.conv3.weight,19,layer3.2.conv3.weight_ch19,1.8360495567321777
layer4.0.conv3.weight,1750,layer4.0.conv3.weight_ch1750,1.8359899520874023
layer4.1.conv1.weight,344,layer4.1.conv1.weight_ch344,1.8359209299087524
layer4.0.conv3.weight,777,layer4.0.conv3.weight_ch777,1.8356068134307861
layer3.0.conv3.weight,52,layer3.0.conv3.weight_ch52,1.8352233171463013
layer3.3.conv3.weight,851,layer3.3.conv3.weight_ch851,1.8350207805633545
layer4.0.conv3.weight,1700,layer4.0.conv3.weight_ch1700,1.8342565298080444
layer4.1.conv1.weight,73,layer4.1.conv1.weight_ch73,1.8339872360229492
layer4.0.conv3.weight,1150,layer4.0.conv3.weight_ch1150,1.8334300518035889
layer4.1.conv1.weight,498,layer4.1.conv1.weight_ch498,1.8334195613861084
layer4.1.conv1.weight,504,layer4.1.conv1.weight_ch504,1.8333433866500854
layer3.0.conv2.weight,122,layer3.0.conv2.weight_ch122,1.8325263261795044
layer3.3.conv3.weight,582,layer3.3.conv3.weight_ch582,1.832098364830017
layer4.1.conv1.weight,65,layer4.1.conv1.weight_ch65,1.831843376159668
layer2.1.conv3.weight,339,layer2.1.conv3.weight_ch339,1.8318417072296143
layer4.0.conv3.weight,517,layer4.0.conv3.weight_ch517,1.8317840099334717
layer3.2.conv1.weight,192,layer3.2.conv1.weight_ch192,1.8316854238510132
layer4.0.conv3.weight,1725,layer4.0.conv3.weight_ch1725,1.8315112590789795
layer3.2.conv3.weight,99,layer3.2.conv3.weight_ch99,1.830314040184021
layer3.3.conv3.weight,708,layer3.3.conv3.weight_ch708,1.829155445098877
layer4.0.conv3.weight,616,layer4.0.conv3.weight_ch616,1.8283789157867432
layer2.1.conv3.weight,210,layer2.1.conv3.weight_ch210,1.8281900882720947
layer3.0.conv3.weight,666,layer3.0.conv3.weight_ch666,1.827904224395752
layer4.1.conv1.weight,502,layer4.1.conv1.weight_ch502,1.8277910947799683
layer3.5.conv3.weight,257,layer3.5.conv3.weight_ch257,1.8277380466461182
layer3.2.conv3.weight,218,layer3.2.conv3.weight_ch218,1.8275715112686157
layer3.5.conv3.weight,714,layer3.5.conv3.weight_ch714,1.8273742198944092
layer3.0.conv3.weight,257,layer3.0.conv3.weight_ch257,1.8271291255950928
layer4.0.conv3.weight,1125,layer4.0.conv3.weight_ch1125,1.8270981311798096
layer1.2.conv3.weight,194,layer1.2.conv3.weight_ch194,1.8270176649093628
layer4.0.conv3.weight,454,layer4.0.conv3.weight_ch454,1.8269606828689575
layer1.2.conv3.weight,170,layer1.2.conv3.weight_ch170,1.8269381523132324
layer3.2.conv3.weight,429,layer3.2.conv3.weight_ch429,1.8263986110687256
layer4.0.conv3.weight,1305,layer4.0.conv3.weight_ch1305,1.8259299993515015
layer3.5.conv3.weight,928,layer3.5.conv3.weight_ch928,1.8257211446762085
layer4.0.conv3.weight,629,layer4.0.conv3.weight_ch629,1.8256487846374512
layer3.0.conv2.weight,45,layer3.0.conv2.weight_ch45,1.8251997232437134
layer3.2.conv3.weight,53,layer3.2.conv3.weight_ch53,1.8250653743743896
layer4.0.conv3.weight,1618,layer4.0.conv3.weight_ch1618,1.8248978853225708
layer4.0.conv3.weight,1790,layer4.0.conv3.weight_ch1790,1.8243598937988281
layer4.1.conv1.weight,54,layer4.1.conv1.weight_ch54,1.8242316246032715
layer2.1.conv3.weight,485,layer2.1.conv3.weight_ch485,1.8234961032867432
layer2.1.conv3.weight,322,layer2.1.conv3.weight_ch322,1.8230494260787964
layer3.2.conv3.weight,278,layer3.2.conv3.weight_ch278,1.822930097579956
layer2.0.conv2.weight,108,layer2.0.conv2.weight_ch108,1.822924256324768
layer3.3.conv3.weight,803,layer3.3.conv3.weight_ch803,1.8228734731674194
layer3.5.conv3.weight,697,layer3.5.conv3.weight_ch697,1.8225324153900146
layer3.1.conv3.weight,414,layer3.1.conv3.weight_ch414,1.8223779201507568
layer3.1.conv3.weight,142,layer3.1.conv3.weight_ch142,1.8221821784973145
layer3.2.conv3.weight,749,layer3.2.conv3.weight_ch749,1.8219729661941528
layer3.2.conv2.weight,50,layer3.2.conv2.weight_ch50,1.8212532997131348
layer4.0.conv3.weight,1331,layer4.0.conv3.weight_ch1331,1.8207004070281982
layer3.2.conv2.weight,107,layer3.2.conv2.weight_ch107,1.8203635215759277
layer4.0.conv3.weight,483,layer4.0.conv3.weight_ch483,1.8200801610946655
layer3.2.conv3.weight,498,layer3.2.conv3.weight_ch498,1.8200483322143555
layer4.0.conv3.weight,529,layer4.0.conv3.weight_ch529,1.8196728229522705
layer4.0.conv3.weight,1953,layer4.0.conv3.weight_ch1953,1.8192992210388184
layer4.1.conv1.weight,171,layer4.1.conv1.weight_ch171,1.8191807270050049
layer4.1.conv1.weight,340,layer4.1.conv1.weight_ch340,1.8190375566482544
layer4.0.conv3.weight,1835,layer4.0.conv3.weight_ch1835,1.8188624382019043
layer3.3.conv3.weight,506,layer3.3.conv3.weight_ch506,1.8187981843948364
layer3.3.conv3.weight,623,layer3.3.conv3.weight_ch623,1.8184571266174316
layer3.1.conv3.weight,977,layer3.1.conv3.weight_ch977,1.8178519010543823
layer3.2.conv2.weight,69,layer3.2.conv2.weight_ch69,1.8178458213806152
layer2.1.conv3.weight,21,layer2.1.conv3.weight_ch21,1.8177281618118286
layer4.0.conv3.weight,138,layer4.0.conv3.weight_ch138,1.8174912929534912
layer4.1.conv1.weight,70,layer4.1.conv1.weight_ch70,1.8172789812088013
layer4.1.conv1.weight,334,layer4.1.conv1.weight_ch334,1.817018985748291
layer4.0.conv3.weight,632,layer4.0.conv3.weight_ch632,1.816514492034912
layer4.0.conv3.weight,1441,layer4.0.conv3.weight_ch1441,1.8162031173706055
layer3.3.conv3.weight,953,layer3.3.conv3.weight_ch953,1.8153756856918335
layer3.2.conv3.weight,13,layer3.2.conv3.weight_ch13,1.815180778503418
layer2.1.conv3.weight,137,layer2.1.conv3.weight_ch137,1.815080165863037
layer4.0.conv3.weight,1900,layer4.0.conv3.weight_ch1900,1.8147658109664917
layer4.1.conv1.weight,152,layer4.1.conv1.weight_ch152,1.8134090900421143
layer3.0.conv3.weight,196,layer3.0.conv3.weight_ch196,1.8132083415985107
layer2.3.conv2.weight,78,layer2.3.conv2.weight_ch78,1.8128280639648438
layer3.0.conv3.weight,808,layer3.0.conv3.weight_ch808,1.8127555847167969
layer4.0.conv3.weight,1881,layer4.0.conv3.weight_ch1881,1.8124513626098633
layer4.0.conv3.weight,1957,layer4.0.conv3.weight_ch1957,1.8115754127502441
layer3.5.conv3.weight,933,layer3.5.conv3.weight_ch933,1.8115626573562622
layer2.1.conv3.weight,474,layer2.1.conv3.weight_ch474,1.811439037322998
layer1.2.conv3.weight,151,layer1.2.conv3.weight_ch151,1.8109670877456665
layer3.3.conv3.weight,1003,layer3.3.conv3.weight_ch1003,1.810717225074768
layer4.1.conv1.weight,263,layer4.1.conv1.weight_ch263,1.8106046915054321
layer3.0.conv3.weight,475,layer3.0.conv3.weight_ch475,1.8098154067993164
layer4.0.conv3.weight,862,layer4.0.conv3.weight_ch862,1.8096256256103516
layer3.2.conv2.weight,38,layer3.2.conv2.weight_ch38,1.8094596862792969
layer3.1.conv3.weight,651,layer3.1.conv3.weight_ch651,1.8090356588363647
layer3.2.conv2.weight,174,layer3.2.conv2.weight_ch174,1.8084710836410522
layer4.1.conv1.weight,462,layer4.1.conv1.weight_ch462,1.807412028312683
layer3.1.conv3.weight,419,layer3.1.conv3.weight_ch419,1.8073350191116333
layer4.0.conv3.weight,261,layer4.0.conv3.weight_ch261,1.807294249534607
layer3.1.conv3.weight,705,layer3.1.conv3.weight_ch705,1.8072925806045532
layer3.0.conv3.weight,701,layer3.0.conv3.weight_ch701,1.807255744934082
layer3.1.conv3.weight,4,layer3.1.conv3.weight_ch4,1.8062664270401
layer2.0.conv2.weight,24,layer2.0.conv2.weight_ch24,1.8062176704406738
layer4.0.conv3.weight,1001,layer4.0.conv3.weight_ch1001,1.8054934740066528
layer3.2.conv3.weight,594,layer3.2.conv3.weight_ch594,1.8048431873321533
layer2.1.conv3.weight,164,layer2.1.conv3.weight_ch164,1.8047784566879272
layer3.0.conv2.weight,162,layer3.0.conv2.weight_ch162,1.8047288656234741
layer3.0.conv3.weight,719,layer3.0.conv3.weight_ch719,1.8046847581863403
layer3.2.conv3.weight,934,layer3.2.conv3.weight_ch934,1.8044582605361938
layer3.0.conv3.weight,913,layer3.0.conv3.weight_ch913,1.804409146308899
layer3.1.conv3.weight,42,layer3.1.conv3.weight_ch42,1.8043856620788574
layer4.1.conv1.weight,338,layer4.1.conv1.weight_ch338,1.8043560981750488
layer4.1.conv1.weight,364,layer4.1.conv1.weight_ch364,1.8043444156646729
layer3.3.conv3.weight,318,layer3.3.conv3.weight_ch318,1.8042945861816406
layer4.0.conv3.weight,1642,layer4.0.conv3.weight_ch1642,1.804276466369629
layer3.2.conv3.weight,841,layer3.2.conv3.weight_ch841,1.8042442798614502
layer4.0.conv3.weight,2016,layer4.0.conv3.weight_ch2016,1.804139494895935
layer3.0.conv2.weight,21,layer3.0.conv2.weight_ch21,1.80380380153656
layer4.1.conv1.weight,445,layer4.1.conv1.weight_ch445,1.8033785820007324
layer3.3.conv3.weight,841,layer3.3.conv3.weight_ch841,1.8032259941101074
layer2.1.conv3.weight,50,layer2.1.conv3.weight_ch50,1.8030986785888672
layer3.0.conv3.weight,1019,layer3.0.conv3.weight_ch1019,1.8030190467834473
layer3.2.conv1.weight,14,layer3.2.conv1.weight_ch14,1.8029431104660034
layer3.2.conv3.weight,878,layer3.2.conv3.weight_ch878,1.8021223545074463
layer3.3.conv3.weight,362,layer3.3.conv3.weight_ch362,1.8016953468322754
layer3.2.conv1.weight,84,layer3.2.conv1.weight_ch84,1.8009507656097412
layer3.5.conv3.weight,530,layer3.5.conv3.weight_ch530,1.80073082447052
layer3.1.conv3.weight,778,layer3.1.conv3.weight_ch778,1.8001806735992432
layer3.5.conv3.weight,625,layer3.5.conv3.weight_ch625,1.7997444868087769
layer4.0.conv3.weight,1114,layer4.0.conv3.weight_ch1114,1.7993426322937012
layer3.3.conv3.weight,432,layer3.3.conv3.weight_ch432,1.7990620136260986
layer3.5.conv3.weight,27,layer3.5.conv3.weight_ch27,1.798751711845398
layer2.0.conv1.weight,5,layer2.0.conv1.weight_ch5,1.798730492591858
layer4.0.conv3.weight,337,layer4.0.conv3.weight_ch337,1.7983577251434326
layer4.0.conv3.weight,1533,layer4.0.conv3.weight_ch1533,1.798315167427063
layer3.2.conv3.weight,49,layer3.2.conv3.weight_ch49,1.7979233264923096
layer4.0.conv3.weight,870,layer4.0.conv3.weight_ch870,1.7979068756103516
layer3.0.conv2.weight,232,layer3.0.conv2.weight_ch232,1.7978025674819946
layer4.0.conv3.weight,366,layer4.0.conv3.weight_ch366,1.7973088026046753
layer3.3.conv3.weight,976,layer3.3.conv3.weight_ch976,1.7971012592315674
layer3.2.conv2.weight,23,layer3.2.conv2.weight_ch23,1.7970720529556274
layer3.0.conv2.weight,179,layer3.0.conv2.weight_ch179,1.7969619035720825
layer3.0.conv3.weight,998,layer3.0.conv3.weight_ch998,1.7961174249649048
layer4.0.conv3.weight,1982,layer4.0.conv3.weight_ch1982,1.7960753440856934
layer4.0.conv3.weight,1003,layer4.0.conv3.weight_ch1003,1.7959955930709839
layer4.0.conv3.weight,2047,layer4.0.conv3.weight_ch2047,1.79550039768219
layer3.0.conv3.weight,447,layer3.0.conv3.weight_ch447,1.7952840328216553
layer4.1.conv1.weight,266,layer4.1.conv1.weight_ch266,1.7951953411102295
layer3.0.conv3.weight,449,layer3.0.conv3.weight_ch449,1.795116662979126
layer4.0.conv3.weight,1945,layer4.0.conv3.weight_ch1945,1.7949782609939575
layer4.0.conv3.weight,218,layer4.0.conv3.weight_ch218,1.7947728633880615
layer3.0.conv3.weight,945,layer3.0.conv3.weight_ch945,1.7946487665176392
layer4.0.conv3.weight,1573,layer4.0.conv3.weight_ch1573,1.7946195602416992
layer3.5.conv3.weight,916,layer3.5.conv3.weight_ch916,1.7946171760559082
layer3.3.conv3.weight,761,layer3.3.conv3.weight_ch761,1.7944830656051636
layer4.0.conv3.weight,1351,layer4.0.conv3.weight_ch1351,1.7936729192733765
layer3.2.conv3.weight,785,layer3.2.conv3.weight_ch785,1.7935775518417358
layer4.1.conv1.weight,374,layer4.1.conv1.weight_ch374,1.7930772304534912
layer3.5.conv3.weight,889,layer3.5.conv3.weight_ch889,1.7926751375198364
layer3.1.conv3.weight,360,layer3.1.conv3.weight_ch360,1.7925403118133545
layer3.2.conv2.weight,161,layer3.2.conv2.weight_ch161,1.7918955087661743
layer4.0.conv3.weight,624,layer4.0.conv3.weight_ch624,1.7918310165405273
layer4.0.conv3.weight,347,layer4.0.conv3.weight_ch347,1.7917044162750244
layer4.0.conv3.weight,1384,layer4.0.conv3.weight_ch1384,1.7916051149368286
layer3.5.conv3.weight,779,layer3.5.conv3.weight_ch779,1.7910516262054443
layer3.2.conv3.weight,850,layer3.2.conv3.weight_ch850,1.7910501956939697
layer4.0.conv3.weight,859,layer4.0.conv3.weight_ch859,1.7904653549194336
layer3.1.conv3.weight,789,layer3.1.conv3.weight_ch789,1.7899802923202515
layer4.0.conv3.weight,602,layer4.0.conv3.weight_ch602,1.789780616760254
layer3.5.conv3.weight,735,layer3.5.conv3.weight_ch735,1.7896119356155396
layer3.0.conv2.weight,156,layer3.0.conv2.weight_ch156,1.7888922691345215
layer2.1.conv3.weight,454,layer2.1.conv3.weight_ch454,1.788771390914917
layer4.1.conv1.weight,27,layer4.1.conv1.weight_ch27,1.78872811794281
layer3.1.conv3.weight,764,layer3.1.conv3.weight_ch764,1.788645625114441
layer4.0.conv3.weight,214,layer4.0.conv3.weight_ch214,1.7886247634887695
layer3.3.conv3.weight,732,layer3.3.conv3.weight_ch732,1.7879998683929443
layer3.2.conv3.weight,698,layer3.2.conv3.weight_ch698,1.7879351377487183
layer3.2.conv3.weight,142,layer3.2.conv3.weight_ch142,1.7874608039855957
layer4.0.conv3.weight,332,layer4.0.conv3.weight_ch332,1.7871428728103638
layer4.1.conv1.weight,254,layer4.1.conv1.weight_ch254,1.7861664295196533
layer2.3.conv2.weight,65,layer2.3.conv2.weight_ch65,1.7859573364257812
layer3.0.conv2.weight,86,layer3.0.conv2.weight_ch86,1.7857050895690918
layer2.1.conv3.weight,427,layer2.1.conv3.weight_ch427,1.7852485179901123
layer4.1.conv1.weight,230,layer4.1.conv1.weight_ch230,1.7851678133010864
layer3.3.conv3.weight,867,layer3.3.conv3.weight_ch867,1.7849730253219604
layer3.2.conv3.weight,283,layer3.2.conv3.weight_ch283,1.784186840057373
layer4.0.conv3.weight,668,layer4.0.conv3.weight_ch668,1.783657431602478
layer4.0.conv3.weight,452,layer4.0.conv3.weight_ch452,1.7834018468856812
layer3.5.conv3.weight,665,layer3.5.conv3.weight_ch665,1.7828397750854492
layer4.0.conv3.weight,1049,layer4.0.conv3.weight_ch1049,1.7822964191436768
layer3.3.conv3.weight,674,layer3.3.conv3.weight_ch674,1.7813469171524048
layer3.0.conv2.weight,66,layer3.0.conv2.weight_ch66,1.7811325788497925
layer4.0.conv3.weight,1238,layer4.0.conv3.weight_ch1238,1.7809581756591797
layer3.2.conv3.weight,873,layer3.2.conv3.weight_ch873,1.7808905839920044
layer3.2.conv3.weight,574,layer3.2.conv3.weight_ch574,1.780543565750122
layer3.3.conv3.weight,373,layer3.3.conv3.weight_ch373,1.7802869081497192
layer3.3.conv3.weight,205,layer3.3.conv3.weight_ch205,1.7801979780197144
layer3.0.conv3.weight,527,layer3.0.conv3.weight_ch527,1.7800328731536865
layer4.0.conv3.weight,894,layer4.0.conv3.weight_ch894,1.7796523571014404
layer3.2.conv3.weight,982,layer3.2.conv3.weight_ch982,1.7794904708862305
layer3.2.conv3.weight,859,layer3.2.conv3.weight_ch859,1.779481291770935
layer4.0.conv3.weight,314,layer4.0.conv3.weight_ch314,1.77940034866333
layer4.0.conv3.weight,811,layer4.0.conv3.weight_ch811,1.7793364524841309
layer3.2.conv3.weight,565,layer3.2.conv3.weight_ch565,1.7789751291275024
layer3.5.conv3.weight,41,layer3.5.conv3.weight_ch41,1.7789180278778076
layer2.3.conv2.weight,77,layer2.3.conv2.weight_ch77,1.7787927389144897
layer3.3.conv3.weight,278,layer3.3.conv3.weight_ch278,1.7775826454162598
layer3.0.conv3.weight,448,layer3.0.conv3.weight_ch448,1.7775547504425049
layer3.0.conv2.weight,208,layer3.0.conv2.weight_ch208,1.7770302295684814
layer3.2.conv3.weight,230,layer3.2.conv3.weight_ch230,1.7768781185150146
layer4.1.conv1.weight,16,layer4.1.conv1.weight_ch16,1.7766138315200806
layer3.0.conv2.weight,219,layer3.0.conv2.weight_ch219,1.7765995264053345
layer3.5.conv3.weight,85,layer3.5.conv3.weight_ch85,1.7762796878814697
layer3.3.conv3.weight,988,layer3.3.conv3.weight_ch988,1.7755905389785767
layer3.0.conv2.weight,106,layer3.0.conv2.weight_ch106,1.7755271196365356
layer3.3.conv3.weight,540,layer3.3.conv3.weight_ch540,1.7752037048339844
layer2.1.conv3.weight,412,layer2.1.conv3.weight_ch412,1.774989128112793
layer4.0.conv3.weight,81,layer4.0.conv3.weight_ch81,1.7747306823730469
layer4.0.conv3.weight,1938,layer4.0.conv3.weight_ch1938,1.7745137214660645
layer3.0.conv3.weight,563,layer3.0.conv3.weight_ch563,1.774457335472107
layer3.2.conv2.weight,90,layer3.2.conv2.weight_ch90,1.7740898132324219
layer3.0.conv2.weight,92,layer3.0.conv2.weight_ch92,1.7736672163009644
layer3.0.conv3.weight,375,layer3.0.conv3.weight_ch375,1.7734906673431396
layer3.3.conv3.weight,164,layer3.3.conv3.weight_ch164,1.7731077671051025
layer4.0.conv3.weight,888,layer4.0.conv3.weight_ch888,1.772796869277954
layer1.2.conv3.weight,124,layer1.2.conv3.weight_ch124,1.7727426290512085
layer3.3.conv3.weight,262,layer3.3.conv3.weight_ch262,1.77207350730896
layer3.2.conv3.weight,292,layer3.2.conv3.weight_ch292,1.772043228149414
layer3.1.conv3.weight,165,layer3.1.conv3.weight_ch165,1.771821141242981
layer3.0.conv3.weight,675,layer3.0.conv3.weight_ch675,1.771124005317688
layer3.5.conv3.weight,22,layer3.5.conv3.weight_ch22,1.7699257135391235
layer3.3.conv3.weight,964,layer3.3.conv3.weight_ch964,1.7697089910507202
layer3.2.conv3.weight,944,layer3.2.conv3.weight_ch944,1.7696871757507324
layer3.2.conv2.weight,170,layer3.2.conv2.weight_ch170,1.7695120573043823
layer3.0.conv3.weight,281,layer3.0.conv3.weight_ch281,1.7690589427947998
layer3.3.conv3.weight,449,layer3.3.conv3.weight_ch449,1.7690054178237915
layer3.2.conv3.weight,882,layer3.2.conv3.weight_ch882,1.768852710723877
layer3.3.conv3.weight,24,layer3.3.conv3.weight_ch24,1.7686883211135864
layer2.1.conv3.weight,413,layer2.1.conv3.weight_ch413,1.7683796882629395
layer3.2.conv3.weight,150,layer3.2.conv3.weight_ch150,1.768308401107788
layer3.3.conv3.weight,1023,layer3.3.conv3.weight_ch1023,1.7677947282791138
layer3.3.conv3.weight,386,layer3.3.conv3.weight_ch386,1.7675200700759888
layer3.1.conv3.weight,439,layer3.1.conv3.weight_ch439,1.7674604654312134
layer2.1.conv3.weight,208,layer2.1.conv3.weight_ch208,1.767422080039978
layer4.1.conv1.weight,295,layer4.1.conv1.weight_ch295,1.7671077251434326
layer3.0.conv3.weight,709,layer3.0.conv3.weight_ch709,1.766841173171997
layer1.2.conv3.weight,156,layer1.2.conv3.weight_ch156,1.7667958736419678
layer3.1.conv3.weight,621,layer3.1.conv3.weight_ch621,1.7653334140777588
layer3.3.conv3.weight,578,layer3.3.conv3.weight_ch578,1.764931559562683
layer2.0.conv2.weight,55,layer2.0.conv2.weight_ch55,1.764050006866455
layer3.3.conv3.weight,331,layer3.3.conv3.weight_ch331,1.763523817062378
layer3.1.conv3.weight,616,layer3.1.conv3.weight_ch616,1.7634068727493286
layer3.3.conv3.weight,934,layer3.3.conv3.weight_ch934,1.763393759727478
layer3.2.conv3.weight,446,layer3.2.conv3.weight_ch446,1.762697696685791
layer3.2.conv3.weight,80,layer3.2.conv3.weight_ch80,1.7621978521347046
layer3.0.conv2.weight,138,layer3.0.conv2.weight_ch138,1.7610065937042236
layer4.0.conv3.weight,1044,layer4.0.conv3.weight_ch1044,1.7606369256973267
layer4.0.conv3.weight,878,layer4.0.conv3.weight_ch878,1.760509729385376
layer4.0.conv3.weight,673,layer4.0.conv3.weight_ch673,1.7604914903640747
layer3.3.conv3.weight,377,layer3.3.conv3.weight_ch377,1.760359287261963
layer3.5.conv3.weight,1019,layer3.5.conv3.weight_ch1019,1.7603325843811035
layer4.0.conv3.weight,1349,layer4.0.conv3.weight_ch1349,1.7600765228271484
layer3.0.conv3.weight,410,layer3.0.conv3.weight_ch410,1.7598137855529785
layer2.0.conv1.weight,112,layer2.0.conv1.weight_ch112,1.7594735622406006
layer4.0.conv3.weight,1978,layer4.0.conv3.weight_ch1978,1.7592926025390625
layer3.2.conv1.weight,128,layer3.2.conv1.weight_ch128,1.758982539176941
layer3.2.conv3.weight,877,layer3.2.conv3.weight_ch877,1.758953332901001
layer3.3.conv3.weight,637,layer3.3.conv3.weight_ch637,1.7585787773132324
layer2.0.conv2.weight,15,layer2.0.conv2.weight_ch15,1.758431077003479
layer3.3.conv3.weight,369,layer3.3.conv3.weight_ch369,1.7583467960357666
layer4.0.conv3.weight,1717,layer4.0.conv3.weight_ch1717,1.7582365274429321
layer4.0.conv3.weight,1388,layer4.0.conv3.weight_ch1388,1.758188009262085
layer4.0.conv3.weight,317,layer4.0.conv3.weight_ch317,1.7581119537353516
layer3.2.conv3.weight,165,layer3.2.conv3.weight_ch165,1.7580240964889526
layer3.2.conv3.weight,289,layer3.2.conv3.weight_ch289,1.7579237222671509
layer2.0.conv2.weight,97,layer2.0.conv2.weight_ch97,1.75779128074646
layer4.0.conv3.weight,1976,layer4.0.conv3.weight_ch1976,1.757773518562317
layer4.0.conv3.weight,12,layer4.0.conv3.weight_ch12,1.7575433254241943
layer4.0.conv3.weight,1622,layer4.0.conv3.weight_ch1622,1.7571053504943848
layer3.2.conv2.weight,209,layer3.2.conv2.weight_ch209,1.7567144632339478
layer3.2.conv1.weight,166,layer3.2.conv1.weight_ch166,1.7565217018127441
layer4.1.conv1.weight,19,layer4.1.conv1.weight_ch19,1.7562326192855835
layer3.1.conv3.weight,90,layer3.1.conv3.weight_ch90,1.755914330482483
layer3.3.conv3.weight,795,layer3.3.conv3.weight_ch795,1.7554097175598145
layer3.5.conv3.weight,937,layer3.5.conv3.weight_ch937,1.7551212310791016
layer3.2.conv3.weight,548,layer3.2.conv3.weight_ch548,1.7550798654556274
layer3.2.conv3.weight,419,layer3.2.conv3.weight_ch419,1.7550151348114014
layer3.1.conv3.weight,299,layer3.1.conv3.weight_ch299,1.754308819770813
layer3.0.conv3.weight,689,layer3.0.conv3.weight_ch689,1.7542105913162231
layer4.0.conv3.weight,1329,layer4.0.conv3.weight_ch1329,1.7541632652282715
layer3.0.conv3.weight,549,layer3.0.conv3.weight_ch549,1.754145860671997
layer3.1.conv3.weight,78,layer3.1.conv3.weight_ch78,1.7540957927703857
layer2.0.conv1.weight,119,layer2.0.conv1.weight_ch119,1.7538800239562988
layer4.0.conv3.weight,591,layer4.0.conv3.weight_ch591,1.753844141960144
layer3.0.conv2.weight,26,layer3.0.conv2.weight_ch26,1.7533828020095825
layer3.3.conv3.weight,391,layer3.3.conv3.weight_ch391,1.7532572746276855
layer3.2.conv3.weight,905,layer3.2.conv3.weight_ch905,1.7530736923217773
layer3.3.conv3.weight,982,layer3.3.conv3.weight_ch982,1.7529139518737793
layer3.2.conv3.weight,414,layer3.2.conv3.weight_ch414,1.752686619758606
layer3.3.conv3.weight,268,layer3.3.conv3.weight_ch268,1.7525954246520996
layer3.1.conv3.weight,387,layer3.1.conv3.weight_ch387,1.7523455619812012
layer3.0.conv2.weight,249,layer3.0.conv2.weight_ch249,1.752341866493225
layer4.0.conv3.weight,592,layer4.0.conv3.weight_ch592,1.751856803894043
layer4.0.conv3.weight,1046,layer4.0.conv3.weight_ch1046,1.7515361309051514
layer4.0.conv3.weight,1574,layer4.0.conv3.weight_ch1574,1.7511911392211914
layer3.2.conv1.weight,78,layer3.2.conv1.weight_ch78,1.7511217594146729
layer3.2.conv3.weight,227,layer3.2.conv3.weight_ch227,1.7510277032852173
layer4.1.conv1.weight,438,layer4.1.conv1.weight_ch438,1.751011848449707
layer3.0.conv2.weight,73,layer3.0.conv2.weight_ch73,1.7505282163619995
layer3.3.conv3.weight,349,layer3.3.conv3.weight_ch349,1.7505238056182861
layer4.0.conv3.weight,892,layer4.0.conv3.weight_ch892,1.7501733303070068
layer4.0.conv3.weight,618,layer4.0.conv3.weight_ch618,1.7499995231628418
layer3.2.conv3.weight,64,layer3.2.conv3.weight_ch64,1.7496769428253174
layer3.2.conv3.weight,705,layer3.2.conv3.weight_ch705,1.7496559619903564
layer4.1.conv1.weight,447,layer4.1.conv1.weight_ch447,1.7496247291564941
layer4.1.conv1.weight,147,layer4.1.conv1.weight_ch147,1.749550223350525
layer3.0.conv3.weight,551,layer3.0.conv3.weight_ch551,1.7494491338729858
layer2.0.conv2.weight,88,layer2.0.conv2.weight_ch88,1.7488408088684082
layer3.0.conv3.weight,325,layer3.0.conv3.weight_ch325,1.7486860752105713
layer3.0.conv3.weight,862,layer3.0.conv3.weight_ch862,1.7485451698303223
layer3.1.conv3.weight,594,layer3.1.conv3.weight_ch594,1.7481671571731567
layer3.1.conv3.weight,709,layer3.1.conv3.weight_ch709,1.7480634450912476
layer3.2.conv1.weight,156,layer3.2.conv1.weight_ch156,1.7476638555526733
layer4.0.conv3.weight,1085,layer4.0.conv3.weight_ch1085,1.747626781463623
layer4.0.conv3.weight,31,layer4.0.conv3.weight_ch31,1.7472524642944336
layer3.2.conv3.weight,282,layer3.2.conv3.weight_ch282,1.7471270561218262
layer4.1.conv1.weight,43,layer4.1.conv1.weight_ch43,1.7471187114715576
layer4.0.conv3.weight,1052,layer4.0.conv3.weight_ch1052,1.7469518184661865
layer3.5.conv3.weight,189,layer3.5.conv3.weight_ch189,1.7466297149658203
layer3.3.conv3.weight,720,layer3.3.conv3.weight_ch720,1.7465218305587769
layer3.3.conv3.weight,130,layer3.3.conv3.weight_ch130,1.7461001873016357
layer4.1.conv1.weight,363,layer4.1.conv1.weight_ch363,1.7460813522338867
layer4.0.conv3.weight,443,layer4.0.conv3.weight_ch443,1.7459592819213867
layer2.1.conv3.weight,491,layer2.1.conv3.weight_ch491,1.7456241846084595
layer3.0.conv2.weight,7,layer3.0.conv2.weight_ch7,1.7456042766571045
layer4.1.conv1.weight,412,layer4.1.conv1.weight_ch412,1.7455921173095703
layer3.1.conv3.weight,459,layer3.1.conv3.weight_ch459,1.7450072765350342
layer3.3.conv3.weight,966,layer3.3.conv3.weight_ch966,1.744679570198059
layer3.5.conv3.weight,316,layer3.5.conv3.weight_ch316,1.7445346117019653
layer3.0.conv2.weight,124,layer3.0.conv2.weight_ch124,1.7443726062774658
layer3.0.conv3.weight,384,layer3.0.conv3.weight_ch384,1.7442327737808228
layer3.0.conv3.weight,575,layer3.0.conv3.weight_ch575,1.7434046268463135
layer4.0.conv3.weight,1724,layer4.0.conv3.weight_ch1724,1.743272066116333
layer2.3.conv2.weight,115,layer2.3.conv2.weight_ch115,1.7432109117507935
layer3.5.conv3.weight,454,layer3.5.conv3.weight_ch454,1.7431371212005615
layer2.1.conv3.weight,488,layer2.1.conv3.weight_ch488,1.7430577278137207
layer4.0.conv3.weight,1296,layer4.0.conv3.weight_ch1296,1.7425098419189453
layer4.0.conv3.weight,199,layer4.0.conv3.weight_ch199,1.741918921470642
layer4.0.conv3.weight,1264,layer4.0.conv3.weight_ch1264,1.741891860961914
layer3.1.conv3.weight,426,layer3.1.conv3.weight_ch426,1.741363763809204
layer3.3.conv3.weight,562,layer3.3.conv3.weight_ch562,1.7411047220230103
layer3.5.conv3.weight,262,layer3.5.conv3.weight_ch262,1.740766167640686
layer3.3.conv3.weight,22,layer3.3.conv3.weight_ch22,1.7403699159622192
layer2.3.conv2.weight,1,layer2.3.conv2.weight_ch1,1.7402178049087524
layer3.5.conv3.weight,446,layer3.5.conv3.weight_ch446,1.7398053407669067
layer3.0.conv3.weight,974,layer3.0.conv3.weight_ch974,1.7394344806671143
layer4.0.conv3.weight,1711,layer4.0.conv3.weight_ch1711,1.7388933897018433
layer3.1.conv3.weight,182,layer3.1.conv3.weight_ch182,1.7386023998260498
layer2.1.conv3.weight,168,layer2.1.conv3.weight_ch168,1.7380248308181763
layer3.0.conv3.weight,633,layer3.0.conv3.weight_ch633,1.7380197048187256
layer3.3.conv3.weight,31,layer3.3.conv3.weight_ch31,1.737642526626587
layer4.0.conv3.weight,1808,layer4.0.conv3.weight_ch1808,1.7372530698776245
layer3.2.conv2.weight,27,layer3.2.conv2.weight_ch27,1.737215518951416
layer2.0.conv1.weight,15,layer2.0.conv1.weight_ch15,1.7368948459625244
layer4.0.conv3.weight,1584,layer4.0.conv3.weight_ch1584,1.736318826675415
layer2.0.conv1.weight,19,layer2.0.conv1.weight_ch19,1.7358176708221436
layer3.3.conv3.weight,563,layer3.3.conv3.weight_ch563,1.7351572513580322
layer3.3.conv3.weight,356,layer3.3.conv3.weight_ch356,1.7346611022949219
layer3.0.conv3.weight,373,layer3.0.conv3.weight_ch373,1.733954668045044
layer3.2.conv3.weight,821,layer3.2.conv3.weight_ch821,1.7339069843292236
layer4.0.conv3.weight,441,layer4.0.conv3.weight_ch441,1.7336914539337158
layer3.5.conv3.weight,349,layer3.5.conv3.weight_ch349,1.7336575984954834
layer3.0.conv2.weight,183,layer3.0.conv2.weight_ch183,1.733020305633545
layer3.2.conv3.weight,448,layer3.2.conv3.weight_ch448,1.7326886653900146
layer3.2.conv1.weight,57,layer3.2.conv1.weight_ch57,1.7325860261917114
layer3.1.conv3.weight,338,layer3.1.conv3.weight_ch338,1.7321128845214844
layer3.1.conv3.weight,53,layer3.1.conv3.weight_ch53,1.732069730758667
layer1.2.conv3.weight,88,layer1.2.conv3.weight_ch88,1.7320572137832642
layer1.2.conv3.weight,197,layer1.2.conv3.weight_ch197,1.7319998741149902
layer4.1.conv1.weight,224,layer4.1.conv1.weight_ch224,1.7315102815628052
layer2.3.conv2.weight,114,layer2.3.conv2.weight_ch114,1.7310185432434082
layer3.0.conv3.weight,980,layer3.0.conv3.weight_ch980,1.7307422161102295
layer4.0.conv3.weight,1829,layer4.0.conv3.weight_ch1829,1.7303565740585327
layer3.5.conv3.weight,3,layer3.5.conv3.weight_ch3,1.7297887802124023
layer3.0.conv3.weight,895,layer3.0.conv3.weight_ch895,1.7296292781829834
layer3.2.conv1.weight,185,layer3.2.conv1.weight_ch185,1.7294034957885742
layer4.0.conv3.weight,1411,layer4.0.conv3.weight_ch1411,1.7292495965957642
layer4.0.conv3.weight,1918,layer4.0.conv3.weight_ch1918,1.7291289567947388
layer3.0.conv2.weight,236,layer3.0.conv2.weight_ch236,1.7290549278259277
layer4.0.conv3.weight,1606,layer4.0.conv3.weight_ch1606,1.7285499572753906
layer3.2.conv3.weight,714,layer3.2.conv3.weight_ch714,1.728264331817627
layer4.0.conv3.weight,1746,layer4.0.conv3.weight_ch1746,1.728071928024292
layer3.1.conv3.weight,974,layer3.1.conv3.weight_ch974,1.7279294729232788
layer3.1.conv3.weight,274,layer3.1.conv3.weight_ch274,1.7279226779937744
layer3.1.conv3.weight,925,layer3.1.conv3.weight_ch925,1.7279052734375
layer3.1.conv3.weight,301,layer3.1.conv3.weight_ch301,1.7274147272109985
layer3.0.conv3.weight,806,layer3.0.conv3.weight_ch806,1.7272580862045288
layer3.5.conv3.weight,414,layer3.5.conv3.weight_ch414,1.7269275188446045
layer4.0.conv3.weight,1123,layer4.0.conv3.weight_ch1123,1.726778507232666
layer3.3.conv3.weight,28,layer3.3.conv3.weight_ch28,1.726555347442627
layer4.0.conv3.weight,1770,layer4.0.conv3.weight_ch1770,1.7265498638153076
layer4.0.conv3.weight,552,layer4.0.conv3.weight_ch552,1.7264407873153687
layer4.0.conv3.weight,244,layer4.0.conv3.weight_ch244,1.7260468006134033
layer3.5.conv3.weight,996,layer3.5.conv3.weight_ch996,1.7253458499908447
layer4.0.conv3.weight,367,layer4.0.conv3.weight_ch367,1.7250388860702515
layer4.1.conv1.weight,172,layer4.1.conv1.weight_ch172,1.7250113487243652
layer4.0.conv3.weight,903,layer4.0.conv3.weight_ch903,1.724471926689148
layer3.2.conv3.weight,1011,layer3.2.conv3.weight_ch1011,1.72431480884552
layer4.1.conv1.weight,117,layer4.1.conv1.weight_ch117,1.7243030071258545
layer4.0.conv3.weight,593,layer4.0.conv3.weight_ch593,1.7240996360778809
layer3.2.conv2.weight,189,layer3.2.conv2.weight_ch189,1.723790168762207
layer3.5.conv3.weight,154,layer3.5.conv3.weight_ch154,1.7236775159835815
layer3.2.conv3.weight,956,layer3.2.conv3.weight_ch956,1.7236679792404175
layer1.2.conv3.weight,162,layer1.2.conv3.weight_ch162,1.7225706577301025
layer4.0.conv3.weight,1556,layer4.0.conv3.weight_ch1556,1.722534418106079
layer4.0.conv3.weight,1950,layer4.0.conv3.weight_ch1950,1.7224280834197998
layer3.0.conv3.weight,389,layer3.0.conv3.weight_ch389,1.7217599153518677
layer3.2.conv3.weight,1002,layer3.2.conv3.weight_ch1002,1.7217090129852295
layer3.2.conv3.weight,294,layer3.2.conv3.weight_ch294,1.7215337753295898
layer4.0.conv3.weight,1855,layer4.0.conv3.weight_ch1855,1.7208800315856934
layer3.0.conv3.weight,737,layer3.0.conv3.weight_ch737,1.7206828594207764
layer3.5.conv3.weight,241,layer3.5.conv3.weight_ch241,1.7206804752349854
layer4.1.conv1.weight,321,layer4.1.conv1.weight_ch321,1.72031569480896
layer4.1.conv1.weight,464,layer4.1.conv1.weight_ch464,1.7201974391937256
layer3.5.conv3.weight,177,layer3.5.conv3.weight_ch177,1.7198227643966675
layer4.0.conv3.weight,120,layer4.0.conv3.weight_ch120,1.7194938659667969
layer3.1.conv3.weight,672,layer3.1.conv3.weight_ch672,1.71934175491333
layer3.5.conv3.weight,691,layer3.5.conv3.weight_ch691,1.7191131114959717
layer4.1.conv1.weight,68,layer4.1.conv1.weight_ch68,1.719062089920044
layer3.3.conv3.weight,742,layer3.3.conv3.weight_ch742,1.7190577983856201
layer2.1.conv3.weight,285,layer2.1.conv3.weight_ch285,1.7190113067626953
layer4.1.conv1.weight,511,layer4.1.conv1.weight_ch511,1.7188084125518799
layer3.0.conv3.weight,734,layer3.0.conv3.weight_ch734,1.7187960147857666
layer2.1.conv3.weight,3,layer2.1.conv3.weight_ch3,1.7183613777160645
layer3.0.conv2.weight,97,layer3.0.conv2.weight_ch97,1.7183330059051514
layer3.3.conv3.weight,61,layer3.3.conv3.weight_ch61,1.7182300090789795
layer3.0.conv2.weight,123,layer3.0.conv2.weight_ch123,1.7182278633117676
layer3.2.conv3.weight,235,layer3.2.conv3.weight_ch235,1.7181841135025024
layer4.0.conv3.weight,1028,layer4.0.conv3.weight_ch1028,1.71793794631958
layer3.2.conv2.weight,68,layer3.2.conv2.weight_ch68,1.717914342880249
layer2.0.conv2.weight,87,layer2.0.conv2.weight_ch87,1.7174746990203857
layer2.0.conv2.weight,58,layer2.0.conv2.weight_ch58,1.7170681953430176
layer4.0.conv3.weight,596,layer4.0.conv3.weight_ch596,1.716830849647522
layer3.2.conv3.weight,726,layer3.2.conv3.weight_ch726,1.716005802154541
layer3.3.conv3.weight,693,layer3.3.conv3.weight_ch693,1.7158458232879639
layer3.0.conv3.weight,681,layer3.0.conv3.weight_ch681,1.7157493829727173
layer2.3.conv2.weight,68,layer2.3.conv2.weight_ch68,1.7157378196716309
layer4.0.conv3.weight,614,layer4.0.conv3.weight_ch614,1.7156716585159302
layer4.0.conv3.weight,1688,layer4.0.conv3.weight_ch1688,1.7155951261520386
layer4.1.conv1.weight,500,layer4.1.conv1.weight_ch500,1.7155261039733887
layer4.1.conv1.weight,90,layer4.1.conv1.weight_ch90,1.7155041694641113
layer3.5.conv3.weight,677,layer3.5.conv3.weight_ch677,1.715354084968567
layer3.0.conv2.weight,227,layer3.0.conv2.weight_ch227,1.7150980234146118
layer3.2.conv3.weight,506,layer3.2.conv3.weight_ch506,1.7146975994110107
layer4.0.conv3.weight,1736,layer4.0.conv3.weight_ch1736,1.7146185636520386
layer4.0.conv3.weight,918,layer4.0.conv3.weight_ch918,1.714599370956421
layer4.0.conv3.weight,609,layer4.0.conv3.weight_ch609,1.7139085531234741
layer4.0.conv3.weight,304,layer4.0.conv3.weight_ch304,1.7137374877929688
layer3.0.conv2.weight,72,layer3.0.conv2.weight_ch72,1.713683009147644
layer4.0.conv3.weight,1083,layer4.0.conv3.weight_ch1083,1.7134580612182617
layer3.2.conv1.weight,30,layer3.2.conv1.weight_ch30,1.7133716344833374
layer4.0.conv3.weight,764,layer4.0.conv3.weight_ch764,1.7127044200897217
layer3.5.conv3.weight,795,layer3.5.conv3.weight_ch795,1.7126163244247437
layer3.3.conv3.weight,106,layer3.3.conv3.weight_ch106,1.7125166654586792
layer3.2.conv3.weight,908,layer3.2.conv3.weight_ch908,1.7119839191436768
layer1.2.conv3.weight,176,layer1.2.conv3.weight_ch176,1.7117096185684204
layer3.5.conv3.weight,533,layer3.5.conv3.weight_ch533,1.7116882801055908
layer4.0.conv3.weight,1613,layer4.0.conv3.weight_ch1613,1.71160089969635
layer3.2.conv3.weight,126,layer3.2.conv3.weight_ch126,1.7115583419799805
layer3.2.conv3.weight,861,layer3.2.conv3.weight_ch861,1.7110249996185303
layer4.0.conv3.weight,1794,layer4.0.conv3.weight_ch1794,1.7108654975891113
layer3.1.conv3.weight,703,layer3.1.conv3.weight_ch703,1.7098064422607422
layer3.2.conv1.weight,178,layer3.2.conv1.weight_ch178,1.7097879648208618
layer4.0.conv3.weight,1339,layer4.0.conv3.weight_ch1339,1.7097220420837402
layer3.5.conv3.weight,404,layer3.5.conv3.weight_ch404,1.7095413208007812
layer4.0.conv3.weight,820,layer4.0.conv3.weight_ch820,1.7095324993133545
layer3.3.conv3.weight,319,layer3.3.conv3.weight_ch319,1.7093172073364258
layer2.3.conv2.weight,57,layer2.3.conv2.weight_ch57,1.7092013359069824
layer4.0.conv3.weight,1699,layer4.0.conv3.weight_ch1699,1.7091999053955078
layer3.1.conv3.weight,180,layer3.1.conv3.weight_ch180,1.7089821100234985
layer2.1.conv3.weight,138,layer2.1.conv3.weight_ch138,1.7087273597717285
layer3.3.conv3.weight,309,layer3.3.conv3.weight_ch309,1.7085243463516235
layer4.0.conv3.weight,1495,layer4.0.conv3.weight_ch1495,1.7085161209106445
layer4.0.conv3.weight,1168,layer4.0.conv3.weight_ch1168,1.7084810733795166
layer4.1.conv1.weight,441,layer4.1.conv1.weight_ch441,1.7081836462020874
layer3.0.conv3.weight,505,layer3.0.conv3.weight_ch505,1.7081494331359863
layer3.3.conv3.weight,698,layer3.3.conv3.weight_ch698,1.7081395387649536
layer2.0.conv2.weight,66,layer2.0.conv2.weight_ch66,1.707875370979309
layer2.0.conv1.weight,116,layer2.0.conv1.weight_ch116,1.7070623636245728
layer3.3.conv3.weight,876,layer3.3.conv3.weight_ch876,1.7068109512329102
layer4.0.conv3.weight,997,layer4.0.conv3.weight_ch997,1.706747055053711
layer3.0.conv2.weight,28,layer3.0.conv2.weight_ch28,1.7065160274505615
layer4.0.conv3.weight,1461,layer4.0.conv3.weight_ch1461,1.706503987312317
layer3.2.conv3.weight,296,layer3.2.conv3.weight_ch296,1.7063307762145996
layer3.0.conv2.weight,20,layer3.0.conv2.weight_ch20,1.7063275575637817
layer3.0.conv3.weight,485,layer3.0.conv3.weight_ch485,1.7062277793884277
layer3.5.conv3.weight,837,layer3.5.conv3.weight_ch837,1.7056258916854858
layer3.5.conv3.weight,212,layer3.5.conv3.weight_ch212,1.7054470777511597
layer4.0.conv3.weight,152,layer4.0.conv3.weight_ch152,1.7052959203720093
layer3.0.conv2.weight,175,layer3.0.conv2.weight_ch175,1.7052099704742432
layer3.2.conv3.weight,146,layer3.2.conv3.weight_ch146,1.7051799297332764
layer3.2.conv2.weight,16,layer3.2.conv2.weight_ch16,1.7046644687652588
layer1.2.conv3.weight,55,layer1.2.conv3.weight_ch55,1.704258918762207
layer3.0.conv3.weight,888,layer3.0.conv3.weight_ch888,1.7040306329727173
layer3.2.conv2.weight,192,layer3.2.conv2.weight_ch192,1.7032129764556885
layer3.0.conv3.weight,443,layer3.0.conv3.weight_ch443,1.7030901908874512
layer3.3.conv3.weight,991,layer3.3.conv3.weight_ch991,1.7026981115341187
layer3.2.conv3.weight,54,layer3.2.conv3.weight_ch54,1.7026374340057373
layer3.2.conv1.weight,116,layer3.2.conv1.weight_ch116,1.7020434141159058
layer3.0.conv3.weight,5,layer3.0.conv3.weight_ch5,1.701237440109253
layer4.0.conv3.weight,900,layer4.0.conv3.weight_ch900,1.7004810571670532
layer3.3.conv3.weight,187,layer3.3.conv3.weight_ch187,1.7000818252563477
layer2.0.conv2.weight,43,layer2.0.conv2.weight_ch43,1.6994984149932861
layer3.3.conv3.weight,247,layer3.3.conv3.weight_ch247,1.6990997791290283
layer3.0.conv3.weight,464,layer3.0.conv3.weight_ch464,1.6988532543182373
layer4.1.conv1.weight,368,layer4.1.conv1.weight_ch368,1.6985622644424438
layer3.2.conv3.weight,551,layer3.2.conv3.weight_ch551,1.698556661605835
layer3.3.conv3.weight,26,layer3.3.conv3.weight_ch26,1.698482871055603
layer4.1.conv1.weight,180,layer4.1.conv1.weight_ch180,1.6979541778564453
layer4.0.conv3.weight,1232,layer4.0.conv3.weight_ch1232,1.6979432106018066
layer3.0.conv3.weight,905,layer3.0.conv3.weight_ch905,1.697877287864685
layer3.0.conv3.weight,354,layer3.0.conv3.weight_ch354,1.6977699995040894
layer4.0.conv3.weight,324,layer4.0.conv3.weight_ch324,1.6968485116958618
layer4.0.conv3.weight,1242,layer4.0.conv3.weight_ch1242,1.6960314512252808
layer2.1.conv3.weight,29,layer2.1.conv3.weight_ch29,1.695801019668579
layer3.0.conv3.weight,599,layer3.0.conv3.weight_ch599,1.6957190036773682
layer4.0.conv3.weight,943,layer4.0.conv3.weight_ch943,1.6949986219406128
layer4.0.conv3.weight,316,layer4.0.conv3.weight_ch316,1.6949150562286377
layer3.3.conv3.weight,189,layer3.3.conv3.weight_ch189,1.694471836090088
layer4.1.conv1.weight,161,layer4.1.conv1.weight_ch161,1.6938560009002686
layer4.0.conv3.weight,1571,layer4.0.conv3.weight_ch1571,1.69352388381958
layer3.1.conv3.weight,861,layer3.1.conv3.weight_ch861,1.6933619976043701
layer3.0.conv3.weight,65,layer3.0.conv3.weight_ch65,1.6925289630889893
layer3.3.conv3.weight,838,layer3.3.conv3.weight_ch838,1.6925204992294312
layer4.1.conv1.weight,408,layer4.1.conv1.weight_ch408,1.6923432350158691
layer3.0.conv3.weight,30,layer3.0.conv3.weight_ch30,1.6923253536224365
layer4.0.conv3.weight,882,layer4.0.conv3.weight_ch882,1.6918257474899292
layer3.1.conv3.weight,767,layer3.1.conv3.weight_ch767,1.6917262077331543
layer3.0.conv2.weight,85,layer3.0.conv2.weight_ch85,1.6916916370391846
layer3.0.conv3.weight,371,layer3.0.conv3.weight_ch371,1.6915667057037354
layer3.0.conv2.weight,136,layer3.0.conv2.weight_ch136,1.69059419631958
layer3.5.conv3.weight,302,layer3.5.conv3.weight_ch302,1.6905231475830078
layer2.1.conv3.weight,113,layer2.1.conv3.weight_ch113,1.6899986267089844
layer4.0.conv3.weight,710,layer4.0.conv3.weight_ch710,1.6898493766784668
layer3.2.conv3.weight,21,layer3.2.conv3.weight_ch21,1.6898365020751953
layer3.3.conv3.weight,315,layer3.3.conv3.weight_ch315,1.6896991729736328
layer3.1.conv3.weight,558,layer3.1.conv3.weight_ch558,1.689555287361145
layer3.2.conv3.weight,423,layer3.2.conv3.weight_ch423,1.6895183324813843
layer2.1.conv3.weight,118,layer2.1.conv3.weight_ch118,1.6890363693237305
layer3.1.conv3.weight,55,layer3.1.conv3.weight_ch55,1.6887493133544922
layer2.0.conv2.weight,121,layer2.0.conv2.weight_ch121,1.688696026802063
layer3.0.conv3.weight,893,layer3.0.conv3.weight_ch893,1.6886528730392456
layer3.0.conv2.weight,237,layer3.0.conv2.weight_ch237,1.6883373260498047
layer2.1.conv3.weight,192,layer2.1.conv3.weight_ch192,1.6882940530776978
layer3.0.conv3.weight,67,layer3.0.conv3.weight_ch67,1.6875834465026855
layer3.1.conv3.weight,307,layer3.1.conv3.weight_ch307,1.6874184608459473
layer3.5.conv3.weight,25,layer3.5.conv3.weight_ch25,1.6871944665908813
layer4.0.conv3.weight,1054,layer4.0.conv3.weight_ch1054,1.6864298582077026
layer3.0.conv2.weight,152,layer3.0.conv2.weight_ch152,1.6863231658935547
layer4.0.conv3.weight,298,layer4.0.conv3.weight_ch298,1.6859012842178345
layer3.2.conv3.weight,853,layer3.2.conv3.weight_ch853,1.6855930089950562
layer3.0.conv2.weight,77,layer3.0.conv2.weight_ch77,1.6855398416519165
layer3.2.conv3.weight,271,layer3.2.conv3.weight_ch271,1.6852167844772339
layer4.0.conv3.weight,1345,layer4.0.conv3.weight_ch1345,1.6843829154968262
layer3.5.conv3.weight,741,layer3.5.conv3.weight_ch741,1.6837886571884155
layer4.0.conv3.weight,1910,layer4.0.conv3.weight_ch1910,1.6837197542190552
layer1.2.conv3.weight,67,layer1.2.conv3.weight_ch67,1.6836905479431152
layer3.1.conv3.weight,486,layer3.1.conv3.weight_ch486,1.6835805177688599
layer3.2.conv3.weight,507,layer3.2.conv3.weight_ch507,1.6834347248077393
layer3.2.conv3.weight,662,layer3.2.conv3.weight_ch662,1.6822506189346313
layer3.5.conv3.weight,152,layer3.5.conv3.weight_ch152,1.6821109056472778
layer1.2.conv3.weight,31,layer1.2.conv3.weight_ch31,1.681966781616211
layer3.2.conv3.weight,177,layer3.2.conv3.weight_ch177,1.6816297769546509
layer4.0.conv3.weight,1219,layer4.0.conv3.weight_ch1219,1.6814465522766113
layer4.0.conv3.weight,1848,layer4.0.conv3.weight_ch1848,1.6814426183700562
layer4.1.conv1.weight,311,layer4.1.conv1.weight_ch311,1.6810848712921143
layer4.0.conv3.weight,203,layer4.0.conv3.weight_ch203,1.6810182332992554
layer3.3.conv3.weight,394,layer3.3.conv3.weight_ch394,1.680880069732666
layer2.0.conv2.weight,63,layer2.0.conv2.weight_ch63,1.6806671619415283
layer3.0.conv3.weight,907,layer3.0.conv3.weight_ch907,1.6806024312973022
layer3.1.conv3.weight,428,layer3.1.conv3.weight_ch428,1.6798466444015503
layer3.3.conv3.weight,888,layer3.3.conv3.weight_ch888,1.6791363954544067
layer4.0.conv3.weight,1728,layer4.0.conv3.weight_ch1728,1.6790266036987305
layer1.2.conv3.weight,110,layer1.2.conv3.weight_ch110,1.6788177490234375
layer3.3.conv3.weight,327,layer3.3.conv3.weight_ch327,1.6787395477294922
layer3.3.conv3.weight,580,layer3.3.conv3.weight_ch580,1.6785367727279663
layer3.0.conv3.weight,145,layer3.0.conv3.weight_ch145,1.678274393081665
layer3.0.conv2.weight,157,layer3.0.conv2.weight_ch157,1.678259253501892
layer3.1.conv3.weight,565,layer3.1.conv3.weight_ch565,1.6780130863189697
layer3.2.conv2.weight,164,layer3.2.conv2.weight_ch164,1.6776989698410034
layer4.1.conv1.weight,34,layer4.1.conv1.weight_ch34,1.6775455474853516
layer3.2.conv3.weight,826,layer3.2.conv3.weight_ch826,1.6772541999816895
layer4.0.conv3.weight,1110,layer4.0.conv3.weight_ch1110,1.6769602298736572
layer3.1.conv3.weight,661,layer3.1.conv3.weight_ch661,1.6767303943634033
layer3.0.conv3.weight,59,layer3.0.conv3.weight_ch59,1.676145315170288
layer2.0.conv2.weight,70,layer2.0.conv2.weight_ch70,1.6758732795715332
layer3.3.conv3.weight,234,layer3.3.conv3.weight_ch234,1.6758618354797363
layer3.1.conv3.weight,538,layer3.1.conv3.weight_ch538,1.6756645441055298
layer3.3.conv3.weight,744,layer3.3.conv3.weight_ch744,1.6755186319351196
layer3.2.conv3.weight,39,layer3.2.conv3.weight_ch39,1.6753926277160645
layer3.0.conv2.weight,209,layer3.0.conv2.weight_ch209,1.6751254796981812
layer2.1.conv3.weight,87,layer2.1.conv3.weight_ch87,1.6748907566070557
layer3.3.conv3.weight,41,layer3.3.conv3.weight_ch41,1.6742277145385742
layer2.1.conv3.weight,22,layer2.1.conv3.weight_ch22,1.6739845275878906
layer2.1.conv3.weight,32,layer2.1.conv3.weight_ch32,1.6739269495010376
layer4.1.conv1.weight,275,layer4.1.conv1.weight_ch275,1.67316472530365
layer4.0.conv3.weight,25,layer4.0.conv3.weight_ch25,1.6731376647949219
layer3.1.conv3.weight,73,layer3.1.conv3.weight_ch73,1.6730663776397705
layer4.0.conv3.weight,1206,layer4.0.conv3.weight_ch1206,1.672792911529541
layer4.0.conv3.weight,509,layer4.0.conv3.weight_ch509,1.6727511882781982
layer3.0.conv3.weight,925,layer3.0.conv3.weight_ch925,1.6727098226547241
layer4.0.conv3.weight,308,layer4.0.conv3.weight_ch308,1.6726744174957275
layer2.1.conv3.weight,161,layer2.1.conv3.weight_ch161,1.6711827516555786
layer3.5.conv3.weight,230,layer3.5.conv3.weight_ch230,1.6710330247879028
layer4.0.conv3.weight,524,layer4.0.conv3.weight_ch524,1.670964002609253
layer2.3.conv2.weight,30,layer2.3.conv2.weight_ch30,1.670554280281067
layer3.0.conv2.weight,11,layer3.0.conv2.weight_ch11,1.6703535318374634
layer3.1.conv3.weight,59,layer3.1.conv3.weight_ch59,1.6703370809555054
layer4.0.conv3.weight,1676,layer4.0.conv3.weight_ch1676,1.669914960861206
layer3.3.conv3.weight,711,layer3.3.conv3.weight_ch711,1.6699079275131226
layer3.3.conv3.weight,503,layer3.3.conv3.weight_ch503,1.6698049306869507
layer4.0.conv3.weight,1107,layer4.0.conv3.weight_ch1107,1.6697378158569336
layer3.5.conv3.weight,644,layer3.5.conv3.weight_ch644,1.669722318649292
layer3.2.conv2.weight,44,layer3.2.conv2.weight_ch44,1.6696953773498535
layer3.0.conv3.weight,991,layer3.0.conv3.weight_ch991,1.6696468591690063
layer3.3.conv3.weight,616,layer3.3.conv3.weight_ch616,1.6693446636199951
layer3.2.conv3.weight,424,layer3.2.conv3.weight_ch424,1.6692367792129517
layer3.0.conv2.weight,158,layer3.0.conv2.weight_ch158,1.6692137718200684
layer4.0.conv3.weight,775,layer4.0.conv3.weight_ch775,1.6690566539764404
layer3.0.conv3.weight,765,layer3.0.conv3.weight_ch765,1.6690013408660889
layer2.1.conv3.weight,58,layer2.1.conv3.weight_ch58,1.6689786911010742
layer2.0.conv2.weight,85,layer2.0.conv2.weight_ch85,1.6683454513549805
layer3.0.conv3.weight,943,layer3.0.conv3.weight_ch943,1.668206810951233
layer3.1.conv3.weight,255,layer3.1.conv3.weight_ch255,1.6681959629058838
layer4.0.conv3.weight,1758,layer4.0.conv3.weight_ch1758,1.6679534912109375
layer2.1.conv3.weight,417,layer2.1.conv3.weight_ch417,1.6678650379180908
layer4.0.conv3.weight,1237,layer4.0.conv3.weight_ch1237,1.6672594547271729
layer3.1.conv3.weight,908,layer3.1.conv3.weight_ch908,1.6671336889266968
layer4.0.conv3.weight,1438,layer4.0.conv3.weight_ch1438,1.667075753211975
layer2.0.conv2.weight,29,layer2.0.conv2.weight_ch29,1.666877031326294
layer3.3.conv3.weight,608,layer3.3.conv3.weight_ch608,1.6667838096618652
layer3.2.conv3.weight,88,layer3.2.conv3.weight_ch88,1.6667606830596924
layer4.0.conv3.weight,445,layer4.0.conv3.weight_ch445,1.666395664215088
layer3.0.conv3.weight,594,layer3.0.conv3.weight_ch594,1.6662724018096924
layer3.3.conv3.weight,308,layer3.3.conv3.weight_ch308,1.6662442684173584
layer3.2.conv3.weight,914,layer3.2.conv3.weight_ch914,1.6661877632141113
layer3.1.conv3.weight,755,layer3.1.conv3.weight_ch755,1.6656264066696167
layer4.0.conv3.weight,837,layer4.0.conv3.weight_ch837,1.6655256748199463
layer3.3.conv3.weight,554,layer3.3.conv3.weight_ch554,1.6654956340789795
layer3.2.conv2.weight,215,layer3.2.conv2.weight_ch215,1.6650543212890625
layer3.5.conv3.weight,264,layer3.5.conv3.weight_ch264,1.6650224924087524
layer3.0.conv2.weight,145,layer3.0.conv2.weight_ch145,1.6645866632461548
layer4.0.conv3.weight,1875,layer4.0.conv3.weight_ch1875,1.6645013093948364
layer4.0.conv3.weight,833,layer4.0.conv3.weight_ch833,1.6641926765441895
layer3.1.conv3.weight,175,layer3.1.conv3.weight_ch175,1.6637992858886719
layer1.2.conv3.weight,253,layer1.2.conv3.weight_ch253,1.663577914237976
layer3.2.conv2.weight,75,layer3.2.conv2.weight_ch75,1.6632657051086426
layer3.2.conv3.weight,421,layer3.2.conv3.weight_ch421,1.6629488468170166
layer3.3.conv3.weight,361,layer3.3.conv3.weight_ch361,1.6620447635650635
layer4.0.conv3.weight,1047,layer4.0.conv3.weight_ch1047,1.6618428230285645
layer2.0.conv2.weight,26,layer2.0.conv2.weight_ch26,1.661772608757019
layer4.0.conv3.weight,1769,layer4.0.conv3.weight_ch1769,1.6616215705871582
layer3.0.conv2.weight,32,layer3.0.conv2.weight_ch32,1.6616110801696777
layer3.3.conv3.weight,233,layer3.3.conv3.weight_ch233,1.661080241203308
layer4.0.conv3.weight,1420,layer4.0.conv3.weight_ch1420,1.6606948375701904
layer4.0.conv3.weight,1075,layer4.0.conv3.weight_ch1075,1.660517930984497
layer3.1.conv3.weight,544,layer3.1.conv3.weight_ch544,1.6604852676391602
layer3.0.conv2.weight,94,layer3.0.conv2.weight_ch94,1.6601271629333496
layer4.0.conv3.weight,753,layer4.0.conv3.weight_ch753,1.6601029634475708
layer3.5.conv3.weight,137,layer3.5.conv3.weight_ch137,1.6598896980285645
layer3.5.conv3.weight,80,layer3.5.conv3.weight_ch80,1.6595444679260254
layer4.1.conv1.weight,378,layer4.1.conv1.weight_ch378,1.659027338027954
layer3.5.conv3.weight,726,layer3.5.conv3.weight_ch726,1.658992886543274
layer3.0.conv3.weight,211,layer3.0.conv3.weight_ch211,1.6583423614501953
layer3.2.conv1.weight,54,layer3.2.conv1.weight_ch54,1.6581647396087646
layer3.1.conv3.weight,261,layer3.1.conv3.weight_ch261,1.6579331159591675
layer3.5.conv3.weight,955,layer3.5.conv3.weight_ch955,1.6578161716461182
layer3.2.conv2.weight,85,layer3.2.conv2.weight_ch85,1.6576805114746094
layer3.0.conv3.weight,526,layer3.0.conv3.weight_ch526,1.657620906829834
layer3.5.conv3.weight,1006,layer3.5.conv3.weight_ch1006,1.657482624053955
layer4.1.conv1.weight,440,layer4.1.conv1.weight_ch440,1.657405138015747
layer4.0.conv3.weight,67,layer4.0.conv3.weight_ch67,1.657379150390625
layer3.3.conv3.weight,433,layer3.3.conv3.weight_ch433,1.6570847034454346
layer3.5.conv3.weight,173,layer3.5.conv3.weight_ch173,1.6566576957702637
layer3.5.conv3.weight,234,layer3.5.conv3.weight_ch234,1.6564861536026
layer2.3.conv2.weight,41,layer2.3.conv2.weight_ch41,1.6563546657562256
layer3.0.conv2.weight,6,layer3.0.conv2.weight_ch6,1.6563206911087036
layer3.0.conv3.weight,114,layer3.0.conv3.weight_ch114,1.6560237407684326
layer3.1.conv3.weight,620,layer3.1.conv3.weight_ch620,1.6558371782302856
layer3.2.conv3.weight,664,layer3.2.conv3.weight_ch664,1.6557421684265137
layer3.2.conv3.weight,607,layer3.2.conv3.weight_ch607,1.6556572914123535
layer3.1.conv3.weight,726,layer3.1.conv3.weight_ch726,1.6555962562561035
layer3.0.conv3.weight,613,layer3.0.conv3.weight_ch613,1.6553300619125366
layer1.2.conv3.weight,251,layer1.2.conv3.weight_ch251,1.655107855796814
layer3.5.conv3.weight,716,layer3.5.conv3.weight_ch716,1.6550798416137695
layer4.0.conv3.weight,489,layer4.0.conv3.weight_ch489,1.6548240184783936
layer3.0.conv3.weight,570,layer3.0.conv3.weight_ch570,1.654426097869873
layer4.0.conv3.weight,802,layer4.0.conv3.weight_ch802,1.654069423675537
layer3.1.conv3.weight,436,layer3.1.conv3.weight_ch436,1.6538270711898804
layer3.2.conv1.weight,188,layer3.2.conv1.weight_ch188,1.6535794734954834
layer4.1.conv1.weight,387,layer4.1.conv1.weight_ch387,1.6532888412475586
layer3.0.conv2.weight,155,layer3.0.conv2.weight_ch155,1.65264892578125
layer3.0.conv2.weight,0,layer3.0.conv2.weight_ch0,1.6519646644592285
layer3.5.conv3.weight,738,layer3.5.conv3.weight_ch738,1.6519476175308228
layer3.1.conv3.weight,1003,layer3.1.conv3.weight_ch1003,1.651716947555542
layer3.1.conv3.weight,470,layer3.1.conv3.weight_ch470,1.6516613960266113
layer2.0.conv2.weight,2,layer2.0.conv2.weight_ch2,1.6510921716690063
layer3.2.conv3.weight,33,layer3.2.conv3.weight_ch33,1.6502931118011475
layer4.0.conv3.weight,234,layer4.0.conv3.weight_ch234,1.6501140594482422
layer3.0.conv2.weight,187,layer3.0.conv2.weight_ch187,1.6498527526855469
layer1.2.conv3.weight,228,layer1.2.conv3.weight_ch228,1.6497747898101807
layer3.2.conv1.weight,65,layer3.2.conv1.weight_ch65,1.6496704816818237
layer3.2.conv3.weight,613,layer3.2.conv3.weight_ch613,1.6495281457901
layer2.0.conv2.weight,25,layer2.0.conv2.weight_ch25,1.6495211124420166
layer4.0.conv3.weight,434,layer4.0.conv3.weight_ch434,1.649517297744751
layer3.1.conv3.weight,422,layer3.1.conv3.weight_ch422,1.6495107412338257
layer3.3.conv3.weight,798,layer3.3.conv3.weight_ch798,1.6489723920822144
layer3.0.conv3.weight,249,layer3.0.conv3.weight_ch249,1.6484568119049072
layer4.0.conv3.weight,1096,layer4.0.conv3.weight_ch1096,1.6483101844787598
layer3.0.conv3.weight,792,layer3.0.conv3.weight_ch792,1.6481050252914429
layer3.5.conv3.weight,450,layer3.5.conv3.weight_ch450,1.648036003112793
layer4.0.conv3.weight,339,layer4.0.conv3.weight_ch339,1.6460217237472534
layer3.2.conv2.weight,229,layer3.2.conv2.weight_ch229,1.6455391645431519
layer4.0.conv3.weight,500,layer4.0.conv3.weight_ch500,1.6450591087341309
layer3.0.conv3.weight,909,layer3.0.conv3.weight_ch909,1.6447886228561401
layer4.0.conv3.weight,38,layer4.0.conv3.weight_ch38,1.6446760892868042
layer3.1.conv3.weight,140,layer3.1.conv3.weight_ch140,1.6446233987808228
layer4.0.conv3.weight,583,layer4.0.conv3.weight_ch583,1.6437190771102905
layer3.0.conv2.weight,166,layer3.0.conv2.weight_ch166,1.6435880661010742
layer3.0.conv3.weight,596,layer3.0.conv3.weight_ch596,1.643425703048706
layer4.0.conv3.weight,877,layer4.0.conv3.weight_ch877,1.6433382034301758
layer3.3.conv3.weight,794,layer3.3.conv3.weight_ch794,1.643193006515503
layer2.1.conv3.weight,421,layer2.1.conv3.weight_ch421,1.642220139503479
layer3.3.conv3.weight,547,layer3.3.conv3.weight_ch547,1.6420533657073975
layer3.3.conv3.weight,949,layer3.3.conv3.weight_ch949,1.6420422792434692
layer4.1.conv1.weight,475,layer4.1.conv1.weight_ch475,1.6420363187789917
layer3.0.conv3.weight,455,layer3.0.conv3.weight_ch455,1.6414234638214111
layer4.0.conv3.weight,521,layer4.0.conv3.weight_ch521,1.6411528587341309
layer3.2.conv2.weight,32,layer3.2.conv2.weight_ch32,1.6409536600112915
layer4.0.conv3.weight,1253,layer4.0.conv3.weight_ch1253,1.6408756971359253
layer3.2.conv3.weight,375,layer3.2.conv3.weight_ch375,1.6405389308929443
layer3.0.conv3.weight,113,layer3.0.conv3.weight_ch113,1.6391029357910156
layer3.5.conv3.weight,954,layer3.5.conv3.weight_ch954,1.6389100551605225
layer4.0.conv3.weight,1830,layer4.0.conv3.weight_ch1830,1.6386992931365967
layer3.0.conv3.weight,869,layer3.0.conv3.weight_ch869,1.6383776664733887
layer3.1.conv3.weight,195,layer3.1.conv3.weight_ch195,1.63835871219635
layer3.2.conv1.weight,255,layer3.2.conv1.weight_ch255,1.6378167867660522
layer4.0.conv3.weight,874,layer4.0.conv3.weight_ch874,1.6356755495071411
layer3.2.conv1.weight,146,layer3.2.conv1.weight_ch146,1.6354871988296509
layer3.0.conv3.weight,692,layer3.0.conv3.weight_ch692,1.6349810361862183
layer3.0.conv3.weight,525,layer3.0.conv3.weight_ch525,1.6348201036453247
layer4.1.conv1.weight,164,layer4.1.conv1.weight_ch164,1.6343859434127808
layer3.5.conv3.weight,4,layer3.5.conv3.weight_ch4,1.6342761516571045
layer4.0.conv3.weight,179,layer4.0.conv3.weight_ch179,1.63383948802948
layer3.3.conv3.weight,197,layer3.3.conv3.weight_ch197,1.6337271928787231
layer4.0.conv3.weight,1706,layer4.0.conv3.weight_ch1706,1.633639931678772
layer2.0.conv1.weight,43,layer2.0.conv1.weight_ch43,1.6335066556930542
layer3.3.conv3.weight,113,layer3.3.conv3.weight_ch113,1.633446455001831
layer2.1.conv3.weight,82,layer2.1.conv3.weight_ch82,1.6330877542495728
layer3.0.conv3.weight,531,layer3.0.conv3.weight_ch531,1.6330466270446777
layer3.0.conv3.weight,193,layer3.0.conv3.weight_ch193,1.6329586505889893
layer3.1.conv3.weight,849,layer3.1.conv3.weight_ch849,1.632948398590088
layer3.2.conv3.weight,522,layer3.2.conv3.weight_ch522,1.6329255104064941
layer3.5.conv3.weight,945,layer3.5.conv3.weight_ch945,1.6328043937683105
layer3.3.conv3.weight,527,layer3.3.conv3.weight_ch527,1.632516622543335
layer4.0.conv3.weight,955,layer4.0.conv3.weight_ch955,1.6317962408065796
layer4.0.conv3.weight,830,layer4.0.conv3.weight_ch830,1.6316050291061401
layer3.0.conv3.weight,346,layer3.0.conv3.weight_ch346,1.6313903331756592
layer4.0.conv3.weight,1357,layer4.0.conv3.weight_ch1357,1.6313586235046387
layer3.0.conv2.weight,198,layer3.0.conv2.weight_ch198,1.6310395002365112
layer3.2.conv3.weight,925,layer3.2.conv3.weight_ch925,1.6308776140213013
layer3.0.conv3.weight,494,layer3.0.conv3.weight_ch494,1.6307299137115479
layer3.0.conv3.weight,831,layer3.0.conv3.weight_ch831,1.6306544542312622
layer2.1.conv3.weight,79,layer2.1.conv3.weight_ch79,1.6303088665008545
layer2.3.conv2.weight,100,layer2.3.conv2.weight_ch100,1.6295387744903564
layer3.1.conv3.weight,441,layer3.1.conv3.weight_ch441,1.6295067071914673
layer3.3.conv3.weight,842,layer3.3.conv3.weight_ch842,1.6292628049850464
layer3.3.conv3.weight,736,layer3.3.conv3.weight_ch736,1.6290514469146729
layer4.0.conv3.weight,974,layer4.0.conv3.weight_ch974,1.6287734508514404
layer4.0.conv3.weight,176,layer4.0.conv3.weight_ch176,1.628425121307373
layer3.3.conv3.weight,274,layer3.3.conv3.weight_ch274,1.6281638145446777
layer4.0.conv3.weight,1557,layer4.0.conv3.weight_ch1557,1.6276675462722778
layer3.3.conv3.weight,463,layer3.3.conv3.weight_ch463,1.627393126487732
layer4.0.conv3.weight,1647,layer4.0.conv3.weight_ch1647,1.6271395683288574
layer3.1.conv3.weight,319,layer3.1.conv3.weight_ch319,1.62685227394104
layer1.2.conv3.weight,82,layer1.2.conv3.weight_ch82,1.626731514930725
layer3.2.conv1.weight,174,layer3.2.conv1.weight_ch174,1.626304268836975
layer4.0.conv3.weight,2003,layer4.0.conv3.weight_ch2003,1.6261223554611206
layer4.0.conv3.weight,212,layer4.0.conv3.weight_ch212,1.6259785890579224
layer4.1.conv1.weight,78,layer4.1.conv1.weight_ch78,1.6258039474487305
layer3.0.conv3.weight,516,layer3.0.conv3.weight_ch516,1.6256743669509888
layer3.3.conv3.weight,383,layer3.3.conv3.weight_ch383,1.625001072883606
layer4.0.conv3.weight,786,layer4.0.conv3.weight_ch786,1.624561071395874
layer3.1.conv3.weight,806,layer3.1.conv3.weight_ch806,1.6238610744476318
layer3.3.conv3.weight,171,layer3.3.conv3.weight_ch171,1.6238476037979126
layer4.0.conv3.weight,286,layer4.0.conv3.weight_ch286,1.6238124370574951
layer3.1.conv3.weight,223,layer3.1.conv3.weight_ch223,1.6237366199493408
layer3.1.conv3.weight,581,layer3.1.conv3.weight_ch581,1.6236660480499268
layer3.3.conv3.weight,759,layer3.3.conv3.weight_ch759,1.6235229969024658
layer4.0.conv3.weight,476,layer4.0.conv3.weight_ch476,1.623488187789917
layer1.2.conv3.weight,10,layer1.2.conv3.weight_ch10,1.6232693195343018
layer3.2.conv3.weight,204,layer3.2.conv3.weight_ch204,1.623242974281311
layer3.1.conv3.weight,931,layer3.1.conv3.weight_ch931,1.6225426197052002
layer4.0.conv3.weight,706,layer4.0.conv3.weight_ch706,1.6223442554473877
layer3.3.conv3.weight,919,layer3.3.conv3.weight_ch919,1.6221696138381958
layer4.0.conv3.weight,840,layer4.0.conv3.weight_ch840,1.6220499277114868
layer3.3.conv3.weight,689,layer3.3.conv3.weight_ch689,1.6220227479934692
layer4.1.conv1.weight,12,layer4.1.conv1.weight_ch12,1.621955394744873
layer2.0.conv2.weight,116,layer2.0.conv2.weight_ch116,1.6215752363204956
layer3.1.conv3.weight,686,layer3.1.conv3.weight_ch686,1.6212719678878784
layer4.0.conv3.weight,245,layer4.0.conv3.weight_ch245,1.6211609840393066
layer1.2.conv3.weight,152,layer1.2.conv3.weight_ch152,1.6211410760879517
layer3.3.conv3.weight,292,layer3.3.conv3.weight_ch292,1.6209367513656616
layer3.1.conv3.weight,822,layer3.1.conv3.weight_ch822,1.6205967664718628
layer4.0.conv3.weight,424,layer4.0.conv3.weight_ch424,1.620418667793274
layer3.0.conv3.weight,92,layer3.0.conv3.weight_ch92,1.6203144788742065
layer4.1.conv1.weight,508,layer4.1.conv1.weight_ch508,1.6199877262115479
layer3.3.conv3.weight,323,layer3.3.conv3.weight_ch323,1.619504451751709
layer4.0.conv3.weight,399,layer4.0.conv3.weight_ch399,1.6190162897109985
layer3.0.conv2.weight,235,layer3.0.conv2.weight_ch235,1.6189976930618286
layer4.0.conv3.weight,1186,layer4.0.conv3.weight_ch1186,1.6189138889312744
layer4.0.conv3.weight,958,layer4.0.conv3.weight_ch958,1.6187939643859863
layer1.2.conv3.weight,109,layer1.2.conv3.weight_ch109,1.6187533140182495
layer3.2.conv3.weight,611,layer3.2.conv3.weight_ch611,1.6185022592544556
layer2.0.conv1.weight,12,layer2.0.conv1.weight_ch12,1.6182376146316528
layer3.3.conv3.weight,823,layer3.3.conv3.weight_ch823,1.6178808212280273
layer4.0.conv3.weight,1457,layer4.0.conv3.weight_ch1457,1.6177610158920288
layer3.2.conv3.weight,108,layer3.2.conv3.weight_ch108,1.6174973249435425
layer3.2.conv2.weight,144,layer3.2.conv2.weight_ch144,1.617265224456787
layer4.0.conv3.weight,1763,layer4.0.conv3.weight_ch1763,1.6169707775115967
layer3.2.conv3.weight,902,layer3.2.conv3.weight_ch902,1.6169451475143433
layer3.3.conv3.weight,922,layer3.3.conv3.weight_ch922,1.6166926622390747
layer4.0.conv3.weight,849,layer4.0.conv3.weight_ch849,1.6165542602539062
layer3.1.conv3.weight,375,layer3.1.conv3.weight_ch375,1.616443157196045
layer3.3.conv3.weight,354,layer3.3.conv3.weight_ch354,1.6162621974945068
layer3.2.conv3.weight,136,layer3.2.conv3.weight_ch136,1.6161596775054932
layer3.2.conv1.weight,183,layer3.2.conv1.weight_ch183,1.615907073020935
layer4.1.conv1.weight,137,layer4.1.conv1.weight_ch137,1.6158015727996826
layer3.0.conv3.weight,886,layer3.0.conv3.weight_ch886,1.6156761646270752
layer3.0.conv3.weight,772,layer3.0.conv3.weight_ch772,1.6155593395233154
layer4.0.conv3.weight,1891,layer4.0.conv3.weight_ch1891,1.6154569387435913
layer3.0.conv3.weight,520,layer3.0.conv3.weight_ch520,1.6151201725006104
layer3.0.conv3.weight,141,layer3.0.conv3.weight_ch141,1.6149932146072388
layer3.3.conv3.weight,152,layer3.3.conv3.weight_ch152,1.614635705947876
layer4.0.conv3.weight,1550,layer4.0.conv3.weight_ch1550,1.6145164966583252
layer3.5.conv3.weight,725,layer3.5.conv3.weight_ch725,1.6143996715545654
layer3.2.conv3.weight,95,layer3.2.conv3.weight_ch95,1.6142230033874512
layer3.3.conv3.weight,997,layer3.3.conv3.weight_ch997,1.6141475439071655
layer2.1.conv3.weight,433,layer2.1.conv3.weight_ch433,1.6140525341033936
layer3.5.conv3.weight,783,layer3.5.conv3.weight_ch783,1.6140159368515015
layer4.0.conv3.weight,986,layer4.0.conv3.weight_ch986,1.613365888595581
layer3.2.conv3.weight,553,layer3.2.conv3.weight_ch553,1.6133079528808594
layer3.1.conv3.weight,803,layer3.1.conv3.weight_ch803,1.6130471229553223
layer3.1.conv3.weight,676,layer3.1.conv3.weight_ch676,1.6128616333007812
layer4.0.conv3.weight,501,layer4.0.conv3.weight_ch501,1.6127219200134277
layer3.2.conv3.weight,702,layer3.2.conv3.weight_ch702,1.6127206087112427
layer4.1.conv1.weight,343,layer4.1.conv1.weight_ch343,1.612641453742981
layer1.2.conv3.weight,179,layer1.2.conv3.weight_ch179,1.6125434637069702
layer3.2.conv3.weight,17,layer3.2.conv3.weight_ch17,1.6122323274612427
layer4.0.conv3.weight,653,layer4.0.conv3.weight_ch653,1.6118719577789307
layer3.0.conv3.weight,564,layer3.0.conv3.weight_ch564,1.6112512350082397
layer3.5.conv3.weight,569,layer3.5.conv3.weight_ch569,1.6110018491744995
layer4.0.conv3.weight,1113,layer4.0.conv3.weight_ch1113,1.6109557151794434
layer3.0.conv3.weight,450,layer3.0.conv3.weight_ch450,1.610413908958435
layer3.5.conv3.weight,313,layer3.5.conv3.weight_ch313,1.609911322593689
layer3.5.conv3.weight,640,layer3.5.conv3.weight_ch640,1.6097421646118164
layer4.0.conv3.weight,1429,layer4.0.conv3.weight_ch1429,1.6093190908432007
layer4.1.conv1.weight,55,layer4.1.conv1.weight_ch55,1.6091911792755127
layer3.2.conv1.weight,220,layer3.2.conv1.weight_ch220,1.6088758707046509
layer3.0.conv3.weight,661,layer3.0.conv3.weight_ch661,1.608014464378357
layer3.3.conv3.weight,3,layer3.3.conv3.weight_ch3,1.6079145669937134
layer2.0.conv1.weight,4,layer2.0.conv1.weight_ch4,1.6074416637420654
layer3.1.conv3.weight,545,layer3.1.conv3.weight_ch545,1.6069910526275635
layer3.2.conv3.weight,659,layer3.2.conv3.weight_ch659,1.606540560722351
layer3.2.conv3.weight,935,layer3.2.conv3.weight_ch935,1.6065165996551514
layer3.3.conv3.weight,853,layer3.3.conv3.weight_ch853,1.6063677072525024
layer3.1.conv3.weight,65,layer3.1.conv3.weight_ch65,1.6055821180343628
layer3.2.conv2.weight,249,layer3.2.conv2.weight_ch249,1.6054883003234863
layer3.0.conv3.weight,582,layer3.0.conv3.weight_ch582,1.605417013168335
layer4.0.conv3.weight,323,layer4.0.conv3.weight_ch323,1.604984164237976
layer4.1.conv1.weight,268,layer4.1.conv1.weight_ch268,1.6044058799743652
layer3.1.conv3.weight,281,layer3.1.conv3.weight_ch281,1.6042687892913818
layer4.1.conv1.weight,430,layer4.1.conv1.weight_ch430,1.6040687561035156
layer3.2.conv2.weight,216,layer3.2.conv2.weight_ch216,1.6036721467971802
layer3.2.conv3.weight,196,layer3.2.conv3.weight_ch196,1.6035408973693848
layer3.0.conv3.weight,404,layer3.0.conv3.weight_ch404,1.6034690141677856
layer3.3.conv3.weight,441,layer3.3.conv3.weight_ch441,1.6031711101531982
layer3.1.conv3.weight,185,layer3.1.conv3.weight_ch185,1.60286545753479
layer2.0.conv2.weight,50,layer2.0.conv2.weight_ch50,1.6027390956878662
layer3.0.conv3.weight,441,layer3.0.conv3.weight_ch441,1.6025950908660889
layer3.2.conv3.weight,1008,layer3.2.conv3.weight_ch1008,1.6025018692016602
layer3.2.conv2.weight,37,layer3.2.conv2.weight_ch37,1.602433681488037
layer3.0.conv3.weight,340,layer3.0.conv3.weight_ch340,1.6021087169647217
layer4.0.conv3.weight,1179,layer4.0.conv3.weight_ch1179,1.602047085762024
layer2.1.conv3.weight,334,layer2.1.conv3.weight_ch334,1.6019434928894043
layer3.0.conv3.weight,821,layer3.0.conv3.weight_ch821,1.601526141166687
layer4.0.conv3.weight,1465,layer4.0.conv3.weight_ch1465,1.600939393043518
layer4.1.conv1.weight,354,layer4.1.conv1.weight_ch354,1.6006064414978027
layer4.1.conv1.weight,203,layer4.1.conv1.weight_ch203,1.6002683639526367
layer3.3.conv3.weight,182,layer3.3.conv3.weight_ch182,1.5998940467834473
layer3.2.conv3.weight,959,layer3.2.conv3.weight_ch959,1.5991694927215576
layer4.0.conv3.weight,1373,layer4.0.conv3.weight_ch1373,1.5991426706314087
layer4.0.conv3.weight,1583,layer4.0.conv3.weight_ch1583,1.5991393327713013
layer1.2.conv3.weight,13,layer1.2.conv3.weight_ch13,1.5987377166748047
layer3.3.conv3.weight,64,layer3.3.conv3.weight_ch64,1.598658561706543
layer3.2.conv3.weight,632,layer3.2.conv3.weight_ch632,1.5978279113769531
layer3.5.conv3.weight,758,layer3.5.conv3.weight_ch758,1.5976459980010986
layer3.0.conv3.weight,398,layer3.0.conv3.weight_ch398,1.597635269165039
layer4.0.conv3.weight,968,layer4.0.conv3.weight_ch968,1.5970536470413208
layer4.0.conv3.weight,1410,layer4.0.conv3.weight_ch1410,1.596840262413025
layer2.3.conv2.weight,32,layer2.3.conv2.weight_ch32,1.5966622829437256
layer2.1.conv3.weight,335,layer2.1.conv3.weight_ch335,1.596572756767273
layer3.0.conv3.weight,937,layer3.0.conv3.weight_ch937,1.5963927507400513
layer2.1.conv3.weight,20,layer2.1.conv3.weight_ch20,1.596368670463562
layer4.0.conv3.weight,1809,layer4.0.conv3.weight_ch1809,1.596351146697998
layer3.5.conv3.weight,343,layer3.5.conv3.weight_ch343,1.5962672233581543
layer4.1.conv1.weight,301,layer4.1.conv1.weight_ch301,1.595778465270996
layer4.0.conv3.weight,634,layer4.0.conv3.weight_ch634,1.5953083038330078
layer3.0.conv2.weight,2,layer3.0.conv2.weight_ch2,1.5950883626937866
layer3.5.conv3.weight,702,layer3.5.conv3.weight_ch702,1.5946904420852661
layer3.0.conv2.weight,10,layer3.0.conv2.weight_ch10,1.5943788290023804
layer4.1.conv1.weight,347,layer4.1.conv1.weight_ch347,1.5941047668457031
layer3.0.conv3.weight,779,layer3.0.conv3.weight_ch779,1.5938557386398315
layer4.0.conv3.weight,1460,layer4.0.conv3.weight_ch1460,1.5937318801879883
layer3.5.conv3.weight,596,layer3.5.conv3.weight_ch596,1.5933712720870972
layer4.0.conv3.weight,658,layer4.0.conv3.weight_ch658,1.5933241844177246
layer3.3.conv3.weight,638,layer3.3.conv3.weight_ch638,1.5931397676467896
layer3.0.conv2.weight,240,layer3.0.conv2.weight_ch240,1.5929940938949585
layer3.5.conv3.weight,239,layer3.5.conv3.weight_ch239,1.5928561687469482
layer2.1.conv3.weight,445,layer2.1.conv3.weight_ch445,1.5926718711853027
layer3.0.conv3.weight,585,layer3.0.conv3.weight_ch585,1.5925157070159912
layer2.1.conv3.weight,199,layer2.1.conv3.weight_ch199,1.5924570560455322
layer3.1.conv3.weight,431,layer3.1.conv3.weight_ch431,1.5923991203308105
layer3.0.conv3.weight,50,layer3.0.conv3.weight_ch50,1.5920718908309937
layer3.5.conv3.weight,459,layer3.5.conv3.weight_ch459,1.5919256210327148
layer3.1.conv3.weight,353,layer3.1.conv3.weight_ch353,1.591400384902954
layer3.0.conv3.weight,509,layer3.0.conv3.weight_ch509,1.5913220643997192
layer3.0.conv3.weight,823,layer3.0.conv3.weight_ch823,1.5904343128204346
layer1.2.conv3.weight,241,layer1.2.conv3.weight_ch241,1.5900967121124268
layer3.5.conv3.weight,428,layer3.5.conv3.weight_ch428,1.589919924736023
layer4.0.conv3.weight,1026,layer4.0.conv3.weight_ch1026,1.5892434120178223
layer4.0.conv3.weight,1865,layer4.0.conv3.weight_ch1865,1.5892163515090942
layer3.3.conv3.weight,902,layer3.3.conv3.weight_ch902,1.589009165763855
layer3.1.conv3.weight,935,layer3.1.conv3.weight_ch935,1.5889979600906372
layer3.1.conv3.weight,278,layer3.1.conv3.weight_ch278,1.588902235031128
layer3.1.conv3.weight,124,layer3.1.conv3.weight_ch124,1.5886952877044678
layer2.0.conv2.weight,7,layer2.0.conv2.weight_ch7,1.5886590480804443
layer3.1.conv3.weight,505,layer3.1.conv3.weight_ch505,1.5883195400238037
layer4.0.conv3.weight,246,layer4.0.conv3.weight_ch246,1.5882798433303833
layer4.0.conv3.weight,1582,layer4.0.conv3.weight_ch1582,1.588104009628296
layer3.0.conv3.weight,24,layer3.0.conv3.weight_ch24,1.588088035583496
layer3.3.conv3.weight,819,layer3.3.conv3.weight_ch819,1.5879614353179932
layer1.2.conv3.weight,81,layer1.2.conv3.weight_ch81,1.587915301322937
layer3.3.conv3.weight,1012,layer3.3.conv3.weight_ch1012,1.5876619815826416
layer2.1.conv3.weight,444,layer2.1.conv3.weight_ch444,1.5875720977783203
layer3.2.conv2.weight,141,layer3.2.conv2.weight_ch141,1.586647629737854
layer3.5.conv3.weight,570,layer3.5.conv3.weight_ch570,1.5864567756652832
layer3.2.conv3.weight,899,layer3.2.conv3.weight_ch899,1.5864336490631104
layer3.2.conv3.weight,650,layer3.2.conv3.weight_ch650,1.5863988399505615
layer4.0.conv3.weight,1547,layer4.0.conv3.weight_ch1547,1.5862034559249878
layer3.0.conv3.weight,877,layer3.0.conv3.weight_ch877,1.5859736204147339
layer3.0.conv3.weight,208,layer3.0.conv3.weight_ch208,1.585298776626587
layer4.0.conv3.weight,280,layer4.0.conv3.weight_ch280,1.5852861404418945
layer3.3.conv3.weight,695,layer3.3.conv3.weight_ch695,1.5851346254348755
layer3.0.conv3.weight,72,layer3.0.conv3.weight_ch72,1.5850861072540283
layer3.0.conv2.weight,82,layer3.0.conv2.weight_ch82,1.5850437879562378
layer4.0.conv3.weight,1375,layer4.0.conv3.weight_ch1375,1.5848664045333862
layer3.1.conv3.weight,503,layer3.1.conv3.weight_ch503,1.5845454931259155
layer4.0.conv3.weight,1532,layer4.0.conv3.weight_ch1532,1.5844508409500122
layer3.2.conv2.weight,78,layer3.2.conv2.weight_ch78,1.584373950958252
layer3.2.conv1.weight,18,layer3.2.conv1.weight_ch18,1.5842835903167725
layer4.1.conv1.weight,76,layer4.1.conv1.weight_ch76,1.5840556621551514
layer4.0.conv3.weight,738,layer4.0.conv3.weight_ch738,1.583977460861206
layer3.0.conv2.weight,144,layer3.0.conv2.weight_ch144,1.5836957693099976
layer3.0.conv2.weight,119,layer3.0.conv2.weight_ch119,1.5836942195892334
layer4.1.conv1.weight,332,layer4.1.conv1.weight_ch332,1.5835914611816406
layer3.5.conv3.weight,419,layer3.5.conv3.weight_ch419,1.583406925201416
layer4.1.conv1.weight,365,layer4.1.conv1.weight_ch365,1.5833220481872559
layer3.3.conv3.weight,809,layer3.3.conv3.weight_ch809,1.5831177234649658
layer4.0.conv3.weight,1061,layer4.0.conv3.weight_ch1061,1.5829589366912842
layer4.1.conv1.weight,2,layer4.1.conv1.weight_ch2,1.5829087495803833
layer3.0.conv3.weight,352,layer3.0.conv3.weight_ch352,1.582749605178833
layer4.0.conv3.weight,1261,layer4.0.conv3.weight_ch1261,1.5820066928863525
layer3.1.conv3.weight,934,layer3.1.conv3.weight_ch934,1.5816682577133179
layer3.3.conv3.weight,986,layer3.3.conv3.weight_ch986,1.5816164016723633
layer4.0.conv3.weight,36,layer4.0.conv3.weight_ch36,1.581542730331421
layer4.0.conv3.weight,1063,layer4.0.conv3.weight_ch1063,1.5812287330627441
layer3.0.conv3.weight,477,layer3.0.conv3.weight_ch477,1.5811944007873535
layer4.0.conv3.weight,1840,layer4.0.conv3.weight_ch1840,1.5810050964355469
layer3.1.conv3.weight,960,layer3.1.conv3.weight_ch960,1.580971360206604
layer3.0.conv3.weight,499,layer3.0.conv3.weight_ch499,1.5806851387023926
layer2.1.conv3.weight,186,layer2.1.conv3.weight_ch186,1.5806362628936768
layer2.1.conv3.weight,156,layer2.1.conv3.weight_ch156,1.5804415941238403
layer3.3.conv3.weight,101,layer3.3.conv3.weight_ch101,1.5800656080245972
layer3.2.conv2.weight,163,layer3.2.conv2.weight_ch163,1.5800459384918213
layer3.3.conv3.weight,15,layer3.3.conv3.weight_ch15,1.5798946619033813
layer4.0.conv3.weight,1611,layer4.0.conv3.weight_ch1611,1.5798625946044922
layer4.0.conv3.weight,1591,layer4.0.conv3.weight_ch1591,1.5797706842422485
layer4.1.conv1.weight,37,layer4.1.conv1.weight_ch37,1.5796879529953003
layer3.3.conv3.weight,525,layer3.3.conv3.weight_ch525,1.5794658660888672
layer4.0.conv3.weight,283,layer4.0.conv3.weight_ch283,1.5791537761688232
layer3.0.conv2.weight,182,layer3.0.conv2.weight_ch182,1.5790703296661377
layer4.0.conv3.weight,404,layer4.0.conv3.weight_ch404,1.5790226459503174
layer3.2.conv3.weight,463,layer3.2.conv3.weight_ch463,1.5787928104400635
layer3.0.conv3.weight,228,layer3.0.conv3.weight_ch228,1.578309178352356
layer3.2.conv3.weight,309,layer3.2.conv3.weight_ch309,1.5783042907714844
layer4.0.conv3.weight,458,layer4.0.conv3.weight_ch458,1.5780274868011475
layer3.2.conv3.weight,109,layer3.2.conv3.weight_ch109,1.5774856805801392
layer4.0.conv3.weight,1344,layer4.0.conv3.weight_ch1344,1.577416181564331
layer3.5.conv3.weight,94,layer3.5.conv3.weight_ch94,1.5771191120147705
layer3.0.conv3.weight,422,layer3.0.conv3.weight_ch422,1.5769097805023193
layer3.2.conv2.weight,93,layer3.2.conv2.weight_ch93,1.5762169361114502
layer4.1.conv1.weight,178,layer4.1.conv1.weight_ch178,1.5758702754974365
layer3.0.conv3.weight,926,layer3.0.conv3.weight_ch926,1.5757794380187988
layer4.0.conv3.weight,1207,layer4.0.conv3.weight_ch1207,1.575722098350525
layer3.2.conv3.weight,620,layer3.2.conv3.weight_ch620,1.575701117515564
layer4.0.conv3.weight,1796,layer4.0.conv3.weight_ch1796,1.575343370437622
layer4.0.conv3.weight,1389,layer4.0.conv3.weight_ch1389,1.575304388999939
layer4.0.conv3.weight,1668,layer4.0.conv3.weight_ch1668,1.5752209424972534
layer3.2.conv3.weight,197,layer3.2.conv3.weight_ch197,1.575096607208252
layer3.1.conv3.weight,757,layer3.1.conv3.weight_ch757,1.575094223022461
layer3.0.conv3.weight,230,layer3.0.conv3.weight_ch230,1.5749460458755493
layer4.0.conv3.weight,1303,layer4.0.conv3.weight_ch1303,1.5745799541473389
layer3.1.conv3.weight,797,layer3.1.conv3.weight_ch797,1.5742347240447998
layer3.5.conv3.weight,216,layer3.5.conv3.weight_ch216,1.5736355781555176
layer3.0.conv3.weight,548,layer3.0.conv3.weight_ch548,1.5734198093414307
layer3.0.conv2.weight,218,layer3.0.conv2.weight_ch218,1.5731980800628662
layer2.3.conv2.weight,82,layer2.3.conv2.weight_ch82,1.5731563568115234
layer3.0.conv2.weight,192,layer3.0.conv2.weight_ch192,1.5729141235351562
layer4.0.conv3.weight,200,layer4.0.conv3.weight_ch200,1.5726885795593262
layer3.3.conv3.weight,32,layer3.3.conv3.weight_ch32,1.5726549625396729
layer4.0.conv3.weight,889,layer4.0.conv3.weight_ch889,1.5726429224014282
layer3.3.conv3.weight,400,layer3.3.conv3.weight_ch400,1.5724923610687256
layer3.1.conv3.weight,159,layer3.1.conv3.weight_ch159,1.5724706649780273
layer3.0.conv3.weight,15,layer3.0.conv3.weight_ch15,1.5723204612731934
layer2.1.conv3.weight,59,layer2.1.conv3.weight_ch59,1.5719958543777466
layer3.2.conv1.weight,4,layer3.2.conv1.weight_ch4,1.5719537734985352
layer3.5.conv3.weight,562,layer3.5.conv3.weight_ch562,1.5717905759811401
layer4.0.conv3.weight,216,layer4.0.conv3.weight_ch216,1.5717302560806274
layer4.0.conv3.weight,1664,layer4.0.conv3.weight_ch1664,1.5717209577560425
layer3.3.conv3.weight,797,layer3.3.conv3.weight_ch797,1.5714107751846313
layer3.3.conv3.weight,153,layer3.3.conv3.weight_ch153,1.5709298849105835
layer4.0.conv3.weight,429,layer4.0.conv3.weight_ch429,1.5703738927841187
layer3.1.conv3.weight,272,layer3.1.conv3.weight_ch272,1.5701583623886108
layer3.5.conv3.weight,35,layer3.5.conv3.weight_ch35,1.5691840648651123
layer4.0.conv3.weight,363,layer4.0.conv3.weight_ch363,1.5691792964935303
layer2.1.conv3.weight,231,layer2.1.conv3.weight_ch231,1.5691726207733154
layer3.0.conv2.weight,3,layer3.0.conv2.weight_ch3,1.5690770149230957
layer4.0.conv3.weight,505,layer4.0.conv3.weight_ch505,1.5686473846435547
layer3.3.conv3.weight,664,layer3.3.conv3.weight_ch664,1.568535327911377
layer3.1.conv3.weight,487,layer3.1.conv3.weight_ch487,1.5684630870819092
layer4.0.conv3.weight,1181,layer4.0.conv3.weight_ch1181,1.568325161933899
layer3.1.conv3.weight,148,layer3.1.conv3.weight_ch148,1.5682071447372437
layer4.0.conv3.weight,86,layer4.0.conv3.weight_ch86,1.5682017803192139
layer3.1.conv3.weight,158,layer3.1.conv3.weight_ch158,1.567662239074707
layer3.5.conv3.weight,518,layer3.5.conv3.weight_ch518,1.567638874053955
layer4.0.conv3.weight,1903,layer4.0.conv3.weight_ch1903,1.567371129989624
layer3.3.conv3.weight,785,layer3.3.conv3.weight_ch785,1.5672929286956787
layer3.2.conv3.weight,454,layer3.2.conv3.weight_ch454,1.5670052766799927
layer3.3.conv3.weight,657,layer3.3.conv3.weight_ch657,1.5665433406829834
layer3.0.conv3.weight,355,layer3.0.conv3.weight_ch355,1.566514015197754
layer4.0.conv3.weight,641,layer4.0.conv3.weight_ch641,1.5663708448410034
layer4.0.conv3.weight,1080,layer4.0.conv3.weight_ch1080,1.5657291412353516
layer3.1.conv3.weight,79,layer3.1.conv3.weight_ch79,1.5656239986419678
layer3.2.conv1.weight,237,layer3.2.conv1.weight_ch237,1.564642310142517
layer3.5.conv3.weight,193,layer3.5.conv3.weight_ch193,1.5646121501922607
layer3.0.conv3.weight,572,layer3.0.conv3.weight_ch572,1.5645571947097778
layer4.0.conv3.weight,477,layer4.0.conv3.weight_ch477,1.5642918348312378
layer3.2.conv2.weight,134,layer3.2.conv2.weight_ch134,1.5642001628875732
layer3.3.conv3.weight,134,layer3.3.conv3.weight_ch134,1.5635929107666016
layer4.0.conv3.weight,1229,layer4.0.conv3.weight_ch1229,1.5624995231628418
layer2.3.conv2.weight,6,layer2.3.conv2.weight_ch6,1.5620836019515991
layer3.5.conv3.weight,512,layer3.5.conv3.weight_ch512,1.5617878437042236
layer3.0.conv2.weight,143,layer3.0.conv2.weight_ch143,1.5617176294326782
layer4.0.conv3.weight,600,layer4.0.conv3.weight_ch600,1.5617103576660156
layer4.0.conv3.weight,574,layer4.0.conv3.weight_ch574,1.5617074966430664
layer2.1.conv3.weight,69,layer2.1.conv3.weight_ch69,1.5614738464355469
layer2.0.conv1.weight,68,layer2.0.conv1.weight_ch68,1.5613093376159668
layer3.2.conv1.weight,79,layer3.2.conv1.weight_ch79,1.5608896017074585
layer4.1.conv1.weight,145,layer4.1.conv1.weight_ch145,1.560594916343689
layer3.3.conv3.weight,995,layer3.3.conv3.weight_ch995,1.5605297088623047
layer4.0.conv3.weight,1316,layer4.0.conv3.weight_ch1316,1.5601136684417725
layer2.3.conv2.weight,0,layer2.3.conv2.weight_ch0,1.5598095655441284
layer3.0.conv2.weight,48,layer3.0.conv2.weight_ch48,1.5598012208938599
layer4.0.conv3.weight,47,layer4.0.conv3.weight_ch47,1.5593732595443726
layer3.3.conv3.weight,686,layer3.3.conv3.weight_ch686,1.5583432912826538
layer4.0.conv3.weight,311,layer4.0.conv3.weight_ch311,1.5578235387802124
layer4.0.conv3.weight,598,layer4.0.conv3.weight_ch598,1.5576565265655518
layer3.5.conv3.weight,659,layer3.5.conv3.weight_ch659,1.5574593544006348
layer3.0.conv3.weight,896,layer3.0.conv3.weight_ch896,1.5567597150802612
layer3.0.conv3.weight,242,layer3.0.conv3.weight_ch242,1.5560921430587769
layer4.0.conv3.weight,385,layer4.0.conv3.weight_ch385,1.5560247898101807
layer4.0.conv3.weight,661,layer4.0.conv3.weight_ch661,1.5558640956878662
layer3.2.conv2.weight,245,layer3.2.conv2.weight_ch245,1.5553902387619019
layer3.2.conv3.weight,981,layer3.2.conv3.weight_ch981,1.5552380084991455
layer4.0.conv3.weight,938,layer4.0.conv3.weight_ch938,1.554978370666504
layer2.1.conv3.weight,96,layer2.1.conv3.weight_ch96,1.554917335510254
layer3.1.conv3.weight,219,layer3.1.conv3.weight_ch219,1.5547740459442139
layer3.0.conv2.weight,197,layer3.0.conv2.weight_ch197,1.5546189546585083
layer4.1.conv1.weight,103,layer4.1.conv1.weight_ch103,1.5542000532150269
layer3.3.conv3.weight,970,layer3.3.conv3.weight_ch970,1.55341374874115
layer2.1.conv3.weight,487,layer2.1.conv3.weight_ch487,1.553120493888855
layer3.5.conv3.weight,765,layer3.5.conv3.weight_ch765,1.5527547597885132
layer3.3.conv3.weight,715,layer3.3.conv3.weight_ch715,1.5525233745574951
layer4.0.conv3.weight,1901,layer4.0.conv3.weight_ch1901,1.5522884130477905
layer3.3.conv3.weight,912,layer3.3.conv3.weight_ch912,1.5521972179412842
layer3.0.conv3.weight,303,layer3.0.conv3.weight_ch303,1.5520321130752563
layer1.2.conv3.weight,186,layer1.2.conv3.weight_ch186,1.5518666505813599
layer4.0.conv3.weight,1070,layer4.0.conv3.weight_ch1070,1.551527500152588
layer3.2.conv3.weight,78,layer3.2.conv3.weight_ch78,1.5513014793395996
layer3.0.conv3.weight,620,layer3.0.conv3.weight_ch620,1.55110502243042
layer3.3.conv3.weight,757,layer3.3.conv3.weight_ch757,1.5510047674179077
layer3.2.conv2.weight,179,layer3.2.conv2.weight_ch179,1.5509581565856934
layer3.2.conv2.weight,123,layer3.2.conv2.weight_ch123,1.550872564315796
layer4.1.conv1.weight,424,layer4.1.conv1.weight_ch424,1.5507957935333252
layer3.1.conv3.weight,878,layer3.1.conv3.weight_ch878,1.5506384372711182
layer3.3.conv3.weight,597,layer3.3.conv3.weight_ch597,1.5500423908233643
layer3.0.conv2.weight,58,layer3.0.conv2.weight_ch58,1.549682855606079
layer2.1.conv3.weight,460,layer2.1.conv3.weight_ch460,1.5494940280914307
layer4.0.conv3.weight,613,layer4.0.conv3.weight_ch613,1.5493988990783691
layer3.3.conv3.weight,45,layer3.3.conv3.weight_ch45,1.5491645336151123
layer3.1.conv3.weight,354,layer3.1.conv3.weight_ch354,1.5489461421966553
layer3.1.conv3.weight,619,layer3.1.conv3.weight_ch619,1.5489202737808228
layer4.0.conv3.weight,709,layer4.0.conv3.weight_ch709,1.5488872528076172
layer4.0.conv3.weight,856,layer4.0.conv3.weight_ch856,1.5488802194595337
layer4.0.conv3.weight,478,layer4.0.conv3.weight_ch478,1.5488719940185547
layer4.1.conv1.weight,59,layer4.1.conv1.weight_ch59,1.5487116575241089
layer3.0.conv3.weight,337,layer3.0.conv3.weight_ch337,1.5485575199127197
layer3.3.conv3.weight,766,layer3.3.conv3.weight_ch766,1.5481312274932861
layer3.1.conv3.weight,411,layer3.1.conv3.weight_ch411,1.5481085777282715
layer4.0.conv3.weight,409,layer4.0.conv3.weight_ch409,1.5478997230529785
layer3.1.conv3.weight,269,layer3.1.conv3.weight_ch269,1.5475610494613647
layer3.2.conv3.weight,969,layer3.2.conv3.weight_ch969,1.5475322008132935
layer4.0.conv3.weight,825,layer4.0.conv3.weight_ch825,1.5475189685821533
layer3.5.conv3.weight,681,layer3.5.conv3.weight_ch681,1.5469986200332642
layer4.0.conv3.weight,270,layer4.0.conv3.weight_ch270,1.5469369888305664
layer3.2.conv1.weight,227,layer3.2.conv1.weight_ch227,1.546882152557373
layer3.2.conv3.weight,740,layer3.2.conv3.weight_ch740,1.5467350482940674
layer4.0.conv3.weight,704,layer4.0.conv3.weight_ch704,1.5466264486312866
layer3.2.conv3.weight,603,layer3.2.conv3.weight_ch603,1.5465337038040161
layer3.0.conv2.weight,180,layer3.0.conv2.weight_ch180,1.5463944673538208
layer3.5.conv3.weight,201,layer3.5.conv3.weight_ch201,1.546250581741333
layer3.3.conv3.weight,124,layer3.3.conv3.weight_ch124,1.546182632446289
layer3.1.conv3.weight,206,layer3.1.conv3.weight_ch206,1.5461724996566772
layer3.2.conv3.weight,750,layer3.2.conv3.weight_ch750,1.5460389852523804
layer3.0.conv3.weight,977,layer3.0.conv3.weight_ch977,1.5460214614868164
layer3.0.conv3.weight,324,layer3.0.conv3.weight_ch324,1.545939564704895
layer4.0.conv3.weight,1310,layer4.0.conv3.weight_ch1310,1.5458736419677734
layer3.5.conv3.weight,679,layer3.5.conv3.weight_ch679,1.5457221269607544
layer3.0.conv3.weight,979,layer3.0.conv3.weight_ch979,1.5455045700073242
layer4.0.conv3.weight,1415,layer4.0.conv3.weight_ch1415,1.5453994274139404
layer4.0.conv3.weight,1361,layer4.0.conv3.weight_ch1361,1.5451643466949463
layer3.2.conv1.weight,27,layer3.2.conv1.weight_ch27,1.545156717300415
layer4.0.conv3.weight,1454,layer4.0.conv3.weight_ch1454,1.5450479984283447
layer3.3.conv3.weight,177,layer3.3.conv3.weight_ch177,1.5448874235153198
layer2.1.conv3.weight,166,layer2.1.conv3.weight_ch166,1.5443083047866821
layer4.0.conv3.weight,1117,layer4.0.conv3.weight_ch1117,1.544128656387329
layer3.3.conv3.weight,915,layer3.3.conv3.weight_ch915,1.5438770055770874
layer3.1.conv3.weight,575,layer3.1.conv3.weight_ch575,1.5437562465667725
layer3.0.conv3.weight,858,layer3.0.conv3.weight_ch858,1.5434550046920776
layer3.2.conv3.weight,758,layer3.2.conv3.weight_ch758,1.5434142351150513
layer4.0.conv3.weight,321,layer4.0.conv3.weight_ch321,1.543160319328308
layer3.3.conv3.weight,861,layer3.3.conv3.weight_ch861,1.543025255203247
layer2.1.conv3.weight,470,layer2.1.conv3.weight_ch470,1.542777419090271
layer3.0.conv3.weight,266,layer3.0.conv3.weight_ch266,1.5424500703811646
layer3.1.conv3.weight,435,layer3.1.conv3.weight_ch435,1.5423216819763184
layer3.5.conv3.weight,112,layer3.5.conv3.weight_ch112,1.5422945022583008
layer3.3.conv3.weight,630,layer3.3.conv3.weight_ch630,1.542282223701477
layer3.5.conv3.weight,910,layer3.5.conv3.weight_ch910,1.542156457901001
layer3.5.conv3.weight,327,layer3.5.conv3.weight_ch327,1.5416629314422607
layer3.0.conv3.weight,335,layer3.0.conv3.weight_ch335,1.5415008068084717
layer3.3.conv3.weight,568,layer3.3.conv3.weight_ch568,1.5414503812789917
layer2.1.conv3.weight,111,layer2.1.conv3.weight_ch111,1.541290283203125
layer3.3.conv3.weight,671,layer3.3.conv3.weight_ch671,1.5411412715911865
layer3.2.conv2.weight,114,layer3.2.conv2.weight_ch114,1.5408662557601929
layer3.0.conv2.weight,200,layer3.0.conv2.weight_ch200,1.5407036542892456
layer4.0.conv3.weight,1202,layer4.0.conv3.weight_ch1202,1.5403639078140259
layer3.0.conv3.weight,16,layer3.0.conv3.weight_ch16,1.5398132801055908
layer4.0.conv3.weight,34,layer4.0.conv3.weight_ch34,1.5394841432571411
layer4.0.conv3.weight,2028,layer4.0.conv3.weight_ch2028,1.539365291595459
layer3.5.conv3.weight,40,layer3.5.conv3.weight_ch40,1.5392324924468994
layer2.3.conv2.weight,85,layer2.3.conv2.weight_ch85,1.5382908582687378
layer3.1.conv3.weight,368,layer3.1.conv3.weight_ch368,1.5381247997283936
layer3.2.conv2.weight,126,layer3.2.conv2.weight_ch126,1.5380644798278809
layer2.1.conv3.weight,171,layer2.1.conv3.weight_ch171,1.5380260944366455
layer3.5.conv3.weight,305,layer3.5.conv3.weight_ch305,1.537960410118103
layer3.3.conv3.weight,676,layer3.3.conv3.weight_ch676,1.537735104560852
layer3.2.conv1.weight,193,layer3.2.conv1.weight_ch193,1.5377260446548462
layer3.0.conv3.weight,432,layer3.0.conv3.weight_ch432,1.5369938611984253
layer2.3.conv2.weight,47,layer2.3.conv2.weight_ch47,1.536487340927124
layer3.2.conv2.weight,155,layer3.2.conv2.weight_ch155,1.5363703966140747
layer3.3.conv3.weight,406,layer3.3.conv3.weight_ch406,1.5358457565307617
layer3.3.conv3.weight,66,layer3.3.conv3.weight_ch66,1.5355982780456543
layer4.0.conv3.weight,623,layer4.0.conv3.weight_ch623,1.5354903936386108
layer3.1.conv3.weight,834,layer3.1.conv3.weight_ch834,1.53546941280365
layer4.0.conv3.weight,675,layer4.0.conv3.weight_ch675,1.535374402999878
layer2.0.conv2.weight,79,layer2.0.conv2.weight_ch79,1.535170316696167
layer3.2.conv3.weight,236,layer3.2.conv3.weight_ch236,1.5350126028060913
layer3.5.conv3.weight,209,layer3.5.conv3.weight_ch209,1.5345388650894165
layer3.3.conv3.weight,180,layer3.3.conv3.weight_ch180,1.5342297554016113
layer3.3.conv3.weight,167,layer3.3.conv3.weight_ch167,1.5341356992721558
layer3.0.conv3.weight,589,layer3.0.conv3.weight_ch589,1.5338491201400757
layer3.3.conv3.weight,941,layer3.3.conv3.weight_ch941,1.5337190628051758
layer3.3.conv3.weight,781,layer3.3.conv3.weight_ch781,1.5331732034683228
layer3.2.conv3.weight,706,layer3.2.conv3.weight_ch706,1.5330899953842163
layer3.2.conv3.weight,687,layer3.2.conv3.weight_ch687,1.5320093631744385
layer3.0.conv3.weight,579,layer3.0.conv3.weight_ch579,1.5319404602050781
layer4.0.conv3.weight,1780,layer4.0.conv3.weight_ch1780,1.531875491142273
layer4.1.conv1.weight,459,layer4.1.conv1.weight_ch459,1.5313115119934082
layer3.1.conv3.weight,802,layer3.1.conv3.weight_ch802,1.5312891006469727
layer3.2.conv3.weight,287,layer3.2.conv3.weight_ch287,1.5310137271881104
layer4.0.conv3.weight,99,layer4.0.conv3.weight_ch99,1.5309947729110718
layer3.0.conv3.weight,162,layer3.0.conv3.weight_ch162,1.5307400226593018
layer3.5.conv3.weight,606,layer3.5.conv3.weight_ch606,1.530693531036377
layer4.0.conv3.weight,829,layer4.0.conv3.weight_ch829,1.530514121055603
layer3.3.conv3.weight,78,layer3.3.conv3.weight_ch78,1.530471920967102
layer3.2.conv2.weight,182,layer3.2.conv2.weight_ch182,1.5304667949676514
layer3.3.conv3.weight,552,layer3.3.conv3.weight_ch552,1.5304663181304932
layer3.2.conv2.weight,52,layer3.2.conv2.weight_ch52,1.530224084854126
layer4.0.conv3.weight,2017,layer4.0.conv3.weight_ch2017,1.5299285650253296
layer3.5.conv3.weight,595,layer3.5.conv3.weight_ch595,1.5299139022827148
layer4.0.conv3.weight,1488,layer4.0.conv3.weight_ch1488,1.529567003250122
layer3.5.conv3.weight,525,layer3.5.conv3.weight_ch525,1.5294671058654785
layer3.2.conv3.weight,685,layer3.2.conv3.weight_ch685,1.5294091701507568
layer4.0.conv3.weight,464,layer4.0.conv3.weight_ch464,1.5293910503387451
layer4.1.conv1.weight,188,layer4.1.conv1.weight_ch188,1.529111623764038
layer4.0.conv3.weight,181,layer4.0.conv3.weight_ch181,1.5289969444274902
layer3.2.conv2.weight,217,layer3.2.conv2.weight_ch217,1.5287848711013794
layer3.2.conv3.weight,977,layer3.2.conv3.weight_ch977,1.5284802913665771
layer3.5.conv3.weight,847,layer3.5.conv3.weight_ch847,1.5282866954803467
layer4.0.conv3.weight,977,layer4.0.conv3.weight_ch977,1.5282644033432007
layer3.5.conv3.weight,908,layer3.5.conv3.weight_ch908,1.5272408723831177
layer3.0.conv3.weight,971,layer3.0.conv3.weight_ch971,1.5271786451339722
layer2.3.conv2.weight,45,layer2.3.conv2.weight_ch45,1.5267360210418701
layer3.2.conv3.weight,578,layer3.2.conv3.weight_ch578,1.5266878604888916
layer4.0.conv3.weight,457,layer4.0.conv3.weight_ch457,1.5259332656860352
layer4.0.conv3.weight,73,layer4.0.conv3.weight_ch73,1.525783658027649
layer4.0.conv3.weight,554,layer4.0.conv3.weight_ch554,1.5254895687103271
layer3.5.conv3.weight,740,layer3.5.conv3.weight_ch740,1.5254743099212646
layer3.3.conv3.weight,998,layer3.3.conv3.weight_ch998,1.5252326726913452
layer3.1.conv3.weight,624,layer3.1.conv3.weight_ch624,1.5249680280685425
layer3.1.conv3.weight,3,layer3.1.conv3.weight_ch3,1.524958848953247
layer4.0.conv3.weight,143,layer4.0.conv3.weight_ch143,1.524850845336914
layer4.0.conv3.weight,996,layer4.0.conv3.weight_ch996,1.524751901626587
layer3.3.conv3.weight,375,layer3.3.conv3.weight_ch375,1.5246177911758423
layer3.2.conv3.weight,748,layer3.2.conv3.weight_ch748,1.5244249105453491
layer4.0.conv3.weight,984,layer4.0.conv3.weight_ch984,1.5237654447555542
layer3.2.conv3.weight,73,layer3.2.conv3.weight_ch73,1.5231022834777832
layer4.0.conv3.weight,410,layer4.0.conv3.weight_ch410,1.5229337215423584
layer3.2.conv3.weight,976,layer3.2.conv3.weight_ch976,1.5227899551391602
layer2.1.conv3.weight,109,layer2.1.conv3.weight_ch109,1.522542119026184
layer3.1.conv3.weight,116,layer3.1.conv3.weight_ch116,1.5223665237426758
layer3.5.conv3.weight,180,layer3.5.conv3.weight_ch180,1.5217030048370361
layer2.1.conv3.weight,363,layer2.1.conv3.weight_ch363,1.5215175151824951
layer3.2.conv3.weight,237,layer3.2.conv3.weight_ch237,1.5211906433105469
layer3.5.conv3.weight,214,layer3.5.conv3.weight_ch214,1.5210886001586914
layer4.0.conv3.weight,1093,layer4.0.conv3.weight_ch1093,1.5209640264511108
layer4.0.conv3.weight,1986,layer4.0.conv3.weight_ch1986,1.5207338333129883
layer3.1.conv3.weight,580,layer3.1.conv3.weight_ch580,1.5204583406448364
layer4.0.conv3.weight,1200,layer4.0.conv3.weight_ch1200,1.5204561948776245
layer4.0.conv3.weight,446,layer4.0.conv3.weight_ch446,1.520066738128662
layer2.1.conv3.weight,418,layer2.1.conv3.weight_ch418,1.5198285579681396
layer3.3.conv3.weight,90,layer3.3.conv3.weight_ch90,1.5196682214736938
layer2.0.conv1.weight,55,layer2.0.conv1.weight_ch55,1.5195443630218506
layer4.0.conv3.weight,223,layer4.0.conv3.weight_ch223,1.5190500020980835
layer4.0.conv3.weight,1928,layer4.0.conv3.weight_ch1928,1.518951654434204
layer2.1.conv3.weight,10,layer2.1.conv3.weight_ch10,1.5183782577514648
layer3.0.conv3.weight,514,layer3.0.conv3.weight_ch514,1.5178700685501099
layer3.0.conv2.weight,50,layer3.0.conv2.weight_ch50,1.517410397529602
layer4.0.conv3.weight,1726,layer4.0.conv3.weight_ch1726,1.5171339511871338
layer3.2.conv3.weight,661,layer3.2.conv3.weight_ch661,1.51683509349823
layer3.2.conv3.weight,460,layer3.2.conv3.weight_ch460,1.5163861513137817
layer3.1.conv3.weight,772,layer3.1.conv3.weight_ch772,1.5159623622894287
layer3.5.conv3.weight,263,layer3.5.conv3.weight_ch263,1.51589035987854
layer4.0.conv3.weight,1403,layer4.0.conv3.weight_ch1403,1.515790581703186
layer4.0.conv3.weight,880,layer4.0.conv3.weight_ch880,1.514918565750122
layer4.0.conv3.weight,1320,layer4.0.conv3.weight_ch1320,1.5148980617523193
layer3.5.conv3.weight,393,layer3.5.conv3.weight_ch393,1.514878749847412
layer3.5.conv3.weight,510,layer3.5.conv3.weight_ch510,1.5148067474365234
layer4.0.conv3.weight,89,layer4.0.conv3.weight_ch89,1.514721393585205
layer4.0.conv3.weight,1355,layer4.0.conv3.weight_ch1355,1.5144085884094238
layer3.0.conv3.weight,172,layer3.0.conv3.weight_ch172,1.5141514539718628
layer3.2.conv3.weight,720,layer3.2.conv3.weight_ch720,1.5139570236206055
layer3.2.conv2.weight,213,layer3.2.conv2.weight_ch213,1.5137187242507935
layer3.5.conv3.weight,568,layer3.5.conv3.weight_ch568,1.5136651992797852
layer4.0.conv3.weight,982,layer4.0.conv3.weight_ch982,1.5132801532745361
layer3.3.conv3.weight,734,layer3.3.conv3.weight_ch734,1.513264536857605
layer3.2.conv1.weight,203,layer3.2.conv1.weight_ch203,1.5127352476119995
layer3.2.conv3.weight,817,layer3.2.conv3.weight_ch817,1.5126763582229614
layer4.0.conv3.weight,662,layer4.0.conv3.weight_ch662,1.5126439332962036
layer3.0.conv3.weight,133,layer3.0.conv3.weight_ch133,1.5125638246536255
layer4.0.conv3.weight,1948,layer4.0.conv3.weight_ch1948,1.512541651725769
layer3.2.conv3.weight,333,layer3.2.conv3.weight_ch333,1.511913776397705
layer3.2.conv3.weight,84,layer3.2.conv3.weight_ch84,1.5116910934448242
layer4.0.conv3.weight,1893,layer4.0.conv3.weight_ch1893,1.5115774869918823
layer3.2.conv3.weight,645,layer3.2.conv3.weight_ch645,1.511441946029663
layer2.0.conv2.weight,119,layer2.0.conv2.weight_ch119,1.5112518072128296
layer3.3.conv3.weight,830,layer3.3.conv3.weight_ch830,1.511146903038025
layer3.2.conv3.weight,318,layer3.2.conv3.weight_ch318,1.5111263990402222
layer2.0.conv1.weight,60,layer2.0.conv1.weight_ch60,1.5108306407928467
layer3.5.conv3.weight,553,layer3.5.conv3.weight_ch553,1.5107673406600952
layer3.2.conv1.weight,212,layer3.2.conv1.weight_ch212,1.510624885559082
layer3.2.conv1.weight,130,layer3.2.conv1.weight_ch130,1.5105575323104858
layer4.0.conv3.weight,1069,layer4.0.conv3.weight_ch1069,1.5105558633804321
layer3.1.conv3.weight,181,layer3.1.conv3.weight_ch181,1.510351538658142
layer4.1.conv1.weight,361,layer4.1.conv1.weight_ch361,1.5101280212402344
layer3.5.conv3.weight,115,layer3.5.conv3.weight_ch115,1.5099116563796997
layer4.0.conv3.weight,415,layer4.0.conv3.weight_ch415,1.5095229148864746
layer3.2.conv3.weight,729,layer3.2.conv3.weight_ch729,1.5092452764511108
layer3.0.conv3.weight,639,layer3.0.conv3.weight_ch639,1.5090678930282593
layer2.3.conv2.weight,66,layer2.3.conv2.weight_ch66,1.5085488557815552
layer4.0.conv3.weight,544,layer4.0.conv3.weight_ch544,1.5082827806472778
layer3.2.conv3.weight,135,layer3.2.conv3.weight_ch135,1.5081425905227661
layer3.3.conv3.weight,154,layer3.3.conv3.weight_ch154,1.507926106452942
layer2.0.conv2.weight,86,layer2.0.conv2.weight_ch86,1.5077494382858276
layer3.5.conv3.weight,142,layer3.5.conv3.weight_ch142,1.507583498954773
layer4.1.conv1.weight,446,layer4.1.conv1.weight_ch446,1.5075786113739014
layer4.0.conv3.weight,8,layer4.0.conv3.weight_ch8,1.5071523189544678
layer3.0.conv3.weight,631,layer3.0.conv3.weight_ch631,1.5070704221725464
layer3.0.conv3.weight,69,layer3.0.conv3.weight_ch69,1.5070627927780151
layer3.3.conv3.weight,380,layer3.3.conv3.weight_ch380,1.5070230960845947
layer3.1.conv3.weight,547,layer3.1.conv3.weight_ch547,1.5066168308258057
layer3.0.conv2.weight,212,layer3.0.conv2.weight_ch212,1.5064940452575684
layer3.0.conv2.weight,199,layer3.0.conv2.weight_ch199,1.5064892768859863
layer4.0.conv3.weight,575,layer4.0.conv3.weight_ch575,1.5064184665679932
layer3.2.conv1.weight,102,layer3.2.conv1.weight_ch102,1.5063625574111938
layer4.1.conv1.weight,64,layer4.1.conv1.weight_ch64,1.5063402652740479
layer3.2.conv1.weight,196,layer3.2.conv1.weight_ch196,1.5062459707260132
layer3.3.conv3.weight,807,layer3.3.conv3.weight_ch807,1.5056909322738647
layer3.5.conv3.weight,435,layer3.5.conv3.weight_ch435,1.5055561065673828
layer3.3.conv3.weight,763,layer3.3.conv3.weight_ch763,1.5052523612976074
layer3.0.conv3.weight,127,layer3.0.conv3.weight_ch127,1.5048067569732666
layer3.0.conv3.weight,423,layer3.0.conv3.weight_ch423,1.504563570022583
layer4.0.conv3.weight,1537,layer4.0.conv3.weight_ch1537,1.5044893026351929
layer4.1.conv1.weight,270,layer4.1.conv1.weight_ch270,1.5042438507080078
layer3.2.conv2.weight,242,layer3.2.conv2.weight_ch242,1.5042331218719482
layer3.2.conv1.weight,100,layer3.2.conv1.weight_ch100,1.504084587097168
layer3.3.conv3.weight,917,layer3.3.conv3.weight_ch917,1.5038979053497314
layer3.2.conv3.weight,827,layer3.2.conv3.weight_ch827,1.5037769079208374
layer4.0.conv3.weight,190,layer4.0.conv3.weight_ch190,1.5035617351531982
layer2.0.conv2.weight,111,layer2.0.conv2.weight_ch111,1.5035349130630493
layer3.3.conv3.weight,787,layer3.3.conv3.weight_ch787,1.503350853919983
layer3.5.conv3.weight,589,layer3.5.conv3.weight_ch589,1.503082513809204
layer3.2.conv3.weight,742,layer3.2.conv3.weight_ch742,1.502996802330017
layer3.3.conv3.weight,690,layer3.3.conv3.weight_ch690,1.5029270648956299
layer3.1.conv3.weight,162,layer3.1.conv3.weight_ch162,1.5028525590896606
layer3.2.conv3.weight,361,layer3.2.conv3.weight_ch361,1.5025125741958618
layer4.0.conv3.weight,1534,layer4.0.conv3.weight_ch1534,1.5023128986358643
layer4.0.conv3.weight,758,layer4.0.conv3.weight_ch758,1.5022743940353394
layer4.0.conv3.weight,131,layer4.0.conv3.weight_ch131,1.502077579498291
layer4.0.conv3.weight,2039,layer4.0.conv3.weight_ch2039,1.5017541646957397
layer4.0.conv3.weight,112,layer4.0.conv3.weight_ch112,1.5016789436340332
layer4.1.conv1.weight,133,layer4.1.conv1.weight_ch133,1.5013097524642944
layer4.1.conv1.weight,85,layer4.1.conv1.weight_ch85,1.5009357929229736
layer3.1.conv3.weight,300,layer3.1.conv3.weight_ch300,1.5008693933486938
layer4.0.conv3.weight,1167,layer4.0.conv3.weight_ch1167,1.500715970993042
layer3.2.conv3.weight,924,layer3.2.conv3.weight_ch924,1.5001024007797241
layer3.2.conv1.weight,182,layer3.2.conv1.weight_ch182,1.4999957084655762
layer3.0.conv2.weight,110,layer3.0.conv2.weight_ch110,1.4999127388000488
layer4.0.conv3.weight,57,layer4.0.conv3.weight_ch57,1.4996641874313354
layer3.1.conv3.weight,930,layer3.1.conv3.weight_ch930,1.4995429515838623
layer3.5.conv3.weight,656,layer3.5.conv3.weight_ch656,1.4994961023330688
layer3.2.conv1.weight,233,layer3.2.conv1.weight_ch233,1.4992974996566772
layer3.0.conv3.weight,171,layer3.0.conv3.weight_ch171,1.499234914779663
layer3.3.conv3.weight,586,layer3.3.conv3.weight_ch586,1.499090552330017
layer2.1.conv3.weight,475,layer2.1.conv3.weight_ch475,1.4986200332641602
layer2.1.conv3.weight,465,layer2.1.conv3.weight_ch465,1.4984935522079468
layer4.0.conv3.weight,352,layer4.0.conv3.weight_ch352,1.4983583688735962
layer3.3.conv3.weight,379,layer3.3.conv3.weight_ch379,1.4979668855667114
layer3.0.conv3.weight,376,layer3.0.conv3.weight_ch376,1.4973340034484863
layer3.5.conv3.weight,392,layer3.5.conv3.weight_ch392,1.4972693920135498
layer4.1.conv1.weight,220,layer4.1.conv1.weight_ch220,1.4969056844711304
layer3.1.conv3.weight,393,layer3.1.conv3.weight_ch393,1.4965713024139404
layer3.1.conv3.weight,250,layer3.1.conv3.weight_ch250,1.4965028762817383
layer3.3.conv3.weight,545,layer3.3.conv3.weight_ch545,1.4964653253555298
layer3.5.conv3.weight,560,layer3.5.conv3.weight_ch560,1.4958420991897583
layer3.2.conv3.weight,830,layer3.2.conv3.weight_ch830,1.4957855939865112
layer3.1.conv3.weight,795,layer3.1.conv3.weight_ch795,1.4955703020095825
layer4.0.conv3.weight,154,layer4.0.conv3.weight_ch154,1.4954584836959839
layer3.2.conv3.weight,445,layer3.2.conv3.weight_ch445,1.4948281049728394
layer3.2.conv1.weight,97,layer3.2.conv1.weight_ch97,1.4944881200790405
layer4.1.conv1.weight,49,layer4.1.conv1.weight_ch49,1.4937695264816284
layer4.0.conv3.weight,828,layer4.0.conv3.weight_ch828,1.4936796426773071
layer3.2.conv1.weight,3,layer3.2.conv1.weight_ch3,1.4935078620910645
layer3.0.conv3.weight,253,layer3.0.conv3.weight_ch253,1.4932960271835327
layer3.2.conv3.weight,928,layer3.2.conv3.weight_ch928,1.4932656288146973
layer3.0.conv3.weight,759,layer3.0.conv3.weight_ch759,1.4928491115570068
layer4.0.conv3.weight,1535,layer4.0.conv3.weight_ch1535,1.4927374124526978
layer4.0.conv3.weight,1757,layer4.0.conv3.weight_ch1757,1.492559552192688
layer4.0.conv3.weight,1439,layer4.0.conv3.weight_ch1439,1.4924005270004272
layer4.0.conv3.weight,827,layer4.0.conv3.weight_ch827,1.4921046495437622
layer3.3.conv3.weight,93,layer3.3.conv3.weight_ch93,1.4920549392700195
layer3.2.conv2.weight,64,layer3.2.conv2.weight_ch64,1.491835117340088
layer3.0.conv3.weight,723,layer3.0.conv3.weight_ch723,1.4917486906051636
layer4.0.conv3.weight,969,layer4.0.conv3.weight_ch969,1.491708517074585
layer3.0.conv3.weight,537,layer3.0.conv3.weight_ch537,1.4911800622940063
layer4.0.conv3.weight,784,layer4.0.conv3.weight_ch784,1.490463376045227
layer2.0.conv1.weight,14,layer2.0.conv1.weight_ch14,1.4903790950775146
layer3.1.conv3.weight,96,layer3.1.conv3.weight_ch96,1.490346908569336
layer3.5.conv3.weight,778,layer3.5.conv3.weight_ch778,1.4901063442230225
layer3.3.conv3.weight,557,layer3.3.conv3.weight_ch557,1.4900318384170532
layer4.0.conv3.weight,913,layer4.0.conv3.weight_ch913,1.4899327754974365
layer4.0.conv3.weight,1224,layer4.0.conv3.weight_ch1224,1.489627718925476
layer2.0.conv2.weight,57,layer2.0.conv2.weight_ch57,1.4895093441009521
layer1.2.conv3.weight,5,layer1.2.conv3.weight_ch5,1.4893646240234375
layer3.3.conv3.weight,920,layer3.3.conv3.weight_ch920,1.4893287420272827
layer2.0.conv1.weight,104,layer2.0.conv1.weight_ch104,1.4888662099838257
layer4.0.conv3.weight,518,layer4.0.conv3.weight_ch518,1.488669753074646
layer3.2.conv3.weight,443,layer3.2.conv3.weight_ch443,1.4886126518249512
layer4.0.conv3.weight,1356,layer4.0.conv3.weight_ch1356,1.488276720046997
layer4.0.conv3.weight,2043,layer4.0.conv3.weight_ch2043,1.488252878189087
layer3.3.conv3.weight,979,layer3.3.conv3.weight_ch979,1.4878835678100586
layer2.1.conv3.weight,252,layer2.1.conv3.weight_ch252,1.487856388092041
layer3.2.conv3.weight,562,layer3.2.conv3.weight_ch562,1.487663745880127
layer3.3.conv3.weight,237,layer3.3.conv3.weight_ch237,1.4874756336212158
layer3.0.conv3.weight,717,layer3.0.conv3.weight_ch717,1.4872633218765259
layer3.5.conv3.weight,519,layer3.5.conv3.weight_ch519,1.4870747327804565
layer3.0.conv3.weight,908,layer3.0.conv3.weight_ch908,1.4869307279586792
layer1.2.conv3.weight,104,layer1.2.conv3.weight_ch104,1.4868441820144653
layer4.0.conv3.weight,683,layer4.0.conv3.weight_ch683,1.4867475032806396
layer4.0.conv3.weight,1639,layer4.0.conv3.weight_ch1639,1.4866526126861572
layer3.2.conv3.weight,515,layer3.2.conv3.weight_ch515,1.4865862131118774
layer3.5.conv3.weight,846,layer3.5.conv3.weight_ch846,1.4859073162078857
layer3.2.conv3.weight,216,layer3.2.conv3.weight_ch216,1.4858858585357666
layer3.0.conv3.weight,939,layer3.0.conv3.weight_ch939,1.4857887029647827
layer3.5.conv3.weight,734,layer3.5.conv3.weight_ch734,1.4856394529342651
layer3.5.conv3.weight,904,layer3.5.conv3.weight_ch904,1.4856224060058594
layer4.0.conv3.weight,643,layer4.0.conv3.weight_ch643,1.4856221675872803
layer3.3.conv3.weight,350,layer3.3.conv3.weight_ch350,1.4856154918670654
layer4.1.conv1.weight,120,layer4.1.conv1.weight_ch120,1.4856061935424805
layer3.1.conv3.weight,263,layer3.1.conv3.weight_ch263,1.4853570461273193
layer3.5.conv3.weight,813,layer3.5.conv3.weight_ch813,1.4849950075149536
layer4.0.conv3.weight,374,layer4.0.conv3.weight_ch374,1.484974980354309
layer3.0.conv3.weight,879,layer3.0.conv3.weight_ch879,1.4848508834838867
layer3.1.conv3.weight,437,layer3.1.conv3.weight_ch437,1.4848181009292603
layer4.0.conv3.weight,571,layer4.0.conv3.weight_ch571,1.484780192375183
layer4.0.conv3.weight,151,layer4.0.conv3.weight_ch151,1.4847205877304077
layer3.3.conv3.weight,916,layer3.3.conv3.weight_ch916,1.4846351146697998
layer4.0.conv3.weight,726,layer4.0.conv3.weight_ch726,1.4844411611557007
layer4.0.conv3.weight,1821,layer4.0.conv3.weight_ch1821,1.4839401245117188
layer3.1.conv3.weight,690,layer3.1.conv3.weight_ch690,1.4837088584899902
layer4.0.conv3.weight,1892,layer4.0.conv3.weight_ch1892,1.483583927154541
layer3.5.conv3.weight,987,layer3.5.conv3.weight_ch987,1.4835691452026367
layer3.0.conv3.weight,660,layer3.0.conv3.weight_ch660,1.483485460281372
layer4.0.conv3.weight,172,layer4.0.conv3.weight_ch172,1.483341932296753
layer2.3.conv2.weight,10,layer2.3.conv2.weight_ch10,1.4832327365875244
layer3.3.conv3.weight,302,layer3.3.conv3.weight_ch302,1.483062982559204
layer3.0.conv3.weight,788,layer3.0.conv3.weight_ch788,1.482865333557129
layer4.0.conv3.weight,1311,layer4.0.conv3.weight_ch1311,1.4827865362167358
layer4.0.conv3.weight,1880,layer4.0.conv3.weight_ch1880,1.4825388193130493
layer3.3.conv3.weight,497,layer3.3.conv3.weight_ch497,1.4819600582122803
layer4.0.conv3.weight,809,layer4.0.conv3.weight_ch809,1.4818179607391357
layer3.0.conv2.weight,141,layer3.0.conv2.weight_ch141,1.4807804822921753
layer3.1.conv3.weight,212,layer3.1.conv3.weight_ch212,1.4806938171386719
layer4.0.conv3.weight,187,layer4.0.conv3.weight_ch187,1.4806194305419922
layer3.2.conv2.weight,252,layer3.2.conv2.weight_ch252,1.4806129932403564
layer2.3.conv2.weight,97,layer2.3.conv2.weight_ch97,1.4802793264389038
layer3.3.conv3.weight,280,layer3.3.conv3.weight_ch280,1.4799582958221436
layer3.2.conv3.weight,974,layer3.2.conv3.weight_ch974,1.4796737432479858
layer3.3.conv3.weight,203,layer3.3.conv3.weight_ch203,1.4795345067977905
layer3.2.conv3.weight,138,layer3.2.conv3.weight_ch138,1.4792883396148682
layer3.1.conv3.weight,979,layer3.1.conv3.weight_ch979,1.479240894317627
layer3.1.conv3.weight,458,layer3.1.conv3.weight_ch458,1.4787057638168335
layer3.1.conv3.weight,604,layer3.1.conv3.weight_ch604,1.4787002801895142
layer4.0.conv3.weight,207,layer4.0.conv3.weight_ch207,1.478556513786316
layer3.0.conv2.weight,150,layer3.0.conv2.weight_ch150,1.478158712387085
layer3.2.conv1.weight,98,layer3.2.conv1.weight_ch98,1.4781043529510498
layer4.0.conv3.weight,759,layer4.0.conv3.weight_ch759,1.477967381477356
layer2.1.conv3.weight,354,layer2.1.conv3.weight_ch354,1.4778270721435547
layer4.0.conv3.weight,1205,layer4.0.conv3.weight_ch1205,1.4777112007141113
layer3.2.conv3.weight,699,layer3.2.conv3.weight_ch699,1.4776301383972168
layer3.0.conv3.weight,793,layer3.0.conv3.weight_ch793,1.4775925874710083
layer3.2.conv3.weight,476,layer3.2.conv3.weight_ch476,1.4774965047836304
layer3.2.conv3.weight,372,layer3.2.conv3.weight_ch372,1.4774525165557861
layer4.0.conv3.weight,1091,layer4.0.conv3.weight_ch1091,1.477056622505188
layer4.0.conv3.weight,2,layer4.0.conv3.weight_ch2,1.4770433902740479
layer3.5.conv3.weight,182,layer3.5.conv3.weight_ch182,1.476946234703064
layer2.1.conv3.weight,432,layer2.1.conv3.weight_ch432,1.476561188697815
layer3.1.conv3.weight,189,layer3.1.conv3.weight_ch189,1.4760262966156006
layer3.3.conv3.weight,96,layer3.3.conv3.weight_ch96,1.4760005474090576
layer1.2.conv3.weight,209,layer1.2.conv3.weight_ch209,1.4759764671325684
layer3.2.conv3.weight,422,layer3.2.conv3.weight_ch422,1.4757951498031616
layer3.3.conv3.weight,624,layer3.3.conv3.weight_ch624,1.4757081270217896
layer4.0.conv3.weight,1317,layer4.0.conv3.weight_ch1317,1.4756176471710205
layer2.3.conv2.weight,17,layer2.3.conv2.weight_ch17,1.4755717515945435
layer3.2.conv3.weight,942,layer3.2.conv3.weight_ch942,1.4754570722579956
layer3.3.conv3.weight,468,layer3.3.conv3.weight_ch468,1.4744319915771484
layer2.1.conv3.weight,230,layer2.1.conv3.weight_ch230,1.4743902683258057
layer3.5.conv3.weight,83,layer3.5.conv3.weight_ch83,1.4740649461746216
layer2.0.conv2.weight,73,layer2.0.conv2.weight_ch73,1.473541259765625
layer3.2.conv2.weight,106,layer3.2.conv2.weight_ch106,1.4732781648635864
layer3.0.conv2.weight,245,layer3.0.conv2.weight_ch245,1.473063349723816
layer4.0.conv3.weight,412,layer4.0.conv3.weight_ch412,1.4729129076004028
layer2.1.conv3.weight,497,layer2.1.conv3.weight_ch497,1.47272527217865
layer3.1.conv3.weight,768,layer3.1.conv3.weight_ch768,1.4727087020874023
layer3.5.conv3.weight,490,layer3.5.conv3.weight_ch490,1.4724639654159546
layer2.0.conv1.weight,54,layer2.0.conv1.weight_ch54,1.4718823432922363
layer3.0.conv3.weight,920,layer3.0.conv3.weight_ch920,1.4717168807983398
layer4.0.conv3.weight,701,layer4.0.conv3.weight_ch701,1.4717046022415161
layer4.0.conv3.weight,1885,layer4.0.conv3.weight_ch1885,1.4715772867202759
layer4.0.conv3.weight,386,layer4.0.conv3.weight_ch386,1.4715399742126465
layer4.0.conv3.weight,1812,layer4.0.conv3.weight_ch1812,1.470918893814087
layer3.2.conv3.weight,809,layer3.2.conv3.weight_ch809,1.4706629514694214
layer4.0.conv3.weight,425,layer4.0.conv3.weight_ch425,1.4705839157104492
layer1.2.conv3.weight,101,layer1.2.conv3.weight_ch101,1.4701714515686035
layer3.0.conv3.weight,565,layer3.0.conv3.weight_ch565,1.469889760017395
layer4.0.conv3.weight,1926,layer4.0.conv3.weight_ch1926,1.4698822498321533
layer2.1.conv3.weight,458,layer2.1.conv3.weight_ch458,1.4698435068130493
layer3.1.conv3.weight,491,layer3.1.conv3.weight_ch491,1.4697896242141724
layer2.3.conv2.weight,55,layer2.3.conv2.weight_ch55,1.4694358110427856
layer3.0.conv3.weight,237,layer3.0.conv3.weight_ch237,1.4693882465362549
layer3.0.conv3.weight,658,layer3.0.conv3.weight_ch658,1.4687457084655762
layer3.2.conv3.weight,561,layer3.2.conv3.weight_ch561,1.4687166213989258
layer3.2.conv3.weight,637,layer3.2.conv3.weight_ch637,1.4687045812606812
layer4.0.conv3.weight,1268,layer4.0.conv3.weight_ch1268,1.4686758518218994
layer4.0.conv3.weight,256,layer4.0.conv3.weight_ch256,1.4685795307159424
layer3.3.conv3.weight,121,layer3.3.conv3.weight_ch121,1.4684958457946777
layer3.2.conv1.weight,77,layer3.2.conv1.weight_ch77,1.4683585166931152
layer4.0.conv3.weight,121,layer4.0.conv3.weight_ch121,1.4679479598999023
layer3.5.conv3.weight,145,layer3.5.conv3.weight_ch145,1.467805027961731
layer3.0.conv3.weight,100,layer3.0.conv3.weight_ch100,1.4677579402923584
layer4.0.conv3.weight,1105,layer4.0.conv3.weight_ch1105,1.4676368236541748
layer4.0.conv3.weight,1270,layer4.0.conv3.weight_ch1270,1.467201828956604
layer3.1.conv3.weight,144,layer3.1.conv3.weight_ch144,1.467155933380127
layer4.0.conv3.weight,161,layer4.0.conv3.weight_ch161,1.467013955116272
layer3.0.conv2.weight,186,layer3.0.conv2.weight_ch186,1.4668914079666138
layer3.5.conv3.weight,513,layer3.5.conv3.weight_ch513,1.4668835401535034
layer3.2.conv3.weight,992,layer3.2.conv3.weight_ch992,1.4668328762054443
layer3.0.conv3.weight,962,layer3.0.conv3.weight_ch962,1.4665805101394653
layer3.3.conv3.weight,1011,layer3.3.conv3.weight_ch1011,1.4663653373718262
layer4.0.conv3.weight,1590,layer4.0.conv3.weight_ch1590,1.4663509130477905
layer3.5.conv3.weight,745,layer3.5.conv3.weight_ch745,1.465550422668457
layer3.5.conv3.weight,728,layer3.5.conv3.weight_ch728,1.4655474424362183
layer3.2.conv3.weight,27,layer3.2.conv3.weight_ch27,1.465508222579956
layer4.0.conv3.weight,1826,layer4.0.conv3.weight_ch1826,1.4652366638183594
layer3.3.conv3.weight,122,layer3.3.conv3.weight_ch122,1.4648196697235107
layer4.1.conv1.weight,82,layer4.1.conv1.weight_ch82,1.4648003578186035
layer4.0.conv3.weight,506,layer4.0.conv3.weight_ch506,1.4641128778457642
layer3.5.conv3.weight,300,layer3.5.conv3.weight_ch300,1.4641108512878418
layer3.0.conv3.weight,608,layer3.0.conv3.weight_ch608,1.4636330604553223
layer3.0.conv3.weight,771,layer3.0.conv3.weight_ch771,1.4633324146270752
layer3.2.conv2.weight,132,layer3.2.conv2.weight_ch132,1.463047981262207
layer3.2.conv1.weight,31,layer3.2.conv1.weight_ch31,1.4628427028656006
layer3.5.conv3.weight,598,layer3.5.conv3.weight_ch598,1.4628326892852783
layer4.0.conv3.weight,2011,layer4.0.conv3.weight_ch2011,1.4627970457077026
layer3.5.conv3.weight,576,layer3.5.conv3.weight_ch576,1.4625842571258545
layer2.1.conv3.weight,511,layer2.1.conv3.weight_ch511,1.4624954462051392
layer2.0.conv2.weight,22,layer2.0.conv2.weight_ch22,1.4623874425888062
layer4.0.conv3.weight,1330,layer4.0.conv3.weight_ch1330,1.4623613357543945
layer1.2.conv3.weight,252,layer1.2.conv3.weight_ch252,1.4617749452590942
layer4.1.conv1.weight,86,layer4.1.conv1.weight_ch86,1.4613291025161743
layer4.0.conv3.weight,235,layer4.0.conv3.weight_ch235,1.4612154960632324
layer3.2.conv3.weight,40,layer3.2.conv3.weight_ch40,1.4611928462982178
layer3.2.conv3.weight,667,layer3.2.conv3.weight_ch667,1.461154818534851
layer3.5.conv3.weight,445,layer3.5.conv3.weight_ch445,1.4610108137130737
layer3.3.conv3.weight,206,layer3.3.conv3.weight_ch206,1.4605827331542969
layer4.0.conv3.weight,1714,layer4.0.conv3.weight_ch1714,1.4605176448822021
layer4.0.conv3.weight,56,layer4.0.conv3.weight_ch56,1.460512399673462
layer3.2.conv3.weight,979,layer3.2.conv3.weight_ch979,1.4603815078735352
layer3.1.conv3.weight,945,layer3.1.conv3.weight_ch945,1.460268497467041
layer3.2.conv2.weight,237,layer3.2.conv2.weight_ch237,1.4602291584014893
layer3.3.conv3.weight,532,layer3.3.conv3.weight_ch532,1.4596104621887207
layer3.1.conv3.weight,987,layer3.1.conv3.weight_ch987,1.4595930576324463
layer3.5.conv3.weight,388,layer3.5.conv3.weight_ch388,1.4593820571899414
layer4.0.conv3.weight,681,layer4.0.conv3.weight_ch681,1.4589195251464844
layer3.1.conv3.weight,904,layer3.1.conv3.weight_ch904,1.4588220119476318
layer2.0.conv2.weight,9,layer2.0.conv2.weight_ch9,1.4587736129760742
layer4.0.conv3.weight,1712,layer4.0.conv3.weight_ch1712,1.4586594104766846
layer2.3.conv2.weight,38,layer2.3.conv2.weight_ch38,1.4582267999649048
layer3.0.conv3.weight,421,layer3.0.conv3.weight_ch421,1.458216905593872
layer3.5.conv3.weight,351,layer3.5.conv3.weight_ch351,1.4580676555633545
layer3.2.conv1.weight,89,layer3.2.conv1.weight_ch89,1.4578652381896973
layer3.0.conv2.weight,22,layer3.0.conv2.weight_ch22,1.4575564861297607
layer1.2.conv3.weight,173,layer1.2.conv3.weight_ch173,1.4571987390518188
layer2.1.conv3.weight,185,layer2.1.conv3.weight_ch185,1.4571943283081055
layer4.1.conv1.weight,53,layer4.1.conv1.weight_ch53,1.457067608833313
layer4.1.conv1.weight,185,layer4.1.conv1.weight_ch185,1.457053780555725
layer3.5.conv3.weight,535,layer3.5.conv3.weight_ch535,1.4570528268814087
layer3.0.conv3.weight,339,layer3.0.conv3.weight_ch339,1.457013487815857
layer3.2.conv3.weight,396,layer3.2.conv3.weight_ch396,1.4569244384765625
layer3.3.conv3.weight,607,layer3.3.conv3.weight_ch607,1.4568917751312256
layer3.0.conv2.weight,238,layer3.0.conv2.weight_ch238,1.456667184829712
layer3.2.conv3.weight,188,layer3.2.conv3.weight_ch188,1.4566231966018677
layer3.1.conv3.weight,708,layer3.1.conv3.weight_ch708,1.4563724994659424
layer3.1.conv3.weight,179,layer3.1.conv3.weight_ch179,1.4563151597976685
layer4.0.conv3.weight,1650,layer4.0.conv3.weight_ch1650,1.4561492204666138
layer4.0.conv3.weight,329,layer4.0.conv3.weight_ch329,1.455905795097351
layer3.0.conv3.weight,935,layer3.0.conv3.weight_ch935,1.4557946920394897
layer3.3.conv3.weight,773,layer3.3.conv3.weight_ch773,1.455711007118225
layer3.2.conv3.weight,484,layer3.2.conv3.weight_ch484,1.4553416967391968
layer3.2.conv3.weight,621,layer3.2.conv3.weight_ch621,1.455336570739746
layer3.2.conv3.weight,700,layer3.2.conv3.weight_ch700,1.4552948474884033
layer3.0.conv3.weight,982,layer3.0.conv3.weight_ch982,1.4551186561584473
layer3.1.conv3.weight,843,layer3.1.conv3.weight_ch843,1.454961895942688
layer3.3.conv3.weight,549,layer3.3.conv3.weight_ch549,1.4546749591827393
layer4.0.conv3.weight,553,layer4.0.conv3.weight_ch553,1.4546558856964111
layer3.0.conv3.weight,1,layer3.0.conv3.weight_ch1,1.4544141292572021
layer2.3.conv2.weight,21,layer2.3.conv2.weight_ch21,1.4542574882507324
layer2.0.conv2.weight,52,layer2.0.conv2.weight_ch52,1.4541261196136475
layer4.0.conv3.weight,488,layer4.0.conv3.weight_ch488,1.4541196823120117
layer3.1.conv3.weight,373,layer3.1.conv3.weight_ch373,1.4541116952896118
layer3.1.conv3.weight,801,layer3.1.conv3.weight_ch801,1.4540647268295288
layer3.2.conv1.weight,80,layer3.2.conv1.weight_ch80,1.4538596868515015
layer3.3.conv3.weight,304,layer3.3.conv3.weight_ch304,1.4534831047058105
layer3.0.conv3.weight,933,layer3.0.conv3.weight_ch933,1.4533742666244507
layer3.0.conv3.weight,380,layer3.0.conv3.weight_ch380,1.4533246755599976
layer4.0.conv3.weight,1602,layer4.0.conv3.weight_ch1602,1.4532917737960815
layer3.2.conv3.weight,995,layer3.2.conv3.weight_ch995,1.453050136566162
layer3.3.conv3.weight,678,layer3.3.conv3.weight_ch678,1.4529178142547607
layer3.0.conv3.weight,523,layer3.0.conv3.weight_ch523,1.4524897336959839
layer3.3.conv3.weight,501,layer3.3.conv3.weight_ch501,1.452372670173645
layer3.1.conv3.weight,566,layer3.1.conv3.weight_ch566,1.4519659280776978
layer3.1.conv3.weight,344,layer3.1.conv3.weight_ch344,1.4517245292663574
layer3.1.conv3.weight,150,layer3.1.conv3.weight_ch150,1.4516499042510986
layer3.5.conv3.weight,870,layer3.5.conv3.weight_ch870,1.4510581493377686
layer3.2.conv2.weight,243,layer3.2.conv2.weight_ch243,1.450592041015625
layer3.2.conv3.weight,537,layer3.2.conv3.weight_ch537,1.4505866765975952
layer4.0.conv3.weight,2031,layer4.0.conv3.weight_ch2031,1.4505600929260254
layer3.0.conv3.weight,872,layer3.0.conv3.weight_ch872,1.4498655796051025
layer2.1.conv3.weight,243,layer2.1.conv3.weight_ch243,1.4497629404067993
layer4.1.conv1.weight,243,layer4.1.conv1.weight_ch243,1.4496179819107056
layer3.3.conv3.weight,338,layer3.3.conv3.weight_ch338,1.4494876861572266
layer4.0.conv3.weight,1538,layer4.0.conv3.weight_ch1538,1.449407696723938
layer3.5.conv3.weight,630,layer3.5.conv3.weight_ch630,1.448922872543335
layer3.2.conv3.weight,675,layer3.2.conv3.weight_ch675,1.448715090751648
layer3.0.conv3.weight,41,layer3.0.conv3.weight_ch41,1.4486589431762695
layer4.0.conv3.weight,867,layer4.0.conv3.weight_ch867,1.4485377073287964
layer3.2.conv3.weight,828,layer3.2.conv3.weight_ch828,1.4484810829162598
layer4.0.conv3.weight,1151,layer4.0.conv3.weight_ch1151,1.448014736175537
layer3.0.conv2.weight,64,layer3.0.conv2.weight_ch64,1.4472723007202148
layer4.0.conv3.weight,736,layer4.0.conv3.weight_ch736,1.4471356868743896
layer3.0.conv3.weight,728,layer3.0.conv3.weight_ch728,1.4470808506011963
layer4.0.conv3.weight,378,layer4.0.conv3.weight_ch378,1.4465646743774414
layer3.1.conv3.weight,339,layer3.1.conv3.weight_ch339,1.4464306831359863
layer3.5.conv3.weight,283,layer3.5.conv3.weight_ch283,1.4463436603546143
layer3.5.conv3.weight,125,layer3.5.conv3.weight_ch125,1.4462623596191406
layer2.0.conv2.weight,13,layer2.0.conv2.weight_ch13,1.446181297302246
layer3.3.conv3.weight,300,layer3.3.conv3.weight_ch300,1.4457985162734985
layer3.5.conv3.weight,921,layer3.5.conv3.weight_ch921,1.445711612701416
layer3.2.conv3.weight,538,layer3.2.conv3.weight_ch538,1.4454878568649292
layer3.3.conv3.weight,799,layer3.3.conv3.weight_ch799,1.445448875427246
layer3.5.conv3.weight,949,layer3.5.conv3.weight_ch949,1.4454351663589478
layer3.0.conv3.weight,855,layer3.0.conv3.weight_ch855,1.4453376531600952
layer2.0.conv2.weight,120,layer2.0.conv2.weight_ch120,1.4446682929992676
layer3.1.conv3.weight,129,layer3.1.conv3.weight_ch129,1.4446200132369995
layer3.0.conv3.weight,786,layer3.0.conv3.weight_ch786,1.4440257549285889
layer3.2.conv3.weight,144,layer3.2.conv3.weight_ch144,1.4439170360565186
layer3.2.conv3.weight,568,layer3.2.conv3.weight_ch568,1.4436755180358887
layer3.1.conv3.weight,115,layer3.1.conv3.weight_ch115,1.4434795379638672
layer3.2.conv3.weight,455,layer3.2.conv3.weight_ch455,1.4432604312896729
layer3.0.conv3.weight,93,layer3.0.conv3.weight_ch93,1.443162441253662
layer3.0.conv3.weight,672,layer3.0.conv3.weight_ch672,1.4427862167358398
layer3.0.conv3.weight,365,layer3.0.conv3.weight_ch365,1.4427639245986938
layer4.0.conv3.weight,272,layer4.0.conv3.weight_ch272,1.4422571659088135
layer3.1.conv3.weight,282,layer3.1.conv3.weight_ch282,1.4421491622924805
layer2.0.conv2.weight,127,layer2.0.conv2.weight_ch127,1.441954493522644
layer3.1.conv3.weight,721,layer3.1.conv3.weight_ch721,1.4417521953582764
layer3.3.conv3.weight,184,layer3.3.conv3.weight_ch184,1.4417377710342407
layer2.3.conv2.weight,9,layer2.3.conv2.weight_ch9,1.4415795803070068
layer3.2.conv3.weight,297,layer3.2.conv3.weight_ch297,1.441567063331604
layer3.1.conv3.weight,232,layer3.1.conv3.weight_ch232,1.4414576292037964
layer3.1.conv3.weight,421,layer3.1.conv3.weight_ch421,1.4414005279541016
layer3.2.conv2.weight,22,layer3.2.conv2.weight_ch22,1.441357135772705
layer4.1.conv1.weight,465,layer4.1.conv1.weight_ch465,1.441084861755371
layer4.1.conv1.weight,169,layer4.1.conv1.weight_ch169,1.4408706426620483
layer4.0.conv3.weight,966,layer4.0.conv3.weight_ch966,1.4406216144561768
layer4.0.conv3.weight,1431,layer4.0.conv3.weight_ch1431,1.4405672550201416
layer3.2.conv2.weight,103,layer3.2.conv2.weight_ch103,1.4405033588409424
layer3.2.conv2.weight,51,layer3.2.conv2.weight_ch51,1.440430998802185
layer3.2.conv3.weight,844,layer3.2.conv3.weight_ch844,1.440294861793518
layer3.1.conv3.weight,853,layer3.1.conv3.weight_ch853,1.440205454826355
layer3.3.conv3.weight,217,layer3.3.conv3.weight_ch217,1.4400779008865356
layer3.3.conv3.weight,452,layer3.3.conv3.weight_ch452,1.439272403717041
layer3.0.conv3.weight,66,layer3.0.conv3.weight_ch66,1.4390536546707153
layer3.2.conv3.weight,941,layer3.2.conv3.weight_ch941,1.4387589693069458
layer3.3.conv3.weight,232,layer3.3.conv3.weight_ch232,1.4384154081344604
layer3.0.conv3.weight,833,layer3.0.conv3.weight_ch833,1.4383231401443481
layer3.2.conv1.weight,250,layer3.2.conv1.weight_ch250,1.4381117820739746
layer3.0.conv3.weight,2,layer3.0.conv3.weight_ch2,1.4377591609954834
layer3.1.conv3.weight,74,layer3.1.conv3.weight_ch74,1.4376829862594604
layer4.0.conv3.weight,1614,layer4.0.conv3.weight_ch1614,1.437531590461731
layer4.0.conv3.weight,1190,layer4.0.conv3.weight_ch1190,1.4372124671936035
layer4.0.conv3.weight,396,layer4.0.conv3.weight_ch396,1.4370704889297485
layer3.2.conv3.weight,868,layer3.2.conv3.weight_ch868,1.4366955757141113
layer3.3.conv3.weight,63,layer3.3.conv3.weight_ch63,1.4365816116333008
layer4.1.conv1.weight,348,layer4.1.conv1.weight_ch348,1.4364720582962036
layer3.3.conv3.weight,409,layer3.3.conv3.weight_ch409,1.4363065958023071
layer2.3.conv2.weight,52,layer2.3.conv2.weight_ch52,1.4363049268722534
layer3.1.conv3.weight,704,layer3.1.conv3.weight_ch704,1.436089038848877
layer3.0.conv3.weight,919,layer3.0.conv3.weight_ch919,1.4360207319259644
layer3.0.conv3.weight,274,layer3.0.conv3.weight_ch274,1.4359078407287598
layer3.0.conv3.weight,693,layer3.0.conv3.weight_ch693,1.4349117279052734
layer4.0.conv3.weight,1173,layer4.0.conv3.weight_ch1173,1.4348597526550293
layer3.5.conv3.weight,2,layer3.5.conv3.weight_ch2,1.4343926906585693
layer3.3.conv3.weight,62,layer3.3.conv3.weight_ch62,1.434193730354309
layer3.0.conv2.weight,173,layer3.0.conv2.weight_ch173,1.4338196516036987
layer4.0.conv3.weight,1394,layer4.0.conv3.weight_ch1394,1.4338114261627197
layer3.2.conv3.weight,917,layer3.2.conv3.weight_ch917,1.433348536491394
layer4.0.conv3.weight,1554,layer4.0.conv3.weight_ch1554,1.433224081993103
layer3.5.conv3.weight,166,layer3.5.conv3.weight_ch166,1.4331735372543335
layer3.5.conv3.weight,203,layer3.5.conv3.weight_ch203,1.433004379272461
layer3.1.conv3.weight,57,layer3.1.conv3.weight_ch57,1.432558536529541
layer2.0.conv1.weight,56,layer2.0.conv1.weight_ch56,1.432497262954712
layer3.2.conv1.weight,239,layer3.2.conv1.weight_ch239,1.4323841333389282
layer3.0.conv3.weight,992,layer3.0.conv3.weight_ch992,1.4321730136871338
layer1.2.conv3.weight,44,layer1.2.conv3.weight_ch44,1.4321140050888062
layer3.2.conv2.weight,230,layer3.2.conv2.weight_ch230,1.4320825338363647
layer3.0.conv3.weight,929,layer3.0.conv3.weight_ch929,1.4320265054702759
layer2.0.conv2.weight,61,layer2.0.conv2.weight_ch61,1.4319514036178589
layer3.0.conv3.weight,313,layer3.0.conv3.weight_ch313,1.4318872690200806
layer3.1.conv3.weight,456,layer3.1.conv3.weight_ch456,1.4318084716796875
layer3.0.conv3.weight,45,layer3.0.conv3.weight_ch45,1.4315181970596313
layer3.0.conv2.weight,79,layer3.0.conv2.weight_ch79,1.4314243793487549
layer4.0.conv3.weight,597,layer4.0.conv3.weight_ch597,1.4313738346099854
layer4.0.conv3.weight,1036,layer4.0.conv3.weight_ch1036,1.4312422275543213
layer3.2.conv2.weight,82,layer3.2.conv2.weight_ch82,1.4312111139297485
layer3.0.conv3.weight,471,layer3.0.conv3.weight_ch471,1.431178331375122
layer3.3.conv3.weight,320,layer3.3.conv3.weight_ch320,1.4311727285385132
layer4.0.conv3.weight,1781,layer4.0.conv3.weight_ch1781,1.4311513900756836
layer4.0.conv3.weight,1398,layer4.0.conv3.weight_ch1398,1.4309782981872559
layer3.2.conv3.weight,101,layer3.2.conv3.weight_ch101,1.4307777881622314
layer4.0.conv3.weight,1297,layer4.0.conv3.weight_ch1297,1.4307105541229248
layer2.1.conv3.weight,181,layer2.1.conv3.weight_ch181,1.4305371046066284
layer3.2.conv3.weight,162,layer3.2.conv3.weight_ch162,1.4304356575012207
layer3.5.conv3.weight,746,layer3.5.conv3.weight_ch746,1.430269479751587
layer2.3.conv2.weight,127,layer2.3.conv2.weight_ch127,1.4299951791763306
layer2.3.conv2.weight,31,layer2.3.conv2.weight_ch31,1.4298202991485596
layer4.1.conv1.weight,285,layer4.1.conv1.weight_ch285,1.429194688796997
layer3.3.conv3.weight,675,layer3.3.conv3.weight_ch675,1.428968906402588
layer3.2.conv3.weight,201,layer3.2.conv3.weight_ch201,1.4288499355316162
layer4.0.conv3.weight,671,layer4.0.conv3.weight_ch671,1.4287241697311401
layer2.1.conv3.weight,204,layer2.1.conv3.weight_ch204,1.428678035736084
layer4.0.conv3.weight,2008,layer4.0.conv3.weight_ch2008,1.428672432899475
layer3.2.conv1.weight,38,layer3.2.conv1.weight_ch38,1.4283807277679443
layer3.5.conv3.weight,86,layer3.5.conv3.weight_ch86,1.4280232191085815
layer4.0.conv3.weight,605,layer4.0.conv3.weight_ch605,1.4278687238693237
layer3.2.conv3.weight,795,layer3.2.conv3.weight_ch795,1.4277914762496948
layer3.2.conv1.weight,59,layer3.2.conv1.weight_ch59,1.4271621704101562
layer4.0.conv3.weight,1782,layer4.0.conv3.weight_ch1782,1.4267829656600952
layer4.0.conv3.weight,173,layer4.0.conv3.weight_ch173,1.4265053272247314
layer3.5.conv3.weight,826,layer3.5.conv3.weight_ch826,1.426418423652649
layer4.0.conv3.weight,1212,layer4.0.conv3.weight_ch1212,1.4263337850570679
layer4.0.conv3.weight,291,layer4.0.conv3.weight_ch291,1.4261393547058105
layer3.1.conv3.weight,952,layer3.1.conv3.weight_ch952,1.4257333278656006
layer3.0.conv3.weight,293,layer3.0.conv3.weight_ch293,1.4248507022857666
layer3.0.conv2.weight,78,layer3.0.conv2.weight_ch78,1.4245282411575317
layer4.0.conv3.weight,1684,layer4.0.conv3.weight_ch1684,1.4242668151855469
layer4.0.conv3.weight,599,layer4.0.conv3.weight_ch599,1.423877239227295
layer1.2.conv3.weight,120,layer1.2.conv3.weight_ch120,1.4237557649612427
layer3.2.conv3.weight,753,layer3.2.conv3.weight_ch753,1.4236860275268555
layer3.2.conv3.weight,618,layer3.2.conv3.weight_ch618,1.4235795736312866
layer3.1.conv3.weight,753,layer3.1.conv3.weight_ch753,1.423491358757019
layer2.3.conv2.weight,83,layer2.3.conv2.weight_ch83,1.4234755039215088
layer3.3.conv3.weight,952,layer3.3.conv3.weight_ch952,1.4233882427215576
layer4.1.conv1.weight,242,layer4.1.conv1.weight_ch242,1.4228192567825317
layer4.0.conv3.weight,1449,layer4.0.conv3.weight_ch1449,1.4224979877471924
layer3.1.conv3.weight,7,layer3.1.conv3.weight_ch7,1.4224498271942139
layer4.0.conv3.weight,1095,layer4.0.conv3.weight_ch1095,1.4222530126571655
layer3.1.conv3.weight,917,layer3.1.conv3.weight_ch917,1.422076940536499
layer3.2.conv3.weight,168,layer3.2.conv3.weight_ch168,1.4219355583190918
layer4.0.conv3.weight,928,layer4.0.conv3.weight_ch928,1.4218961000442505
layer3.0.conv3.weight,718,layer3.0.conv3.weight_ch718,1.4218013286590576
layer3.2.conv1.weight,90,layer3.2.conv1.weight_ch90,1.4214558601379395
layer2.1.conv3.weight,24,layer2.1.conv3.weight_ch24,1.4212384223937988
layer3.3.conv3.weight,317,layer3.3.conv3.weight_ch317,1.4210554361343384
layer2.1.conv3.weight,5,layer2.1.conv3.weight_ch5,1.4210355281829834
layer4.0.conv3.weight,831,layer4.0.conv3.weight_ch831,1.4208422899246216
layer2.1.conv3.weight,409,layer2.1.conv3.weight_ch409,1.4207322597503662
layer3.3.conv3.weight,126,layer3.3.conv3.weight_ch126,1.4206831455230713
layer3.3.conv3.weight,579,layer3.3.conv3.weight_ch579,1.420011043548584
layer3.0.conv3.weight,865,layer3.0.conv3.weight_ch865,1.4197139739990234
layer3.5.conv3.weight,970,layer3.5.conv3.weight_ch970,1.4196269512176514
layer2.0.conv2.weight,125,layer2.0.conv2.weight_ch125,1.4195034503936768
layer3.2.conv2.weight,236,layer3.2.conv2.weight_ch236,1.419272780418396
layer3.2.conv2.weight,70,layer3.2.conv2.weight_ch70,1.4189890623092651
layer3.2.conv3.weight,784,layer3.2.conv3.weight_ch784,1.4189128875732422
layer4.0.conv3.weight,1002,layer4.0.conv3.weight_ch1002,1.4184285402297974
layer3.3.conv3.weight,900,layer3.3.conv3.weight_ch900,1.418222427368164
layer3.5.conv3.weight,808,layer3.5.conv3.weight_ch808,1.4180948734283447
layer3.3.conv3.weight,850,layer3.3.conv3.weight_ch850,1.417681336402893
layer4.1.conv1.weight,128,layer4.1.conv1.weight_ch128,1.417628288269043
layer3.3.conv3.weight,840,layer3.3.conv3.weight_ch840,1.4175759553909302
layer3.2.conv3.weight,816,layer3.2.conv3.weight_ch816,1.417445182800293
layer3.1.conv3.weight,570,layer3.1.conv3.weight_ch570,1.4174151420593262
layer3.0.conv3.weight,135,layer3.0.conv3.weight_ch135,1.417312741279602
layer3.0.conv3.weight,158,layer3.0.conv3.weight_ch158,1.4171760082244873
layer3.3.conv3.weight,544,layer3.3.conv3.weight_ch544,1.4166735410690308
layer3.1.conv3.weight,804,layer3.1.conv3.weight_ch804,1.4165616035461426
layer3.2.conv2.weight,143,layer3.2.conv2.weight_ch143,1.4164371490478516
layer4.0.conv3.weight,540,layer4.0.conv3.weight_ch540,1.4161709547042847
layer1.2.conv3.weight,58,layer1.2.conv3.weight_ch58,1.4160102605819702
layer3.0.conv3.weight,836,layer3.0.conv3.weight_ch836,1.415955901145935
layer3.5.conv3.weight,318,layer3.5.conv3.weight_ch318,1.415865421295166
layer3.2.conv3.weight,303,layer3.2.conv3.weight_ch303,1.4151923656463623
layer3.2.conv2.weight,195,layer3.2.conv2.weight_ch195,1.4150450229644775
layer3.2.conv3.weight,30,layer3.2.conv3.weight_ch30,1.414984107017517
layer4.0.conv3.weight,1098,layer4.0.conv3.weight_ch1098,1.4148517847061157
layer3.0.conv3.weight,493,layer3.0.conv3.weight_ch493,1.414595603942871
layer4.1.conv1.weight,197,layer4.1.conv1.weight_ch197,1.414509892463684
layer1.2.conv3.weight,117,layer1.2.conv3.weight_ch117,1.4144446849822998
layer3.3.conv3.weight,1004,layer3.3.conv3.weight_ch1004,1.4143389463424683
layer2.3.conv2.weight,120,layer2.3.conv2.weight_ch120,1.4141377210617065
layer3.0.conv2.weight,87,layer3.0.conv2.weight_ch87,1.4140535593032837
layer4.0.conv3.weight,1546,layer4.0.conv3.weight_ch1546,1.4136525392532349
layer4.0.conv3.weight,106,layer4.0.conv3.weight_ch106,1.4136383533477783
layer3.0.conv3.weight,78,layer3.0.conv3.weight_ch78,1.413519024848938
layer2.3.conv2.weight,119,layer2.3.conv2.weight_ch119,1.413242220878601
layer4.1.conv1.weight,166,layer4.1.conv1.weight_ch166,1.412722110748291
layer3.2.conv3.weight,642,layer3.2.conv3.weight_ch642,1.4123847484588623
layer4.0.conv3.weight,1013,layer4.0.conv3.weight_ch1013,1.4122623205184937
layer3.5.conv3.weight,93,layer3.5.conv3.weight_ch93,1.4122231006622314
layer4.0.conv3.weight,1801,layer4.0.conv3.weight_ch1801,1.4116147756576538
layer3.2.conv3.weight,322,layer3.2.conv3.weight_ch322,1.4114580154418945
layer3.0.conv3.weight,353,layer3.0.conv3.weight_ch353,1.411162257194519
layer3.5.conv3.weight,256,layer3.5.conv3.weight_ch256,1.411113977432251
layer3.2.conv3.weight,118,layer3.2.conv3.weight_ch118,1.4110798835754395
layer3.1.conv3.weight,576,layer3.1.conv3.weight_ch576,1.4108352661132812
layer4.0.conv3.weight,1294,layer4.0.conv3.weight_ch1294,1.410805583000183
layer3.0.conv3.weight,272,layer3.0.conv3.weight_ch272,1.4107969999313354
layer3.0.conv3.weight,778,layer3.0.conv3.weight_ch778,1.4105501174926758
layer4.0.conv3.weight,708,layer4.0.conv3.weight_ch708,1.410326600074768
layer3.2.conv1.weight,53,layer3.2.conv1.weight_ch53,1.4102782011032104
layer3.2.conv2.weight,94,layer3.2.conv2.weight_ch94,1.4101860523223877
layer3.2.conv3.weight,808,layer3.2.conv3.weight_ch808,1.4097884893417358
layer3.0.conv3.weight,150,layer3.0.conv3.weight_ch150,1.4096763134002686
layer3.5.conv3.weight,363,layer3.5.conv3.weight_ch363,1.4094032049179077
layer3.2.conv3.weight,15,layer3.2.conv3.weight_ch15,1.4090054035186768
layer4.1.conv1.weight,212,layer4.1.conv1.weight_ch212,1.4084346294403076
layer4.0.conv3.weight,946,layer4.0.conv3.weight_ch946,1.40840744972229
layer4.0.conv3.weight,1600,layer4.0.conv3.weight_ch1600,1.4081045389175415
layer3.2.conv3.weight,938,layer3.2.conv3.weight_ch938,1.4080314636230469
layer2.1.conv3.weight,221,layer2.1.conv3.weight_ch221,1.4080063104629517
layer2.1.conv3.weight,410,layer2.1.conv3.weight_ch410,1.407863736152649
layer2.1.conv3.weight,190,layer2.1.conv3.weight_ch190,1.4077714681625366
layer3.0.conv2.weight,107,layer3.0.conv2.weight_ch107,1.4076381921768188
layer3.0.conv3.weight,300,layer3.0.conv3.weight_ch300,1.407488226890564
layer3.2.conv3.weight,160,layer3.2.conv3.weight_ch160,1.407392144203186
layer3.1.conv3.weight,716,layer3.1.conv3.weight_ch716,1.4071711301803589
layer3.1.conv3.weight,39,layer3.1.conv3.weight_ch39,1.4071531295776367
layer4.0.conv3.weight,1059,layer4.0.conv3.weight_ch1059,1.40690016746521
layer3.2.conv3.weight,220,layer3.2.conv3.weight_ch220,1.4068958759307861
layer3.1.conv3.weight,176,layer3.1.conv3.weight_ch176,1.4064364433288574
layer3.2.conv3.weight,485,layer3.2.conv3.weight_ch485,1.4063477516174316
layer4.1.conv1.weight,51,layer4.1.conv1.weight_ch51,1.4062975645065308
layer3.0.conv3.weight,952,layer3.0.conv3.weight_ch952,1.4059405326843262
layer4.0.conv3.weight,1565,layer4.0.conv3.weight_ch1565,1.4055448770523071
layer3.3.conv3.weight,2,layer3.3.conv3.weight_ch2,1.4054224491119385
layer2.3.conv2.weight,44,layer2.3.conv2.weight_ch44,1.4051718711853027
layer3.0.conv3.weight,195,layer3.0.conv3.weight_ch195,1.405153751373291
layer3.0.conv2.weight,250,layer3.0.conv2.weight_ch250,1.4047210216522217
layer3.3.conv3.weight,864,layer3.3.conv3.weight_ch864,1.404701590538025
layer2.3.conv2.weight,112,layer2.3.conv2.weight_ch112,1.4045119285583496
layer3.3.conv3.weight,647,layer3.3.conv3.weight_ch647,1.404502034187317
layer3.2.conv3.weight,199,layer3.2.conv3.weight_ch199,1.4042021036148071
layer3.5.conv3.weight,72,layer3.5.conv3.weight_ch72,1.4041171073913574
layer3.2.conv3.weight,341,layer3.2.conv3.weight_ch341,1.404073715209961
layer4.1.conv1.weight,122,layer4.1.conv1.weight_ch122,1.4036036729812622
layer4.1.conv1.weight,278,layer4.1.conv1.weight_ch278,1.4035842418670654
layer2.3.conv2.weight,84,layer2.3.conv2.weight_ch84,1.4034920930862427
layer2.0.conv2.weight,1,layer2.0.conv2.weight_ch1,1.4034563302993774
layer3.0.conv3.weight,318,layer3.0.conv3.weight_ch318,1.4033852815628052
layer3.3.conv3.weight,83,layer3.3.conv3.weight_ch83,1.4025416374206543
layer4.0.conv3.weight,1504,layer4.0.conv3.weight_ch1504,1.4022973775863647
layer4.0.conv3.weight,528,layer4.0.conv3.weight_ch528,1.4022562503814697
layer2.1.conv3.weight,510,layer2.1.conv3.weight_ch510,1.4021016359329224
layer3.1.conv3.weight,275,layer3.1.conv3.weight_ch275,1.401629090309143
layer3.0.conv3.weight,479,layer3.0.conv3.weight_ch479,1.4015780687332153
layer2.1.conv3.weight,155,layer2.1.conv3.weight_ch155,1.4015744924545288
layer3.0.conv2.weight,127,layer3.0.conv2.weight_ch127,1.4014902114868164
layer3.5.conv3.weight,711,layer3.5.conv3.weight_ch711,1.4014557600021362
layer3.5.conv3.weight,785,layer3.5.conv3.weight_ch785,1.4001808166503906
layer1.2.conv3.weight,85,layer1.2.conv3.weight_ch85,1.4001368284225464
layer4.0.conv3.weight,1040,layer4.0.conv3.weight_ch1040,1.3991535902023315
layer3.0.conv3.weight,703,layer3.0.conv3.weight_ch703,1.3989522457122803
layer4.1.conv1.weight,309,layer4.1.conv1.weight_ch309,1.3985785245895386
layer3.0.conv3.weight,294,layer3.0.conv3.weight_ch294,1.3981232643127441
layer3.2.conv2.weight,118,layer3.2.conv2.weight_ch118,1.3981010913848877
layer3.0.conv3.weight,764,layer3.0.conv3.weight_ch764,1.3979839086532593
layer4.0.conv3.weight,1872,layer4.0.conv3.weight_ch1872,1.3978328704833984
layer3.2.conv3.weight,55,layer3.2.conv3.weight_ch55,1.397830843925476
layer3.1.conv3.weight,193,layer3.1.conv3.weight_ch193,1.3970904350280762
layer3.5.conv3.weight,18,layer3.5.conv3.weight_ch18,1.3967725038528442
layer4.0.conv3.weight,1444,layer4.0.conv3.weight_ch1444,1.3963987827301025
layer4.0.conv3.weight,197,layer4.0.conv3.weight_ch197,1.3962924480438232
layer4.0.conv3.weight,1683,layer4.0.conv3.weight_ch1683,1.3956894874572754
layer3.3.conv3.weight,127,layer3.3.conv3.weight_ch127,1.395453691482544
layer2.1.conv3.weight,383,layer2.1.conv3.weight_ch383,1.3954111337661743
layer4.0.conv3.weight,1652,layer4.0.conv3.weight_ch1652,1.3947854042053223
layer4.0.conv3.weight,904,layer4.0.conv3.weight_ch904,1.394696593284607
layer3.2.conv2.weight,139,layer3.2.conv2.weight_ch139,1.3945105075836182
layer4.0.conv3.weight,1509,layer4.0.conv3.weight_ch1509,1.3943275213241577
layer3.3.conv3.weight,170,layer3.3.conv3.weight_ch170,1.3941820859909058
layer4.0.conv3.weight,1188,layer4.0.conv3.weight_ch1188,1.3941364288330078
layer2.1.conv3.weight,281,layer2.1.conv3.weight_ch281,1.3932960033416748
layer3.5.conv3.weight,284,layer3.5.conv3.weight_ch284,1.3929333686828613
layer4.0.conv3.weight,1445,layer4.0.conv3.weight_ch1445,1.3926217555999756
layer3.2.conv2.weight,184,layer3.2.conv2.weight_ch184,1.3925058841705322
layer3.0.conv3.weight,641,layer3.0.conv3.weight_ch641,1.3916633129119873
layer4.0.conv3.weight,1594,layer4.0.conv3.weight_ch1594,1.391438603401184
layer3.2.conv3.weight,1005,layer3.2.conv3.weight_ch1005,1.3913214206695557
layer3.2.conv3.weight,676,layer3.2.conv3.weight_ch676,1.3911997079849243
layer3.1.conv3.weight,89,layer3.1.conv3.weight_ch89,1.3911906480789185
layer3.5.conv3.weight,684,layer3.5.conv3.weight_ch684,1.3911181688308716
layer2.0.conv2.weight,3,layer2.0.conv2.weight_ch3,1.3909744024276733
layer3.1.conv3.weight,138,layer3.1.conv3.weight_ch138,1.3904743194580078
layer3.2.conv1.weight,81,layer3.2.conv1.weight_ch81,1.3902479410171509
layer3.1.conv3.weight,964,layer3.1.conv3.weight_ch964,1.3899964094161987
layer3.2.conv3.weight,633,layer3.2.conv3.weight_ch633,1.3890583515167236
layer3.1.conv3.weight,526,layer3.1.conv3.weight_ch526,1.3890509605407715
layer3.2.conv3.weight,953,layer3.2.conv3.weight_ch953,1.3889806270599365
layer3.1.conv3.weight,410,layer3.1.conv3.weight_ch410,1.388869047164917
layer3.0.conv3.weight,591,layer3.0.conv3.weight_ch591,1.388769507408142
layer4.0.conv3.weight,1285,layer4.0.conv3.weight_ch1285,1.3876632452011108
layer3.2.conv3.weight,430,layer3.2.conv3.weight_ch430,1.3876310586929321
layer1.2.conv3.weight,231,layer1.2.conv3.weight_ch231,1.3873075246810913
layer3.0.conv3.weight,480,layer3.0.conv3.weight_ch480,1.3869520425796509
layer2.1.conv3.weight,276,layer2.1.conv3.weight_ch276,1.3867405652999878
layer4.1.conv1.weight,77,layer4.1.conv1.weight_ch77,1.3866360187530518
layer3.5.conv3.weight,1017,layer3.5.conv3.weight_ch1017,1.385881781578064
layer4.0.conv3.weight,983,layer4.0.conv3.weight_ch983,1.385600209236145
layer4.0.conv3.weight,1625,layer4.0.conv3.weight_ch1625,1.3855295181274414
layer3.1.conv3.weight,633,layer3.1.conv3.weight_ch633,1.385472297668457
layer3.2.conv3.weight,715,layer3.2.conv3.weight_ch715,1.3853697776794434
layer3.2.conv3.weight,822,layer3.2.conv3.weight_ch822,1.385009527206421
layer3.5.conv3.weight,481,layer3.5.conv3.weight_ch481,1.3848209381103516
layer2.1.conv3.weight,368,layer2.1.conv3.weight_ch368,1.3844335079193115
layer4.0.conv3.weight,963,layer4.0.conv3.weight_ch963,1.384426236152649
layer2.1.conv3.weight,60,layer2.1.conv3.weight_ch60,1.3843104839324951
layer3.1.conv3.weight,667,layer3.1.conv3.weight_ch667,1.384164810180664
layer3.5.conv3.weight,781,layer3.5.conv3.weight_ch781,1.3835186958312988
layer3.0.conv3.weight,137,layer3.0.conv3.weight_ch137,1.383350133895874
layer4.0.conv3.weight,479,layer4.0.conv3.weight_ch479,1.3832120895385742
layer4.1.conv1.weight,335,layer4.1.conv1.weight_ch335,1.3832085132598877
layer2.0.conv2.weight,59,layer2.0.conv2.weight_ch59,1.3830121755599976
layer4.0.conv3.weight,48,layer4.0.conv3.weight_ch48,1.3828898668289185
layer4.0.conv3.weight,254,layer4.0.conv3.weight_ch254,1.38254976272583
layer3.0.conv2.weight,188,layer3.0.conv2.weight_ch188,1.3823881149291992
layer3.5.conv3.weight,9,layer3.5.conv3.weight_ch9,1.3819000720977783
layer4.0.conv3.weight,1277,layer4.0.conv3.weight_ch1277,1.3817206621170044
layer3.0.conv2.weight,133,layer3.0.conv2.weight_ch133,1.3816546201705933
layer3.2.conv3.weight,755,layer3.2.conv3.weight_ch755,1.3809785842895508
layer3.2.conv1.weight,126,layer3.2.conv1.weight_ch126,1.380918025970459
layer2.1.conv3.weight,220,layer2.1.conv3.weight_ch220,1.3807114362716675
layer3.1.conv3.weight,988,layer3.1.conv3.weight_ch988,1.3804666996002197
layer3.2.conv3.weight,214,layer3.2.conv3.weight_ch214,1.3804320096969604
layer3.5.conv3.weight,292,layer3.5.conv3.weight_ch292,1.3803775310516357
layer3.3.conv3.weight,23,layer3.3.conv3.weight_ch23,1.3803595304489136
layer2.1.conv3.weight,459,layer2.1.conv3.weight_ch459,1.3799240589141846
layer3.5.conv3.weight,191,layer3.5.conv3.weight_ch191,1.3793765306472778
layer3.2.conv3.weight,260,layer3.2.conv3.weight_ch260,1.378882884979248
layer4.0.conv3.weight,1183,layer4.0.conv3.weight_ch1183,1.3788564205169678
layer2.1.conv3.weight,484,layer2.1.conv3.weight_ch484,1.3788022994995117
layer4.0.conv3.weight,484,layer4.0.conv3.weight_ch484,1.3786993026733398
layer3.3.conv3.weight,472,layer3.3.conv3.weight_ch472,1.3785226345062256
layer3.1.conv3.weight,347,layer3.1.conv3.weight_ch347,1.3778889179229736
layer3.2.conv1.weight,73,layer3.2.conv1.weight_ch73,1.3778183460235596
layer3.5.conv3.weight,427,layer3.5.conv3.weight_ch427,1.3776493072509766
layer3.2.conv3.weight,483,layer3.2.conv3.weight_ch483,1.3772004842758179
layer4.0.conv3.weight,1142,layer4.0.conv3.weight_ch1142,1.3771263360977173
layer4.1.conv1.weight,434,layer4.1.conv1.weight_ch434,1.3768322467803955
layer4.1.conv1.weight,369,layer4.1.conv1.weight_ch369,1.3767366409301758
layer2.1.conv3.weight,428,layer2.1.conv3.weight_ch428,1.3766885995864868
layer4.0.conv3.weight,403,layer4.0.conv3.weight_ch403,1.376424789428711
layer3.0.conv3.weight,366,layer3.0.conv3.weight_ch366,1.376011848449707
layer3.5.conv3.weight,947,layer3.5.conv3.weight_ch947,1.3756799697875977
layer3.5.conv3.weight,64,layer3.5.conv3.weight_ch64,1.3753929138183594
layer3.3.conv3.weight,417,layer3.3.conv3.weight_ch417,1.3753657341003418
layer3.0.conv3.weight,822,layer3.0.conv3.weight_ch822,1.3751860857009888
layer3.2.conv3.weight,239,layer3.2.conv3.weight_ch239,1.3749985694885254
layer4.0.conv3.weight,408,layer4.0.conv3.weight_ch408,1.3748798370361328
layer3.2.conv3.weight,385,layer3.2.conv3.weight_ch385,1.3745638132095337
layer3.1.conv3.weight,946,layer3.1.conv3.weight_ch946,1.3745440244674683
layer3.5.conv3.weight,172,layer3.5.conv3.weight_ch172,1.3745310306549072
layer4.0.conv3.weight,202,layer4.0.conv3.weight_ch202,1.3745285272598267
layer3.5.conv3.weight,586,layer3.5.conv3.weight_ch586,1.3744081258773804
layer4.0.conv3.weight,705,layer4.0.conv3.weight_ch705,1.3742828369140625
layer2.0.conv1.weight,79,layer2.0.conv1.weight_ch79,1.374259114265442
layer3.1.conv3.weight,335,layer3.1.conv3.weight_ch335,1.3741464614868164
layer3.0.conv3.weight,951,layer3.0.conv3.weight_ch951,1.3741015195846558
layer4.0.conv3.weight,1879,layer4.0.conv3.weight_ch1879,1.374033808708191
layer3.2.conv1.weight,15,layer3.2.conv1.weight_ch15,1.373789668083191
layer3.5.conv3.weight,184,layer3.5.conv3.weight_ch184,1.373724102973938
layer4.0.conv3.weight,1795,layer4.0.conv3.weight_ch1795,1.3736720085144043
layer4.0.conv3.weight,1544,layer4.0.conv3.weight_ch1544,1.3731749057769775
layer4.0.conv3.weight,275,layer4.0.conv3.weight_ch275,1.3731014728546143
layer3.2.conv2.weight,231,layer3.2.conv2.weight_ch231,1.37300443649292
layer3.2.conv2.weight,53,layer3.2.conv2.weight_ch53,1.3729218244552612
layer3.3.conv3.weight,519,layer3.3.conv3.weight_ch519,1.372739315032959
layer4.0.conv3.weight,1177,layer4.0.conv3.weight_ch1177,1.3724606037139893
layer3.3.conv3.weight,523,layer3.3.conv3.weight_ch523,1.372195839881897
layer4.0.conv3.weight,696,layer4.0.conv3.weight_ch696,1.3719418048858643
layer3.0.conv3.weight,216,layer3.0.conv3.weight_ch216,1.3718547821044922
layer3.0.conv3.weight,277,layer3.0.conv3.weight_ch277,1.3717632293701172
layer3.5.conv3.weight,902,layer3.5.conv3.weight_ch902,1.3713396787643433
layer3.2.conv3.weight,525,layer3.2.conv3.weight_ch525,1.3706979751586914
layer4.0.conv3.weight,737,layer4.0.conv3.weight_ch737,1.3705881834030151
layer3.2.conv3.weight,663,layer3.2.conv3.weight_ch663,1.3703510761260986
layer4.0.conv3.weight,1943,layer4.0.conv3.weight_ch1943,1.3702956438064575
layer3.1.conv3.weight,264,layer3.1.conv3.weight_ch264,1.3700181245803833
layer2.0.conv2.weight,74,layer2.0.conv2.weight_ch74,1.369908094406128
layer3.3.conv3.weight,428,layer3.3.conv3.weight_ch428,1.369795799255371
layer3.2.conv1.weight,125,layer3.2.conv1.weight_ch125,1.3697714805603027
layer4.0.conv3.weight,2019,layer4.0.conv3.weight_ch2019,1.3695502281188965
layer3.2.conv3.weight,921,layer3.2.conv3.weight_ch921,1.3693974018096924
layer3.3.conv3.weight,289,layer3.3.conv3.weight_ch289,1.3691169023513794
layer3.5.conv3.weight,764,layer3.5.conv3.weight_ch764,1.3690003156661987
layer3.2.conv3.weight,12,layer3.2.conv3.weight_ch12,1.3689467906951904
layer4.0.conv3.weight,1866,layer4.0.conv3.weight_ch1866,1.3685054779052734
layer3.5.conv3.weight,780,layer3.5.conv3.weight_ch780,1.368459939956665
layer3.1.conv3.weight,770,layer3.1.conv3.weight_ch770,1.3682125806808472
layer3.0.conv3.weight,802,layer3.0.conv3.weight_ch802,1.367367148399353
layer3.2.conv2.weight,247,layer3.2.conv2.weight_ch247,1.3673189878463745
layer4.0.conv3.weight,249,layer4.0.conv3.weight_ch249,1.3672633171081543
layer2.3.conv2.weight,5,layer2.3.conv2.weight_ch5,1.3669849634170532
layer3.3.conv3.weight,811,layer3.3.conv3.weight_ch811,1.3669641017913818
layer3.0.conv3.weight,612,layer3.0.conv3.weight_ch612,1.3667943477630615
layer4.0.conv3.weight,1517,layer4.0.conv3.weight_ch1517,1.3667758703231812
layer3.5.conv3.weight,314,layer3.5.conv3.weight_ch314,1.366774320602417
layer3.1.conv3.weight,866,layer3.1.conv3.weight_ch866,1.3664711713790894
layer3.2.conv1.weight,47,layer3.2.conv1.weight_ch47,1.3663948774337769
layer4.0.conv3.weight,50,layer4.0.conv3.weight_ch50,1.366286277770996
layer3.2.conv2.weight,240,layer3.2.conv2.weight_ch240,1.3661751747131348
layer4.0.conv3.weight,79,layer4.0.conv3.weight_ch79,1.3660646677017212
layer4.0.conv3.weight,637,layer4.0.conv3.weight_ch637,1.365942358970642
layer3.0.conv3.weight,428,layer3.0.conv3.weight_ch428,1.3657265901565552
layer3.2.conv3.weight,486,layer3.2.conv3.weight_ch486,1.3657121658325195
layer3.0.conv2.weight,226,layer3.0.conv2.weight_ch226,1.3655327558517456
layer4.0.conv3.weight,537,layer4.0.conv3.weight_ch537,1.3653820753097534
layer4.0.conv3.weight,978,layer4.0.conv3.weight_ch978,1.3651881217956543
layer3.2.conv2.weight,204,layer3.2.conv2.weight_ch204,1.3651710748672485
layer2.1.conv3.weight,278,layer2.1.conv3.weight_ch278,1.3651204109191895
layer3.1.conv3.weight,513,layer3.1.conv3.weight_ch513,1.3650250434875488
layer3.0.conv2.weight,83,layer3.0.conv2.weight_ch83,1.3647297620773315
layer3.2.conv2.weight,59,layer3.2.conv2.weight_ch59,1.3645802736282349
layer4.1.conv1.weight,83,layer4.1.conv1.weight_ch83,1.3642641305923462
layer4.0.conv3.weight,1884,layer4.0.conv3.weight_ch1884,1.3641858100891113
layer4.1.conv1.weight,328,layer4.1.conv1.weight_ch328,1.3639026880264282
layer3.1.conv3.weight,56,layer3.1.conv3.weight_ch56,1.3636637926101685
layer3.0.conv3.weight,674,layer3.0.conv3.weight_ch674,1.3634949922561646
layer4.0.conv3.weight,418,layer4.0.conv3.weight_ch418,1.3634870052337646
layer3.5.conv3.weight,939,layer3.5.conv3.weight_ch939,1.3630406856536865
layer3.0.conv3.weight,868,layer3.0.conv3.weight_ch868,1.362942099571228
layer2.3.conv2.weight,61,layer2.3.conv2.weight_ch61,1.3626940250396729
layer3.3.conv3.weight,669,layer3.3.conv3.weight_ch669,1.362491250038147
layer4.0.conv3.weight,1313,layer4.0.conv3.weight_ch1313,1.3623679876327515
layer3.1.conv3.weight,1021,layer3.1.conv3.weight_ch1021,1.3623263835906982
layer3.2.conv3.weight,610,layer3.2.conv3.weight_ch610,1.362310767173767
layer4.0.conv3.weight,175,layer4.0.conv3.weight_ch175,1.3620599508285522
layer4.0.conv3.weight,929,layer4.0.conv3.weight_ch929,1.362017273902893
layer2.0.conv1.weight,11,layer2.0.conv1.weight_ch11,1.3618149757385254
layer3.5.conv3.weight,10,layer3.5.conv3.weight_ch10,1.361710786819458
layer4.0.conv3.weight,240,layer4.0.conv3.weight_ch240,1.3614023923873901
layer3.2.conv3.weight,205,layer3.2.conv3.weight_ch205,1.3612345457077026
layer3.0.conv3.weight,552,layer3.0.conv3.weight_ch552,1.3612041473388672
layer3.2.conv3.weight,367,layer3.2.conv3.weight_ch367,1.3611135482788086
layer3.0.conv2.weight,5,layer3.0.conv2.weight_ch5,1.3607409000396729
layer3.3.conv3.weight,640,layer3.3.conv3.weight_ch640,1.360705852508545
layer3.5.conv3.weight,912,layer3.5.conv3.weight_ch912,1.3606822490692139
layer3.2.conv3.weight,579,layer3.2.conv3.weight_ch579,1.3606282472610474
layer3.5.conv3.weight,978,layer3.5.conv3.weight_ch978,1.3597997426986694
layer3.3.conv3.weight,662,layer3.3.conv3.weight_ch662,1.3597514629364014
layer3.1.conv3.weight,629,layer3.1.conv3.weight_ch629,1.3596192598342896
layer3.2.conv3.weight,684,layer3.2.conv3.weight_ch684,1.3595637083053589
layer3.2.conv1.weight,2,layer3.2.conv1.weight_ch2,1.3595266342163086
layer3.1.conv3.weight,954,layer3.1.conv3.weight_ch954,1.3591606616973877
layer3.1.conv3.weight,780,layer3.1.conv3.weight_ch780,1.3591386079788208
layer4.1.conv1.weight,418,layer4.1.conv1.weight_ch418,1.3590569496154785
layer3.3.conv3.weight,346,layer3.3.conv3.weight_ch346,1.3587578535079956
layer3.1.conv3.weight,133,layer3.1.conv3.weight_ch133,1.3587160110473633
layer3.3.conv3.weight,371,layer3.3.conv3.weight_ch371,1.3586783409118652
layer3.3.conv3.weight,215,layer3.3.conv3.weight_ch215,1.3585275411605835
layer3.1.conv3.weight,851,layer3.1.conv3.weight_ch851,1.358211636543274
layer1.2.conv3.weight,177,layer1.2.conv3.weight_ch177,1.358140468597412
layer3.1.conv3.weight,885,layer3.1.conv3.weight_ch885,1.3577138185501099
layer3.3.conv3.weight,252,layer3.3.conv3.weight_ch252,1.3570129871368408
layer3.0.conv2.weight,16,layer3.0.conv2.weight_ch16,1.3569464683532715
layer4.0.conv3.weight,1788,layer4.0.conv3.weight_ch1788,1.3567578792572021
layer4.0.conv3.weight,1275,layer4.0.conv3.weight_ch1275,1.3567434549331665
layer3.2.conv2.weight,203,layer3.2.conv2.weight_ch203,1.3566923141479492
layer3.1.conv3.weight,781,layer3.1.conv3.weight_ch781,1.3566516637802124
layer3.2.conv3.weight,901,layer3.2.conv3.weight_ch901,1.3564283847808838
layer3.3.conv3.weight,960,layer3.3.conv3.weight_ch960,1.3559770584106445
layer4.0.conv3.weight,1931,layer4.0.conv3.weight_ch1931,1.3559093475341797
layer4.0.conv3.weight,426,layer4.0.conv3.weight_ch426,1.3558357954025269
layer4.0.conv3.weight,1239,layer4.0.conv3.weight_ch1239,1.3553894758224487
layer2.0.conv1.weight,30,layer2.0.conv1.weight_ch30,1.3553191423416138
layer4.0.conv3.weight,387,layer4.0.conv3.weight_ch387,1.3551675081253052
layer3.2.conv1.weight,119,layer3.2.conv1.weight_ch119,1.3550366163253784
layer3.0.conv3.weight,91,layer3.0.conv3.weight_ch91,1.3549243211746216
layer3.5.conv3.weight,860,layer3.5.conv3.weight_ch860,1.3548059463500977
layer3.2.conv2.weight,251,layer3.2.conv2.weight_ch251,1.3547734022140503
layer3.2.conv3.weight,564,layer3.2.conv3.weight_ch564,1.3543641567230225
layer3.2.conv3.weight,1003,layer3.2.conv3.weight_ch1003,1.3543486595153809
layer3.3.conv3.weight,193,layer3.3.conv3.weight_ch193,1.3538892269134521
layer2.0.conv2.weight,54,layer2.0.conv2.weight_ch54,1.353836178779602
layer3.3.conv3.weight,632,layer3.3.conv3.weight_ch632,1.3533573150634766
layer3.5.conv3.weight,886,layer3.5.conv3.weight_ch886,1.3533308506011963
layer3.2.conv2.weight,14,layer3.2.conv2.weight_ch14,1.3532054424285889
layer3.3.conv3.weight,231,layer3.3.conv3.weight_ch231,1.3527785539627075
layer3.0.conv2.weight,169,layer3.0.conv2.weight_ch169,1.3526957035064697
layer3.2.conv1.weight,66,layer3.2.conv1.weight_ch66,1.3525806665420532
layer3.1.conv3.weight,887,layer3.1.conv3.weight_ch887,1.3520126342773438
layer3.2.conv3.weight,757,layer3.2.conv3.weight_ch757,1.3519244194030762
layer2.3.conv2.weight,23,layer2.3.conv2.weight_ch23,1.3517192602157593
layer4.0.conv3.weight,2005,layer4.0.conv3.weight_ch2005,1.3515398502349854
layer3.2.conv1.weight,219,layer3.2.conv1.weight_ch219,1.3514955043792725
layer3.5.conv3.weight,892,layer3.5.conv3.weight_ch892,1.3514620065689087
layer3.0.conv3.weight,506,layer3.0.conv3.weight_ch506,1.3514209985733032
layer3.1.conv3.weight,720,layer3.1.conv3.weight_ch720,1.3510879278182983
layer3.5.conv3.weight,121,layer3.5.conv3.weight_ch121,1.3510606288909912
layer2.0.conv1.weight,28,layer2.0.conv1.weight_ch28,1.3509467840194702
layer3.1.conv3.weight,54,layer3.1.conv3.weight_ch54,1.3509103059768677
layer2.3.conv2.weight,79,layer2.3.conv2.weight_ch79,1.3508161306381226
layer3.1.conv3.weight,531,layer3.1.conv3.weight_ch531,1.3506289720535278
layer3.2.conv3.weight,46,layer3.2.conv3.weight_ch46,1.35062837600708
layer2.0.conv1.weight,57,layer2.0.conv1.weight_ch57,1.3501906394958496
layer4.1.conv1.weight,225,layer4.1.conv1.weight_ch225,1.350051999092102
layer3.1.conv3.weight,374,layer3.1.conv3.weight_ch374,1.3495393991470337
layer4.0.conv3.weight,1626,layer4.0.conv3.weight_ch1626,1.34946870803833
layer3.0.conv2.weight,251,layer3.0.conv2.weight_ch251,1.3489789962768555
layer2.0.conv2.weight,42,layer2.0.conv2.weight_ch42,1.3487565517425537
layer4.0.conv3.weight,508,layer4.0.conv3.weight_ch508,1.3487560749053955
layer3.2.conv1.weight,67,layer3.2.conv1.weight_ch67,1.3486137390136719
layer3.2.conv1.weight,46,layer3.2.conv1.weight_ch46,1.3484293222427368
layer2.1.conv3.weight,131,layer2.1.conv3.weight_ch131,1.3483095169067383
layer2.1.conv3.weight,225,layer2.1.conv3.weight_ch225,1.348008394241333
layer3.2.conv3.weight,441,layer3.2.conv3.weight_ch441,1.347795009613037
layer3.2.conv3.weight,911,layer3.2.conv3.weight_ch911,1.3475531339645386
layer3.2.conv2.weight,208,layer3.2.conv2.weight_ch208,1.3472245931625366
layer4.1.conv1.weight,395,layer4.1.conv1.weight_ch395,1.347168207168579
layer3.5.conv3.weight,641,layer3.5.conv3.weight_ch641,1.3471598625183105
layer4.1.conv1.weight,238,layer4.1.conv1.weight_ch238,1.347056269645691
layer4.0.conv3.weight,1116,layer4.0.conv3.weight_ch1116,1.3470513820648193
layer3.1.conv3.weight,881,layer3.1.conv3.weight_ch881,1.3468469381332397
layer3.2.conv3.weight,338,layer3.2.conv3.weight_ch338,1.346768856048584
layer4.1.conv1.weight,410,layer4.1.conv1.weight_ch410,1.3464860916137695
layer3.0.conv3.weight,867,layer3.0.conv3.weight_ch867,1.346328854560852
layer3.1.conv3.weight,166,layer3.1.conv3.weight_ch166,1.3461878299713135
layer4.1.conv1.weight,111,layer4.1.conv1.weight_ch111,1.3456491231918335
layer3.2.conv3.weight,712,layer3.2.conv3.weight_ch712,1.3452726602554321
layer3.3.conv3.weight,474,layer3.3.conv3.weight_ch474,1.3450268507003784
layer3.3.conv3.weight,408,layer3.3.conv3.weight_ch408,1.3449257612228394
layer3.1.conv3.weight,756,layer3.1.conv3.weight_ch756,1.3448474407196045
layer3.2.conv3.weight,634,layer3.2.conv3.weight_ch634,1.3446608781814575
layer3.3.conv3.weight,143,layer3.3.conv3.weight_ch143,1.3442533016204834
layer4.0.conv3.weight,1153,layer4.0.conv3.weight_ch1153,1.3439809083938599
layer3.5.conv3.weight,772,layer3.5.conv3.weight_ch772,1.3439682722091675
layer3.2.conv1.weight,12,layer3.2.conv1.weight_ch12,1.3438005447387695
layer4.0.conv3.weight,349,layer4.0.conv3.weight_ch349,1.3437987565994263
layer3.2.conv3.weight,395,layer3.2.conv3.weight_ch395,1.343703031539917
layer4.0.conv3.weight,239,layer4.0.conv3.weight_ch239,1.3435184955596924
layer3.3.conv3.weight,641,layer3.3.conv3.weight_ch641,1.343360424041748
layer3.3.conv3.weight,12,layer3.3.conv3.weight_ch12,1.3427075147628784
layer3.0.conv3.weight,573,layer3.0.conv3.weight_ch573,1.3425966501235962
layer2.3.conv2.weight,36,layer2.3.conv2.weight_ch36,1.3425520658493042
layer2.0.conv2.weight,104,layer2.0.conv2.weight_ch104,1.3420929908752441
layer2.0.conv2.weight,31,layer2.0.conv2.weight_ch31,1.341931939125061
layer3.0.conv2.weight,41,layer3.0.conv2.weight_ch41,1.3417332172393799
layer3.2.conv3.weight,209,layer3.2.conv3.weight_ch209,1.3415780067443848
layer2.0.conv1.weight,16,layer2.0.conv1.weight_ch16,1.3408074378967285
layer2.3.conv2.weight,59,layer2.3.conv2.weight_ch59,1.3407444953918457
layer3.2.conv3.weight,535,layer3.2.conv3.weight_ch535,1.3403277397155762
layer4.0.conv3.weight,456,layer4.0.conv3.weight_ch456,1.340315818786621
layer2.3.conv2.weight,88,layer2.3.conv2.weight_ch88,1.3402299880981445
layer3.1.conv3.weight,8,layer3.1.conv3.weight_ch8,1.3401395082473755
layer3.5.conv3.weight,707,layer3.5.conv3.weight_ch707,1.340070128440857
layer2.0.conv2.weight,37,layer2.0.conv2.weight_ch37,1.34006929397583
layer3.1.conv3.weight,2,layer3.1.conv3.weight_ch2,1.340049386024475
layer4.0.conv3.weight,1739,layer4.0.conv3.weight_ch1739,1.3399643898010254
layer2.0.conv1.weight,69,layer2.0.conv1.weight_ch69,1.3395657539367676
layer3.3.conv3.weight,961,layer3.3.conv3.weight_ch961,1.3395521640777588
layer3.2.conv3.weight,660,layer3.2.conv3.weight_ch660,1.3393568992614746
layer4.0.conv3.weight,1661,layer4.0.conv3.weight_ch1661,1.339277982711792
layer2.3.conv2.weight,33,layer2.3.conv2.weight_ch33,1.3391119241714478
layer2.0.conv2.weight,64,layer2.0.conv2.weight_ch64,1.338919997215271
layer4.0.conv3.weight,1640,layer4.0.conv3.weight_ch1640,1.3384218215942383
layer4.1.conv1.weight,360,layer4.1.conv1.weight_ch360,1.3384050130844116
layer3.3.conv3.weight,683,layer3.3.conv3.weight_ch683,1.3383724689483643
layer4.0.conv3.weight,439,layer4.0.conv3.weight_ch439,1.3381766080856323
layer4.0.conv3.weight,1408,layer4.0.conv3.weight_ch1408,1.3381211757659912
layer2.3.conv2.weight,87,layer2.3.conv2.weight_ch87,1.3379151821136475
layer3.2.conv2.weight,96,layer3.2.conv2.weight_ch96,1.3377766609191895
layer4.0.conv3.weight,1932,layer4.0.conv3.weight_ch1932,1.3376247882843018
layer3.2.conv2.weight,117,layer3.2.conv2.weight_ch117,1.3371020555496216
layer3.0.conv3.weight,934,layer3.0.conv3.weight_ch934,1.33708918094635
layer4.0.conv3.weight,258,layer4.0.conv3.weight_ch258,1.3369641304016113
layer3.0.conv3.weight,721,layer3.0.conv3.weight_ch721,1.3364925384521484
layer3.5.conv3.weight,523,layer3.5.conv3.weight_ch523,1.335764765739441
layer3.1.conv3.weight,390,layer3.1.conv3.weight_ch390,1.3356062173843384
layer2.0.conv2.weight,20,layer2.0.conv2.weight_ch20,1.3352397680282593
layer3.0.conv3.weight,829,layer3.0.conv3.weight_ch829,1.3351577520370483
layer4.0.conv3.weight,980,layer4.0.conv3.weight_ch980,1.3350412845611572
layer3.2.conv2.weight,73,layer3.2.conv2.weight_ch73,1.334889531135559
layer3.2.conv3.weight,975,layer3.2.conv3.weight_ch975,1.334763765335083
layer3.2.conv3.weight,469,layer3.2.conv3.weight_ch469,1.3346097469329834
layer3.5.conv3.weight,110,layer3.5.conv3.weight_ch110,1.3344948291778564
layer3.2.conv3.weight,129,layer3.2.conv3.weight_ch129,1.3342007398605347
layer4.0.conv3.weight,381,layer4.0.conv3.weight_ch381,1.3340461254119873
layer3.2.conv3.weight,58,layer3.2.conv3.weight_ch58,1.3339786529541016
layer4.0.conv3.weight,252,layer4.0.conv3.weight_ch252,1.3337898254394531
layer4.0.conv3.weight,1482,layer4.0.conv3.weight_ch1482,1.333585500717163
layer3.2.conv3.weight,829,layer3.2.conv3.weight_ch829,1.3335480690002441
layer4.0.conv3.weight,1562,layer4.0.conv3.weight_ch1562,1.3331031799316406
layer4.0.conv3.weight,1779,layer4.0.conv3.weight_ch1779,1.3330597877502441
layer3.5.conv3.weight,232,layer3.5.conv3.weight_ch232,1.3330426216125488
layer3.0.conv3.weight,412,layer3.0.conv3.weight_ch412,1.3329949378967285
layer4.1.conv1.weight,195,layer4.1.conv1.weight_ch195,1.3327696323394775
layer4.0.conv3.weight,1148,layer4.0.conv3.weight_ch1148,1.3326886892318726
layer4.0.conv3.weight,331,layer4.0.conv3.weight_ch331,1.332629680633545
layer3.0.conv3.weight,57,layer3.0.conv3.weight_ch57,1.3326032161712646
layer4.0.conv3.weight,1581,layer4.0.conv3.weight_ch1581,1.33241605758667
layer1.2.conv3.weight,106,layer1.2.conv3.weight_ch106,1.332027792930603
layer3.2.conv3.weight,583,layer3.2.conv3.weight_ch583,1.3319340944290161
layer4.0.conv3.weight,127,layer4.0.conv3.weight_ch127,1.3318860530853271
layer1.2.conv3.weight,165,layer1.2.conv3.weight_ch165,1.331661343574524
layer3.2.conv3.weight,305,layer3.2.conv3.weight_ch305,1.3315300941467285
layer3.2.conv3.weight,501,layer3.2.conv3.weight_ch501,1.3313713073730469
layer3.3.conv3.weight,430,layer3.3.conv3.weight_ch430,1.331207036972046
layer3.0.conv3.weight,897,layer3.0.conv3.weight_ch897,1.3310977220535278
layer2.1.conv3.weight,468,layer2.1.conv3.weight_ch468,1.3308759927749634
layer3.2.conv3.weight,143,layer3.2.conv3.weight_ch143,1.3307379484176636
layer4.1.conv1.weight,244,layer4.1.conv1.weight_ch244,1.330264687538147
layer3.0.conv3.weight,488,layer3.0.conv3.weight_ch488,1.3302257061004639
layer4.0.conv3.weight,1568,layer4.0.conv3.weight_ch1568,1.3301832675933838
layer4.0.conv3.weight,1404,layer4.0.conv3.weight_ch1404,1.3298522233963013
layer3.2.conv1.weight,74,layer3.2.conv1.weight_ch74,1.329775333404541
layer4.0.conv3.weight,498,layer4.0.conv3.weight_ch498,1.3297168016433716
layer3.2.conv3.weight,381,layer3.2.conv3.weight_ch381,1.3296383619308472
layer3.0.conv3.weight,973,layer3.0.conv3.weight_ch973,1.329529047012329
layer3.1.conv3.weight,465,layer3.1.conv3.weight_ch465,1.3294841051101685
layer3.2.conv1.weight,142,layer3.2.conv1.weight_ch142,1.3288216590881348
layer4.0.conv3.weight,1178,layer4.0.conv3.weight_ch1178,1.3287346363067627
layer3.1.conv3.weight,355,layer3.1.conv3.weight_ch355,1.328381896018982
layer4.0.conv3.weight,228,layer4.0.conv3.weight_ch228,1.3280658721923828
layer3.0.conv3.weight,298,layer3.0.conv3.weight_ch298,1.3278988599777222
layer4.0.conv3.weight,177,layer4.0.conv3.weight_ch177,1.3278049230575562
layer4.0.conv3.weight,1860,layer4.0.conv3.weight_ch1860,1.327696442604065
layer3.2.conv3.weight,518,layer3.2.conv3.weight_ch518,1.3274497985839844
layer3.1.conv3.weight,358,layer3.1.conv3.weight_ch358,1.327376365661621
layer4.0.conv3.weight,1184,layer4.0.conv3.weight_ch1184,1.327056884765625
layer3.2.conv3.weight,555,layer3.2.conv3.weight_ch555,1.3270065784454346
layer3.1.conv3.weight,306,layer3.1.conv3.weight_ch306,1.3269296884536743
layer3.5.conv3.weight,833,layer3.5.conv3.weight_ch833,1.3264236450195312
layer3.5.conv3.weight,768,layer3.5.conv3.weight_ch768,1.326395869255066
layer3.3.conv3.weight,534,layer3.3.conv3.weight_ch534,1.326285719871521
layer2.0.conv1.weight,25,layer2.0.conv1.weight_ch25,1.3262603282928467
layer4.0.conv3.weight,97,layer4.0.conv3.weight_ch97,1.3254247903823853
layer3.3.conv3.weight,482,layer3.3.conv3.weight_ch482,1.3246653079986572
layer3.3.conv3.weight,551,layer3.3.conv3.weight_ch551,1.324573040008545
layer3.0.conv3.weight,832,layer3.0.conv3.weight_ch832,1.3244339227676392
layer4.0.conv3.weight,1399,layer4.0.conv3.weight_ch1399,1.3242346048355103
layer3.5.conv3.weight,618,layer3.5.conv3.weight_ch618,1.324147343635559
layer3.2.conv2.weight,168,layer3.2.conv2.weight_ch168,1.324134349822998
layer3.0.conv3.weight,128,layer3.0.conv3.weight_ch128,1.3240792751312256
layer3.1.conv3.weight,48,layer3.1.conv3.weight_ch48,1.3238539695739746
layer3.5.conv3.weight,443,layer3.5.conv3.weight_ch443,1.3236123323440552
layer3.2.conv3.weight,202,layer3.2.conv3.weight_ch202,1.3235607147216797
layer3.0.conv3.weight,121,layer3.0.conv3.weight_ch121,1.3234975337982178
layer4.0.conv3.weight,455,layer4.0.conv3.weight_ch455,1.3227843046188354
layer3.0.conv3.weight,401,layer3.0.conv3.weight_ch401,1.322631597518921
layer2.1.conv3.weight,203,layer2.1.conv3.weight_ch203,1.3222767114639282
layer3.5.conv3.weight,748,layer3.5.conv3.weight_ch748,1.3221453428268433
layer3.5.conv3.weight,942,layer3.5.conv3.weight_ch942,1.3219287395477295
layer3.0.conv2.weight,224,layer3.0.conv2.weight_ch224,1.3213963508605957
layer4.0.conv3.weight,507,layer4.0.conv3.weight_ch507,1.3210299015045166
layer2.3.conv2.weight,26,layer2.3.conv2.weight_ch26,1.32069730758667
layer4.0.conv3.weight,1609,layer4.0.conv3.weight_ch1609,1.320646047592163
layer2.1.conv3.weight,48,layer2.1.conv3.weight_ch48,1.3205318450927734
layer3.3.conv3.weight,460,layer3.3.conv3.weight_ch460,1.3203322887420654
layer3.5.conv3.weight,488,layer3.5.conv3.weight_ch488,1.3202556371688843
layer3.3.conv3.weight,918,layer3.3.conv3.weight_ch918,1.3200156688690186
layer2.3.conv2.weight,122,layer2.3.conv2.weight_ch122,1.3198049068450928
layer3.5.conv3.weight,420,layer3.5.conv3.weight_ch420,1.3195445537567139
layer3.2.conv3.weight,32,layer3.2.conv3.weight_ch32,1.3194260597229004
layer4.0.conv3.weight,1068,layer4.0.conv3.weight_ch1068,1.3192691802978516
layer3.2.conv2.weight,36,layer3.2.conv2.weight_ch36,1.318745732307434
layer3.0.conv3.weight,550,layer3.0.conv3.weight_ch550,1.3179829120635986
layer3.0.conv2.weight,254,layer3.0.conv2.weight_ch254,1.3179081678390503
layer3.1.conv3.weight,598,layer3.1.conv3.weight_ch598,1.3178236484527588
layer2.3.conv2.weight,123,layer2.3.conv2.weight_ch123,1.3176839351654053
layer3.2.conv2.weight,9,layer3.2.conv2.weight_ch9,1.3176552057266235
layer3.3.conv3.weight,370,layer3.3.conv3.weight_ch370,1.3175007104873657
layer3.1.conv3.weight,953,layer3.1.conv3.weight_ch953,1.3174498081207275
layer3.1.conv3.weight,675,layer3.1.conv3.weight_ch675,1.3173993825912476
layer3.2.conv3.weight,302,layer3.2.conv3.weight_ch302,1.3171807527542114
layer3.2.conv1.weight,194,layer3.2.conv1.weight_ch194,1.3168673515319824
layer3.3.conv3.weight,149,layer3.3.conv3.weight_ch149,1.3167591094970703
layer4.1.conv1.weight,454,layer4.1.conv1.weight_ch454,1.3166790008544922
layer3.2.conv2.weight,165,layer3.2.conv2.weight_ch165,1.316673994064331
layer3.5.conv3.weight,652,layer3.5.conv3.weight_ch652,1.316472053527832
layer3.3.conv3.weight,224,layer3.3.conv3.weight_ch224,1.3163548707962036
layer2.1.conv3.weight,245,layer2.1.conv3.weight_ch245,1.3161578178405762
layer3.1.conv3.weight,550,layer3.1.conv3.weight_ch550,1.316006064414978
layer2.0.conv2.weight,84,layer2.0.conv2.weight_ch84,1.3159823417663574
layer3.0.conv3.weight,487,layer3.0.conv3.weight_ch487,1.3159606456756592
layer3.0.conv3.weight,891,layer3.0.conv3.weight_ch891,1.3155323266983032
layer3.0.conv3.weight,994,layer3.0.conv3.weight_ch994,1.3154489994049072
layer3.0.conv3.weight,923,layer3.0.conv3.weight_ch923,1.3153131008148193
layer4.0.conv3.weight,1598,layer4.0.conv3.weight_ch1598,1.31520414352417
layer2.1.conv3.weight,44,layer2.1.conv3.weight_ch44,1.3148558139801025
layer2.0.conv2.weight,103,layer2.0.conv2.weight_ch103,1.3148283958435059
layer3.0.conv3.weight,676,layer3.0.conv3.weight_ch676,1.314043402671814
layer3.1.conv3.weight,971,layer3.1.conv3.weight_ch971,1.3136260509490967
layer3.2.conv3.weight,884,layer3.2.conv3.weight_ch884,1.3135461807250977
layer3.2.conv3.weight,519,layer3.2.conv3.weight_ch519,1.3133536577224731
layer4.0.conv3.weight,1481,layer4.0.conv3.weight_ch1481,1.31320059299469
layer3.2.conv3.weight,983,layer3.2.conv3.weight_ch983,1.3130152225494385
layer3.0.conv3.weight,142,layer3.0.conv3.weight_ch142,1.3129618167877197
layer4.0.conv3.weight,1854,layer4.0.conv3.weight_ch1854,1.312396764755249
layer3.0.conv3.weight,702,layer3.0.conv3.weight_ch702,1.3122433423995972
layer3.3.conv3.weight,195,layer3.3.conv3.weight_ch195,1.3121342658996582
layer4.0.conv3.weight,1043,layer4.0.conv3.weight_ch1043,1.3118419647216797
layer3.5.conv3.weight,616,layer3.5.conv3.weight_ch616,1.3116838932037354
layer3.2.conv3.weight,91,layer3.2.conv3.weight_ch91,1.3116538524627686
layer3.5.conv3.weight,405,layer3.5.conv3.weight_ch405,1.3116350173950195
layer3.0.conv2.weight,118,layer3.0.conv2.weight_ch118,1.311614751815796
layer4.0.conv3.weight,405,layer4.0.conv3.weight_ch405,1.3115838766098022
layer1.2.conv3.weight,155,layer1.2.conv3.weight_ch155,1.3115417957305908
layer3.2.conv3.weight,2,layer3.2.conv3.weight_ch2,1.3111822605133057
layer3.5.conv3.weight,574,layer3.5.conv3.weight_ch574,1.311156988143921
layer3.2.conv2.weight,226,layer3.2.conv2.weight_ch226,1.3110401630401611
layer4.0.conv3.weight,1789,layer4.0.conv3.weight_ch1789,1.3109718561172485
layer2.1.conv3.weight,223,layer2.1.conv3.weight_ch223,1.3107048273086548
layer4.0.conv3.weight,1862,layer4.0.conv3.weight_ch1862,1.3101072311401367
layer2.0.conv2.weight,65,layer2.0.conv2.weight_ch65,1.3098424673080444
layer3.1.conv3.weight,67,layer3.1.conv3.weight_ch67,1.309706687927246
layer3.3.conv3.weight,398,layer3.3.conv3.weight_ch398,1.3096206188201904
layer3.0.conv3.weight,562,layer3.0.conv3.weight_ch562,1.3093364238739014
layer4.0.conv3.weight,377,layer4.0.conv3.weight_ch377,1.3092008829116821
layer4.0.conv3.weight,1984,layer4.0.conv3.weight_ch1984,1.3091295957565308
layer3.0.conv3.weight,794,layer3.0.conv3.weight_ch794,1.308969259262085
layer4.0.conv3.weight,224,layer4.0.conv3.weight_ch224,1.3088409900665283
layer3.1.conv3.weight,469,layer3.1.conv3.weight_ch469,1.308683156967163
layer3.2.conv3.weight,67,layer3.2.conv3.weight_ch67,1.3086107969284058
layer3.3.conv3.weight,119,layer3.3.conv3.weight_ch119,1.3085123300552368
layer3.0.conv3.weight,1023,layer3.0.conv3.weight_ch1023,1.30851149559021
layer3.2.conv3.weight,936,layer3.2.conv3.weight_ch936,1.3080055713653564
layer4.0.conv3.weight,628,layer4.0.conv3.weight_ch628,1.307222604751587
layer3.2.conv3.weight,86,layer3.2.conv3.weight_ch86,1.3067626953125
layer3.5.conv3.weight,612,layer3.5.conv3.weight_ch612,1.3065381050109863
layer3.0.conv3.weight,409,layer3.0.conv3.weight_ch409,1.3064004182815552
layer4.0.conv3.weight,1498,layer4.0.conv3.weight_ch1498,1.3061795234680176
layer3.2.conv3.weight,223,layer3.2.conv3.weight_ch223,1.3060957193374634
layer4.0.conv3.weight,1635,layer4.0.conv3.weight_ch1635,1.3060693740844727
layer3.2.conv2.weight,176,layer3.2.conv2.weight_ch176,1.3059730529785156
layer3.3.conv3.weight,957,layer3.3.conv3.weight_ch957,1.3058912754058838
layer3.2.conv2.weight,201,layer3.2.conv2.weight_ch201,1.3057241439819336
layer4.0.conv3.weight,1171,layer4.0.conv3.weight_ch1171,1.3056223392486572
layer3.3.conv3.weight,872,layer3.3.conv3.weight_ch872,1.3055052757263184
layer4.0.conv3.weight,1578,layer4.0.conv3.weight_ch1578,1.3054345846176147
layer3.5.conv3.weight,29,layer3.5.conv3.weight_ch29,1.3054063320159912
layer3.2.conv2.weight,5,layer3.2.conv2.weight_ch5,1.3052982091903687
layer3.2.conv2.weight,212,layer3.2.conv2.weight_ch212,1.3050686120986938
layer3.0.conv3.weight,927,layer3.0.conv3.weight_ch927,1.3048195838928223
layer4.0.conv3.weight,59,layer4.0.conv3.weight_ch59,1.304336667060852
layer3.1.conv3.weight,432,layer3.1.conv3.weight_ch432,1.30430269241333
layer3.2.conv2.weight,156,layer3.2.conv2.weight_ch156,1.3041266202926636
layer3.3.conv3.weight,649,layer3.3.conv3.weight_ch649,1.3039332628250122
layer3.0.conv3.weight,338,layer3.0.conv3.weight_ch338,1.303828477859497
layer3.1.conv3.weight,1008,layer3.1.conv3.weight_ch1008,1.3037108182907104
layer3.2.conv2.weight,58,layer3.2.conv2.weight_ch58,1.3036608695983887
layer3.5.conv3.weight,567,layer3.5.conv3.weight_ch567,1.3029754161834717
layer4.1.conv1.weight,362,layer4.1.conv1.weight_ch362,1.302781105041504
layer4.0.conv3.weight,1805,layer4.0.conv3.weight_ch1805,1.3027479648590088
layer3.5.conv3.weight,737,layer3.5.conv3.weight_ch737,1.3026444911956787
layer1.2.conv3.weight,149,layer1.2.conv3.weight_ch149,1.3020451068878174
layer3.5.conv3.weight,984,layer3.5.conv3.weight_ch984,1.301865577697754
layer3.5.conv3.weight,694,layer3.5.conv3.weight_ch694,1.3018618822097778
layer4.0.conv3.weight,1863,layer4.0.conv3.weight_ch1863,1.3016908168792725
layer3.3.conv3.weight,466,layer3.3.conv3.weight_ch466,1.301390528678894
layer3.0.conv3.weight,522,layer3.0.conv3.weight_ch522,1.301277995109558
layer2.1.conv3.weight,325,layer2.1.conv3.weight_ch325,1.3011714220046997
layer4.0.conv3.weight,163,layer4.0.conv3.weight_ch163,1.3008123636245728
layer3.1.conv3.weight,742,layer3.1.conv3.weight_ch742,1.3006511926651
layer3.3.conv3.weight,444,layer3.3.conv3.weight_ch444,1.3005173206329346
layer3.1.conv3.weight,366,layer3.1.conv3.weight_ch366,1.3002214431762695
layer3.5.conv3.weight,398,layer3.5.conv3.weight_ch398,1.299689769744873
layer3.1.conv3.weight,104,layer3.1.conv3.weight_ch104,1.2996752262115479
layer3.0.conv3.weight,889,layer3.0.conv3.weight_ch889,1.2996149063110352
layer4.0.conv3.weight,1685,layer4.0.conv3.weight_ch1685,1.2995672225952148
layer3.2.conv1.weight,243,layer3.2.conv1.weight_ch243,1.2991777658462524
layer3.2.conv3.weight,708,layer3.2.conv3.weight_ch708,1.299070119857788
layer2.1.conv3.weight,486,layer2.1.conv3.weight_ch486,1.2989096641540527
layer3.5.conv3.weight,58,layer3.5.conv3.weight_ch58,1.298545479774475
layer3.1.conv3.weight,86,layer3.1.conv3.weight_ch86,1.2985392808914185
layer4.1.conv1.weight,401,layer4.1.conv1.weight_ch401,1.2983250617980957
layer3.0.conv3.weight,970,layer3.0.conv3.weight_ch970,1.2981915473937988
layer2.1.conv3.weight,88,layer2.1.conv3.weight_ch88,1.2980165481567383
layer3.1.conv3.weight,125,layer3.1.conv3.weight_ch125,1.2979087829589844
layer4.0.conv3.weight,670,layer4.0.conv3.weight_ch670,1.297687292098999
layer4.0.conv3.weight,63,layer4.0.conv3.weight_ch63,1.2972776889801025
layer3.3.conv3.weight,955,layer3.3.conv3.weight_ch955,1.2972215414047241
layer3.3.conv3.weight,414,layer3.3.conv3.weight_ch414,1.2972028255462646
layer3.0.conv3.weight,71,layer3.0.conv3.weight_ch71,1.2970569133758545
layer4.0.conv3.weight,1126,layer4.0.conv3.weight_ch1126,1.2970309257507324
layer3.2.conv3.weight,316,layer3.2.conv3.weight_ch316,1.2970057725906372
layer4.0.conv3.weight,1644,layer4.0.conv3.weight_ch1644,1.2968952655792236
layer3.0.conv3.weight,534,layer3.0.conv3.weight_ch534,1.296865463256836
layer3.0.conv3.weight,496,layer3.0.conv3.weight_ch496,1.2968528270721436
layer4.0.conv3.weight,453,layer4.0.conv3.weight_ch453,1.2967617511749268
layer3.0.conv3.weight,99,layer3.0.conv3.weight_ch99,1.2966399192810059
layer4.0.conv3.weight,782,layer4.0.conv3.weight_ch782,1.296600580215454
layer4.0.conv3.weight,926,layer4.0.conv3.weight_ch926,1.2965590953826904
layer3.2.conv3.weight,345,layer3.2.conv3.weight_ch345,1.2964255809783936
layer3.0.conv3.weight,712,layer3.0.conv3.weight_ch712,1.2964032888412476
layer4.0.conv3.weight,1636,layer4.0.conv3.weight_ch1636,1.29595148563385
layer4.0.conv3.weight,215,layer4.0.conv3.weight_ch215,1.2959203720092773
layer1.2.conv3.weight,62,layer1.2.conv3.weight_ch62,1.2956691980361938
layer3.2.conv3.weight,739,layer3.2.conv3.weight_ch739,1.2955811023712158
layer4.0.conv3.weight,1260,layer4.0.conv3.weight_ch1260,1.2955735921859741
layer2.1.conv3.weight,406,layer2.1.conv3.weight_ch406,1.2954723834991455
layer3.2.conv2.weight,133,layer3.2.conv2.weight_ch133,1.2952406406402588
layer3.1.conv3.weight,807,layer3.1.conv3.weight_ch807,1.2951486110687256
layer3.0.conv3.weight,495,layer3.0.conv3.weight_ch495,1.2951053380966187
layer3.0.conv3.weight,845,layer3.0.conv3.weight_ch845,1.2949196100234985
layer3.1.conv3.weight,888,layer3.1.conv3.weight_ch888,1.2949120998382568
layer4.0.conv3.weight,1501,layer4.0.conv3.weight_ch1501,1.2947232723236084
layer3.2.conv1.weight,19,layer3.2.conv1.weight_ch19,1.2946977615356445
layer3.1.conv3.weight,357,layer3.1.conv3.weight_ch357,1.2945183515548706
layer2.1.conv3.weight,25,layer2.1.conv3.weight_ch25,1.2941232919692993
layer3.2.conv1.weight,154,layer3.2.conv1.weight_ch154,1.2939516305923462
layer4.0.conv3.weight,876,layer4.0.conv3.weight_ch876,1.2939324378967285
layer2.0.conv2.weight,39,layer2.0.conv2.weight_ch39,1.293857216835022
layer3.0.conv3.weight,987,layer3.0.conv3.weight_ch987,1.2938511371612549
layer3.1.conv3.weight,902,layer3.1.conv3.weight_ch902,1.2937736511230469
layer3.2.conv2.weight,89,layer3.2.conv2.weight_ch89,1.2937475442886353
layer3.0.conv3.weight,55,layer3.0.conv3.weight_ch55,1.2933509349822998
layer4.0.conv3.weight,601,layer4.0.conv3.weight_ch601,1.293298363685608
layer4.0.conv3.weight,1961,layer4.0.conv3.weight_ch1961,1.293086290359497
layer4.0.conv3.weight,18,layer4.0.conv3.weight_ch18,1.2930066585540771
layer3.3.conv3.weight,983,layer3.3.conv3.weight_ch983,1.292981743812561
layer3.5.conv3.weight,37,layer3.5.conv3.weight_ch37,1.2928858995437622
layer3.5.conv3.weight,449,layer3.5.conv3.weight_ch449,1.2927148342132568
layer3.0.conv3.weight,351,layer3.0.conv3.weight_ch351,1.2923684120178223
layer3.1.conv3.weight,765,layer3.1.conv3.weight_ch765,1.2923321723937988
layer3.1.conv3.weight,779,layer3.1.conv3.weight_ch779,1.2920657396316528
layer2.1.conv3.weight,321,layer2.1.conv3.weight_ch321,1.2916927337646484
layer4.0.conv3.weight,1161,layer4.0.conv3.weight_ch1161,1.2914572954177856
layer1.2.conv3.weight,108,layer1.2.conv3.weight_ch108,1.2914314270019531
layer2.3.conv2.weight,109,layer2.3.conv2.weight_ch109,1.2913798093795776
layer3.5.conv3.weight,811,layer3.5.conv3.weight_ch811,1.2912009954452515
layer3.5.conv3.weight,225,layer3.5.conv3.weight_ch225,1.2911293506622314
layer3.1.conv3.weight,719,layer3.1.conv3.weight_ch719,1.2910782098770142
layer3.0.conv3.weight,871,layer3.0.conv3.weight_ch871,1.290993332862854
layer3.1.conv3.weight,510,layer3.1.conv3.weight_ch510,1.2907530069351196
layer3.1.conv3.weight,846,layer3.1.conv3.weight_ch846,1.2906135320663452
layer3.2.conv3.weight,102,layer3.2.conv3.weight_ch102,1.2906028032302856
layer3.3.conv3.weight,221,layer3.3.conv3.weight_ch221,1.2905316352844238
layer3.1.conv3.weight,814,layer3.1.conv3.weight_ch814,1.2904894351959229
layer3.3.conv3.weight,286,layer3.3.conv3.weight_ch286,1.2904502153396606
layer3.3.conv3.weight,155,layer3.3.conv3.weight_ch155,1.290236234664917
layer3.3.conv3.weight,471,layer3.3.conv3.weight_ch471,1.2902048826217651
layer3.2.conv3.weight,776,layer3.2.conv3.weight_ch776,1.2902010679244995
layer3.5.conv3.weight,7,layer3.5.conv3.weight_ch7,1.2897024154663086
layer3.2.conv3.weight,457,layer3.2.conv3.weight_ch457,1.289589762687683
layer2.0.conv1.weight,13,layer2.0.conv1.weight_ch13,1.2893869876861572
layer3.3.conv3.weight,485,layer3.3.conv3.weight_ch485,1.289329171180725
layer3.0.conv2.weight,230,layer3.0.conv2.weight_ch230,1.2892074584960938
layer3.2.conv1.weight,64,layer3.2.conv1.weight_ch64,1.289069414138794
layer3.5.conv3.weight,126,layer3.5.conv3.weight_ch126,1.2889556884765625
layer3.1.conv3.weight,14,layer3.1.conv3.weight_ch14,1.2887479066848755
layer3.3.conv3.weight,639,layer3.3.conv3.weight_ch639,1.288475513458252
layer3.1.conv3.weight,530,layer3.1.conv3.weight_ch530,1.2882928848266602
layer3.0.conv3.weight,583,layer3.0.conv3.weight_ch583,1.2881275415420532
layer3.5.conv3.weight,160,layer3.5.conv3.weight_ch160,1.2876156568527222
layer3.2.conv3.weight,880,layer3.2.conv3.weight_ch880,1.2874692678451538
layer3.1.conv3.weight,98,layer3.1.conv3.weight_ch98,1.2871625423431396
layer3.3.conv3.weight,939,layer3.3.conv3.weight_ch939,1.2867381572723389
layer4.0.conv3.weight,1101,layer4.0.conv3.weight_ch1101,1.286588191986084
layer4.0.conv3.weight,622,layer4.0.conv3.weight_ch622,1.2857463359832764
layer4.0.conv3.weight,21,layer4.0.conv3.weight_ch21,1.2855174541473389
layer2.0.conv2.weight,126,layer2.0.conv2.weight_ch126,1.2853668928146362
layer3.2.conv2.weight,233,layer3.2.conv2.weight_ch233,1.2853342294692993
layer3.2.conv3.weight,986,layer3.2.conv3.weight_ch986,1.285182237625122
layer3.2.conv2.weight,150,layer3.2.conv2.weight_ch150,1.2850749492645264
layer2.0.conv2.weight,71,layer2.0.conv2.weight_ch71,1.2848842144012451
layer2.0.conv1.weight,45,layer2.0.conv1.weight_ch45,1.284822940826416
layer4.0.conv3.weight,530,layer4.0.conv3.weight_ch530,1.2846722602844238
layer3.2.conv3.weight,369,layer3.2.conv3.weight_ch369,1.2845804691314697
layer3.1.conv3.weight,663,layer3.1.conv3.weight_ch663,1.2844398021697998
layer3.3.conv3.weight,944,layer3.3.conv3.weight_ch944,1.2841122150421143
layer3.3.conv3.weight,1018,layer3.3.conv3.weight_ch1018,1.2840784788131714
layer3.2.conv3.weight,388,layer3.2.conv3.weight_ch388,1.284058690071106
layer3.2.conv2.weight,222,layer3.2.conv2.weight_ch222,1.2840485572814941
layer3.5.conv3.weight,720,layer3.5.conv3.weight_ch720,1.283920168876648
layer1.2.conv3.weight,26,layer1.2.conv3.weight_ch26,1.2837809324264526
layer1.2.conv3.weight,8,layer1.2.conv3.weight_ch8,1.2836898565292358
layer3.0.conv2.weight,31,layer3.0.conv2.weight_ch31,1.283484697341919
layer3.5.conv3.weight,645,layer3.5.conv3.weight_ch645,1.2834601402282715
layer3.2.conv3.weight,308,layer3.2.conv3.weight_ch308,1.2832320928573608
layer3.5.conv3.weight,280,layer3.5.conv3.weight_ch280,1.2832026481628418
layer4.1.conv1.weight,100,layer4.1.conv1.weight_ch100,1.282761573791504
layer3.2.conv2.weight,61,layer3.2.conv2.weight_ch61,1.2826097011566162
layer4.0.conv3.weight,808,layer4.0.conv3.weight_ch808,1.2824139595031738
layer3.1.conv3.weight,897,layer3.1.conv3.weight_ch897,1.2824069261550903
layer3.0.conv2.weight,148,layer3.0.conv2.weight_ch148,1.2822108268737793
layer3.1.conv3.weight,761,layer3.1.conv3.weight_ch761,1.2821197509765625
layer3.5.conv3.weight,106,layer3.5.conv3.weight_ch106,1.2820464372634888
layer3.3.conv3.weight,709,layer3.3.conv3.weight_ch709,1.281987190246582
layer3.2.conv2.weight,7,layer3.2.conv2.weight_ch7,1.2819616794586182
layer3.2.conv1.weight,248,layer3.2.conv1.weight_ch248,1.281771183013916
layer2.3.conv2.weight,19,layer2.3.conv2.weight_ch19,1.2817641496658325
layer3.2.conv1.weight,35,layer3.2.conv1.weight_ch35,1.2816697359085083
layer1.2.conv3.weight,246,layer1.2.conv3.weight_ch246,1.2815892696380615
layer3.0.conv2.weight,153,layer3.0.conv2.weight_ch153,1.2813447713851929
layer3.1.conv3.weight,639,layer3.1.conv3.weight_ch639,1.2813308238983154
layer3.2.conv1.weight,186,layer3.2.conv1.weight_ch186,1.2810096740722656
layer3.5.conv3.weight,844,layer3.5.conv3.weight_ch844,1.2808988094329834
layer4.0.conv3.weight,485,layer4.0.conv3.weight_ch485,1.2804310321807861
layer4.0.conv3.weight,372,layer4.0.conv3.weight_ch372,1.2801778316497803
layer2.3.conv2.weight,96,layer2.3.conv2.weight_ch96,1.2796138525009155
layer4.0.conv3.weight,140,layer4.0.conv3.weight_ch140,1.2795014381408691
layer3.2.conv1.weight,117,layer3.2.conv1.weight_ch117,1.2794084548950195
layer3.5.conv3.weight,1016,layer3.5.conv3.weight_ch1016,1.2791821956634521
layer4.0.conv3.weight,2042,layer4.0.conv3.weight_ch2042,1.2788554430007935
layer4.1.conv1.weight,390,layer4.1.conv1.weight_ch390,1.278489589691162
layer3.3.conv3.weight,651,layer3.3.conv3.weight_ch651,1.2782783508300781
layer3.2.conv2.weight,104,layer3.2.conv2.weight_ch104,1.2781105041503906
layer4.0.conv3.weight,703,layer4.0.conv3.weight_ch703,1.2780489921569824
layer1.2.conv3.weight,111,layer1.2.conv3.weight_ch111,1.2779624462127686
layer3.2.conv1.weight,51,layer3.2.conv1.weight_ch51,1.2779072523117065
layer3.2.conv3.weight,400,layer3.2.conv3.weight_ch400,1.2778769731521606
layer4.0.conv3.weight,1326,layer4.0.conv3.weight_ch1326,1.277722716331482
layer3.2.conv2.weight,112,layer3.2.conv2.weight_ch112,1.2776882648468018
layer3.0.conv3.weight,61,layer3.0.conv3.weight_ch61,1.2775886058807373
layer3.3.conv3.weight,191,layer3.3.conv3.weight_ch191,1.277514934539795
layer3.0.conv3.weight,89,layer3.0.conv3.weight_ch89,1.2774686813354492
layer3.2.conv3.weight,255,layer3.2.conv3.weight_ch255,1.2774096727371216
layer4.0.conv3.weight,771,layer4.0.conv3.weight_ch771,1.2773860692977905
layer2.0.conv2.weight,49,layer2.0.conv2.weight_ch49,1.2772680521011353
layer4.0.conv3.weight,835,layer4.0.conv3.weight_ch835,1.2771941423416138
layer3.3.conv3.weight,446,layer3.3.conv3.weight_ch446,1.276595950126648
layer2.1.conv3.weight,191,layer2.1.conv3.weight_ch191,1.2765246629714966
layer3.0.conv3.weight,403,layer3.0.conv3.weight_ch403,1.2763670682907104
layer3.5.conv3.weight,723,layer3.5.conv3.weight_ch723,1.2762333154678345
layer3.0.conv3.weight,841,layer3.0.conv3.weight_ch841,1.2761260271072388
layer3.3.conv3.weight,956,layer3.3.conv3.weight_ch956,1.2758857011795044
layer3.1.conv3.weight,548,layer3.1.conv3.weight_ch548,1.2755745649337769
layer4.0.conv3.weight,604,layer4.0.conv3.weight_ch604,1.2750141620635986
layer3.1.conv3.weight,824,layer3.1.conv3.weight_ch824,1.2748754024505615
layer3.1.conv3.weight,646,layer3.1.conv3.weight_ch646,1.2748216390609741
layer4.0.conv3.weight,108,layer4.0.conv3.weight_ch108,1.2743909358978271
layer3.1.conv3.weight,29,layer3.1.conv3.weight_ch29,1.274364948272705
layer3.5.conv3.weight,272,layer3.5.conv3.weight_ch272,1.2736058235168457
layer3.0.conv3.weight,199,layer3.0.conv3.weight_ch199,1.2736048698425293
layer3.2.conv1.weight,200,layer3.2.conv1.weight_ch200,1.272934913635254
layer3.2.conv1.weight,231,layer3.2.conv1.weight_ch231,1.2727288007736206
layer4.0.conv3.weight,315,layer4.0.conv3.weight_ch315,1.2725763320922852
layer3.2.conv3.weight,751,layer3.2.conv3.weight_ch751,1.2725179195404053
layer4.1.conv1.weight,142,layer4.1.conv1.weight_ch142,1.2723023891448975
layer4.0.conv3.weight,357,layer4.0.conv3.weight_ch357,1.2723008394241333
layer4.0.conv3.weight,916,layer4.0.conv3.weight_ch916,1.2722073793411255
layer3.2.conv3.weight,51,layer3.2.conv3.weight_ch51,1.2720530033111572
layer3.5.conv3.weight,382,layer3.5.conv3.weight_ch382,1.2719520330429077
layer3.5.conv3.weight,304,layer3.5.conv3.weight_ch304,1.2718967199325562
layer3.1.conv3.weight,1019,layer3.1.conv3.weight_ch1019,1.2718515396118164
layer3.3.conv3.weight,251,layer3.3.conv3.weight_ch251,1.2712520360946655
layer3.3.conv3.weight,687,layer3.3.conv3.weight_ch687,1.2708789110183716
layer3.2.conv3.weight,62,layer3.2.conv3.weight_ch62,1.2708728313446045
layer3.0.conv3.weight,643,layer3.0.conv3.weight_ch643,1.2707856893539429
layer3.1.conv3.weight,241,layer3.1.conv3.weight_ch241,1.270678162574768
layer3.2.conv1.weight,63,layer3.2.conv1.weight_ch63,1.2706727981567383
layer2.1.conv3.weight,72,layer2.1.conv3.weight_ch72,1.2705243825912476
layer3.5.conv3.weight,402,layer3.5.conv3.weight_ch402,1.2696189880371094
layer3.1.conv3.weight,747,layer3.1.conv3.weight_ch747,1.2695084810256958
layer2.3.conv2.weight,117,layer2.3.conv2.weight_ch117,1.2692999839782715
layer3.3.conv3.weight,931,layer3.3.conv3.weight_ch931,1.2690950632095337
layer4.0.conv3.weight,68,layer4.0.conv3.weight_ch68,1.2689919471740723
layer2.1.conv3.weight,227,layer2.1.conv3.weight_ch227,1.2689604759216309
layer3.5.conv3.weight,544,layer3.5.conv3.weight_ch544,1.2688812017440796
layer4.0.conv3.weight,1621,layer4.0.conv3.weight_ch1621,1.2686331272125244
layer3.5.conv3.weight,849,layer3.5.conv3.weight_ch849,1.2685993909835815
layer3.5.conv3.weight,873,layer3.5.conv3.weight_ch873,1.2681347131729126
layer3.5.conv3.weight,561,layer3.5.conv3.weight_ch561,1.2680606842041016
layer4.0.conv3.weight,847,layer4.0.conv3.weight_ch847,1.2674705982208252
layer2.0.conv1.weight,37,layer2.0.conv1.weight_ch37,1.2672796249389648
layer3.3.conv3.weight,46,layer3.3.conv3.weight_ch46,1.267095923423767
layer3.2.conv2.weight,180,layer3.2.conv2.weight_ch180,1.2670315504074097
layer3.0.conv3.weight,598,layer3.0.conv3.weight_ch598,1.2670178413391113
layer2.0.conv1.weight,9,layer2.0.conv1.weight_ch9,1.2670085430145264
layer4.0.conv3.weight,70,layer4.0.conv3.weight_ch70,1.266943335533142
layer3.5.conv3.weight,672,layer3.5.conv3.weight_ch672,1.2669135332107544
layer3.5.conv3.weight,673,layer3.5.conv3.weight_ch673,1.2664642333984375
layer4.0.conv3.weight,1074,layer4.0.conv3.weight_ch1074,1.266103982925415
layer3.0.conv3.weight,462,layer3.0.conv3.weight_ch462,1.2659602165222168
layer2.1.conv3.weight,77,layer2.1.conv3.weight_ch77,1.2659437656402588
layer3.3.conv3.weight,209,layer3.3.conv3.weight_ch209,1.2658882141113281
layer3.1.conv3.weight,529,layer3.1.conv3.weight_ch529,1.2658663988113403
layer3.0.conv2.weight,52,layer3.0.conv2.weight_ch52,1.2656532526016235
layer3.1.conv3.weight,1,layer3.1.conv3.weight_ch1,1.2655622959136963
layer3.2.conv3.weight,789,layer3.2.conv3.weight_ch789,1.2654030323028564
layer3.3.conv3.weight,201,layer3.3.conv3.weight_ch201,1.2653313875198364
layer3.2.conv3.weight,306,layer3.2.conv3.weight_ch306,1.2653058767318726
layer3.3.conv3.weight,285,layer3.3.conv3.weight_ch285,1.2648768424987793
layer3.2.conv3.weight,124,layer3.2.conv3.weight_ch124,1.2645611763000488
layer3.5.conv3.weight,441,layer3.5.conv3.weight_ch441,1.2644692659378052
layer3.2.conv1.weight,45,layer3.2.conv1.weight_ch45,1.2640275955200195
layer3.0.conv3.weight,892,layer3.0.conv3.weight_ch892,1.2638654708862305
layer4.0.conv3.weight,1842,layer4.0.conv3.weight_ch1842,1.2634884119033813
layer2.3.conv2.weight,111,layer2.3.conv2.weight_ch111,1.2632097005844116
layer3.2.conv3.weight,133,layer3.2.conv3.weight_ch133,1.263205647468567
layer2.1.conv3.weight,6,layer2.1.conv3.weight_ch6,1.2631590366363525
layer2.1.conv3.weight,262,layer2.1.conv3.weight_ch262,1.2631421089172363
layer3.3.conv3.weight,13,layer3.3.conv3.weight_ch13,1.263053059577942
layer3.0.conv3.weight,42,layer3.0.conv3.weight_ch42,1.262640118598938
layer3.2.conv1.weight,225,layer3.2.conv1.weight_ch225,1.2626185417175293
layer3.3.conv3.weight,423,layer3.3.conv3.weight_ch423,1.2623722553253174
layer3.1.conv3.weight,514,layer3.1.conv3.weight_ch514,1.261948823928833
layer3.3.conv3.weight,1005,layer3.3.conv3.weight_ch1005,1.2618297338485718
layer3.0.conv3.weight,268,layer3.0.conv3.weight_ch268,1.2615180015563965
layer2.3.conv2.weight,16,layer2.3.conv2.weight_ch16,1.2612947225570679
layer3.5.conv3.weight,524,layer3.5.conv3.weight_ch524,1.261284351348877
layer2.3.conv2.weight,107,layer2.3.conv2.weight_ch107,1.2611552476882935
layer3.0.conv3.weight,783,layer3.0.conv3.weight_ch783,1.2607781887054443
layer4.0.conv3.weight,514,layer4.0.conv3.weight_ch514,1.2606713771820068
layer3.2.conv3.weight,543,layer3.2.conv3.weight_ch543,1.2602674961090088
layer2.1.conv3.weight,90,layer2.1.conv3.weight_ch90,1.2599552869796753
layer4.0.conv3.weight,1873,layer4.0.conv3.weight_ch1873,1.259899377822876
layer4.0.conv3.weight,1529,layer4.0.conv3.weight_ch1529,1.2598885297775269
layer1.2.conv3.weight,6,layer1.2.conv3.weight_ch6,1.2598590850830078
layer4.0.conv3.weight,1176,layer4.0.conv3.weight_ch1176,1.259836196899414
layer3.1.conv3.weight,909,layer3.1.conv3.weight_ch909,1.2593066692352295
layer3.5.conv3.weight,515,layer3.5.conv3.weight_ch515,1.2592519521713257
layer3.0.conv3.weight,705,layer3.0.conv3.weight_ch705,1.2592312097549438
layer3.3.conv3.weight,717,layer3.3.conv3.weight_ch717,1.2591428756713867
layer2.1.conv3.weight,291,layer2.1.conv3.weight_ch291,1.258998155593872
layer3.5.conv3.weight,500,layer3.5.conv3.weight_ch500,1.2589359283447266
layer4.0.conv3.weight,1673,layer4.0.conv3.weight_ch1673,1.258735179901123
layer3.0.conv3.weight,875,layer3.0.conv3.weight_ch875,1.25857412815094
layer3.0.conv3.weight,850,layer3.0.conv3.weight_ch850,1.2585399150848389
layer3.3.conv3.weight,150,layer3.3.conv3.weight_ch150,1.25850248336792
layer2.1.conv3.weight,442,layer2.1.conv3.weight_ch442,1.2584646940231323
layer4.0.conv3.weight,1346,layer4.0.conv3.weight_ch1346,1.2583898305892944
layer3.5.conv3.weight,98,layer3.5.conv3.weight_ch98,1.258347749710083
layer3.2.conv3.weight,342,layer3.2.conv3.weight_ch342,1.2578132152557373
layer3.5.conv3.weight,260,layer3.5.conv3.weight_ch260,1.2576169967651367
layer3.1.conv3.weight,533,layer3.1.conv3.weight_ch533,1.2572834491729736
layer3.2.conv3.weight,655,layer3.2.conv3.weight_ch655,1.2572650909423828
layer3.1.conv3.weight,899,layer3.1.conv3.weight_ch899,1.2570850849151611
layer3.2.conv3.weight,945,layer3.2.conv3.weight_ch945,1.2568604946136475
layer3.1.conv3.weight,34,layer3.1.conv3.weight_ch34,1.2564940452575684
layer3.1.conv3.weight,823,layer3.1.conv3.weight_ch823,1.2562686204910278
layer3.3.conv3.weight,793,layer3.3.conv3.weight_ch793,1.2561320066452026
layer4.0.conv3.weight,823,layer4.0.conv3.weight_ch823,1.2560678720474243
layer4.1.conv1.weight,366,layer4.1.conv1.weight_ch366,1.2560381889343262
layer3.0.conv3.weight,9,layer3.0.conv3.weight_ch9,1.2559046745300293
layer4.0.conv3.weight,2009,layer4.0.conv3.weight_ch2009,1.2558364868164062
layer2.0.conv1.weight,87,layer2.0.conv1.weight_ch87,1.2557951211929321
layer3.3.conv3.weight,6,layer3.3.conv3.weight_ch6,1.255732536315918
layer3.1.conv3.weight,678,layer3.1.conv3.weight_ch678,1.2554950714111328
layer4.0.conv3.weight,2036,layer4.0.conv3.weight_ch2036,1.2549960613250732
layer4.1.conv1.weight,453,layer4.1.conv1.weight_ch453,1.2545620203018188
layer3.0.conv3.weight,812,layer3.0.conv3.weight_ch812,1.2545109987258911
layer3.3.conv3.weight,27,layer3.3.conv3.weight_ch27,1.254257082939148
layer3.5.conv3.weight,11,layer3.5.conv3.weight_ch11,1.2537243366241455
layer4.1.conv1.weight,273,layer4.1.conv1.weight_ch273,1.2536574602127075
layer3.1.conv3.weight,495,layer3.1.conv3.weight_ch495,1.2536475658416748
layer3.3.conv3.weight,696,layer3.3.conv3.weight_ch696,1.2528589963912964
layer3.2.conv3.weight,604,layer3.2.conv3.weight_ch604,1.2526401281356812
layer3.0.conv3.weight,186,layer3.0.conv3.weight_ch186,1.252634882926941
layer4.0.conv3.weight,971,layer4.0.conv3.weight_ch971,1.2523269653320312
layer3.0.conv2.weight,167,layer3.0.conv2.weight_ch167,1.2518690824508667
layer4.0.conv3.weight,1716,layer4.0.conv3.weight_ch1716,1.2517564296722412
layer1.2.conv3.weight,150,layer1.2.conv3.weight_ch150,1.2516446113586426
layer3.5.conv3.weight,211,layer3.5.conv3.weight_ch211,1.2516008615493774
layer3.2.conv3.weight,759,layer3.2.conv3.weight_ch759,1.2514948844909668
layer3.5.conv3.weight,456,layer3.5.conv3.weight_ch456,1.251216173171997
layer3.5.conv3.weight,1011,layer3.5.conv3.weight_ch1011,1.2511426210403442
layer3.0.conv3.weight,958,layer3.0.conv3.weight_ch958,1.2508758306503296
layer3.2.conv3.weight,778,layer3.2.conv3.weight_ch778,1.2508113384246826
layer4.0.conv3.weight,132,layer4.0.conv3.weight_ch132,1.2505695819854736
layer3.5.conv3.weight,279,layer3.5.conv3.weight_ch279,1.2502479553222656
layer4.0.conv3.weight,1450,layer4.0.conv3.weight_ch1450,1.2496761083602905
layer3.2.conv1.weight,184,layer3.2.conv1.weight_ch184,1.2495800256729126
layer3.1.conv3.weight,12,layer3.1.conv3.weight_ch12,1.2495030164718628
layer3.3.conv3.weight,857,layer3.3.conv3.weight_ch857,1.2491333484649658
layer3.5.conv3.weight,924,layer3.5.conv3.weight_ch924,1.2485836744308472
layer2.0.conv2.weight,117,layer2.0.conv2.weight_ch117,1.2485589981079102
layer3.5.conv3.weight,285,layer3.5.conv3.weight_ch285,1.2481135129928589
layer3.3.conv3.weight,269,layer3.3.conv3.weight_ch269,1.248091220855713
layer3.0.conv3.weight,305,layer3.0.conv3.weight_ch305,1.247984528541565
layer3.0.conv3.weight,954,layer3.0.conv3.weight_ch954,1.2478176355361938
layer3.3.conv3.weight,135,layer3.3.conv3.weight_ch135,1.2477596998214722
layer3.5.conv3.weight,915,layer3.5.conv3.weight_ch915,1.247687578201294
layer4.0.conv3.weight,287,layer4.0.conv3.weight_ch287,1.2475765943527222
layer3.0.conv3.weight,606,layer3.0.conv3.weight_ch606,1.2474360466003418
layer3.2.conv3.weight,643,layer3.2.conv3.weight_ch643,1.2474303245544434
layer3.3.conv3.weight,673,layer3.3.conv3.weight_ch673,1.2473957538604736
layer4.0.conv3.weight,2035,layer4.0.conv3.weight_ch2035,1.2473779916763306
layer3.2.conv3.weight,585,layer3.2.conv3.weight_ch585,1.247252106666565
layer3.0.conv3.weight,20,layer3.0.conv3.weight_ch20,1.2472001314163208
layer4.1.conv1.weight,355,layer4.1.conv1.weight_ch355,1.2467315196990967
layer4.0.conv3.weight,720,layer4.0.conv3.weight_ch720,1.2465598583221436
layer4.0.conv3.weight,1089,layer4.0.conv3.weight_ch1089,1.2464410066604614
layer3.1.conv3.weight,739,layer3.1.conv3.weight_ch739,1.2463340759277344
layer3.0.conv3.weight,88,layer3.0.conv3.weight_ch88,1.2462009191513062
layer3.3.conv3.weight,958,layer3.3.conv3.weight_ch958,1.2454482316970825
layer3.5.conv3.weight,898,layer3.5.conv3.weight_ch898,1.2453950643539429
layer3.2.conv3.weight,796,layer3.2.conv3.weight_ch796,1.2453533411026
layer2.1.conv3.weight,401,layer2.1.conv3.weight_ch401,1.2450987100601196
layer3.2.conv3.weight,87,layer3.2.conv3.weight_ch87,1.2448986768722534
layer1.2.conv3.weight,200,layer1.2.conv3.weight_ch200,1.244821548461914
layer3.3.conv3.weight,416,layer3.3.conv3.weight_ch416,1.2445513010025024
layer3.2.conv3.weight,540,layer3.2.conv3.weight_ch540,1.2441332340240479
layer3.2.conv2.weight,47,layer3.2.conv2.weight_ch47,1.2441240549087524
layer4.0.conv3.weight,274,layer4.0.conv3.weight_ch274,1.2439172267913818
layer3.0.conv3.weight,742,layer3.0.conv3.weight_ch742,1.243480920791626
layer3.2.conv3.weight,85,layer3.2.conv3.weight_ch85,1.243276596069336
layer4.0.conv3.weight,1228,layer4.0.conv3.weight_ch1228,1.2430377006530762
layer3.0.conv3.weight,566,layer3.0.conv3.weight_ch566,1.2427295446395874
layer3.0.conv3.weight,260,layer3.0.conv3.weight_ch260,1.2427215576171875
layer4.0.conv3.weight,1936,layer4.0.conv3.weight_ch1936,1.242694616317749
layer2.0.conv2.weight,30,layer2.0.conv2.weight_ch30,1.2426210641860962
layer3.3.conv3.weight,168,layer3.3.conv3.weight_ch168,1.242483139038086
layer4.0.conv3.weight,1138,layer4.0.conv3.weight_ch1138,1.2419716119766235
layer3.2.conv3.weight,710,layer3.2.conv3.weight_ch710,1.2416898012161255
layer2.1.conv3.weight,400,layer2.1.conv3.weight_ch400,1.2416675090789795
layer3.2.conv2.weight,25,layer3.2.conv2.weight_ch25,1.241666316986084
layer3.0.conv3.weight,617,layer3.0.conv3.weight_ch617,1.2415895462036133
layer3.1.conv3.weight,380,layer3.1.conv3.weight_ch380,1.2414017915725708
layer4.1.conv1.weight,40,layer4.1.conv1.weight_ch40,1.2413136959075928
layer3.2.conv3.weight,626,layer3.2.conv3.weight_ch626,1.2408232688903809
layer4.0.conv3.weight,1734,layer4.0.conv3.weight_ch1734,1.2408028841018677
layer1.2.conv3.weight,146,layer1.2.conv3.weight_ch146,1.2407270669937134
layer3.3.conv3.weight,636,layer3.3.conv3.weight_ch636,1.2404133081436157
layer3.3.conv3.weight,5,layer3.3.conv3.weight_ch5,1.2401909828186035
layer2.3.conv2.weight,24,layer2.3.conv2.weight_ch24,1.2399654388427734
layer3.2.conv2.weight,26,layer3.2.conv2.weight_ch26,1.2399262189865112
layer2.1.conv3.weight,235,layer2.1.conv3.weight_ch235,1.2398133277893066
layer3.3.conv3.weight,621,layer3.3.conv3.weight_ch621,1.239428997039795
layer4.0.conv3.weight,1290,layer4.0.conv3.weight_ch1290,1.2392264604568481
layer3.0.conv3.weight,664,layer3.0.conv3.weight_ch664,1.2391645908355713
layer4.0.conv3.weight,1,layer4.0.conv3.weight_ch1,1.2387886047363281
layer4.0.conv3.weight,1385,layer4.0.conv3.weight_ch1385,1.2386937141418457
layer4.0.conv3.weight,1004,layer4.0.conv3.weight_ch1004,1.238481879234314
layer3.2.conv3.weight,835,layer3.2.conv3.weight_ch835,1.238477110862732
layer3.3.conv3.weight,650,layer3.3.conv3.weight_ch650,1.2384748458862305
layer4.0.conv3.weight,211,layer4.0.conv3.weight_ch211,1.2383486032485962
layer3.2.conv3.weight,794,layer3.2.conv3.weight_ch794,1.2381726503372192
layer4.0.conv3.weight,911,layer4.0.conv3.weight_ch911,1.2377004623413086
layer3.2.conv1.weight,163,layer3.2.conv1.weight_ch163,1.2368390560150146
layer2.3.conv2.weight,2,layer2.3.conv2.weight_ch2,1.236836552619934
layer3.2.conv1.weight,93,layer3.2.conv1.weight_ch93,1.23659348487854
layer2.1.conv3.weight,391,layer2.1.conv3.weight_ch391,1.236586093902588
layer3.0.conv2.weight,181,layer3.0.conv2.weight_ch181,1.236341953277588
layer3.1.conv3.weight,1017,layer3.1.conv3.weight_ch1017,1.236215591430664
layer3.2.conv3.weight,493,layer3.2.conv3.weight_ch493,1.2362107038497925
layer3.0.conv3.weight,965,layer3.0.conv3.weight_ch965,1.2360821962356567
layer3.2.conv2.weight,87,layer3.2.conv2.weight_ch87,1.2360624074935913
layer2.1.conv3.weight,47,layer2.1.conv3.weight_ch47,1.2360172271728516
layer4.0.conv3.weight,1971,layer4.0.conv3.weight_ch1971,1.2359464168548584
layer3.3.conv3.weight,91,layer3.3.conv3.weight_ch91,1.2357252836227417
layer4.1.conv1.weight,376,layer4.1.conv1.weight_ch376,1.2354096174240112
layer3.3.conv3.weight,863,layer3.3.conv3.weight_ch863,1.2353774309158325
layer3.0.conv3.weight,800,layer3.0.conv3.weight_ch800,1.2352100610733032
layer3.1.conv3.weight,273,layer3.1.conv3.weight_ch273,1.2349720001220703
layer4.1.conv1.weight,375,layer4.1.conv1.weight_ch375,1.2349251508712769
layer3.5.conv3.weight,24,layer3.5.conv3.weight_ch24,1.2349103689193726
layer2.1.conv3.weight,436,layer2.1.conv3.weight_ch436,1.234401822090149
layer3.2.conv2.weight,185,layer3.2.conv2.weight_ch185,1.234207272529602
layer3.2.conv3.weight,291,layer3.2.conv3.weight_ch291,1.2341861724853516
layer3.2.conv1.weight,141,layer3.2.conv1.weight_ch141,1.2340999841690063
layer3.0.conv3.weight,394,layer3.0.conv3.weight_ch394,1.2338522672653198
layer4.0.conv3.weight,1023,layer4.0.conv3.weight_ch1023,1.2337782382965088
layer3.0.conv3.weight,165,layer3.0.conv3.weight_ch165,1.2337751388549805
layer3.2.conv3.weight,602,layer3.2.conv3.weight_ch602,1.233720302581787
layer3.2.conv3.weight,906,layer3.2.conv3.weight_ch906,1.2336782217025757
layer4.0.conv3.weight,923,layer4.0.conv3.weight_ch923,1.2335983514785767
layer2.0.conv1.weight,44,layer2.0.conv1.weight_ch44,1.233518362045288
layer4.1.conv1.weight,131,layer4.1.conv1.weight_ch131,1.2334953546524048
layer4.1.conv1.weight,467,layer4.1.conv1.weight_ch467,1.2332541942596436
layer3.2.conv1.weight,226,layer3.2.conv1.weight_ch226,1.2331736087799072
layer3.5.conv3.weight,742,layer3.5.conv3.weight_ch742,1.2330853939056396
layer2.0.conv1.weight,42,layer2.0.conv1.weight_ch42,1.2329319715499878
layer3.2.conv3.weight,679,layer3.2.conv3.weight_ch679,1.2327134609222412
layer3.5.conv3.weight,649,layer3.5.conv3.weight_ch649,1.2318209409713745
layer3.1.conv3.weight,477,layer3.1.conv3.weight_ch477,1.2317748069763184
layer3.2.conv1.weight,129,layer3.2.conv1.weight_ch129,1.2310645580291748
layer2.1.conv3.weight,229,layer2.1.conv3.weight_ch229,1.2306973934173584
layer3.1.conv3.weight,924,layer3.1.conv3.weight_ch924,1.2303786277770996
layer4.0.conv3.weight,1825,layer4.0.conv3.weight_ch1825,1.2297419309616089
layer3.1.conv3.weight,622,layer3.1.conv3.weight_ch622,1.2294963598251343
layer3.2.conv3.weight,997,layer3.2.conv3.weight_ch997,1.2292852401733398
layer4.0.conv3.weight,1638,layer4.0.conv3.weight_ch1638,1.2292442321777344
layer3.2.conv3.weight,352,layer3.2.conv3.weight_ch352,1.2289166450500488
layer1.2.conv3.weight,9,layer1.2.conv3.weight_ch9,1.228515386581421
layer3.3.conv3.weight,358,layer3.3.conv3.weight_ch358,1.2284454107284546
layer3.0.conv3.weight,697,layer3.0.conv3.weight_ch697,1.2284018993377686
layer3.5.conv3.weight,620,layer3.5.conv3.weight_ch620,1.2283638715744019
layer3.0.conv3.weight,484,layer3.0.conv3.weight_ch484,1.2281912565231323
layer4.0.conv3.weight,1983,layer4.0.conv3.weight_ch1983,1.228035807609558
layer3.5.conv3.weight,925,layer3.5.conv3.weight_ch925,1.2279726266860962
layer3.3.conv3.weight,714,layer3.3.conv3.weight_ch714,1.2279434204101562
layer3.3.conv3.weight,897,layer3.3.conv3.weight_ch897,1.227344274520874
layer4.0.conv3.weight,1527,layer4.0.conv3.weight_ch1527,1.227181315422058
layer2.1.conv3.weight,232,layer2.1.conv3.weight_ch232,1.2271101474761963
layer4.0.conv3.weight,105,layer4.0.conv3.weight_ch105,1.226892113685608
layer3.5.conv3.weight,78,layer3.5.conv3.weight_ch78,1.226644515991211
layer3.0.conv3.weight,117,layer3.0.conv3.weight_ch117,1.2265126705169678
layer3.3.conv3.weight,415,layer3.3.conv3.weight_ch415,1.226457118988037
layer3.1.conv3.weight,68,layer3.1.conv3.weight_ch68,1.22628653049469
layer3.0.conv3.weight,513,layer3.0.conv3.weight_ch513,1.226239800453186
layer3.5.conv3.weight,743,layer3.5.conv3.weight_ch743,1.2262341976165771
layer3.0.conv3.weight,51,layer3.0.conv3.weight_ch51,1.2261075973510742
layer3.2.conv2.weight,175,layer3.2.conv2.weight_ch175,1.2260857820510864
layer3.5.conv3.weight,564,layer3.5.conv3.weight_ch564,1.2260509729385376
layer3.5.conv3.weight,1013,layer3.5.conv3.weight_ch1013,1.2255611419677734
layer4.0.conv3.weight,611,layer4.0.conv3.weight_ch611,1.2254917621612549
layer4.0.conv3.weight,665,layer4.0.conv3.weight_ch665,1.2254263162612915
layer3.3.conv3.weight,845,layer3.3.conv3.weight_ch845,1.2252826690673828
layer3.3.conv3.weight,115,layer3.3.conv3.weight_ch115,1.2251453399658203
layer1.2.conv3.weight,214,layer1.2.conv3.weight_ch214,1.2250226736068726
layer3.3.conv3.weight,765,layer3.3.conv3.weight_ch765,1.2248326539993286
layer4.0.conv3.weight,64,layer4.0.conv3.weight_ch64,1.224693775177002
layer3.2.conv3.weight,250,layer3.2.conv3.weight_ch250,1.2243602275848389
layer2.0.conv2.weight,38,layer2.0.conv2.weight_ch38,1.2243199348449707
layer3.2.conv3.weight,631,layer3.2.conv3.weight_ch631,1.2238423824310303
layer4.0.conv3.weight,633,layer4.0.conv3.weight_ch633,1.2237929105758667
layer3.2.conv2.weight,40,layer3.2.conv2.weight_ch40,1.2237391471862793
layer3.5.conv3.weight,794,layer3.5.conv3.weight_ch794,1.2236285209655762
layer3.0.conv3.weight,993,layer3.0.conv3.weight_ch993,1.2234909534454346
layer3.2.conv2.weight,238,layer3.2.conv2.weight_ch238,1.2232332229614258
layer3.5.conv3.weight,274,layer3.5.conv3.weight_ch274,1.2228056192398071
layer3.0.conv3.weight,309,layer3.0.conv3.weight_ch309,1.2224116325378418
layer2.0.conv2.weight,45,layer2.0.conv2.weight_ch45,1.2222338914871216
layer3.2.conv3.weight,276,layer3.2.conv3.weight_ch276,1.2220712900161743
layer3.3.conv3.weight,445,layer3.3.conv3.weight_ch445,1.22205650806427
layer3.0.conv3.weight,231,layer3.0.conv3.weight_ch231,1.2220209836959839
layer3.5.conv3.weight,431,layer3.5.conv3.weight_ch431,1.2219182252883911
layer2.0.conv1.weight,7,layer2.0.conv1.weight_ch7,1.2216298580169678
layer3.3.conv3.weight,333,layer3.3.conv3.weight_ch333,1.2216229438781738
layer2.3.conv2.weight,121,layer2.3.conv2.weight_ch121,1.2213045358657837
layer3.1.conv3.weight,727,layer3.1.conv3.weight_ch727,1.221161961555481
layer3.5.conv3.weight,658,layer3.5.conv3.weight_ch658,1.2209879159927368
layer4.0.conv3.weight,1306,layer4.0.conv3.weight_ch1306,1.2208009958267212
layer3.2.conv2.weight,178,layer3.2.conv2.weight_ch178,1.2207398414611816
layer3.2.conv3.weight,482,layer3.2.conv3.weight_ch482,1.2206146717071533
layer3.0.conv3.weight,843,layer3.0.conv3.weight_ch843,1.2203329801559448
layer4.0.conv3.weight,2038,layer4.0.conv3.weight_ch2038,1.220308542251587
layer3.2.conv3.weight,31,layer3.2.conv3.weight_ch31,1.220308542251587
layer2.1.conv3.weight,102,layer2.1.conv3.weight_ch102,1.219580888748169
layer3.5.conv3.weight,153,layer3.5.conv3.weight_ch153,1.2195513248443604
layer4.0.conv3.weight,1353,layer4.0.conv3.weight_ch1353,1.2193713188171387
layer4.1.conv1.weight,294,layer4.1.conv1.weight_ch294,1.2191001176834106
layer4.0.conv3.weight,110,layer4.0.conv3.weight_ch110,1.2189682722091675
layer3.2.conv3.weight,575,layer3.2.conv3.weight_ch575,1.2188650369644165
layer4.0.conv3.weight,17,layer4.0.conv3.weight_ch17,1.2187649011611938
layer3.2.conv3.weight,299,layer3.2.conv3.weight_ch299,1.2186310291290283
layer3.1.conv3.weight,563,layer3.1.conv3.weight_ch563,1.2183769941329956
layer3.2.conv2.weight,77,layer3.2.conv2.weight_ch77,1.2177997827529907
layer2.1.conv3.weight,500,layer2.1.conv3.weight_ch500,1.217659592628479
layer3.3.conv3.weight,112,layer3.3.conv3.weight_ch112,1.2175568342208862
layer3.1.conv3.weight,745,layer3.1.conv3.weight_ch745,1.217256784439087
layer3.3.conv3.weight,397,layer3.3.conv3.weight_ch397,1.2172224521636963
layer4.0.conv3.weight,1628,layer4.0.conv3.weight_ch1628,1.2172008752822876
layer3.2.conv3.weight,0,layer3.2.conv3.weight_ch0,1.2170648574829102
layer3.3.conv3.weight,484,layer3.3.conv3.weight_ch484,1.216941475868225
layer2.1.conv3.weight,170,layer2.1.conv3.weight_ch170,1.2169320583343506
layer3.0.conv3.weight,96,layer3.0.conv3.weight_ch96,1.2168463468551636
layer4.1.conv1.weight,129,layer4.1.conv1.weight_ch129,1.2162789106369019
layer4.0.conv3.weight,663,layer4.0.conv3.weight_ch663,1.2159560918807983
layer3.1.conv3.weight,13,layer3.1.conv3.weight_ch13,1.215888500213623
layer2.1.conv3.weight,196,layer2.1.conv3.weight_ch196,1.2157572507858276
layer1.2.conv3.weight,3,layer1.2.conv3.weight_ch3,1.2154556512832642
layer3.2.conv3.weight,609,layer3.2.conv3.weight_ch609,1.2152926921844482
layer3.3.conv3.weight,385,layer3.3.conv3.weight_ch385,1.2149765491485596
layer3.5.conv3.weight,863,layer3.5.conv3.weight_ch863,1.2148081064224243
layer3.3.conv3.weight,264,layer3.3.conv3.weight_ch264,1.2147901058197021
layer4.0.conv3.weight,1000,layer4.0.conv3.weight_ch1000,1.214699149131775
layer3.3.conv3.weight,768,layer3.3.conv3.weight_ch768,1.2145744562149048
layer4.0.conv3.weight,1057,layer4.0.conv3.weight_ch1057,1.2144454717636108
layer4.0.conv3.weight,1174,layer4.0.conv3.weight_ch1174,1.2143373489379883
layer3.1.conv3.weight,170,layer3.1.conv3.weight_ch170,1.214268684387207
layer3.5.conv3.weight,554,layer3.5.conv3.weight_ch554,1.2140201330184937
layer4.0.conv3.weight,1458,layer4.0.conv3.weight_ch1458,1.2138698101043701
layer3.5.conv3.weight,655,layer3.5.conv3.weight_ch655,1.2135133743286133
layer3.3.conv3.weight,610,layer3.3.conv3.weight_ch610,1.213357925415039
layer3.5.conv3.weight,81,layer3.5.conv3.weight_ch81,1.2130285501480103
layer3.5.conv3.weight,17,layer3.5.conv3.weight_ch17,1.2126972675323486
layer3.0.conv3.weight,739,layer3.0.conv3.weight_ch739,1.2126960754394531
layer4.0.conv3.weight,463,layer4.0.conv3.weight_ch463,1.2126553058624268
layer4.0.conv3.weight,795,layer4.0.conv3.weight_ch795,1.2125955820083618
layer4.0.conv3.weight,901,layer4.0.conv3.weight_ch901,1.2124571800231934
layer3.0.conv3.weight,188,layer3.0.conv3.weight_ch188,1.2124342918395996
layer4.0.conv3.weight,1473,layer4.0.conv3.weight_ch1473,1.2123873233795166
layer3.0.conv3.weight,363,layer3.0.conv3.weight_ch363,1.2123115062713623
layer3.0.conv3.weight,653,layer3.0.conv3.weight_ch653,1.2121919393539429
layer3.2.conv3.weight,112,layer3.2.conv3.weight_ch112,1.211850881576538
layer3.5.conv3.weight,559,layer3.5.conv3.weight_ch559,1.2114040851593018
layer4.0.conv3.weight,957,layer4.0.conv3.weight_ch957,1.211303949356079
layer3.2.conv3.weight,208,layer3.2.conv3.weight_ch208,1.2112263441085815
layer3.2.conv2.weight,220,layer3.2.conv2.weight_ch220,1.2109774351119995
layer3.0.conv3.weight,632,layer3.0.conv3.weight_ch632,1.2109476327896118
layer3.2.conv2.weight,130,layer3.2.conv2.weight_ch130,1.2107146978378296
layer3.5.conv3.weight,469,layer3.5.conv3.weight_ch469,1.210682988166809
layer3.1.conv3.weight,926,layer3.1.conv3.weight_ch926,1.2105926275253296
layer3.2.conv3.weight,401,layer3.2.conv3.weight_ch401,1.2102253437042236
layer3.3.conv3.weight,509,layer3.3.conv3.weight_ch509,1.2101988792419434
layer4.0.conv3.weight,390,layer4.0.conv3.weight_ch390,1.2101138830184937
layer3.3.conv3.weight,1013,layer3.3.conv3.weight_ch1013,1.2099995613098145
layer3.2.conv3.weight,59,layer3.2.conv3.weight_ch59,1.2095208168029785
layer3.5.conv3.weight,340,layer3.5.conv3.weight_ch340,1.2093223333358765
layer1.2.conv3.weight,245,layer1.2.conv3.weight_ch245,1.2091443538665771
layer4.0.conv3.weight,75,layer4.0.conv3.weight_ch75,1.2088032960891724
layer3.0.conv3.weight,369,layer3.0.conv3.weight_ch369,1.208467960357666
layer3.0.conv3.weight,529,layer3.0.conv3.weight_ch529,1.2083184719085693
layer3.2.conv3.weight,307,layer3.2.conv3.weight_ch307,1.20829176902771
layer3.2.conv2.weight,28,layer3.2.conv2.weight_ch28,1.2079617977142334
layer3.1.conv3.weight,658,layer3.1.conv3.weight_ch658,1.2079002857208252
layer3.0.conv3.weight,902,layer3.0.conv3.weight_ch902,1.2078776359558105
layer3.5.conv3.weight,798,layer3.5.conv3.weight_ch798,1.2078216075897217
layer3.5.conv3.weight,884,layer3.5.conv3.weight_ch884,1.207695484161377
layer3.2.conv1.weight,115,layer3.2.conv1.weight_ch115,1.207328200340271
layer3.1.conv3.weight,589,layer3.1.conv3.weight_ch589,1.207289695739746
layer3.3.conv3.weight,969,layer3.3.conv3.weight_ch969,1.206919550895691
layer3.5.conv3.weight,997,layer3.5.conv3.weight_ch997,1.2066675424575806
layer2.1.conv3.weight,61,layer2.1.conv3.weight_ch61,1.206238031387329
layer3.3.conv3.weight,980,layer3.3.conv3.weight_ch980,1.206229329109192
layer3.1.conv3.weight,248,layer3.1.conv3.weight_ch248,1.206053614616394
layer4.0.conv3.weight,1678,layer4.0.conv3.weight_ch1678,1.2056946754455566
layer3.0.conv3.weight,763,layer3.0.conv3.weight_ch763,1.205306887626648
layer3.3.conv3.weight,368,layer3.3.conv3.weight_ch368,1.2050668001174927
layer3.2.conv1.weight,120,layer3.2.conv1.weight_ch120,1.2045133113861084
layer2.1.conv3.weight,228,layer2.1.conv3.weight_ch228,1.2040956020355225
layer3.2.conv1.weight,251,layer3.2.conv1.weight_ch251,1.2037739753723145
layer3.1.conv3.weight,496,layer3.1.conv3.weight_ch496,1.2034670114517212
layer4.0.conv3.weight,1710,layer4.0.conv3.weight_ch1710,1.203384280204773
layer3.0.conv3.weight,426,layer3.0.conv3.weight_ch426,1.203089714050293
layer3.0.conv3.weight,221,layer3.0.conv3.weight_ch221,1.2029368877410889
layer3.5.conv3.weight,158,layer3.5.conv3.weight_ch158,1.2024585008621216
layer3.5.conv3.weight,791,layer3.5.conv3.weight_ch791,1.2023261785507202
layer4.1.conv1.weight,350,layer4.1.conv1.weight_ch350,1.2017899751663208
layer3.2.conv3.weight,173,layer3.2.conv3.weight_ch173,1.2017366886138916
layer4.0.conv3.weight,301,layer4.0.conv3.weight_ch301,1.201496958732605
layer4.0.conv3.weight,162,layer4.0.conv3.weight_ch162,1.2011799812316895
layer3.5.conv3.weight,627,layer3.5.conv3.weight_ch627,1.2010536193847656
layer3.2.conv3.weight,389,layer3.2.conv3.weight_ch389,1.2008962631225586
layer4.0.conv3.weight,1475,layer4.0.conv3.weight_ch1475,1.2007381916046143
layer4.0.conv3.weight,1952,layer4.0.conv3.weight_ch1952,1.2005897760391235
layer3.5.conv3.weight,950,layer3.5.conv3.weight_ch950,1.200409173965454
layer3.2.conv3.weight,563,layer3.2.conv3.weight_ch563,1.2003934383392334
layer3.1.conv3.weight,729,layer3.1.conv3.weight_ch729,1.1998450756072998
layer3.3.conv3.weight,594,layer3.3.conv3.weight_ch594,1.1993294954299927
layer2.1.conv3.weight,476,layer2.1.conv3.weight_ch476,1.1989740133285522
layer3.3.conv3.weight,974,layer3.3.conv3.weight_ch974,1.1989244222640991
layer4.0.conv3.weight,819,layer4.0.conv3.weight_ch819,1.198715090751648
layer1.2.conv3.weight,188,layer1.2.conv3.weight_ch188,1.198596715927124
layer3.1.conv3.weight,892,layer3.1.conv3.weight_ch892,1.1983927488327026
layer2.0.conv2.weight,16,layer2.0.conv2.weight_ch16,1.1983113288879395
layer3.2.conv3.weight,681,layer3.2.conv3.weight_ch681,1.198293924331665
layer4.0.conv3.weight,1756,layer4.0.conv3.weight_ch1756,1.198273777961731
layer3.1.conv3.weight,122,layer3.1.conv3.weight_ch122,1.1977585554122925
layer3.5.conv3.weight,370,layer3.5.conv3.weight_ch370,1.1976592540740967
layer3.2.conv3.weight,670,layer3.2.conv3.weight_ch670,1.1969075202941895
layer3.1.conv3.weight,508,layer3.1.conv3.weight_ch508,1.1968612670898438
layer3.3.conv3.weight,622,layer3.3.conv3.weight_ch622,1.1966896057128906
layer2.0.conv1.weight,109,layer2.0.conv1.weight_ch109,1.196338176727295
layer2.1.conv3.weight,240,layer2.1.conv3.weight_ch240,1.1962577104568481
layer3.1.conv3.weight,336,layer3.1.conv3.weight_ch336,1.195984959602356
layer3.5.conv3.weight,546,layer3.5.conv3.weight_ch546,1.1958558559417725
layer3.2.conv3.weight,181,layer3.2.conv3.weight_ch181,1.1957406997680664
layer3.1.conv3.weight,452,layer3.1.conv3.weight_ch452,1.1956655979156494
layer3.5.conv3.weight,853,layer3.5.conv3.weight_ch853,1.1955528259277344
layer4.0.conv3.weight,1198,layer4.0.conv3.weight_ch1198,1.19553542137146
layer3.2.conv3.weight,752,layer3.2.conv3.weight_ch752,1.1953374147415161
layer4.0.conv3.weight,1889,layer4.0.conv3.weight_ch1889,1.195316195487976
layer3.1.conv3.weight,520,layer3.1.conv3.weight_ch520,1.1952424049377441
layer3.2.conv3.weight,894,layer3.2.conv3.weight_ch894,1.195181131362915
layer3.2.conv3.weight,587,layer3.2.conv3.weight_ch587,1.1950522661209106
layer3.0.conv3.weight,399,layer3.0.conv3.weight_ch399,1.195038914680481
layer3.2.conv3.weight,639,layer3.2.conv3.weight_ch639,1.1949087381362915
layer3.1.conv3.weight,833,layer3.1.conv3.weight_ch833,1.1946299076080322
layer2.0.conv2.weight,14,layer2.0.conv2.weight_ch14,1.194511890411377
layer3.5.conv3.weight,573,layer3.5.conv3.weight_ch573,1.1943907737731934
layer4.1.conv1.weight,104,layer4.1.conv1.weight_ch104,1.1942461729049683
layer4.0.conv3.weight,695,layer4.0.conv3.weight_ch695,1.1938060522079468
layer3.0.conv3.weight,148,layer3.0.conv3.weight_ch148,1.193679928779602
layer3.0.conv3.weight,239,layer3.0.conv3.weight_ch239,1.1932921409606934
layer3.5.conv3.weight,372,layer3.5.conv3.weight_ch372,1.19326913356781
layer4.1.conv1.weight,320,layer4.1.conv1.weight_ch320,1.1930994987487793
layer3.1.conv3.weight,769,layer3.1.conv3.weight_ch769,1.1929088830947876
layer2.3.conv2.weight,89,layer2.3.conv2.weight_ch89,1.192885160446167
layer3.0.conv3.weight,986,layer3.0.conv3.weight_ch986,1.1928714513778687
layer3.0.conv3.weight,912,layer3.0.conv3.weight_ch912,1.192478895187378
layer2.0.conv1.weight,0,layer2.0.conv1.weight_ch0,1.1924370527267456
layer3.0.conv3.weight,610,layer3.0.conv3.weight_ch610,1.192383885383606
layer3.1.conv3.weight,238,layer3.1.conv3.weight_ch238,1.192265272140503
layer3.3.conv3.weight,174,layer3.3.conv3.weight_ch174,1.1918333768844604
layer3.3.conv3.weight,558,layer3.3.conv3.weight_ch558,1.191828727722168
layer3.5.conv3.weight,291,layer3.5.conv3.weight_ch291,1.1911578178405762
layer4.0.conv3.weight,776,layer4.0.conv3.weight_ch776,1.1911438703536987
layer4.0.conv3.weight,588,layer4.0.conv3.weight_ch588,1.1907609701156616
layer4.0.conv3.weight,229,layer4.0.conv3.weight_ch229,1.190514326095581
layer2.3.conv2.weight,108,layer2.3.conv2.weight_ch108,1.190399169921875
layer3.2.conv2.weight,97,layer3.2.conv2.weight_ch97,1.1899523735046387
layer3.2.conv3.weight,152,layer3.2.conv3.weight_ch152,1.1898250579833984
layer3.0.conv3.weight,302,layer3.0.conv3.weight_ch302,1.1897937059402466
layer4.0.conv3.weight,1494,layer4.0.conv3.weight_ch1494,1.1897834539413452
layer3.2.conv3.weight,656,layer3.2.conv3.weight_ch656,1.1897298097610474
layer2.1.conv3.weight,188,layer2.1.conv3.weight_ch188,1.189586877822876
layer2.1.conv3.weight,14,layer2.1.conv3.weight_ch14,1.1894958019256592
layer2.0.conv1.weight,50,layer2.0.conv1.weight_ch50,1.189234733581543
layer3.2.conv3.weight,529,layer3.2.conv3.weight_ch529,1.1888681650161743
layer3.2.conv2.weight,196,layer3.2.conv2.weight_ch196,1.1885825395584106
layer3.5.conv3.weight,610,layer3.5.conv3.weight_ch610,1.1885628700256348
layer3.2.conv3.weight,490,layer3.2.conv3.weight_ch490,1.1882070302963257
layer3.5.conv3.weight,237,layer3.5.conv3.weight_ch237,1.1881500482559204
layer3.1.conv3.weight,109,layer3.1.conv3.weight_ch109,1.1878831386566162
layer4.0.conv3.weight,1751,layer4.0.conv3.weight_ch1751,1.1878553628921509
layer3.0.conv3.weight,668,layer3.0.conv3.weight_ch668,1.1877532005310059
layer1.2.conv3.weight,133,layer1.2.conv3.weight_ch133,1.1876493692398071
layer3.5.conv3.weight,197,layer3.5.conv3.weight_ch197,1.1875648498535156
layer2.3.conv2.weight,53,layer2.3.conv2.weight_ch53,1.1873470544815063
layer3.2.conv2.weight,43,layer3.2.conv2.weight_ch43,1.1872750520706177
layer3.1.conv3.weight,475,layer3.1.conv3.weight_ch475,1.187166452407837
layer3.1.conv3.weight,112,layer3.1.conv3.weight_ch112,1.1871393918991089
layer3.1.conv3.weight,515,layer3.1.conv3.weight_ch515,1.187087059020996
layer2.1.conv3.weight,416,layer2.1.conv3.weight_ch416,1.186842918395996
layer3.2.conv3.weight,804,layer3.2.conv3.weight_ch804,1.186741828918457
layer4.0.conv3.weight,961,layer4.0.conv3.weight_ch961,1.1864945888519287
layer4.1.conv1.weight,146,layer4.1.conv1.weight_ch146,1.1862545013427734
layer3.2.conv2.weight,219,layer3.2.conv2.weight_ch219,1.1860737800598145
layer3.5.conv3.weight,840,layer3.5.conv3.weight_ch840,1.185975193977356
layer3.2.conv3.weight,653,layer3.2.conv3.weight_ch653,1.18596613407135
layer3.5.conv3.weight,975,layer3.5.conv3.weight_ch975,1.1856714487075806
layer3.2.conv3.weight,577,layer3.2.conv3.weight_ch577,1.1855700016021729
layer3.5.conv3.weight,36,layer3.5.conv3.weight_ch36,1.185515284538269
layer4.1.conv1.weight,288,layer4.1.conv1.weight_ch288,1.1853163242340088
layer3.0.conv3.weight,698,layer3.0.conv3.weight_ch698,1.1851226091384888
layer3.0.conv2.weight,23,layer3.0.conv2.weight_ch23,1.1851187944412231
layer1.2.conv3.weight,86,layer1.2.conv3.weight_ch86,1.1846644878387451
layer3.0.conv3.weight,476,layer3.0.conv3.weight_ch476,1.184249997138977
layer1.2.conv3.weight,234,layer1.2.conv3.weight_ch234,1.184244155883789
layer2.1.conv3.weight,315,layer2.1.conv3.weight_ch315,1.1840355396270752
layer1.2.conv3.weight,212,layer1.2.conv3.weight_ch212,1.183968424797058
layer3.2.conv2.weight,46,layer3.2.conv2.weight_ch46,1.1838985681533813
layer3.2.conv2.weight,197,layer3.2.conv2.weight_ch197,1.183682918548584
layer3.1.conv3.weight,369,layer3.1.conv3.weight_ch369,1.1836568117141724
layer4.0.conv3.weight,299,layer4.0.conv3.weight_ch299,1.183618187904358
layer3.0.conv3.weight,1015,layer3.0.conv3.weight_ch1015,1.1834938526153564
layer3.1.conv3.weight,202,layer3.1.conv3.weight_ch202,1.1828428506851196
layer4.0.conv3.weight,682,layer4.0.conv3.weight_ch682,1.1827614307403564
layer3.0.conv3.weight,90,layer3.0.conv3.weight_ch90,1.1825934648513794
layer3.0.conv3.weight,434,layer3.0.conv3.weight_ch434,1.1825504302978516
layer3.1.conv3.weight,60,layer3.1.conv3.weight_ch60,1.1821054220199585
layer4.1.conv1.weight,425,layer4.1.conv1.weight_ch425,1.18145751953125
layer3.5.conv3.weight,790,layer3.5.conv3.weight_ch790,1.181423306465149
layer3.5.conv3.weight,1021,layer3.5.conv3.weight_ch1021,1.1812065839767456
layer3.0.conv3.weight,25,layer3.0.conv3.weight_ch25,1.1810283660888672
layer3.0.conv2.weight,100,layer3.0.conv2.weight_ch100,1.1809161901474
layer3.3.conv3.weight,110,layer3.3.conv3.weight_ch110,1.1807273626327515
layer4.0.conv3.weight,5,layer4.0.conv3.weight_ch5,1.1804965734481812
layer3.1.conv3.weight,121,layer3.1.conv3.weight_ch121,1.1804436445236206
layer3.0.conv3.weight,984,layer3.0.conv3.weight_ch984,1.1804134845733643
layer3.2.conv3.weight,756,layer3.2.conv3.weight_ch756,1.1798659563064575
layer3.3.conv3.weight,496,layer3.3.conv3.weight_ch496,1.1792936325073242
layer3.2.conv2.weight,84,layer3.2.conv2.weight_ch84,1.1790612936019897
layer3.0.conv3.weight,348,layer3.0.conv3.weight_ch348,1.1788535118103027
layer4.0.conv3.weight,895,layer4.0.conv3.weight_ch895,1.1787221431732178
layer3.1.conv3.weight,636,layer3.1.conv3.weight_ch636,1.1785814762115479
layer3.2.conv1.weight,8,layer3.2.conv1.weight_ch8,1.1785037517547607
layer3.3.conv3.weight,603,layer3.3.conv3.weight_ch603,1.1784740686416626
layer3.5.conv3.weight,594,layer3.5.conv3.weight_ch594,1.1783692836761475
layer3.0.conv3.weight,84,layer3.0.conv3.weight_ch84,1.1780771017074585
layer3.2.conv3.weight,47,layer3.2.conv3.weight_ch47,1.177650809288025
layer2.0.conv2.weight,53,layer2.0.conv2.weight_ch53,1.1770446300506592
layer3.2.conv3.weight,232,layer3.2.conv3.weight_ch232,1.1762096881866455
layer4.0.conv3.weight,539,layer4.0.conv3.weight_ch539,1.1762088537216187
layer3.1.conv3.weight,372,layer3.1.conv3.weight_ch372,1.1761541366577148
layer3.2.conv3.weight,130,layer3.2.conv3.weight_ch130,1.1760495901107788
layer3.5.conv3.weight,183,layer3.5.conv3.weight_ch183,1.1759530305862427
layer3.0.conv3.weight,440,layer3.0.conv3.weight_ch440,1.1758681535720825
layer3.1.conv3.weight,218,layer3.1.conv3.weight_ch218,1.1757972240447998
layer3.5.conv3.weight,830,layer3.5.conv3.weight_ch830,1.175788164138794
layer3.1.conv3.weight,611,layer3.1.conv3.weight_ch611,1.1756445169448853
layer3.2.conv3.weight,200,layer3.2.conv3.weight_ch200,1.1753771305084229
layer3.1.conv3.weight,555,layer3.1.conv3.weight_ch555,1.1752026081085205
layer3.3.conv3.weight,896,layer3.3.conv3.weight_ch896,1.1751866340637207
layer3.2.conv1.weight,41,layer3.2.conv1.weight_ch41,1.174694538116455
layer2.1.conv3.weight,274,layer2.1.conv3.weight_ch274,1.174397587776184
layer3.0.conv3.weight,408,layer3.0.conv3.weight_ch408,1.174221396446228
layer4.1.conv1.weight,217,layer4.1.conv1.weight_ch217,1.174116849899292
layer3.2.conv3.weight,581,layer3.2.conv3.weight_ch581,1.1739426851272583
layer3.0.conv3.weight,415,layer3.0.conv3.weight_ch415,1.1737136840820312
layer3.0.conv3.weight,265,layer3.0.conv3.weight_ch265,1.1736201047897339
layer3.2.conv1.weight,165,layer3.2.conv1.weight_ch165,1.1734974384307861
layer4.0.conv3.weight,1713,layer4.0.conv3.weight_ch1713,1.1734652519226074
layer4.0.conv3.weight,1949,layer4.0.conv3.weight_ch1949,1.1734575033187866
layer3.2.conv3.weight,491,layer3.2.conv3.weight_ch491,1.173408031463623
layer4.0.conv3.weight,1336,layer4.0.conv3.weight_ch1336,1.1733372211456299
layer3.1.conv3.weight,279,layer3.1.conv3.weight_ch279,1.1732468605041504
layer4.0.conv3.weight,1954,layer4.0.conv3.weight_ch1954,1.1732311248779297
layer3.0.conv3.weight,842,layer3.0.conv3.weight_ch842,1.1728657484054565
layer2.1.conv3.weight,173,layer2.1.conv3.weight_ch173,1.172454595565796
layer3.3.conv3.weight,8,layer3.3.conv3.weight_ch8,1.1720004081726074
layer3.2.conv3.weight,298,layer3.2.conv3.weight_ch298,1.1713805198669434
layer3.5.conv3.weight,946,layer3.5.conv3.weight_ch946,1.1712496280670166
layer3.1.conv3.weight,818,layer3.1.conv3.weight_ch818,1.1711604595184326
layer4.0.conv3.weight,1898,layer4.0.conv3.weight_ch1898,1.170870304107666
layer4.0.conv3.weight,1407,layer4.0.conv3.weight_ch1407,1.1706459522247314
layer3.5.conv3.weight,439,layer3.5.conv3.weight_ch439,1.1702959537506104
layer2.1.conv3.weight,384,layer2.1.conv3.weight_ch384,1.1702016592025757
layer4.0.conv3.weight,1412,layer4.0.conv3.weight_ch1412,1.1695761680603027
layer3.5.conv3.weight,958,layer3.5.conv3.weight_ch958,1.1693745851516724
layer2.1.conv3.weight,19,layer2.1.conv3.weight_ch19,1.1691373586654663
layer3.1.conv3.weight,455,layer3.1.conv3.weight_ch455,1.169041395187378
layer4.0.conv3.weight,887,layer4.0.conv3.weight_ch887,1.1690149307250977
layer3.3.conv3.weight,670,layer3.3.conv3.weight_ch670,1.1686797142028809
layer2.1.conv3.weight,271,layer2.1.conv3.weight_ch271,1.1683560609817505
layer2.3.conv2.weight,76,layer2.3.conv2.weight_ch76,1.168180227279663
layer3.0.conv3.weight,112,layer3.0.conv3.weight_ch112,1.1671500205993652
layer3.3.conv3.weight,699,layer3.3.conv3.weight_ch699,1.1668469905853271
layer3.1.conv3.weight,290,layer3.1.conv3.weight_ch290,1.166548728942871
layer3.2.conv2.weight,80,layer3.2.conv2.weight_ch80,1.1664470434188843
layer3.5.conv3.weight,60,layer3.5.conv3.weight_ch60,1.1663572788238525
layer4.0.conv3.weight,1144,layer4.0.conv3.weight_ch1144,1.1663193702697754
layer3.1.conv3.weight,627,layer3.1.conv3.weight_ch627,1.1658854484558105
layer3.5.conv3.weight,377,layer3.5.conv3.weight_ch377,1.165842056274414
layer3.1.conv3.weight,723,layer3.1.conv3.weight_ch723,1.1656781435012817
layer3.3.conv3.weight,261,layer3.3.conv3.weight_ch261,1.1653658151626587
layer3.1.conv3.weight,471,layer3.1.conv3.weight_ch471,1.1653175354003906
layer3.0.conv3.weight,880,layer3.0.conv3.weight_ch880,1.1652933359146118
layer2.1.conv3.weight,178,layer2.1.conv3.weight_ch178,1.1648852825164795
layer3.1.conv3.weight,927,layer3.1.conv3.weight_ch927,1.1647306680679321
layer3.3.conv3.weight,910,layer3.3.conv3.weight_ch910,1.1646769046783447
layer4.0.conv3.weight,2025,layer4.0.conv3.weight_ch2025,1.1645941734313965
layer3.1.conv3.weight,330,layer3.1.conv3.weight_ch330,1.1643143892288208
layer3.3.conv3.weight,508,layer3.3.conv3.weight_ch508,1.163930892944336
layer4.0.conv3.weight,1797,layer4.0.conv3.weight_ch1797,1.163849949836731
layer3.2.conv3.weight,965,layer3.2.conv3.weight_ch965,1.1637624502182007
layer3.1.conv3.weight,231,layer3.1.conv3.weight_ch231,1.1637072563171387
layer4.0.conv3.weight,1964,layer4.0.conv3.weight_ch1964,1.1636995077133179
layer3.3.conv3.weight,968,layer3.3.conv3.weight_ch968,1.1634665727615356
layer3.2.conv3.weight,743,layer3.2.conv3.weight_ch743,1.1634633541107178
layer3.2.conv1.weight,6,layer3.2.conv1.weight_ch6,1.16316556930542
layer3.0.conv3.weight,75,layer3.0.conv3.weight_ch75,1.1631569862365723
layer3.2.conv3.weight,113,layer3.2.conv3.weight_ch113,1.1628772020339966
layer3.2.conv3.weight,377,layer3.2.conv3.weight_ch377,1.162653923034668
layer3.1.conv3.weight,183,layer3.1.conv3.weight_ch183,1.1626408100128174
layer3.3.conv3.weight,977,layer3.3.conv3.weight_ch977,1.1622623205184937
layer3.5.conv3.weight,341,layer3.5.conv3.weight_ch341,1.161994218826294
layer3.2.conv2.weight,136,layer3.2.conv2.weight_ch136,1.1618151664733887
layer3.2.conv1.weight,124,layer3.2.conv1.weight_ch124,1.161595106124878
layer3.2.conv1.weight,13,layer3.2.conv1.weight_ch13,1.161508560180664
layer3.3.conv3.weight,954,layer3.3.conv3.weight_ch954,1.1614763736724854
layer3.2.conv3.weight,998,layer3.2.conv3.weight_ch998,1.1612699031829834
layer3.3.conv3.weight,1021,layer3.3.conv3.weight_ch1021,1.1610740423202515
layer3.3.conv3.weight,499,layer3.3.conv3.weight_ch499,1.1608296632766724
layer3.3.conv3.weight,877,layer3.3.conv3.weight_ch877,1.16064453125
layer2.0.conv2.weight,69,layer2.0.conv2.weight_ch69,1.1605974435806274
layer3.2.conv3.weight,798,layer3.2.conv3.weight_ch798,1.1605523824691772
layer3.1.conv3.weight,377,layer3.1.conv3.weight_ch377,1.160520315170288
layer3.2.conv2.weight,199,layer3.2.conv2.weight_ch199,1.1604371070861816
layer3.0.conv3.weight,350,layer3.0.conv3.weight_ch350,1.1598058938980103
layer4.0.conv3.weight,2006,layer4.0.conv3.weight_ch2006,1.1597919464111328
layer3.2.conv3.weight,503,layer3.2.conv3.weight_ch503,1.1590499877929688
layer3.2.conv1.weight,11,layer3.2.conv1.weight_ch11,1.1589820384979248
layer3.0.conv3.weight,236,layer3.0.conv3.weight_ch236,1.1583322286605835
layer2.0.conv1.weight,125,layer2.0.conv1.weight_ch125,1.157873511314392
layer3.0.conv3.weight,255,layer3.0.conv3.weight_ch255,1.1576826572418213
layer3.0.conv3.weight,279,layer3.0.conv3.weight_ch279,1.1575318574905396
layer4.0.conv3.weight,627,layer4.0.conv3.weight_ch627,1.157055377960205
layer3.1.conv3.weight,352,layer3.1.conv3.weight_ch352,1.1564815044403076
layer3.3.conv3.weight,213,layer3.3.conv3.weight_ch213,1.1558890342712402
layer3.2.conv1.weight,140,layer3.2.conv1.weight_ch140,1.1554454565048218
layer3.2.conv1.weight,242,layer3.2.conv1.weight_ch242,1.1552047729492188
layer4.0.conv3.weight,1299,layer4.0.conv3.weight_ch1299,1.1544476747512817
layer3.2.conv2.weight,151,layer3.2.conv2.weight_ch151,1.1543337106704712
layer3.0.conv3.weight,424,layer3.0.conv3.weight_ch424,1.1542447805404663
layer3.2.conv3.weight,559,layer3.2.conv3.weight_ch559,1.1541441679000854
layer4.0.conv3.weight,413,layer4.0.conv3.weight_ch413,1.153841257095337
layer3.3.conv3.weight,92,layer3.3.conv3.weight_ch92,1.1533881425857544
layer4.0.conv3.weight,2041,layer4.0.conv3.weight_ch2041,1.1530792713165283
layer3.0.conv3.weight,264,layer3.0.conv3.weight_ch264,1.1527948379516602
layer2.1.conv3.weight,272,layer2.1.conv3.weight_ch272,1.1525059938430786
layer3.0.conv3.weight,716,layer3.0.conv3.weight_ch716,1.152296543121338
layer3.0.conv3.weight,904,layer3.0.conv3.weight_ch904,1.1521974802017212
layer3.2.conv1.weight,7,layer3.2.conv1.weight_ch7,1.15179443359375
layer2.3.conv2.weight,3,layer2.3.conv2.weight_ch3,1.1517667770385742
layer3.0.conv3.weight,419,layer3.0.conv3.weight_ch419,1.1516087055206299
layer3.1.conv3.weight,169,layer3.1.conv3.weight_ch169,1.1516073942184448
layer3.0.conv3.weight,27,layer3.0.conv3.weight_ch27,1.151581048965454
layer4.0.conv3.weight,43,layer4.0.conv3.weight_ch43,1.1513705253601074
layer3.5.conv3.weight,491,layer3.5.conv3.weight_ch491,1.1508111953735352
layer3.2.conv3.weight,77,layer3.2.conv3.weight_ch77,1.150801181793213
layer3.2.conv2.weight,169,layer3.2.conv2.weight_ch169,1.150794506072998
layer4.1.conv1.weight,48,layer4.1.conv1.weight_ch48,1.150585412979126
layer2.0.conv2.weight,0,layer2.0.conv2.weight_ch0,1.150216817855835
layer3.1.conv3.weight,460,layer3.1.conv3.weight_ch460,1.1501550674438477
layer3.2.conv3.weight,25,layer3.2.conv3.weight_ch25,1.1501387357711792
layer3.2.conv3.weight,373,layer3.2.conv3.weight_ch373,1.1494932174682617
layer3.2.conv1.weight,149,layer3.2.conv1.weight_ch149,1.1494561433792114
layer3.1.conv3.weight,697,layer3.1.conv3.weight_ch697,1.1493616104125977
layer3.0.conv3.weight,1006,layer3.0.conv3.weight_ch1006,1.149316668510437
layer3.0.conv3.weight,849,layer3.0.conv3.weight_ch849,1.149192452430725
layer3.3.conv3.weight,14,layer3.3.conv3.weight_ch14,1.1489207744598389
layer2.1.conv3.weight,75,layer2.1.conv3.weight_ch75,1.1483330726623535
layer3.5.conv3.weight,89,layer3.5.conv3.weight_ch89,1.1481961011886597
layer3.5.conv3.weight,710,layer3.5.conv3.weight_ch710,1.1481379270553589
layer3.3.conv3.weight,694,layer3.3.conv3.weight_ch694,1.147625207901001
layer3.2.conv1.weight,55,layer3.2.conv1.weight_ch55,1.1476174592971802
layer3.3.conv3.weight,788,layer3.3.conv3.weight_ch788,1.1473517417907715
layer3.2.conv3.weight,324,layer3.2.conv3.weight_ch324,1.1468759775161743
layer3.3.conv3.weight,382,layer3.3.conv3.weight_ch382,1.146828293800354
layer3.3.conv3.weight,573,layer3.3.conv3.weight_ch573,1.1467950344085693
layer1.2.conv3.weight,136,layer1.2.conv3.weight_ch136,1.1466904878616333
layer3.1.conv3.weight,188,layer3.1.conv3.weight_ch188,1.1460204124450684
layer3.1.conv3.weight,970,layer3.1.conv3.weight_ch970,1.1458507776260376
layer3.1.conv3.weight,894,layer3.1.conv3.weight_ch894,1.145809292793274
layer3.1.conv3.weight,199,layer3.1.conv3.weight_ch199,1.1457453966140747
layer3.2.conv3.weight,179,layer3.2.conv3.weight_ch179,1.1455005407333374
layer3.2.conv1.weight,213,layer3.2.conv1.weight_ch213,1.1454557180404663
layer3.3.conv3.weight,814,layer3.3.conv3.weight_ch814,1.1452219486236572
layer3.2.conv3.weight,336,layer3.2.conv3.weight_ch336,1.1451261043548584
layer3.3.conv3.weight,87,layer3.3.conv3.weight_ch87,1.1447328329086304
layer4.0.conv3.weight,1519,layer4.0.conv3.weight_ch1519,1.1441541910171509
layer3.0.conv3.weight,559,layer3.0.conv3.weight_ch559,1.144130825996399
layer3.0.conv3.weight,392,layer3.0.conv3.weight_ch392,1.1439619064331055
layer4.0.conv3.weight,430,layer4.0.conv3.weight_ch430,1.1439168453216553
layer4.1.conv1.weight,501,layer4.1.conv1.weight_ch501,1.143547534942627
layer4.0.conv3.weight,123,layer4.0.conv3.weight_ch123,1.1435043811798096
layer3.1.conv3.weight,876,layer3.1.conv3.weight_ch876,1.1434922218322754
layer3.2.conv2.weight,166,layer3.2.conv2.weight_ch166,1.1433767080307007
layer3.0.conv3.weight,510,layer3.0.conv3.weight_ch510,1.143218755722046
layer4.0.conv3.weight,550,layer4.0.conv3.weight_ch550,1.1425446271896362
layer2.1.conv3.weight,351,layer2.1.conv3.weight_ch351,1.1425048112869263
layer4.0.conv3.weight,1955,layer4.0.conv3.weight_ch1955,1.1424596309661865
layer3.2.conv3.weight,339,layer3.2.conv3.weight_ch339,1.1420432329177856
layer4.1.conv1.weight,469,layer4.1.conv1.weight_ch469,1.1419856548309326
layer3.2.conv1.weight,99,layer3.2.conv1.weight_ch99,1.141523838043213
layer3.5.conv3.weight,474,layer3.5.conv3.weight_ch474,1.1414854526519775
layer3.3.conv3.weight,743,layer3.3.conv3.weight_ch743,1.1408709287643433
layer2.1.conv3.weight,507,layer2.1.conv3.weight_ch507,1.1407907009124756
layer3.1.conv3.weight,998,layer3.1.conv3.weight_ch998,1.140697956085205
layer3.3.conv3.weight,907,layer3.3.conv3.weight_ch907,1.1406502723693848
layer4.0.conv3.weight,82,layer4.0.conv3.weight_ch82,1.1405718326568604
layer3.0.conv3.weight,81,layer3.0.conv3.weight_ch81,1.1405361890792847
layer3.3.conv3.weight,846,layer3.3.conv3.weight_ch846,1.1402891874313354
layer3.0.conv2.weight,171,layer3.0.conv2.weight_ch171,1.1401289701461792
layer3.1.conv3.weight,793,layer3.1.conv3.weight_ch793,1.1400309801101685
layer3.1.conv3.weight,382,layer3.1.conv3.weight_ch382,1.1398688554763794
layer3.1.conv3.weight,64,layer3.1.conv3.weight_ch64,1.1396563053131104
layer4.0.conv3.weight,975,layer4.0.conv3.weight_ch975,1.1386399269104004
layer4.0.conv3.weight,417,layer4.0.conv3.weight_ch417,1.1382102966308594
layer3.1.conv3.weight,933,layer3.1.conv3.weight_ch933,1.1380245685577393
layer3.1.conv3.weight,645,layer3.1.conv3.weight_ch645,1.1379938125610352
layer3.3.conv3.weight,185,layer3.3.conv3.weight_ch185,1.1379249095916748
layer3.3.conv3.weight,479,layer3.3.conv3.weight_ch479,1.1377850770950317
layer3.5.conv3.weight,637,layer3.5.conv3.weight_ch637,1.1374045610427856
layer3.0.conv3.weight,120,layer3.0.conv3.weight_ch120,1.137081265449524
layer3.2.conv3.weight,735,layer3.2.conv3.weight_ch735,1.1369261741638184
layer3.1.conv3.weight,349,layer3.1.conv3.weight_ch349,1.1368308067321777
layer3.3.conv3.weight,260,layer3.3.conv3.weight_ch260,1.1367818117141724
layer3.5.conv3.weight,493,layer3.5.conv3.weight_ch493,1.1366139650344849
layer3.2.conv3.weight,300,layer3.2.conv3.weight_ch300,1.1362463235855103
layer3.0.conv3.weight,835,layer3.0.conv3.weight_ch835,1.1361840963363647
layer3.1.conv3.weight,40,layer3.1.conv3.weight_ch40,1.1359930038452148
layer4.0.conv3.weight,1008,layer4.0.conv3.weight_ch1008,1.1356470584869385
layer2.1.conv3.weight,263,layer2.1.conv3.weight_ch263,1.1353532075881958
layer3.0.conv3.weight,597,layer3.0.conv3.weight_ch597,1.135046124458313
layer3.0.conv3.weight,644,layer3.0.conv3.weight_ch644,1.134942650794983
layer4.0.conv3.weight,1817,layer4.0.conv3.weight_ch1817,1.134611964225769
layer3.5.conv3.weight,951,layer3.5.conv3.weight_ch951,1.1345828771591187
layer2.1.conv3.weight,330,layer2.1.conv3.weight_ch330,1.1342616081237793
layer3.3.conv3.weight,254,layer3.3.conv3.weight_ch254,1.134032130241394
layer4.0.conv3.weight,1374,layer4.0.conv3.weight_ch1374,1.1339941024780273
layer3.0.conv3.weight,580,layer3.0.conv3.weight_ch580,1.1336994171142578
layer3.0.conv3.weight,200,layer3.0.conv3.weight_ch200,1.133651852607727
layer2.1.conv3.weight,101,layer2.1.conv3.weight_ch101,1.13355553150177
layer3.2.conv3.weight,190,layer3.2.conv3.weight_ch190,1.1329319477081299
layer3.0.conv2.weight,140,layer3.0.conv2.weight_ch140,1.13254976272583
layer3.1.conv3.weight,623,layer3.1.conv3.weight_ch623,1.1320768594741821
layer3.0.conv3.weight,968,layer3.0.conv3.weight_ch968,1.1320030689239502
layer4.0.conv3.weight,577,layer4.0.conv3.weight_ch577,1.1316235065460205
layer4.1.conv1.weight,389,layer4.1.conv1.weight_ch389,1.1314667463302612
layer4.0.conv3.weight,1463,layer4.0.conv3.weight_ch1463,1.1309666633605957
layer3.0.conv2.weight,229,layer3.0.conv2.weight_ch229,1.130802035331726
layer3.3.conv3.weight,56,layer3.3.conv3.weight_ch56,1.1306605339050293
layer2.1.conv3.weight,159,layer2.1.conv3.weight_ch159,1.130109429359436
layer3.1.conv3.weight,999,layer3.1.conv3.weight_ch999,1.130103588104248
layer3.2.conv2.weight,101,layer3.2.conv2.weight_ch101,1.1300950050354004
layer4.0.conv3.weight,2046,layer4.0.conv3.weight_ch2046,1.1299365758895874
layer3.5.conv3.weight,920,layer3.5.conv3.weight_ch920,1.1299058198928833
layer4.0.conv3.weight,1058,layer4.0.conv3.weight_ch1058,1.1297895908355713
layer3.5.conv3.weight,801,layer3.5.conv3.weight_ch801,1.1297056674957275
layer3.5.conv3.weight,20,layer3.5.conv3.weight_ch20,1.1296043395996094
layer2.0.conv1.weight,17,layer2.0.conv1.weight_ch17,1.1291799545288086
layer2.3.conv2.weight,104,layer2.3.conv2.weight_ch104,1.1289210319519043
layer3.3.conv3.weight,510,layer3.3.conv3.weight_ch510,1.1287944316864014
layer2.3.conv2.weight,98,layer2.3.conv2.weight_ch98,1.1286324262619019
layer3.5.conv3.weight,963,layer3.5.conv3.weight_ch963,1.1283154487609863
layer3.3.conv3.weight,208,layer3.3.conv3.weight_ch208,1.1283116340637207
layer3.0.conv3.weight,396,layer3.0.conv3.weight_ch396,1.1282200813293457
layer3.1.conv3.weight,674,layer3.1.conv3.weight_ch674,1.128182053565979
layer4.0.conv3.weight,792,layer4.0.conv3.weight_ch792,1.1280862092971802
layer3.2.conv2.weight,60,layer3.2.conv2.weight_ch60,1.1278830766677856
layer3.0.conv3.weight,411,layer3.0.conv3.weight_ch411,1.1275233030319214
layer3.5.conv3.weight,638,layer3.5.conv3.weight_ch638,1.127471685409546
layer3.2.conv3.weight,858,layer3.2.conv3.weight_ch858,1.1273709535598755
layer4.0.conv3.weight,1194,layer4.0.conv3.weight_ch1194,1.127238154411316
layer3.3.conv3.weight,754,layer3.3.conv3.weight_ch754,1.1270267963409424
layer3.5.conv3.weight,367,layer3.5.conv3.weight_ch367,1.126850962638855
layer3.3.conv3.weight,330,layer3.3.conv3.weight_ch330,1.1263900995254517
layer3.5.conv3.weight,148,layer3.5.conv3.weight_ch148,1.126213550567627
layer3.3.conv3.weight,389,layer3.3.conv3.weight_ch389,1.1260541677474976
layer3.3.conv3.weight,117,layer3.3.conv3.weight_ch117,1.125450611114502
layer3.2.conv3.weight,189,layer3.2.conv3.weight_ch189,1.1253926753997803
layer3.5.conv3.weight,338,layer3.5.conv3.weight_ch338,1.1253622770309448
layer3.5.conv3.weight,96,layer3.5.conv3.weight_ch96,1.1250417232513428
layer2.1.conv3.weight,306,layer2.1.conv3.weight_ch306,1.1244268417358398
layer3.3.conv3.weight,275,layer3.3.conv3.weight_ch275,1.124395489692688
layer3.5.conv3.weight,397,layer3.5.conv3.weight_ch397,1.1243693828582764
layer3.2.conv3.weight,531,layer3.2.conv3.weight_ch531,1.123893141746521
layer3.5.conv3.weight,927,layer3.5.conv3.weight_ch927,1.1237260103225708
layer3.1.conv3.weight,794,layer3.1.conv3.weight_ch794,1.1237170696258545
layer3.1.conv3.weight,117,layer3.1.conv3.weight_ch117,1.123633623123169
layer4.0.conv3.weight,727,layer4.0.conv3.weight_ch727,1.1230885982513428
layer3.5.conv3.weight,50,layer3.5.conv3.weight_ch50,1.1230639219284058
layer4.0.conv3.weight,219,layer4.0.conv3.weight_ch219,1.1230131387710571
layer3.5.conv3.weight,315,layer3.5.conv3.weight_ch315,1.1229591369628906
layer4.0.conv3.weight,1560,layer4.0.conv3.weight_ch1560,1.122819423675537
layer3.0.conv3.weight,185,layer3.0.conv3.weight_ch185,1.122540831565857
layer3.0.conv3.weight,295,layer3.0.conv3.weight_ch295,1.1224181652069092
layer3.1.conv3.weight,429,layer3.1.conv3.weight_ch429,1.1223732233047485
layer3.5.conv3.weight,336,layer3.5.conv3.weight_ch336,1.1222282648086548
layer3.2.conv3.weight,9,layer3.2.conv3.weight_ch9,1.122165322303772
layer3.1.conv3.weight,1007,layer3.1.conv3.weight_ch1007,1.1212769746780396
layer3.0.conv3.weight,743,layer3.0.conv3.weight_ch743,1.1204907894134521
layer2.3.conv2.weight,124,layer2.3.conv2.weight_ch124,1.1204522848129272
layer4.0.conv3.weight,1927,layer4.0.conv3.weight_ch1927,1.1204310655593872
layer3.1.conv3.weight,841,layer3.1.conv3.weight_ch841,1.1204242706298828
layer4.1.conv1.weight,57,layer4.1.conv1.weight_ch57,1.1203290224075317
layer3.0.conv3.weight,454,layer3.0.conv3.weight_ch454,1.120163917541504
layer2.0.conv2.weight,83,layer2.0.conv2.weight_ch83,1.1200613975524902
layer3.2.conv3.weight,68,layer3.2.conv3.weight_ch68,1.1195485591888428
layer3.0.conv3.weight,497,layer3.0.conv3.weight_ch497,1.1190742254257202
layer3.3.conv3.weight,30,layer3.3.conv3.weight_ch30,1.1188747882843018
layer3.5.conv3.weight,141,layer3.5.conv3.weight_ch141,1.1188541650772095
layer3.2.conv3.weight,428,layer3.2.conv3.weight_ch428,1.118837833404541
layer2.0.conv2.weight,114,layer2.0.conv2.weight_ch114,1.118685245513916
layer3.1.conv3.weight,312,layer3.1.conv3.weight_ch312,1.118603229522705
layer3.2.conv3.weight,410,layer3.2.conv3.weight_ch410,1.1183454990386963
layer3.2.conv1.weight,86,layer3.2.conv1.weight_ch86,1.118276596069336
layer2.3.conv2.weight,71,layer2.3.conv2.weight_ch71,1.1178474426269531
layer3.2.conv3.weight,176,layer3.2.conv3.weight_ch176,1.1178172826766968
layer3.2.conv2.weight,33,layer3.2.conv2.weight_ch33,1.1175920963287354
layer2.0.conv1.weight,82,layer2.0.conv1.weight_ch82,1.1175827980041504
layer4.0.conv3.weight,546,layer4.0.conv3.weight_ch546,1.1173306703567505
layer3.0.conv3.weight,108,layer3.0.conv3.weight_ch108,1.1171133518218994
layer3.3.conv3.weight,443,layer3.3.conv3.weight_ch443,1.117012619972229
layer3.3.conv3.weight,160,layer3.3.conv3.weight_ch160,1.1170077323913574
layer3.5.conv3.weight,894,layer3.5.conv3.weight_ch894,1.1169970035552979
layer3.2.conv1.weight,173,layer3.2.conv1.weight_ch173,1.1167106628417969
layer3.0.conv3.weight,123,layer3.0.conv3.weight_ch123,1.1165924072265625
layer3.3.conv3.weight,192,layer3.3.conv3.weight_ch192,1.1164008378982544
layer3.2.conv3.weight,1016,layer3.2.conv3.weight_ch1016,1.1162669658660889
layer1.2.conv3.weight,132,layer1.2.conv3.weight_ch132,1.1159480810165405
layer1.2.conv3.weight,76,layer1.2.conv3.weight_ch76,1.1156338453292847
layer3.3.conv3.weight,735,layer3.3.conv3.weight_ch735,1.1152064800262451
layer3.3.conv3.weight,849,layer3.3.conv3.weight_ch849,1.1150727272033691
layer3.2.conv3.weight,788,layer3.2.conv3.weight_ch788,1.1149301528930664
layer4.0.conv3.weight,1823,layer4.0.conv3.weight_ch1823,1.1149189472198486
layer2.1.conv3.weight,56,layer2.1.conv3.weight_ch56,1.114799976348877
layer3.3.conv3.weight,161,layer3.3.conv3.weight_ch161,1.1145504713058472
layer3.0.conv3.weight,503,layer3.0.conv3.weight_ch503,1.114364743232727
layer3.0.conv2.weight,172,layer3.0.conv2.weight_ch172,1.114079475402832
layer4.1.conv1.weight,67,layer4.1.conv1.weight_ch67,1.1140755414962769
layer3.5.conv3.weight,298,layer3.5.conv3.weight_ch298,1.1139845848083496
layer2.1.conv3.weight,369,layer2.1.conv3.weight_ch369,1.1139734983444214
layer3.2.conv2.weight,121,layer3.2.conv2.weight_ch121,1.1133784055709839
layer3.3.conv3.weight,826,layer3.3.conv3.weight_ch826,1.1132220029830933
layer3.5.conv3.weight,101,layer3.5.conv3.weight_ch101,1.1130292415618896
layer3.3.conv3.weight,100,layer3.3.conv3.weight_ch100,1.1128121614456177
layer2.1.conv3.weight,114,layer2.1.conv3.weight_ch114,1.112579584121704
layer3.2.conv3.weight,468,layer3.2.conv3.weight_ch468,1.112364411354065
layer3.5.conv3.weight,465,layer3.5.conv3.weight_ch465,1.1121652126312256
layer3.0.conv3.weight,796,layer3.0.conv3.weight_ch796,1.1121412515640259
layer3.2.conv1.weight,151,layer3.2.conv1.weight_ch151,1.111962080001831
layer3.5.conv3.weight,556,layer3.5.conv3.weight_ch556,1.1114685535430908
layer4.0.conv3.weight,1409,layer4.0.conv3.weight_ch1409,1.1111547946929932
layer4.0.conv3.weight,1897,layer4.0.conv3.weight_ch1897,1.111135482788086
layer3.2.conv3.weight,648,layer3.2.conv3.weight_ch648,1.1107971668243408
layer3.0.conv3.weight,14,layer3.0.conv3.weight_ch14,1.1107248067855835
layer3.3.conv3.weight,413,layer3.3.conv3.weight_ch413,1.1106723546981812
layer4.0.conv3.weight,724,layer4.0.conv3.weight_ch724,1.110539436340332
layer3.3.conv3.weight,210,layer3.3.conv3.weight_ch210,1.1099425554275513
layer4.1.conv1.weight,236,layer4.1.conv1.weight_ch236,1.1097538471221924
layer2.1.conv3.weight,355,layer2.1.conv3.weight_ch355,1.1097488403320312
layer3.0.conv3.weight,229,layer3.0.conv3.weight_ch229,1.1095260381698608
layer2.1.conv3.weight,157,layer2.1.conv3.weight_ch157,1.1090242862701416
layer3.2.conv1.weight,40,layer3.2.conv1.weight_ch40,1.108839988708496
layer3.1.conv3.weight,72,layer3.1.conv3.weight_ch72,1.1087387800216675
layer2.3.conv2.weight,92,layer2.3.conv2.weight_ch92,1.1086550951004028
layer3.3.conv3.weight,81,layer3.3.conv3.weight_ch81,1.1086376905441284
layer3.1.conv3.weight,921,layer3.1.conv3.weight_ch921,1.1085141897201538
layer3.0.conv3.weight,500,layer3.0.conv3.weight_ch500,1.1085089445114136
layer3.0.conv3.weight,263,layer3.0.conv3.weight_ch263,1.1084237098693848
layer3.2.conv1.weight,36,layer3.2.conv1.weight_ch36,1.108402132987976
layer2.0.conv1.weight,38,layer2.0.conv1.weight_ch38,1.108295202255249
layer2.1.conv3.weight,160,layer2.1.conv3.weight_ch160,1.1080870628356934
layer3.2.conv2.weight,253,layer3.2.conv2.weight_ch253,1.1076916456222534
layer3.5.conv3.weight,317,layer3.5.conv3.weight_ch317,1.1076650619506836
layer3.3.conv3.weight,583,layer3.3.conv3.weight_ch583,1.1076099872589111
layer3.2.conv3.weight,438,layer3.2.conv3.weight_ch438,1.1074970960617065
layer4.1.conv1.weight,98,layer4.1.conv1.weight_ch98,1.1073211431503296
layer2.0.conv1.weight,117,layer2.0.conv1.weight_ch117,1.1071988344192505
layer3.2.conv3.weight,762,layer3.2.conv3.weight_ch762,1.1071746349334717
layer1.2.conv3.weight,181,layer1.2.conv3.weight_ch181,1.106924057006836
layer3.0.conv3.weight,840,layer3.0.conv3.weight_ch840,1.106889009475708
layer3.1.conv3.weight,951,layer3.1.conv3.weight_ch951,1.1065977811813354
layer3.0.conv3.weight,492,layer3.0.conv3.weight_ch492,1.1065406799316406
layer3.0.conv3.weight,62,layer3.0.conv3.weight_ch62,1.1064553260803223
layer3.2.conv1.weight,180,layer3.2.conv1.weight_ch180,1.1064093112945557
layer1.2.conv3.weight,224,layer1.2.conv3.weight_ch224,1.106007695198059
layer3.0.conv3.weight,922,layer3.0.conv3.weight_ch922,1.1054192781448364
layer3.5.conv3.weight,575,layer3.5.conv3.weight_ch575,1.1054035425186157
layer3.3.conv3.weight,777,layer3.3.conv3.weight_ch777,1.1052885055541992
layer3.3.conv3.weight,903,layer3.3.conv3.weight_ch903,1.1052405834197998
layer3.2.conv3.weight,717,layer3.2.conv3.weight_ch717,1.1051998138427734
layer3.3.conv3.weight,381,layer3.3.conv3.weight_ch381,1.105102300643921
layer2.0.conv2.weight,60,layer2.0.conv2.weight_ch60,1.1050087213516235
layer3.0.conv3.weight,1014,layer3.0.conv3.weight_ch1014,1.1048798561096191
layer3.0.conv3.weight,753,layer3.0.conv3.weight_ch753,1.104736089706421
layer4.0.conv3.weight,126,layer4.0.conv3.weight_ch126,1.1043920516967773
layer3.3.conv3.weight,762,layer3.3.conv3.weight_ch762,1.104365587234497
layer1.2.conv3.weight,159,layer1.2.conv3.weight_ch159,1.1042017936706543
layer2.1.conv3.weight,241,layer2.1.conv3.weight_ch241,1.103905200958252
layer4.0.conv3.weight,1286,layer4.0.conv3.weight_ch1286,1.1037681102752686
layer2.0.conv1.weight,33,layer2.0.conv1.weight_ch33,1.1036791801452637
layer4.0.conv3.weight,731,layer4.0.conv3.weight_ch731,1.103263020515442
layer3.3.conv3.weight,419,layer3.3.conv3.weight_ch419,1.1029719114303589
layer2.1.conv3.weight,264,layer2.1.conv3.weight_ch264,1.1028013229370117
layer3.5.conv3.weight,881,layer3.5.conv3.weight_ch881,1.102553367614746
layer2.0.conv2.weight,102,layer2.0.conv2.weight_ch102,1.1025428771972656
layer3.5.conv3.weight,802,layer3.5.conv3.weight_ch802,1.102260947227478
layer3.5.conv3.weight,175,layer3.5.conv3.weight_ch175,1.1020010709762573
layer2.0.conv2.weight,96,layer2.0.conv2.weight_ch96,1.1018640995025635
layer3.0.conv3.weight,588,layer3.0.conv3.weight_ch588,1.1015700101852417
layer4.0.conv3.weight,699,layer4.0.conv3.weight_ch699,1.1015605926513672
layer3.5.conv3.weight,307,layer3.5.conv3.weight_ch307,1.1015002727508545
layer3.2.conv3.weight,82,layer3.2.conv3.weight_ch82,1.1012006998062134
layer3.5.conv3.weight,57,layer3.5.conv3.weight_ch57,1.1007201671600342
layer3.2.conv3.weight,340,layer3.2.conv3.weight_ch340,1.100691318511963
layer3.0.conv3.weight,782,layer3.0.conv3.weight_ch782,1.100507378578186
layer3.0.conv3.weight,917,layer3.0.conv3.weight_ch917,1.1004095077514648
layer4.0.conv3.weight,985,layer4.0.conv3.weight_ch985,1.1003984212875366
layer3.3.conv3.weight,257,layer3.3.conv3.weight_ch257,1.0999711751937866
layer3.5.conv3.weight,38,layer3.5.conv3.weight_ch38,1.0999362468719482
layer3.0.conv3.weight,205,layer3.0.conv3.weight_ch205,1.0997920036315918
layer3.2.conv1.weight,155,layer3.2.conv1.weight_ch155,1.099426507949829
layer3.3.conv3.weight,52,layer3.3.conv3.weight_ch52,1.0992120504379272
layer3.1.conv3.weight,599,layer3.1.conv3.weight_ch599,1.0989824533462524
layer3.1.conv3.weight,45,layer3.1.conv3.weight_ch45,1.0989809036254883
layer3.0.conv2.weight,56,layer3.0.conv2.weight_ch56,1.098978042602539
layer3.5.conv3.weight,660,layer3.5.conv3.weight_ch660,1.0982751846313477
layer4.1.conv1.weight,439,layer4.1.conv1.weight_ch439,1.0980429649353027
layer3.5.conv3.weight,425,layer3.5.conv3.weight_ch425,1.0976877212524414
layer3.2.conv3.weight,242,layer3.2.conv3.weight_ch242,1.0975438356399536
layer3.0.conv3.weight,884,layer3.0.conv3.weight_ch884,1.097383975982666
layer3.1.conv3.weight,327,layer3.1.conv3.weight_ch327,1.096808671951294
layer2.0.conv2.weight,28,layer2.0.conv2.weight_ch28,1.0965019464492798
layer3.2.conv3.weight,570,layer3.2.conv3.weight_ch570,1.0964109897613525
layer3.2.conv3.weight,840,layer3.2.conv3.weight_ch840,1.0963976383209229
layer3.1.conv3.weight,69,layer3.1.conv3.weight_ch69,1.0962705612182617
layer2.1.conv3.weight,31,layer2.1.conv3.weight_ch31,1.0961589813232422
layer1.2.conv3.weight,227,layer1.2.conv3.weight_ch227,1.095858097076416
layer3.2.conv3.weight,930,layer3.2.conv3.weight_ch930,1.0957475900650024
layer1.2.conv3.weight,39,layer1.2.conv3.weight_ch39,1.095671534538269
layer3.3.conv3.weight,388,layer3.3.conv3.weight_ch388,1.0955513715744019
layer4.0.conv3.weight,289,layer4.0.conv3.weight_ch289,1.0953888893127441
layer3.0.conv3.weight,326,layer3.0.conv3.weight_ch326,1.095311164855957
layer3.0.conv3.weight,349,layer3.0.conv3.weight_ch349,1.0953013896942139
layer3.3.conv3.weight,190,layer3.3.conv3.weight_ch190,1.09500253200531
layer3.3.conv3.weight,99,layer3.3.conv3.weight_ch99,1.0949400663375854
layer4.0.conv3.weight,480,layer4.0.conv3.weight_ch480,1.094933271408081
layer2.1.conv3.weight,12,layer2.1.conv3.weight_ch12,1.0944610834121704
layer3.5.conv3.weight,803,layer3.5.conv3.weight_ch803,1.0944339036941528
layer2.1.conv3.weight,480,layer2.1.conv3.weight_ch480,1.094036340713501
layer4.0.conv3.weight,1939,layer4.0.conv3.weight_ch1939,1.0934853553771973
layer3.2.conv2.weight,122,layer3.2.conv2.weight_ch122,1.093379020690918
layer3.3.conv3.weight,981,layer3.3.conv3.weight_ch981,1.0933594703674316
layer3.1.conv3.weight,145,layer3.1.conv3.weight_ch145,1.0929608345031738
layer3.1.conv3.weight,126,layer3.1.conv3.weight_ch126,1.0926481485366821
layer2.3.conv2.weight,126,layer2.3.conv2.weight_ch126,1.091941237449646
layer3.0.conv3.weight,966,layer3.0.conv3.weight_ch966,1.091617226600647
layer3.5.conv3.weight,368,layer3.5.conv3.weight_ch368,1.091593623161316
layer3.1.conv3.weight,49,layer3.1.conv3.weight_ch49,1.0915929079055786
layer3.2.conv1.weight,210,layer3.2.conv1.weight_ch210,1.091341257095337
layer4.0.conv3.weight,817,layer4.0.conv3.weight_ch817,1.0911427736282349
layer3.5.conv3.weight,107,layer3.5.conv3.weight_ch107,1.091140627861023
layer3.2.conv2.weight,8,layer3.2.conv2.weight_ch8,1.090687870979309
layer2.1.conv3.weight,370,layer2.1.conv3.weight_ch370,1.0903947353363037
layer3.5.conv3.weight,240,layer3.5.conv3.weight_ch240,1.0901257991790771
layer4.0.conv3.weight,1973,layer4.0.conv3.weight_ch1973,1.0900830030441284
layer3.0.conv3.weight,451,layer3.0.conv3.weight_ch451,1.0898361206054688
layer3.0.conv3.weight,963,layer3.0.conv3.weight_ch963,1.089455008506775
layer4.0.conv3.weight,649,layer4.0.conv3.weight_ch649,1.0894116163253784
layer2.0.conv1.weight,71,layer2.0.conv1.weight_ch71,1.0892589092254639
layer2.3.conv2.weight,35,layer2.3.conv2.weight_ch35,1.0888524055480957
layer3.0.conv3.weight,35,layer3.0.conv3.weight_ch35,1.0888035297393799
layer3.0.conv3.weight,1011,layer3.0.conv3.weight_ch1011,1.0887696743011475
layer2.1.conv3.weight,387,layer2.1.conv3.weight_ch387,1.0884398221969604
layer3.1.conv3.weight,83,layer3.1.conv3.weight_ch83,1.0881837606430054
layer3.5.conv3.weight,472,layer3.5.conv3.weight_ch472,1.0881731510162354
layer3.5.conv3.weight,220,layer3.5.conv3.weight_ch220,1.0881649255752563
layer4.0.conv3.weight,1708,layer4.0.conv3.weight_ch1708,1.087698221206665
layer3.1.conv3.weight,681,layer3.1.conv3.weight_ch681,1.0870692729949951
layer3.2.conv3.weight,154,layer3.2.conv3.weight_ch154,1.0868206024169922
layer3.5.conv3.weight,352,layer3.5.conv3.weight_ch352,1.0866276025772095
layer3.2.conv3.weight,781,layer3.2.conv3.weight_ch781,1.0863456726074219
layer3.1.conv3.weight,394,layer3.1.conv3.weight_ch394,1.0862903594970703
layer3.3.conv3.weight,730,layer3.3.conv3.weight_ch730,1.0862821340560913
layer2.0.conv1.weight,58,layer2.0.conv1.weight_ch58,1.0862590074539185
layer3.2.conv1.weight,104,layer3.2.conv1.weight_ch104,1.0859169960021973
layer2.0.conv1.weight,6,layer2.0.conv1.weight_ch6,1.085682988166809
layer3.1.conv3.weight,655,layer3.1.conv3.weight_ch655,1.085541009902954
layer3.0.conv3.weight,944,layer3.0.conv3.weight_ch944,1.0854039192199707
layer3.5.conv3.weight,777,layer3.5.conv3.weight_ch777,1.0852923393249512
layer4.0.conv3.weight,447,layer4.0.conv3.weight_ch447,1.0852344036102295
layer4.0.conv3.weight,516,layer4.0.conv3.weight_ch516,1.084741234779358
layer3.1.conv3.weight,449,layer3.1.conv3.weight_ch449,1.0844277143478394
layer3.1.conv3.weight,256,layer3.1.conv3.weight_ch256,1.084412693977356
layer3.0.conv3.weight,989,layer3.0.conv3.weight_ch989,1.0842593908309937
layer3.2.conv1.weight,137,layer3.2.conv1.weight_ch137,1.0839653015136719
layer4.1.conv1.weight,105,layer4.1.conv1.weight_ch105,1.0834003686904907
layer3.2.conv3.weight,895,layer3.2.conv3.weight_ch895,1.0832955837249756
layer3.2.conv3.weight,174,layer3.2.conv3.weight_ch174,1.0832502841949463
layer2.1.conv3.weight,120,layer2.1.conv3.weight_ch120,1.0822824239730835
layer4.0.conv3.weight,730,layer4.0.conv3.weight_ch730,1.0820553302764893
layer3.2.conv3.weight,488,layer3.2.conv3.weight_ch488,1.0819885730743408
layer3.2.conv2.weight,30,layer3.2.conv2.weight_ch30,1.0819026231765747
layer4.0.conv3.weight,1486,layer4.0.conv3.weight_ch1486,1.0816751718521118
layer3.2.conv3.weight,434,layer3.2.conv3.weight_ch434,1.0816434621810913
layer1.2.conv3.weight,63,layer1.2.conv3.weight_ch63,1.0816351175308228
layer3.2.conv3.weight,792,layer3.2.conv3.weight_ch792,1.0814313888549805
layer3.1.conv3.weight,732,layer3.1.conv3.weight_ch732,1.0813794136047363
layer4.0.conv3.weight,1919,layer4.0.conv3.weight_ch1919,1.0813343524932861
layer3.2.conv1.weight,113,layer3.2.conv1.weight_ch113,1.0813137292861938
layer3.0.conv3.weight,774,layer3.0.conv3.weight_ch774,1.080601453781128
layer3.2.conv3.weight,273,layer3.2.conv3.weight_ch273,1.0805587768554688
layer3.1.conv3.weight,194,layer3.1.conv3.weight_ch194,1.0804567337036133
layer3.5.conv3.weight,867,layer3.5.conv3.weight_ch867,1.080373764038086
layer3.5.conv3.weight,192,layer3.5.conv3.weight_ch192,1.080356240272522
layer4.1.conv1.weight,267,layer4.1.conv1.weight_ch267,1.0801782608032227
layer4.1.conv1.weight,322,layer4.1.conv1.weight_ch322,1.0799541473388672
layer3.3.conv3.weight,458,layer3.3.conv3.weight_ch458,1.0798006057739258
layer2.1.conv3.weight,398,layer2.1.conv3.weight_ch398,1.0797899961471558
layer3.1.conv3.weight,97,layer3.1.conv3.weight_ch97,1.0796040296554565
layer3.2.conv2.weight,177,layer3.2.conv2.weight_ch177,1.0795742273330688
layer3.0.conv3.weight,828,layer3.0.conv3.weight_ch828,1.0792210102081299
layer3.0.conv3.weight,370,layer3.0.conv3.weight_ch370,1.0789333581924438
layer3.2.conv3.weight,481,layer3.2.conv3.weight_ch481,1.0785852670669556
layer3.2.conv3.weight,819,layer3.2.conv3.weight_ch819,1.0781859159469604
layer3.0.conv3.weight,673,layer3.0.conv3.weight_ch673,1.0779423713684082
layer3.5.conv3.weight,111,layer3.5.conv3.weight_ch111,1.0775200128555298
layer3.0.conv3.weight,63,layer3.0.conv3.weight_ch63,1.0774873495101929
layer3.1.conv3.weight,177,layer3.1.conv3.weight_ch177,1.0772054195404053
layer2.3.conv2.weight,14,layer2.3.conv2.weight_ch14,1.077162265777588
layer3.2.conv3.weight,964,layer3.2.conv3.weight_ch964,1.0768427848815918
layer4.1.conv1.weight,382,layer4.1.conv1.weight_ch382,1.07680082321167
layer3.2.conv3.weight,264,layer3.2.conv3.weight_ch264,1.0767205953598022
layer4.0.conv3.weight,1832,layer4.0.conv3.weight_ch1832,1.076434850692749
layer3.3.conv3.weight,355,layer3.3.conv3.weight_ch355,1.0761970281600952
layer3.1.conv3.weight,500,layer3.1.conv3.weight_ch500,1.0760670900344849
layer3.2.conv3.weight,148,layer3.2.conv3.weight_ch148,1.0756851434707642
layer4.0.conv3.weight,227,layer4.0.conv3.weight_ch227,1.075455665588379
layer2.0.conv1.weight,46,layer2.0.conv1.weight_ch46,1.0754129886627197
layer3.2.conv3.weight,597,layer3.2.conv3.weight_ch597,1.075262188911438
layer3.0.conv2.weight,146,layer3.0.conv2.weight_ch146,1.0749304294586182
layer3.1.conv3.weight,631,layer3.1.conv3.weight_ch631,1.0749211311340332
layer4.0.conv3.weight,269,layer4.0.conv3.weight_ch269,1.0749014616012573
layer3.2.conv2.weight,232,layer3.2.conv2.weight_ch232,1.0745415687561035
layer3.3.conv3.weight,813,layer3.3.conv3.weight_ch813,1.0741666555404663
layer1.2.conv3.weight,222,layer1.2.conv3.weight_ch222,1.074004054069519
layer3.2.conv3.weight,433,layer3.2.conv3.weight_ch433,1.0739614963531494
layer3.5.conv3.weight,624,layer3.5.conv3.weight_ch624,1.0735867023468018
layer3.2.conv3.weight,652,layer3.2.conv3.weight_ch652,1.073533296585083
layer2.1.conv3.weight,80,layer2.1.conv3.weight_ch80,1.0728554725646973
layer3.2.conv3.weight,184,layer3.2.conv3.weight_ch184,1.0726972818374634
layer3.2.conv3.weight,158,layer3.2.conv3.weight_ch158,1.0726001262664795
layer3.2.conv1.weight,189,layer3.2.conv1.weight_ch189,1.0721840858459473
layer3.5.conv3.weight,662,layer3.5.conv3.weight_ch662,1.0719996690750122
layer3.2.conv3.weight,1013,layer3.2.conv3.weight_ch1013,1.0716369152069092
layer3.0.conv3.weight,368,layer3.0.conv3.weight_ch368,1.0711488723754883
layer2.1.conv3.weight,202,layer2.1.conv3.weight_ch202,1.071131944656372
layer3.1.conv3.weight,343,layer3.1.conv3.weight_ch343,1.0709540843963623
layer2.0.conv1.weight,86,layer2.0.conv1.weight_ch86,1.0704411268234253
layer3.0.conv3.weight,817,layer3.0.conv3.weight_ch817,1.0701874494552612
layer4.0.conv3.weight,1323,layer4.0.conv3.weight_ch1323,1.070051670074463
layer3.5.conv3.weight,252,layer3.5.conv3.weight_ch252,1.0700480937957764
layer3.2.conv3.weight,915,layer3.2.conv3.weight_ch915,1.0698758363723755
layer4.0.conv3.weight,257,layer4.0.conv3.weight_ch257,1.0697882175445557
layer3.2.conv3.weight,683,layer3.2.conv3.weight_ch683,1.069669485092163
layer4.1.conv1.weight,42,layer4.1.conv1.weight_ch42,1.069645643234253
layer1.2.conv3.weight,243,layer1.2.conv3.weight_ch243,1.0693343877792358
layer3.1.conv3.weight,641,layer3.1.conv3.weight_ch641,1.0693166255950928
layer3.3.conv3.weight,790,layer3.3.conv3.weight_ch790,1.0692845582962036
layer3.0.conv3.weight,519,layer3.0.conv3.weight_ch519,1.0691598653793335
layer3.2.conv3.weight,823,layer3.2.conv3.weight_ch823,1.06914222240448
layer3.2.conv3.weight,224,layer3.2.conv3.weight_ch224,1.069047212600708
layer3.2.conv3.weight,20,layer3.2.conv3.weight_ch20,1.0689302682876587
layer3.0.conv3.weight,122,layer3.0.conv3.weight_ch122,1.0688433647155762
layer4.1.conv1.weight,463,layer4.1.conv1.weight_ch463,1.0687308311462402
layer3.3.conv3.weight,79,layer3.3.conv3.weight_ch79,1.068265676498413
layer3.3.conv3.weight,517,layer3.3.conv3.weight_ch517,1.068089246749878
layer2.1.conv3.weight,376,layer2.1.conv3.weight_ch376,1.0679829120635986
layer3.2.conv3.weight,549,layer3.2.conv3.weight_ch549,1.0679782629013062
layer3.3.conv3.weight,1,layer3.3.conv3.weight_ch1,1.0678778886795044
layer3.0.conv3.weight,130,layer3.0.conv3.weight_ch130,1.0676804780960083
layer3.3.conv3.weight,829,layer3.3.conv3.weight_ch829,1.0675255060195923
layer3.0.conv3.weight,775,layer3.0.conv3.weight_ch775,1.067448377609253
layer3.5.conv3.weight,91,layer3.5.conv3.weight_ch91,1.0668466091156006
layer2.3.conv2.weight,8,layer2.3.conv2.weight_ch8,1.0668072700500488
layer3.1.conv3.weight,407,layer3.1.conv3.weight_ch407,1.0666518211364746
layer4.0.conv3.weight,29,layer4.0.conv3.weight_ch29,1.0661119222640991
layer3.2.conv1.weight,160,layer3.2.conv1.weight_ch160,1.0660291910171509
layer3.2.conv3.weight,358,layer3.2.conv3.weight_ch358,1.0656180381774902
layer3.1.conv3.weight,198,layer3.1.conv3.weight_ch198,1.0653250217437744
layer3.0.conv3.weight,931,layer3.0.conv3.weight_ch931,1.0650579929351807
layer4.0.conv3.weight,1007,layer4.0.conv3.weight_ch1007,1.0648113489151
layer3.3.conv3.weight,852,layer3.3.conv3.weight_ch852,1.0646848678588867
layer4.0.conv3.weight,1632,layer4.0.conv3.weight_ch1632,1.0640193223953247
layer2.1.conv3.weight,300,layer2.1.conv3.weight_ch300,1.0638796091079712
layer3.2.conv3.weight,192,layer3.2.conv3.weight_ch192,1.063769817352295
layer1.2.conv3.weight,91,layer1.2.conv3.weight_ch91,1.0637339353561401
layer3.2.conv2.weight,39,layer3.2.conv2.weight_ch39,1.0636861324310303
layer3.3.conv3.weight,862,layer3.3.conv3.weight_ch862,1.0635685920715332
layer4.0.conv3.weight,739,layer4.0.conv3.weight_ch739,1.063258409500122
layer3.0.conv3.weight,160,layer3.0.conv3.weight_ch160,1.063085913658142
layer3.5.conv3.weight,597,layer3.5.conv3.weight_ch597,1.0628663301467896
layer3.3.conv3.weight,299,layer3.3.conv3.weight_ch299,1.0624806880950928
layer3.3.conv3.weight,804,layer3.3.conv3.weight_ch804,1.0624362230300903
layer3.0.conv3.weight,261,layer3.0.conv3.weight_ch261,1.0623096227645874
layer3.2.conv3.weight,932,layer3.2.conv3.weight_ch932,1.0621029138565063
layer3.5.conv3.weight,964,layer3.5.conv3.weight_ch964,1.061896562576294
layer3.5.conv3.weight,895,layer3.5.conv3.weight_ch895,1.0615174770355225
layer3.5.conv3.weight,733,layer3.5.conv3.weight_ch733,1.0614622831344604
layer3.1.conv3.weight,284,layer3.1.conv3.weight_ch284,1.060986876487732
layer4.0.conv3.weight,241,layer4.0.conv3.weight_ch241,1.060534119606018
layer3.3.conv3.weight,587,layer3.3.conv3.weight_ch587,1.0602424144744873
layer3.3.conv3.weight,438,layer3.3.conv3.weight_ch438,1.0601274967193604
layer3.5.conv3.weight,288,layer3.5.conv3.weight_ch288,1.0601065158843994
layer3.0.conv3.weight,414,layer3.0.conv3.weight_ch414,1.059762954711914
layer3.5.conv3.weight,961,layer3.5.conv3.weight_ch961,1.0596871376037598
layer3.3.conv3.weight,166,layer3.3.conv3.weight_ch166,1.0587042570114136
layer3.0.conv3.weight,752,layer3.0.conv3.weight_ch752,1.0585887432098389
layer3.1.conv3.weight,1018,layer3.1.conv3.weight_ch1018,1.0581446886062622
layer3.0.conv3.weight,814,layer3.0.conv3.weight_ch814,1.0578988790512085
layer3.3.conv3.weight,778,layer3.3.conv3.weight_ch778,1.0578643083572388
layer3.2.conv2.weight,224,layer3.2.conv2.weight_ch224,1.057617425918579
layer2.3.conv2.weight,106,layer2.3.conv2.weight_ch106,1.0574371814727783
layer3.5.conv3.weight,186,layer3.5.conv3.weight_ch186,1.0572093725204468
layer4.0.conv3.weight,779,layer4.0.conv3.weight_ch779,1.0571839809417725
layer3.1.conv3.weight,525,layer3.1.conv3.weight_ch525,1.0571424961090088
layer3.3.conv3.weight,672,layer3.3.conv3.weight_ch672,1.0571318864822388
layer3.2.conv3.weight,946,layer3.2.conv3.weight_ch946,1.0569946765899658
layer4.0.conv3.weight,7,layer4.0.conv3.weight_ch7,1.0569182634353638
layer3.0.conv3.weight,39,layer3.0.conv3.weight_ch39,1.0568339824676514
layer4.0.conv3.weight,619,layer4.0.conv3.weight_ch619,1.0567666292190552
layer3.5.conv3.weight,642,layer3.5.conv3.weight_ch642,1.0565907955169678
layer3.5.conv3.weight,411,layer3.5.conv3.weight_ch411,1.05636727809906
layer3.0.conv3.weight,614,layer3.0.conv3.weight_ch614,1.0561902523040771
layer3.2.conv3.weight,768,layer3.2.conv3.weight_ch768,1.0561567544937134
layer3.3.conv3.weight,938,layer3.3.conv3.weight_ch938,1.0561554431915283
layer3.3.conv3.weight,728,layer3.3.conv3.weight_ch728,1.0561093091964722
layer3.0.conv3.weight,275,layer3.0.conv3.weight_ch275,1.0558571815490723
layer4.0.conv3.weight,186,layer4.0.conv3.weight_ch186,1.0557743310928345
layer4.0.conv3.weight,745,layer4.0.conv3.weight_ch745,1.05569326877594
layer4.0.conv3.weight,1102,layer4.0.conv3.weight_ch1102,1.0550652742385864
layer4.0.conv3.weight,1192,layer4.0.conv3.weight_ch1192,1.055014967918396
layer3.3.conv3.weight,494,layer3.3.conv3.weight_ch494,1.0549079179763794
layer3.2.conv3.weight,229,layer3.2.conv3.weight_ch229,1.0544196367263794
layer3.5.conv3.weight,246,layer3.5.conv3.weight_ch246,1.0542657375335693
layer3.1.conv3.weight,574,layer3.1.conv3.weight_ch574,1.0538681745529175
layer3.2.conv3.weight,584,layer3.2.conv3.weight_ch584,1.0538150072097778
layer3.1.conv3.weight,605,layer3.1.conv3.weight_ch605,1.0536316633224487
layer4.0.conv3.weight,343,layer4.0.conv3.weight_ch343,1.053167700767517
layer4.0.conv3.weight,461,layer4.0.conv3.weight_ch461,1.0531177520751953
layer1.2.conv3.weight,148,layer1.2.conv3.weight_ch148,1.0526158809661865
layer2.1.conv3.weight,222,layer2.1.conv3.weight_ch222,1.0523579120635986
layer3.0.conv3.weight,103,layer3.0.conv3.weight_ch103,1.0522969961166382
layer3.0.conv3.weight,677,layer3.0.conv3.weight_ch677,1.0518431663513184
layer4.0.conv3.weight,144,layer4.0.conv3.weight_ch144,1.0516334772109985
layer4.1.conv1.weight,310,layer4.1.conv1.weight_ch310,1.0511157512664795
layer4.0.conv3.weight,547,layer4.0.conv3.weight_ch547,1.051012635231018
layer3.0.conv3.weight,687,layer3.0.conv3.weight_ch687,1.05079185962677
layer3.2.conv2.weight,187,layer3.2.conv2.weight_ch187,1.0505682229995728
layer3.2.conv2.weight,56,layer3.2.conv2.weight_ch56,1.050407886505127
layer3.1.conv3.weight,468,layer3.1.conv3.weight_ch468,1.0502707958221436
layer3.0.conv3.weight,241,layer3.0.conv3.weight_ch241,1.050107717514038
layer3.5.conv3.weight,394,layer3.5.conv3.weight_ch394,1.0499978065490723
layer4.0.conv3.weight,1124,layer4.0.conv3.weight_ch1124,1.0495790243148804
layer4.0.conv3.weight,1588,layer4.0.conv3.weight_ch1588,1.0488592386245728
layer3.5.conv3.weight,406,layer3.5.conv3.weight_ch406,1.048689603805542
layer3.2.conv1.weight,37,layer3.2.conv1.weight_ch37,1.0485836267471313
layer4.0.conv3.weight,336,layer4.0.conv3.weight_ch336,1.0484437942504883
layer3.0.conv3.weight,248,layer3.0.conv3.weight_ch248,1.0484014749526978
layer3.1.conv3.weight,592,layer3.1.conv3.weight_ch592,1.0482430458068848
layer3.1.conv3.weight,480,layer3.1.conv3.weight_ch480,1.0478713512420654
layer3.2.conv3.weight,589,layer3.2.conv3.weight_ch589,1.0477640628814697
layer3.3.conv3.weight,936,layer3.3.conv3.weight_ch936,1.0477187633514404
layer3.2.conv3.weight,412,layer3.2.conv3.weight_ch412,1.0476782321929932
layer3.2.conv3.weight,666,layer3.2.conv3.weight_ch666,1.0474932193756104
layer4.0.conv3.weight,1502,layer4.0.conv3.weight_ch1502,1.047479510307312
layer2.0.conv1.weight,77,layer2.0.conv1.weight_ch77,1.0472936630249023
layer3.0.conv3.weight,749,layer3.0.conv3.weight_ch749,1.0472428798675537
layer3.0.conv3.weight,319,layer3.0.conv3.weight_ch319,1.046574354171753
layer3.1.conv3.weight,1006,layer3.1.conv3.weight_ch1006,1.046425461769104
layer3.1.conv3.weight,564,layer3.1.conv3.weight_ch564,1.0463573932647705
layer3.2.conv3.weight,910,layer3.2.conv3.weight_ch910,1.0461294651031494
layer3.5.conv3.weight,200,layer3.5.conv3.weight_ch200,1.046027421951294
layer3.3.conv3.weight,584,layer3.3.conv3.weight_ch584,1.0458543300628662
layer3.2.conv3.weight,825,layer3.2.conv3.weight_ch825,1.0454683303833008
layer3.2.conv1.weight,224,layer3.2.conv1.weight_ch224,1.0452934503555298
layer3.2.conv3.weight,60,layer3.2.conv3.weight_ch60,1.0452096462249756
layer3.1.conv3.weight,799,layer3.1.conv3.weight_ch799,1.044994592666626
layer3.5.conv3.weight,457,layer3.5.conv3.weight_ch457,1.0448942184448242
layer3.5.conv3.weight,634,layer3.5.conv3.weight_ch634,1.0447139739990234
layer2.0.conv1.weight,73,layer2.0.conv1.weight_ch73,1.0444483757019043
layer3.3.conv3.weight,643,layer3.3.conv3.weight_ch643,1.0437004566192627
layer3.2.conv3.weight,170,layer3.2.conv3.weight_ch170,1.0436922311782837
layer3.1.conv3.weight,869,layer3.1.conv3.weight_ch869,1.0435808897018433
layer4.0.conv3.weight,1175,layer4.0.conv3.weight_ch1175,1.0433651208877563
layer3.2.conv1.weight,111,layer3.2.conv1.weight_ch111,1.0432928800582886
layer3.0.conv3.weight,654,layer3.0.conv3.weight_ch654,1.0431095361709595
layer3.0.conv3.weight,787,layer3.0.conv3.weight_ch787,1.04307222366333
layer3.3.conv3.weight,357,layer3.3.conv3.weight_ch357,1.0430006980895996
layer3.2.conv2.weight,223,layer3.2.conv2.weight_ch223,1.0428425073623657
layer3.0.conv3.weight,31,layer3.0.conv3.weight_ch31,1.042797565460205
layer3.2.conv3.weight,52,layer3.2.conv3.weight_ch52,1.0425797700881958
layer2.1.conv3.weight,233,layer2.1.conv3.weight_ch233,1.0424814224243164
layer3.1.conv3.weight,736,layer3.1.conv3.weight_ch736,1.042402982711792
layer3.0.conv3.weight,903,layer3.0.conv3.weight_ch903,1.0423179864883423
layer3.2.conv3.weight,1015,layer3.2.conv3.weight_ch1015,1.0422850847244263
layer3.1.conv3.weight,85,layer3.1.conv3.weight_ch85,1.0419793128967285
layer3.0.conv3.weight,863,layer3.0.conv3.weight_ch863,1.0415961742401123
layer3.3.conv3.weight,20,layer3.3.conv3.weight_ch20,1.0414260625839233
layer2.1.conv3.weight,194,layer2.1.conv3.weight_ch194,1.0409207344055176
layer3.5.conv3.weight,582,layer3.5.conv3.weight_ch582,1.0404201745986938
layer3.3.conv3.weight,625,layer3.3.conv3.weight_ch625,1.0403562784194946
layer4.0.conv3.weight,1328,layer4.0.conv3.weight_ch1328,1.040353536605835
layer3.1.conv3.weight,664,layer3.1.conv3.weight_ch664,1.040248155593872
layer3.0.conv3.weight,528,layer3.0.conv3.weight_ch528,1.040095567703247
layer3.0.conv3.weight,545,layer3.0.conv3.weight_ch545,1.0395464897155762
layer3.1.conv3.weight,579,layer3.1.conv3.weight_ch579,1.0395427942276
layer3.5.conv3.weight,944,layer3.5.conv3.weight_ch944,1.0391347408294678
layer3.3.conv3.weight,937,layer3.3.conv3.weight_ch937,1.0389872789382935
layer3.0.conv3.weight,731,layer3.0.conv3.weight_ch731,1.0389084815979004
layer3.0.conv3.weight,507,layer3.0.conv3.weight_ch507,1.0387835502624512
layer3.3.conv3.weight,250,layer3.3.conv3.weight_ch250,1.0382156372070312
layer3.5.conv3.weight,227,layer3.5.conv3.weight_ch227,1.0381693840026855
layer3.2.conv3.weight,806,layer3.2.conv3.weight_ch806,1.0376901626586914
layer3.2.conv3.weight,290,layer3.2.conv3.weight_ch290,1.0373709201812744
layer3.1.conv3.weight,546,layer3.1.conv3.weight_ch546,1.0372964143753052
layer3.2.conv3.weight,987,layer3.2.conv3.weight_ch987,1.0371465682983398
layer2.3.conv2.weight,28,layer2.3.conv2.weight_ch28,1.037083625793457
layer4.0.conv3.weight,309,layer4.0.conv3.weight_ch309,1.0370643138885498
layer3.2.conv3.weight,793,layer3.2.conv3.weight_ch793,1.0365644693374634
layer4.0.conv3.weight,1911,layer4.0.conv3.weight_ch1911,1.0362608432769775
layer3.2.conv1.weight,177,layer3.2.conv1.weight_ch177,1.036033272743225
layer3.2.conv3.weight,939,layer3.2.conv3.weight_ch939,1.0355429649353027
layer3.3.conv3.weight,559,layer3.3.conv3.weight_ch559,1.0355411767959595
layer2.1.conv3.weight,358,layer2.1.conv3.weight_ch358,1.0345966815948486
layer2.3.conv2.weight,34,layer2.3.conv2.weight_ch34,1.0345311164855957
layer3.0.conv3.weight,457,layer3.0.conv3.weight_ch457,1.034421682357788
layer3.2.conv3.weight,380,layer3.2.conv3.weight_ch380,1.0341246128082275
layer3.2.conv1.weight,22,layer3.2.conv1.weight_ch22,1.0340449810028076
layer2.1.conv3.weight,347,layer2.1.conv3.weight_ch347,1.0338398218154907
layer3.5.conv3.weight,843,layer3.5.conv3.weight_ch843,1.0338187217712402
layer3.1.conv3.weight,827,layer3.1.conv3.weight_ch827,1.0336949825286865
layer3.5.conv3.weight,981,layer3.5.conv3.weight_ch981,1.0335724353790283
layer2.0.conv1.weight,124,layer2.0.conv1.weight_ch124,1.033497929573059
layer2.0.conv1.weight,100,layer2.0.conv1.weight_ch100,1.033408761024475
layer3.2.conv3.weight,629,layer3.2.conv3.weight_ch629,1.0332716703414917
layer3.2.conv1.weight,199,layer3.2.conv1.weight_ch199,1.0331131219863892
layer2.0.conv2.weight,5,layer2.0.conv2.weight_ch5,1.0328770875930786
layer2.1.conv3.weight,286,layer2.1.conv3.weight_ch286,1.0324478149414062
layer3.3.conv3.weight,520,layer3.3.conv3.weight_ch520,1.032320261001587
layer3.0.conv3.weight,899,layer3.0.conv3.weight_ch899,1.032209873199463
layer3.0.conv2.weight,13,layer3.0.conv2.weight_ch13,1.0319993495941162
layer3.5.conv3.weight,66,layer3.5.conv3.weight_ch66,1.0319660902023315
layer3.5.conv3.weight,821,layer3.5.conv3.weight_ch821,1.0318794250488281
layer3.1.conv3.weight,19,layer3.1.conv3.weight_ch19,1.031864881515503
layer2.1.conv3.weight,189,layer2.1.conv3.weight_ch189,1.0316866636276245
layer3.0.conv3.weight,722,layer3.0.conv3.weight_ch722,1.031538724899292
layer3.0.conv3.weight,769,layer3.0.conv3.weight_ch769,1.0312743186950684
layer3.2.conv3.weight,516,layer3.2.conv3.weight_ch516,1.0310132503509521
layer3.5.conv3.weight,661,layer3.5.conv3.weight_ch661,1.0307179689407349
layer2.1.conv3.weight,471,layer2.1.conv3.weight_ch471,1.0306882858276367
layer3.2.conv3.weight,801,layer3.2.conv3.weight_ch801,1.0304884910583496
layer3.0.conv3.weight,139,layer3.0.conv3.weight_ch139,1.0300043821334839
layer2.0.conv1.weight,67,layer2.0.conv1.weight_ch67,1.0297539234161377
layer3.5.conv3.weight,289,layer3.5.conv3.weight_ch289,1.0296249389648438
layer1.2.conv3.weight,49,layer1.2.conv3.weight_ch49,1.0294522047042847
layer3.2.conv3.weight,542,layer3.2.conv3.weight_ch542,1.029442548751831
layer3.1.conv3.weight,673,layer3.1.conv3.weight_ch673,1.0292754173278809
layer3.0.conv3.weight,846,layer3.0.conv3.weight_ch846,1.0283626317977905
layer4.0.conv3.weight,1295,layer4.0.conv3.weight_ch1295,1.028264045715332
layer3.5.conv3.weight,822,layer3.5.conv3.weight_ch822,1.028018593788147
layer3.5.conv3.weight,907,layer3.5.conv3.weight_ch907,1.0279778242111206
layer3.1.conv3.weight,331,layer3.1.conv3.weight_ch331,1.027956247329712
layer3.2.conv2.weight,116,layer3.2.conv2.weight_ch116,1.0275840759277344
layer4.0.conv3.weight,838,layer4.0.conv3.weight_ch838,1.0274559259414673
layer3.3.conv3.weight,420,layer3.3.conv3.weight_ch420,1.0271812677383423
layer3.2.conv3.weight,462,layer3.2.conv3.weight_ch462,1.0271748304367065
layer3.3.conv3.weight,631,layer3.3.conv3.weight_ch631,1.0268770456314087
layer3.2.conv3.weight,134,layer3.2.conv3.weight_ch134,1.0268737077713013
layer2.1.conv3.weight,11,layer2.1.conv3.weight_ch11,1.026673436164856
layer4.0.conv3.weight,1913,layer4.0.conv3.weight_ch1913,1.0265016555786133
layer3.0.conv3.weight,250,layer3.0.conv3.weight_ch250,1.0263700485229492
layer3.2.conv3.weight,350,layer3.2.conv3.weight_ch350,1.0263359546661377
layer3.0.conv3.weight,690,layer3.0.conv3.weight_ch690,1.026206374168396
layer1.2.conv3.weight,201,layer1.2.conv3.weight_ch201,1.0260947942733765
layer2.1.conv3.weight,253,layer2.1.conv3.weight_ch253,1.0258384943008423
layer1.2.conv3.weight,137,layer1.2.conv3.weight_ch137,1.0258238315582275
layer3.0.conv2.weight,35,layer3.0.conv2.weight_ch35,1.0256909132003784
layer2.0.conv2.weight,115,layer2.0.conv2.weight_ch115,1.0242007970809937
layer3.5.conv3.weight,261,layer3.5.conv3.weight_ch261,1.024105191230774
layer2.1.conv3.weight,394,layer2.1.conv3.weight_ch394,1.0238245725631714
layer3.3.conv3.weight,745,layer3.3.conv3.weight_ch745,1.023771047592163
layer3.3.conv3.weight,737,layer3.3.conv3.weight_ch737,1.023764967918396
layer3.5.conv3.weight,585,layer3.5.conv3.weight_ch585,1.023762583732605
layer3.1.conv3.weight,816,layer3.1.conv3.weight_ch816,1.0237481594085693
layer2.1.conv3.weight,182,layer2.1.conv3.weight_ch182,1.0234273672103882
layer2.1.conv3.weight,481,layer2.1.conv3.weight_ch481,1.0232704877853394
layer3.1.conv3.weight,417,layer3.1.conv3.weight_ch417,1.0232633352279663
layer4.0.conv3.weight,1507,layer4.0.conv3.weight_ch1507,1.0232441425323486
layer2.3.conv2.weight,103,layer2.3.conv2.weight_ch103,1.022756814956665
layer3.0.conv3.weight,98,layer3.0.conv3.weight_ch98,1.0227103233337402
layer1.2.conv3.weight,69,layer1.2.conv3.weight_ch69,1.0224653482437134
layer4.1.conv1.weight,84,layer4.1.conv1.weight_ch84,1.021905779838562
layer3.5.conv3.weight,891,layer3.5.conv3.weight_ch891,1.0215734243392944
layer3.3.conv3.weight,999,layer3.3.conv3.weight_ch999,1.021344780921936
layer3.0.conv3.weight,107,layer3.0.conv3.weight_ch107,1.0211610794067383
layer3.5.conv3.weight,244,layer3.5.conv3.weight_ch244,1.0210509300231934
layer3.2.conv1.weight,241,layer3.2.conv1.weight_ch241,1.0208674669265747
layer3.2.conv3.weight,569,layer3.2.conv3.weight_ch569,1.020700216293335
layer3.2.conv3.weight,246,layer3.2.conv3.weight_ch246,1.0204137563705444
layer1.2.conv3.weight,46,layer1.2.conv3.weight_ch46,1.0203789472579956
layer4.0.conv3.weight,1959,layer4.0.conv3.weight_ch1959,1.020200252532959
layer2.0.conv2.weight,27,layer2.0.conv2.weight_ch27,1.020179271697998
layer3.1.conv3.weight,225,layer3.1.conv3.weight_ch225,1.0197904109954834
layer3.0.conv3.weight,649,layer3.0.conv3.weight_ch649,1.0194282531738281
layer3.5.conv3.weight,792,layer3.5.conv3.weight_ch792,1.0194226503372192
layer3.2.conv2.weight,173,layer3.2.conv2.weight_ch173,1.0189114809036255
layer3.5.conv3.weight,607,layer3.5.conv3.weight_ch607,1.018789529800415
layer3.1.conv3.weight,293,layer3.1.conv3.weight_ch293,1.0187723636627197
layer2.1.conv3.weight,52,layer2.1.conv3.weight_ch52,1.018533706665039
layer2.1.conv3.weight,8,layer2.1.conv3.weight_ch8,1.0184988975524902
layer3.0.conv3.weight,210,layer3.0.conv3.weight_ch210,1.017713189125061
layer3.5.conv3.weight,301,layer3.5.conv3.weight_ch301,1.017687439918518
layer3.0.conv3.weight,820,layer3.0.conv3.weight_ch820,1.0175118446350098
layer4.0.conv3.weight,1864,layer4.0.conv3.weight_ch1864,1.017366647720337
layer3.3.conv3.weight,577,layer3.3.conv3.weight_ch577,1.0173310041427612
layer3.2.conv3.weight,93,layer3.2.conv3.weight_ch93,1.0172605514526367
layer3.2.conv3.weight,6,layer3.2.conv3.weight_ch6,1.017162799835205
layer3.5.conv3.weight,968,layer3.5.conv3.weight_ch968,1.0171244144439697
layer3.3.conv3.weight,59,layer3.3.conv3.weight_ch59,1.0169446468353271
layer3.0.conv3.weight,469,layer3.0.conv3.weight_ch469,1.0167216062545776
layer4.0.conv3.weight,659,layer4.0.conv3.weight_ch659,1.0165743827819824
layer3.3.conv3.weight,328,layer3.3.conv3.weight_ch328,1.01641047000885
layer3.5.conv3.weight,251,layer3.5.conv3.weight_ch251,1.0162642002105713
layer3.3.conv3.weight,1015,layer3.3.conv3.weight_ch1015,1.0157288312911987
layer2.0.conv2.weight,56,layer2.0.conv2.weight_ch56,1.015367031097412
layer3.5.conv3.weight,167,layer3.5.conv3.weight_ch167,1.015364408493042
layer3.0.conv3.weight,474,layer3.0.conv3.weight_ch474,1.0153566598892212
layer3.2.conv1.weight,169,layer3.2.conv1.weight_ch169,1.0151573419570923
layer2.1.conv3.weight,505,layer2.1.conv3.weight_ch505,1.0150823593139648
layer3.5.conv3.weight,23,layer3.5.conv3.weight_ch23,1.0148868560791016
layer3.3.conv3.weight,726,layer3.3.conv3.weight_ch726,1.0148532390594482
layer3.0.conv3.weight,646,layer3.0.conv3.weight_ch646,1.0147141218185425
layer3.1.conv3.weight,630,layer3.1.conv3.weight_ch630,1.0144234895706177
layer3.1.conv3.weight,334,layer3.1.conv3.weight_ch334,1.0143954753875732
layer2.1.conv3.weight,275,layer2.1.conv3.weight_ch275,1.0141839981079102
layer2.3.conv2.weight,75,layer2.3.conv2.weight_ch75,1.0140540599822998
layer3.1.conv3.weight,991,layer3.1.conv3.weight_ch991,1.0140166282653809
layer2.1.conv3.weight,332,layer2.1.conv3.weight_ch332,1.0138816833496094
layer3.2.conv3.weight,475,layer3.2.conv3.weight_ch475,1.0136115550994873
layer3.5.conv3.weight,1020,layer3.5.conv3.weight_ch1020,1.0130845308303833
layer3.3.conv3.weight,310,layer3.3.conv3.weight_ch310,1.0129518508911133
layer3.0.conv3.weight,483,layer3.0.conv3.weight_ch483,1.0125806331634521
layer2.3.conv2.weight,39,layer2.3.conv2.weight_ch39,1.0125659704208374
layer4.0.conv3.weight,1195,layer4.0.conv3.weight_ch1195,1.0120618343353271
layer3.1.conv3.weight,905,layer3.1.conv3.weight_ch905,1.0118448734283447
layer3.2.conv1.weight,167,layer3.2.conv1.weight_ch167,1.0116002559661865
layer3.5.conv3.weight,32,layer3.5.conv3.weight_ch32,1.0114003419876099
layer3.5.conv3.weight,319,layer3.5.conv3.weight_ch319,1.0113247632980347
layer2.1.conv3.weight,313,layer2.1.conv3.weight_ch313,1.0110276937484741
layer3.5.conv3.weight,282,layer3.5.conv3.weight_ch282,1.010632038116455
layer3.2.conv3.weight,171,layer3.2.conv3.weight_ch171,1.0103883743286133
layer3.2.conv3.weight,247,layer3.2.conv3.weight_ch247,1.01015043258667
layer3.1.conv3.weight,701,layer3.1.conv3.weight_ch701,1.0100375413894653
layer3.5.conv3.weight,852,layer3.5.conv3.weight_ch852,1.0096951723098755
layer3.5.conv3.weight,835,layer3.5.conv3.weight_ch835,1.0096018314361572
layer3.0.conv3.weight,32,layer3.0.conv3.weight_ch32,1.008813738822937
layer3.0.conv3.weight,584,layer3.0.conv3.weight_ch584,1.0087001323699951
layer2.0.conv1.weight,8,layer2.0.conv1.weight_ch8,1.0085548162460327
layer3.3.conv3.weight,978,layer3.3.conv3.weight_ch978,1.0081499814987183
layer3.5.conv3.weight,722,layer3.5.conv3.weight_ch722,1.0081309080123901
layer1.2.conv3.weight,43,layer1.2.conv3.weight_ch43,1.0077849626541138
layer3.3.conv3.weight,869,layer3.3.conv3.weight_ch869,1.0077587366104126
layer3.5.conv3.weight,668,layer3.5.conv3.weight_ch668,1.0077176094055176
layer3.3.conv3.weight,298,layer3.3.conv3.weight_ch298,1.0076345205307007
layer4.0.conv3.weight,1773,layer4.0.conv3.weight_ch1773,1.007212519645691
layer3.1.conv3.weight,680,layer3.1.conv3.weight_ch680,1.0071070194244385
layer3.1.conv3.weight,542,layer3.1.conv3.weight_ch542,1.0068833827972412
layer3.3.conv3.weight,618,layer3.3.conv3.weight_ch618,1.0068814754486084
layer1.2.conv3.weight,40,layer1.2.conv3.weight_ch40,1.0068585872650146
layer3.0.conv3.weight,161,layer3.0.conv3.weight_ch161,1.0066777467727661
layer1.2.conv3.weight,161,layer1.2.conv3.weight_ch161,1.0064992904663086
layer2.3.conv2.weight,125,layer2.3.conv2.weight_ch125,1.0062161684036255
layer3.0.conv3.weight,756,layer3.0.conv3.weight_ch756,1.0061314105987549
layer3.5.conv3.weight,1015,layer3.5.conv3.weight_ch1015,1.0058815479278564
layer3.3.conv3.weight,555,layer3.3.conv3.weight_ch555,1.0058729648590088
layer2.0.conv1.weight,113,layer2.0.conv1.weight_ch113,1.005516767501831
layer3.2.conv3.weight,673,layer3.2.conv3.weight_ch673,1.0053068399429321
layer4.0.conv3.weight,184,layer4.0.conv3.weight_ch184,1.0048213005065918
layer2.1.conv3.weight,41,layer2.1.conv3.weight_ch41,1.0044636726379395
layer3.1.conv3.weight,666,layer3.1.conv3.weight_ch666,1.004305124282837
layer3.5.conv3.weight,819,layer3.5.conv3.weight_ch819,1.004150629043579
layer3.1.conv3.weight,211,layer3.1.conv3.weight_ch211,1.003657579421997
layer4.0.conv3.weight,1579,layer4.0.conv3.weight_ch1579,1.0029420852661133
layer3.5.conv3.weight,413,layer3.5.conv3.weight_ch413,1.002846598625183
layer3.5.conv3.weight,84,layer3.5.conv3.weight_ch84,1.0028318166732788
layer3.0.conv3.weight,436,layer3.0.conv3.weight_ch436,1.002321720123291
layer3.0.conv3.weight,170,layer3.0.conv3.weight_ch170,1.0019867420196533
layer3.5.conv3.weight,133,layer3.5.conv3.weight_ch133,1.0018714666366577
layer3.5.conv3.weight,1004,layer3.5.conv3.weight_ch1004,1.0016398429870605
layer3.2.conv1.weight,16,layer3.2.conv1.weight_ch16,1.001639485359192
layer3.2.conv3.weight,926,layer3.2.conv3.weight_ch926,1.0015424489974976
layer3.3.conv3.weight,738,layer3.3.conv3.weight_ch738,1.001279354095459
layer4.0.conv3.weight,1021,layer4.0.conv3.weight_ch1021,1.0012210607528687
layer3.5.conv3.weight,614,layer3.5.conv3.weight_ch614,1.00118088722229
layer3.2.conv1.weight,118,layer3.2.conv1.weight_ch118,1.0010417699813843
layer3.5.conv3.weight,233,layer3.5.conv3.weight_ch233,1.0003774166107178
layer4.1.conv1.weight,99,layer4.1.conv1.weight_ch99,0.999403715133667
layer4.0.conv3.weight,1732,layer4.0.conv3.weight_ch1732,0.9989261627197266
layer3.3.conv3.weight,1008,layer3.3.conv3.weight_ch1008,0.9983029365539551
layer4.0.conv3.weight,1443,layer4.0.conv3.weight_ch1443,0.998197078704834
layer3.2.conv3.weight,665,layer3.2.conv3.weight_ch665,0.9981476664543152
layer1.2.conv3.weight,32,layer1.2.conv3.weight_ch32,0.9980514049530029
layer3.5.conv3.weight,628,layer3.5.conv3.weight_ch628,0.9978316426277161
layer3.3.conv3.weight,752,layer3.3.conv3.weight_ch752,0.9978059530258179
layer4.0.conv3.weight,1477,layer4.0.conv3.weight_ch1477,0.9976066946983337
layer3.0.conv3.weight,181,layer3.0.conv3.weight_ch181,0.9975019693374634
layer2.0.conv2.weight,105,layer2.0.conv2.weight_ch105,0.9974077939987183
layer4.0.conv3.weight,44,layer4.0.conv3.weight_ch44,0.9966068267822266
layer3.0.conv3.weight,618,layer3.0.conv3.weight_ch618,0.9964843988418579
layer3.1.conv3.weight,401,layer3.1.conv3.weight_ch401,0.9963345527648926
layer3.5.conv3.weight,565,layer3.5.conv3.weight_ch565,0.9960953593254089
layer3.3.conv3.weight,705,layer3.3.conv3.weight_ch705,0.9959356188774109
layer2.1.conv3.weight,455,layer2.1.conv3.weight_ch455,0.9958289265632629
layer4.0.conv3.weight,1648,layer4.0.conv3.weight_ch1648,0.9957048892974854
layer3.0.conv3.weight,224,layer3.0.conv3.weight_ch224,0.9956468939781189
layer3.2.conv3.weight,674,layer3.2.conv3.weight_ch674,0.9954285621643066
layer3.3.conv3.weight,776,layer3.3.conv3.weight_ch776,0.995403528213501
layer3.1.conv3.weight,251,layer3.1.conv3.weight_ch251,0.9950596690177917
layer2.0.conv2.weight,12,layer2.0.conv2.weight_ch12,0.9947039484977722
layer2.1.conv3.weight,352,layer2.1.conv3.weight_ch352,0.9946590065956116
layer3.3.conv3.weight,868,layer3.3.conv3.weight_ch868,0.9943844079971313
layer3.5.conv3.weight,345,layer3.5.conv3.weight_ch345,0.9943348169326782
layer3.5.conv3.weight,198,layer3.5.conv3.weight_ch198,0.9941889047622681
layer2.1.conv3.weight,364,layer2.1.conv3.weight_ch364,0.9941442012786865
layer4.0.conv3.weight,1451,layer4.0.conv3.weight_ch1451,0.9940829873085022
layer4.1.conv1.weight,493,layer4.1.conv1.weight_ch493,0.9939519762992859
layer2.1.conv3.weight,450,layer2.1.conv3.weight_ch450,0.9936981201171875
layer3.2.conv1.weight,197,layer3.2.conv1.weight_ch197,0.9934152364730835
layer3.5.conv3.weight,715,layer3.5.conv3.weight_ch715,0.9933837056159973
layer3.5.conv3.weight,124,layer3.5.conv3.weight_ch124,0.993183434009552
layer3.2.conv1.weight,82,layer3.2.conv1.weight_ch82,0.9929193258285522
layer3.5.conv3.weight,258,layer3.5.conv3.weight_ch258,0.9924970865249634
layer3.3.conv3.weight,500,layer3.3.conv3.weight_ch500,0.992379367351532
layer3.2.conv1.weight,190,layer3.2.conv1.weight_ch190,0.9923737049102783
layer1.2.conv3.weight,4,layer1.2.conv3.weight_ch4,0.9923246502876282
layer3.2.conv3.weight,582,layer3.2.conv3.weight_ch582,0.9922000169754028
layer3.0.conv3.weight,143,layer3.0.conv3.weight_ch143,0.9918324947357178
layer3.1.conv3.weight,830,layer3.1.conv3.weight_ch830,0.9913091659545898
layer3.1.conv3.weight,614,layer3.1.conv3.weight_ch614,0.9912853837013245
layer3.5.conv3.weight,59,layer3.5.conv3.weight_ch59,0.9910568594932556
layer2.1.conv3.weight,112,layer2.1.conv3.weight_ch112,0.9909152388572693
layer3.5.conv3.weight,430,layer3.5.conv3.weight_ch430,0.9902459383010864
layer3.2.conv2.weight,111,layer3.2.conv2.weight_ch111,0.9901218414306641
layer3.3.conv3.weight,924,layer3.3.conv3.weight_ch924,0.9898649454116821
layer4.0.conv3.weight,1874,layer4.0.conv3.weight_ch1874,0.9897993206977844
layer3.5.conv3.weight,583,layer3.5.conv3.weight_ch583,0.9897637963294983
layer3.2.conv3.weight,103,layer3.2.conv3.weight_ch103,0.9895787835121155
layer3.1.conv3.weight,898,layer3.1.conv3.weight_ch898,0.9891358613967896
layer3.2.conv3.weight,866,layer3.2.conv3.weight_ch866,0.988675594329834
layer2.0.conv2.weight,118,layer2.0.conv2.weight_ch118,0.9886448383331299
layer4.0.conv3.weight,266,layer4.0.conv3.weight_ch266,0.9883351922035217
layer3.2.conv3.weight,638,layer3.2.conv3.weight_ch638,0.988270103931427
layer4.1.conv1.weight,432,layer4.1.conv1.weight_ch432,0.9881863594055176
layer3.2.conv3.weight,155,layer3.2.conv3.weight_ch155,0.9878525733947754
layer3.2.conv3.weight,599,layer3.2.conv3.weight_ch599,0.9878373146057129
layer3.5.conv3.weight,878,layer3.5.conv3.weight_ch878,0.9876831769943237
layer1.2.conv3.weight,41,layer1.2.conv3.weight_ch41,0.9873590469360352
layer3.3.conv3.weight,42,layer3.3.conv3.weight_ch42,0.9873571395874023
layer3.5.conv3.weight,705,layer3.5.conv3.weight_ch705,0.9872328042984009
layer3.5.conv3.weight,712,layer3.5.conv3.weight_ch712,0.9870737791061401
layer1.2.conv3.weight,52,layer1.2.conv3.weight_ch52,0.9866279363632202
layer3.5.conv3.weight,753,layer3.5.conv3.weight_ch753,0.9865917563438416
layer4.0.conv3.weight,279,layer4.0.conv3.weight_ch279,0.9865124225616455
layer3.0.conv3.weight,524,layer3.0.conv3.weight_ch524,0.9861570596694946
layer4.0.conv3.weight,954,layer4.0.conv3.weight_ch954,0.986034631729126
layer3.0.conv3.weight,97,layer3.0.conv3.weight_ch97,0.9857890605926514
layer3.0.conv3.weight,603,layer3.0.conv3.weight_ch603,0.9856680631637573
layer3.2.conv1.weight,32,layer3.2.conv1.weight_ch32,0.9854947328567505
layer3.3.conv3.weight,930,layer3.3.conv3.weight_ch930,0.9852352738380432
layer3.0.conv3.weight,1012,layer3.0.conv3.weight_ch1012,0.9844554662704468
layer2.1.conv3.weight,255,layer2.1.conv3.weight_ch255,0.9842656850814819
layer3.5.conv3.weight,887,layer3.5.conv3.weight_ch887,0.9842476844787598
layer3.3.conv3.weight,611,layer3.3.conv3.weight_ch611,0.984088122844696
layer3.2.conv2.weight,160,layer3.2.conv2.weight_ch160,0.9840015769004822
layer1.2.conv3.weight,122,layer1.2.conv3.weight_ch122,0.9836151003837585
layer1.2.conv3.weight,21,layer1.2.conv3.weight_ch21,0.9835471510887146
layer3.2.conv3.weight,738,layer3.2.conv3.weight_ch738,0.9833910465240479
layer3.3.conv3.weight,718,layer3.3.conv3.weight_ch718,0.983340322971344
layer3.3.conv3.weight,703,layer3.3.conv3.weight_ch703,0.9832870960235596
layer3.0.conv3.weight,650,layer3.0.conv3.weight_ch650,0.9832838773727417
layer3.1.conv3.weight,907,layer3.1.conv3.weight_ch907,0.9831342101097107
layer3.3.conv3.weight,677,layer3.3.conv3.weight_ch677,0.9828576445579529
layer3.5.conv3.weight,31,layer3.5.conv3.weight_ch31,0.9828217029571533
layer3.5.conv3.weight,804,layer3.5.conv3.weight_ch804,0.9827910661697388
layer3.0.conv3.weight,270,layer3.0.conv3.weight_ch270,0.9827749133110046
layer2.1.conv3.weight,30,layer2.1.conv3.weight_ch30,0.9822684526443481
layer3.0.conv3.weight,521,layer3.0.conv3.weight_ch521,0.9819960594177246
layer3.1.conv3.weight,870,layer3.1.conv3.weight_ch870,0.9816622138023376
layer3.1.conv3.weight,895,layer3.1.conv3.weight_ch895,0.981650710105896
layer4.0.conv3.weight,1474,layer4.0.conv3.weight_ch1474,0.9814793467521667
layer2.0.conv2.weight,92,layer2.0.conv2.weight_ch92,0.9814404249191284
layer3.5.conv3.weight,412,layer3.5.conv3.weight_ch412,0.981296181678772
layer3.2.conv3.weight,348,layer3.2.conv3.weight_ch348,0.9810449481010437
layer4.0.conv3.weight,1213,layer4.0.conv3.weight_ch1213,0.9808952808380127
layer4.0.conv3.weight,1543,layer4.0.conv3.weight_ch1543,0.980894923210144
layer3.1.conv3.weight,831,layer3.1.conv3.weight_ch831,0.9807174205780029
layer4.0.conv3.weight,1721,layer4.0.conv3.weight_ch1721,0.980539083480835
layer2.1.conv3.weight,289,layer2.1.conv3.weight_ch289,0.980488657951355
layer3.0.conv2.weight,191,layer3.0.conv2.weight_ch191,0.9804418087005615
layer3.2.conv2.weight,24,layer3.2.conv2.weight_ch24,0.9803357720375061
layer3.1.conv3.weight,516,layer3.1.conv3.weight_ch516,0.9800407886505127
layer3.2.conv3.weight,44,layer3.2.conv3.weight_ch44,0.9799712896347046
layer3.3.conv3.weight,82,layer3.3.conv3.weight_ch82,0.9796060919761658
layer3.0.conv3.weight,754,layer3.0.conv3.weight_ch754,0.9791195392608643
layer2.0.conv1.weight,64,layer2.0.conv1.weight_ch64,0.9790483713150024
layer3.0.conv3.weight,567,layer3.0.conv3.weight_ch567,0.9785618185997009
layer3.2.conv1.weight,9,layer3.2.conv1.weight_ch9,0.9785164594650269
layer4.0.conv3.weight,1269,layer4.0.conv3.weight_ch1269,0.978514552116394
layer2.1.conv3.weight,36,layer2.1.conv3.weight_ch36,0.9781754612922668
layer4.0.conv3.weight,1479,layer4.0.conv3.weight_ch1479,0.9780793786048889
layer3.2.conv3.weight,492,layer3.2.conv3.weight_ch492,0.9780738353729248
layer2.1.conv3.weight,0,layer2.1.conv3.weight_ch0,0.9778856039047241
layer3.5.conv3.weight,224,layer3.5.conv3.weight_ch224,0.9775654077529907
layer4.0.conv3.weight,1469,layer4.0.conv3.weight_ch1469,0.9775372743606567
layer3.1.conv3.weight,819,layer3.1.conv3.weight_ch819,0.9774658679962158
layer4.0.conv3.weight,1603,layer4.0.conv3.weight_ch1603,0.9774518609046936
layer3.2.conv3.weight,226,layer3.2.conv3.weight_ch226,0.9774460792541504
layer3.2.conv3.weight,351,layer3.2.conv3.weight_ch351,0.9772861003875732
layer4.1.conv1.weight,452,layer4.1.conv1.weight_ch452,0.9770148992538452
layer3.1.conv3.weight,521,layer3.1.conv3.weight_ch521,0.9769824743270874
layer4.0.conv3.weight,930,layer4.0.conv3.weight_ch930,0.9767724275588989
layer3.1.conv3.weight,916,layer3.1.conv3.weight_ch916,0.9767540097236633
layer3.3.conv3.weight,465,layer3.3.conv3.weight_ch465,0.9766475558280945
layer4.0.conv3.weight,1301,layer4.0.conv3.weight_ch1301,0.9765924215316772
layer1.2.conv3.weight,208,layer1.2.conv3.weight_ch208,0.9758983254432678
layer3.0.conv3.weight,758,layer3.0.conv3.weight_ch758,0.9757094383239746
layer3.2.conv1.weight,221,layer3.2.conv1.weight_ch221,0.9755224585533142
layer3.3.conv3.weight,691,layer3.3.conv3.weight_ch691,0.9751690030097961
layer4.0.conv3.weight,1146,layer4.0.conv3.weight_ch1146,0.9750967025756836
layer3.3.conv3.weight,172,layer3.3.conv3.weight_ch172,0.9749720096588135
layer3.3.conv3.weight,729,layer3.3.conv3.weight_ch729,0.9743649959564209
layer3.3.conv3.weight,270,layer3.3.conv3.weight_ch270,0.9741057753562927
layer3.2.conv1.weight,132,layer3.2.conv1.weight_ch132,0.9740197062492371
layer4.0.conv3.weight,569,layer4.0.conv3.weight_ch569,0.9739940762519836
layer3.5.conv3.weight,541,layer3.5.conv3.weight_ch541,0.9739830493927002
layer3.2.conv1.weight,206,layer3.2.conv1.weight_ch206,0.9734385013580322
layer3.3.conv3.weight,935,layer3.3.conv3.weight_ch935,0.9731430411338806
layer3.2.conv2.weight,241,layer3.2.conv2.weight_ch241,0.9727200269699097
layer3.2.conv2.weight,4,layer3.2.conv2.weight_ch4,0.9718919396400452
layer3.2.conv3.weight,550,layer3.2.conv3.weight_ch550,0.9717296957969666
layer3.2.conv3.weight,215,layer3.2.conv3.weight_ch215,0.9716483950614929
layer3.2.conv3.weight,251,layer3.2.conv3.weight_ch251,0.9713982343673706
layer3.5.conv3.weight,476,layer3.5.conv3.weight_ch476,0.9707802534103394
layer4.0.conv3.weight,781,layer4.0.conv3.weight_ch781,0.9706342220306396
layer2.1.conv3.weight,346,layer2.1.conv3.weight_ch346,0.9705992937088013
layer3.5.conv3.weight,882,layer3.5.conv3.weight_ch882,0.9703462719917297
layer3.5.conv3.weight,88,layer3.5.conv3.weight_ch88,0.97006756067276
layer2.3.conv2.weight,63,layer2.3.conv2.weight_ch63,0.9698288440704346
layer3.3.conv3.weight,293,layer3.3.conv3.weight_ch293,0.9697310328483582
layer3.3.conv3.weight,95,layer3.3.conv3.weight_ch95,0.9691051244735718
layer3.3.conv3.weight,522,layer3.3.conv3.weight_ch522,0.9688766002655029
layer1.2.conv3.weight,75,layer1.2.conv3.weight_ch75,0.9688490033149719
layer3.3.conv3.weight,905,layer3.3.conv3.weight_ch905,0.9687319993972778
layer2.0.conv2.weight,44,layer2.0.conv2.weight_ch44,0.9686238169670105
layer3.2.conv3.weight,464,layer3.2.conv3.weight_ch464,0.968490481376648
layer3.3.conv3.weight,216,layer3.3.conv3.weight_ch216,0.968187153339386
layer3.0.conv3.weight,273,layer3.0.conv3.weight_ch273,0.9681519865989685
layer3.1.conv3.weight,371,layer3.1.conv3.weight_ch371,0.9679867029190063
layer3.3.conv3.weight,337,layer3.3.conv3.weight_ch337,0.9679043292999268
layer3.0.conv3.weight,587,layer3.0.conv3.weight_ch587,0.9678120017051697
layer2.1.conv3.weight,93,layer2.1.conv3.weight_ch93,0.9678018689155579
layer3.2.conv3.weight,353,layer3.2.conv3.weight_ch353,0.9678007364273071
layer2.0.conv1.weight,48,layer2.0.conv1.weight_ch48,0.9677526950836182
layer3.2.conv2.weight,206,layer3.2.conv2.weight_ch206,0.9676634669303894
layer3.3.conv3.weight,665,layer3.3.conv3.weight_ch665,0.9676363468170166
layer3.5.conv3.weight,690,layer3.5.conv3.weight_ch690,0.967616856098175
layer3.5.conv3.weight,993,layer3.5.conv3.weight_ch993,0.9675745964050293
layer4.0.conv3.weight,1496,layer4.0.conv3.weight_ch1496,0.9672397971153259
layer3.0.conv3.weight,511,layer3.0.conv3.weight_ch511,0.9672030210494995
layer3.2.conv3.weight,745,layer3.2.conv3.weight_ch745,0.9671393036842346
layer4.0.conv3.weight,1140,layer4.0.conv3.weight_ch1140,0.9670590162277222
layer3.2.conv1.weight,106,layer3.2.conv1.weight_ch106,0.9666900038719177
layer3.2.conv1.weight,152,layer3.2.conv1.weight_ch152,0.9664629101753235
layer3.1.conv3.weight,403,layer3.1.conv3.weight_ch403,0.9662376046180725
layer3.5.conv3.weight,874,layer3.5.conv3.weight_ch874,0.9657020568847656
layer3.3.conv3.weight,108,layer3.3.conv3.weight_ch108,0.9656662344932556
layer3.5.conv3.weight,823,layer3.5.conv3.weight_ch823,0.965174674987793
layer3.1.conv3.weight,568,layer3.1.conv3.weight_ch568,0.9650442600250244
layer3.3.conv3.weight,296,layer3.3.conv3.weight_ch296,0.9633609056472778
layer3.5.conv3.weight,73,layer3.5.conv3.weight_ch73,0.9630867838859558
layer3.3.conv3.weight,833,layer3.3.conv3.weight_ch833,0.9630063772201538
layer3.5.conv3.weight,502,layer3.5.conv3.weight_ch502,0.9629508852958679
layer3.5.conv3.weight,135,layer3.5.conv3.weight_ch135,0.9623574018478394
layer3.1.conv3.weight,118,layer3.1.conv3.weight_ch118,0.9619640111923218
layer3.3.conv3.weight,692,layer3.3.conv3.weight_ch692,0.961901068687439
layer3.0.conv3.weight,152,layer3.0.conv3.weight_ch152,0.9617076516151428
layer4.0.conv3.weight,278,layer4.0.conv3.weight_ch278,0.9616355299949646
layer2.1.conv3.weight,499,layer2.1.conv3.weight_ch499,0.9614850878715515
layer3.5.conv3.weight,6,layer3.5.conv3.weight_ch6,0.9613457918167114
layer4.0.conv3.weight,1133,layer4.0.conv3.weight_ch1133,0.9612818956375122
layer3.2.conv3.weight,313,layer3.2.conv3.weight_ch313,0.960947573184967
layer3.2.conv3.weight,595,layer3.2.conv3.weight_ch595,0.9609023928642273
layer4.0.conv3.weight,1492,layer4.0.conv3.weight_ch1492,0.9605992436408997
layer2.0.conv2.weight,100,layer2.0.conv2.weight_ch100,0.9605268836021423
layer3.2.conv1.weight,150,layer3.2.conv1.weight_ch150,0.9605002403259277
layer3.5.conv3.weight,807,layer3.5.conv3.weight_ch807,0.9600849747657776
layer3.2.conv3.weight,261,layer3.2.conv3.weight_ch261,0.9599618911743164
layer3.1.conv3.weight,591,layer3.1.conv3.weight_ch591,0.9595030546188354
layer3.2.conv3.weight,913,layer3.2.conv3.weight_ch913,0.9592335224151611
layer4.0.conv3.weight,1587,layer4.0.conv3.weight_ch1587,0.9591237306594849
layer3.5.conv3.weight,675,layer3.5.conv3.weight_ch675,0.9590817093849182
layer3.1.conv3.weight,691,layer3.1.conv3.weight_ch691,0.9578515887260437
layer3.2.conv1.weight,69,layer3.2.conv1.weight_ch69,0.9578338265419006
layer3.1.conv3.weight,820,layer3.1.conv3.weight_ch820,0.9571998119354248
layer3.3.conv3.weight,457,layer3.3.conv3.weight_ch457,0.9571413397789001
layer1.2.conv3.weight,183,layer1.2.conv3.weight_ch183,0.9571307897567749
layer3.2.conv3.weight,961,layer3.2.conv3.weight_ch961,0.9570478796958923
layer3.3.conv3.weight,684,layer3.3.conv3.weight_ch684,0.9566069841384888
layer4.0.conv3.weight,1997,layer4.0.conv3.weight_ch1997,0.9564592838287354
layer3.1.conv3.weight,227,layer3.1.conv3.weight_ch227,0.9563570618629456
layer3.3.conv3.weight,384,layer3.3.conv3.weight_ch384,0.9562998414039612
layer3.1.conv3.weight,433,layer3.1.conv3.weight_ch433,0.9561474323272705
layer4.0.conv3.weight,411,layer4.0.conv3.weight_ch411,0.9559017419815063
layer3.2.conv2.weight,191,layer3.2.conv2.weight_ch191,0.9557467699050903
layer4.0.conv3.weight,742,layer4.0.conv3.weight_ch742,0.9555595517158508
layer2.0.conv1.weight,126,layer2.0.conv1.weight_ch126,0.9554992914199829
layer2.0.conv1.weight,29,layer2.0.conv1.weight_ch29,0.9552268981933594
layer3.2.conv3.weight,116,layer3.2.conv3.weight_ch116,0.9550809860229492
layer3.0.conv3.weight,593,layer3.0.conv3.weight_ch593,0.9546043872833252
layer3.0.conv3.weight,461,layer3.0.conv3.weight_ch461,0.9538628458976746
layer3.2.conv3.weight,376,layer3.2.conv3.weight_ch376,0.9538087248802185
layer3.3.conv3.weight,1006,layer3.3.conv3.weight_ch1006,0.9535623788833618
layer3.1.conv3.weight,862,layer3.1.conv3.weight_ch862,0.9530930519104004
layer4.0.conv3.weight,908,layer4.0.conv3.weight_ch908,0.953068196773529
layer3.3.conv3.weight,513,layer3.3.conv3.weight_ch513,0.953054666519165
layer3.5.conv3.weight,34,layer3.5.conv3.weight_ch34,0.952434778213501
layer3.3.conv3.weight,609,layer3.3.conv3.weight_ch609,0.9523910284042358
layer4.0.conv3.weight,1960,layer4.0.conv3.weight_ch1960,0.951818585395813
layer3.5.conv3.weight,360,layer3.5.conv3.weight_ch360,0.9516310691833496
layer3.1.conv3.weight,265,layer3.1.conv3.weight_ch265,0.9513152837753296
layer1.2.conv3.weight,143,layer1.2.conv3.weight_ch143,0.9508892297744751
layer3.3.conv3.weight,85,layer3.3.conv3.weight_ch85,0.95087730884552
layer4.0.conv3.weight,610,layer4.0.conv3.weight_ch610,0.9508132934570312
layer1.2.conv3.weight,79,layer1.2.conv3.weight_ch79,0.9506194591522217
layer4.1.conv1.weight,300,layer4.1.conv1.weight_ch300,0.9498029351234436
layer3.5.conv3.weight,670,layer3.5.conv3.weight_ch670,0.9492065906524658
layer3.3.conv3.weight,993,layer3.3.conv3.weight_ch993,0.9491753578186035
layer3.5.conv3.weight,113,layer3.5.conv3.weight_ch113,0.9491511583328247
layer1.2.conv3.weight,97,layer1.2.conv3.weight_ch97,0.9491121768951416
layer1.2.conv3.weight,0,layer1.2.conv3.weight_ch0,0.9490296244621277
layer3.1.conv3.weight,518,layer3.1.conv3.weight_ch518,0.9489781260490417
layer3.1.conv3.weight,700,layer3.1.conv3.weight_ch700,0.9488586187362671
layer3.2.conv3.weight,121,layer3.2.conv3.weight_ch121,0.9484795331954956
layer1.2.conv3.weight,139,layer1.2.conv3.weight_ch139,0.9478667378425598
layer3.2.conv1.weight,25,layer3.2.conv1.weight_ch25,0.946941614151001
layer3.0.conv3.weight,314,layer3.0.conv3.weight_ch314,0.9468408226966858
layer3.5.conv3.weight,108,layer3.5.conv3.weight_ch108,0.9463698267936707
layer3.3.conv3.weight,791,layer3.3.conv3.weight_ch791,0.9462799429893494
layer3.5.conv3.weight,994,layer3.5.conv3.weight_ch994,0.9461604952812195
layer3.2.conv3.weight,893,layer3.2.conv3.weight_ch893,0.9459112286567688
layer2.3.conv2.weight,105,layer2.3.conv2.weight_ch105,0.9457179307937622
layer4.0.conv3.weight,865,layer4.0.conv3.weight_ch865,0.9456703066825867
layer4.1.conv1.weight,316,layer4.1.conv1.weight_ch316,0.9455772638320923
layer3.1.conv3.weight,524,layer3.1.conv3.weight_ch524,0.9452093839645386
layer4.0.conv3.weight,1742,layer4.0.conv3.weight_ch1742,0.9451775550842285
layer3.0.conv3.weight,950,layer3.0.conv3.weight_ch950,0.9451566934585571
layer3.1.conv3.weight,534,layer3.1.conv3.weight_ch534,0.9451562166213989
layer4.0.conv3.weight,1701,layer4.0.conv3.weight_ch1701,0.9446896910667419
layer3.0.conv3.weight,665,layer3.0.conv3.weight_ch665,0.9446463584899902
layer3.1.conv3.weight,920,layer3.1.conv3.weight_ch920,0.9446298480033875
layer3.5.conv3.weight,396,layer3.5.conv3.weight_ch396,0.9444876909255981
layer3.5.conv3.weight,897,layer3.5.conv3.weight_ch897,0.9442397356033325
layer3.1.conv3.weight,657,layer3.1.conv3.weight_ch657,0.9442029595375061
layer2.1.conv3.weight,76,layer2.1.conv3.weight_ch76,0.9440273642539978
layer4.0.conv3.weight,2022,layer4.0.conv3.weight_ch2022,0.944027304649353
layer3.3.conv3.weight,118,layer3.3.conv3.weight_ch118,0.9436370134353638
layer3.1.conv3.weight,660,layer3.1.conv3.weight_ch660,0.9433216452598572
layer3.3.conv3.weight,202,layer3.3.conv3.weight_ch202,0.9429543018341064
layer3.3.conv3.weight,873,layer3.3.conv3.weight_ch873,0.9425058960914612
layer3.3.conv3.weight,733,layer3.3.conv3.weight_ch733,0.9423089027404785
layer3.5.conv3.weight,551,layer3.5.conv3.weight_ch551,0.9419771432876587
layer3.3.conv3.weight,659,layer3.3.conv3.weight_ch659,0.9414384365081787
layer3.5.conv3.weight,127,layer3.5.conv3.weight_ch127,0.9412877559661865
layer3.3.conv3.weight,681,layer3.3.conv3.weight_ch681,0.9410336017608643
layer2.1.conv3.weight,234,layer2.1.conv3.weight_ch234,0.9406984448432922
layer3.3.conv3.weight,129,layer3.3.conv3.weight_ch129,0.9406895637512207
layer3.2.conv1.weight,48,layer3.2.conv1.weight_ch48,0.9404052495956421
layer3.3.conv3.weight,84,layer3.3.conv3.weight_ch84,0.940185010433197
layer3.5.conv3.weight,131,layer3.5.conv3.weight_ch131,0.9401663541793823
layer3.1.conv3.weight,399,layer3.1.conv3.weight_ch399,0.9400439262390137
layer3.5.conv3.weight,155,layer3.5.conv3.weight_ch155,0.9398399591445923
layer3.1.conv3.weight,479,layer3.1.conv3.weight_ch479,0.9395764470100403
layer4.0.conv3.weight,159,layer4.0.conv3.weight_ch159,0.9395040273666382
layer3.0.conv3.weight,554,layer3.0.conv3.weight_ch554,0.939439058303833
layer3.3.conv3.weight,353,layer3.3.conv3.weight_ch353,0.9393119215965271
layer4.0.conv3.weight,995,layer4.0.conv3.weight_ch995,0.9391932487487793
layer3.0.conv3.weight,805,layer3.0.conv3.weight_ch805,0.9391636252403259
layer3.5.conv3.weight,998,layer3.5.conv3.weight_ch998,0.938907265663147
layer2.0.conv2.weight,17,layer2.0.conv2.weight_ch17,0.9386003017425537
layer3.5.conv3.weight,176,layer3.5.conv3.weight_ch176,0.9382926821708679
layer2.0.conv1.weight,74,layer2.0.conv1.weight_ch74,0.9382430911064148
layer3.2.conv3.weight,640,layer3.2.conv3.weight_ch640,0.9378036260604858
layer3.3.conv3.weight,55,layer3.3.conv3.weight_ch55,0.93778395652771
layer3.1.conv3.weight,774,layer3.1.conv3.weight_ch774,0.9371130466461182
layer1.2.conv3.weight,116,layer1.2.conv3.weight_ch116,0.9370615482330322
layer3.0.conv3.weight,995,layer3.0.conv3.weight_ch995,0.9367482662200928
layer3.2.conv3.weight,966,layer3.2.conv3.weight_ch966,0.9366669058799744
layer3.5.conv3.weight,632,layer3.5.conv3.weight_ch632,0.9366136193275452
layer3.2.conv3.weight,379,layer3.2.conv3.weight_ch379,0.9365387558937073
layer2.1.conv3.weight,303,layer2.1.conv3.weight_ch303,0.9360110759735107
layer3.2.conv3.weight,851,layer3.2.conv3.weight_ch851,0.9358115792274475
layer3.1.conv3.weight,164,layer3.1.conv3.weight_ch164,0.9357832074165344
layer3.3.conv3.weight,574,layer3.3.conv3.weight_ch574,0.9348598718643188
layer3.5.conv3.weight,422,layer3.5.conv3.weight_ch422,0.9347392320632935
layer3.2.conv3.weight,76,layer3.2.conv3.weight_ch76,0.9346941113471985
layer3.3.conv3.weight,727,layer3.3.conv3.weight_ch727,0.9345308542251587
layer1.2.conv3.weight,37,layer1.2.conv3.weight_ch37,0.9343903660774231
layer3.5.conv3.weight,806,layer3.5.conv3.weight_ch806,0.9343632459640503
layer4.1.conv1.weight,124,layer4.1.conv1.weight_ch124,0.9334453344345093
layer3.2.conv3.weight,651,layer3.2.conv3.weight_ch651,0.9333978891372681
layer2.1.conv3.weight,362,layer2.1.conv3.weight_ch362,0.9333326816558838
layer3.5.conv3.weight,309,layer3.5.conv3.weight_ch309,0.9331824779510498
layer3.0.conv3.weight,804,layer3.0.conv3.weight_ch804,0.9329570531845093
layer3.2.conv3.weight,874,layer3.2.conv3.weight_ch874,0.9328551292419434
layer1.2.conv3.weight,98,layer1.2.conv3.weight_ch98,0.9327661991119385
layer3.0.conv3.weight,330,layer3.0.conv3.weight_ch330,0.9326833486557007
layer3.5.conv3.weight,522,layer3.5.conv3.weight_ch522,0.9326597452163696
layer3.5.conv3.weight,494,layer3.5.conv3.weight_ch494,0.9325928092002869
layer3.5.conv3.weight,957,layer3.5.conv3.weight_ch957,0.9325281977653503
layer2.1.conv3.weight,333,layer2.1.conv3.weight_ch333,0.932394802570343
layer3.0.conv2.weight,49,layer3.0.conv2.weight_ch49,0.932104229927063
layer3.1.conv3.weight,829,layer3.1.conv3.weight_ch829,0.9317589402198792
layer3.0.conv3.weight,930,layer3.0.conv3.weight_ch930,0.9312533736228943
layer3.0.conv3.weight,134,layer3.0.conv3.weight_ch134,0.9309715032577515
layer3.0.conv3.weight,766,layer3.0.conv3.weight_ch766,0.930786669254303
layer3.2.conv3.weight,728,layer3.2.conv3.weight_ch728,0.9306439161300659
layer3.1.conv3.weight,540,layer3.1.conv3.weight_ch540,0.9302895665168762
layer3.1.conv3.weight,642,layer3.1.conv3.weight_ch642,0.9301615953445435
layer2.1.conv3.weight,23,layer2.1.conv3.weight_ch23,0.9301137328147888
layer3.0.conv3.weight,780,layer3.0.conv3.weight_ch780,0.9300919771194458
layer3.2.conv1.weight,87,layer3.2.conv1.weight_ch87,0.9298450946807861
layer3.5.conv3.weight,470,layer3.5.conv3.weight_ch470,0.9296177625656128
layer3.1.conv3.weight,689,layer3.1.conv3.weight_ch689,0.9295334219932556
layer3.3.conv3.weight,36,layer3.3.conv3.weight_ch36,0.9294723868370056
layer1.2.conv3.weight,178,layer1.2.conv3.weight_ch178,0.9289559125900269
layer3.5.conv3.weight,326,layer3.5.conv3.weight_ch326,0.928911030292511
layer3.5.conv3.weight,838,layer3.5.conv3.weight_ch838,0.9284624457359314
layer3.2.conv3.weight,647,layer3.2.conv3.weight_ch647,0.9281735420227051
layer3.5.conv3.weight,650,layer3.5.conv3.weight_ch650,0.928021252155304
layer3.1.conv3.weight,303,layer3.1.conv3.weight_ch303,0.9279232025146484
layer3.5.conv3.weight,698,layer3.5.conv3.weight_ch698,0.9269116520881653
layer3.3.conv3.weight,588,layer3.3.conv3.weight_ch588,0.9267768859863281
layer3.3.conv3.weight,363,layer3.3.conv3.weight_ch363,0.9266200661659241
layer3.0.conv3.weight,1018,layer3.0.conv3.weight_ch1018,0.9255553483963013
layer3.3.conv3.weight,111,layer3.3.conv3.weight_ch111,0.9255260825157166
layer4.1.conv1.weight,384,layer4.1.conv1.weight_ch384,0.9254940748214722
layer2.1.conv3.weight,89,layer2.1.conv3.weight_ch89,0.9253585338592529
layer3.3.conv3.weight,945,layer3.3.conv3.weight_ch945,0.92520672082901
layer3.2.conv1.weight,121,layer3.2.conv1.weight_ch121,0.9249568581581116
layer4.1.conv1.weight,96,layer4.1.conv1.weight_ch96,0.9245811104774475
layer3.5.conv3.weight,756,layer3.5.conv3.weight_ch756,0.9244043827056885
layer3.3.conv3.weight,648,layer3.3.conv3.weight_ch648,0.9242458343505859
layer3.0.conv3.weight,918,layer3.0.conv3.weight_ch918,0.9241881370544434
layer3.5.conv3.weight,179,layer3.5.conv3.weight_ch179,0.9239458441734314
layer4.0.conv3.weight,1653,layer4.0.conv3.weight_ch1653,0.9238981008529663
layer3.0.conv3.weight,12,layer3.0.conv3.weight_ch12,0.9237729907035828
layer3.0.conv3.weight,696,layer3.0.conv3.weight_ch696,0.9237618446350098
layer3.5.conv3.weight,683,layer3.5.conv3.weight_ch683,0.9236629009246826
layer2.0.conv1.weight,96,layer2.0.conv1.weight_ch96,0.9234974384307861
layer4.0.conv3.weight,1630,layer4.0.conv3.weight_ch1630,0.9234172701835632
layer3.0.conv3.weight,129,layer3.0.conv3.weight_ch129,0.9227864742279053
layer3.1.conv3.weight,444,layer3.1.conv3.weight_ch444,0.922748863697052
layer3.5.conv3.weight,132,layer3.5.conv3.weight_ch132,0.9227433204650879
layer3.5.conv3.weight,174,layer3.5.conv3.weight_ch174,0.9222498536109924
layer3.3.conv3.weight,815,layer3.3.conv3.weight_ch815,0.9220856428146362
layer2.1.conv3.weight,242,layer2.1.conv3.weight_ch242,0.921934962272644
layer3.3.conv3.weight,412,layer3.3.conv3.weight_ch412,0.9219068288803101
layer3.1.conv3.weight,286,layer3.1.conv3.weight_ch286,0.921764612197876
layer3.5.conv3.weight,731,layer3.5.conv3.weight_ch731,0.921136200428009
layer3.5.conv3.weight,979,layer3.5.conv3.weight_ch979,0.9207748174667358
layer1.2.conv3.weight,167,layer1.2.conv3.weight_ch167,0.9206572771072388
layer3.2.conv2.weight,74,layer3.2.conv2.weight_ch74,0.9206475019454956
layer3.2.conv2.weight,102,layer3.2.conv2.weight_ch102,0.9201139807701111
layer3.3.conv3.weight,836,layer3.3.conv3.weight_ch836,0.9198012948036194
layer3.2.conv3.weight,408,layer3.2.conv3.weight_ch408,0.9195960760116577
layer3.0.conv3.weight,571,layer3.0.conv3.weight_ch571,0.9194546937942505
layer3.1.conv3.weight,1009,layer3.1.conv3.weight_ch1009,0.9191031455993652
layer2.1.conv3.weight,495,layer2.1.conv3.weight_ch495,0.9190312623977661
layer3.3.conv3.weight,325,layer3.3.conv3.weight_ch325,0.918872594833374
layer1.2.conv3.weight,68,layer1.2.conv3.weight_ch68,0.9180493950843811
layer3.5.conv3.weight,799,layer3.5.conv3.weight_ch799,0.9179491996765137
layer2.3.conv2.weight,29,layer2.3.conv2.weight_ch29,0.9178221821784973
layer3.1.conv3.weight,130,layer3.1.conv3.weight_ch130,0.9174926280975342
layer3.2.conv1.weight,20,layer3.2.conv1.weight_ch20,0.917422354221344
layer3.5.conv3.weight,245,layer3.5.conv3.weight_ch245,0.9173027276992798
layer2.1.conv3.weight,350,layer2.1.conv3.weight_ch350,0.9171751141548157
layer1.2.conv3.weight,171,layer1.2.conv3.weight_ch171,0.9171355962753296
layer3.1.conv3.weight,644,layer3.1.conv3.weight_ch644,0.9170708656311035
layer1.2.conv3.weight,169,layer1.2.conv3.weight_ch169,0.9166120290756226
layer4.0.conv3.weight,1056,layer4.0.conv3.weight_ch1056,0.9164777398109436
layer3.1.conv3.weight,668,layer3.1.conv3.weight_ch668,0.9161736369132996
layer3.5.conv3.weight,254,layer3.5.conv3.weight_ch254,0.9153208136558533
layer3.0.conv3.weight,168,layer3.0.conv3.weight_ch168,0.9150099754333496
layer3.0.conv3.weight,784,layer3.0.conv3.weight_ch784,0.9149835705757141
layer2.1.conv3.weight,35,layer2.1.conv3.weight_ch35,0.9149373173713684
layer3.2.conv3.weight,415,layer3.2.conv3.weight_ch415,0.9148701429367065
layer3.2.conv3.weight,69,layer3.2.conv3.weight_ch69,0.9148067235946655
layer2.0.conv1.weight,2,layer2.0.conv1.weight_ch2,0.9145795106887817
layer3.2.conv3.weight,161,layer3.2.conv3.weight_ch161,0.9144105315208435
layer4.0.conv3.weight,694,layer4.0.conv3.weight_ch694,0.9141305088996887
layer2.1.conv3.weight,425,layer2.1.conv3.weight_ch425,0.9137936234474182
layer3.2.conv3.weight,416,layer3.2.conv3.weight_ch416,0.9136881232261658
layer3.5.conv3.weight,170,layer3.5.conv3.weight_ch170,0.9134847521781921
layer4.0.conv3.weight,2007,layer4.0.conv3.weight_ch2007,0.9133678078651428
layer3.5.conv3.weight,789,layer3.5.conv3.weight_ch789,0.9133169651031494
layer3.2.conv3.weight,837,layer3.2.conv3.weight_ch837,0.9131925702095032
layer3.5.conv3.weight,408,layer3.5.conv3.weight_ch408,0.9131767749786377
layer3.5.conv3.weight,437,layer3.5.conv3.weight_ch437,0.9126657247543335
layer3.5.conv3.weight,721,layer3.5.conv3.weight_ch721,0.912662923336029
layer3.3.conv3.weight,627,layer3.3.conv3.weight_ch627,0.9125816822052002
layer3.1.conv3.weight,210,layer3.1.conv3.weight_ch210,0.9125139713287354
layer4.0.conv3.weight,1106,layer4.0.conv3.weight_ch1106,0.9123649597167969
layer3.3.conv3.weight,478,layer3.3.conv3.weight_ch478,0.9123051762580872
layer3.3.conv3.weight,74,layer3.3.conv3.weight_ch74,0.9113037586212158
layer4.0.conv3.weight,844,layer4.0.conv3.weight_ch844,0.9108321070671082
layer3.5.conv3.weight,877,layer3.5.conv3.weight_ch877,0.9107962846755981
layer3.3.conv3.weight,502,layer3.3.conv3.weight_ch502,0.9106225967407227
layer3.2.conv3.weight,402,layer3.2.conv3.weight_ch402,0.9105269908905029
layer4.1.conv1.weight,302,layer4.1.conv1.weight_ch302,0.9104648232460022
layer3.0.conv2.weight,95,layer3.0.conv2.weight_ch95,0.9103205800056458
layer3.5.conv3.weight,770,layer3.5.conv3.weight_ch770,0.9102956652641296
layer3.0.conv3.weight,515,layer3.0.conv3.weight_ch515,0.9102118611335754
layer3.5.conv3.weight,100,layer3.5.conv3.weight_ch100,0.910203754901886
layer3.2.conv3.weight,34,layer3.2.conv3.weight_ch34,0.9099082946777344
layer3.3.conv3.weight,816,layer3.3.conv3.weight_ch816,0.9096693396568298
layer3.3.conv3.weight,343,layer3.3.conv3.weight_ch343,0.9095168709754944
layer3.5.conv3.weight,90,layer3.5.conv3.weight_ch90,0.9094509482383728
layer3.0.conv3.weight,695,layer3.0.conv3.weight_ch695,0.908990740776062
layer2.1.conv3.weight,328,layer2.1.conv3.weight_ch328,0.9088184237480164
layer1.2.conv3.weight,100,layer1.2.conv3.weight_ch100,0.9088045358657837
layer3.0.conv3.weight,629,layer3.0.conv3.weight_ch629,0.9081892967224121
layer3.1.conv3.weight,944,layer3.1.conv3.weight_ch944,0.9081729650497437
layer3.2.conv3.weight,545,layer3.2.conv3.weight_ch545,0.9078136086463928
layer4.0.conv3.weight,931,layer4.0.conv3.weight_ch931,0.9077255725860596
layer3.5.conv3.weight,938,layer3.5.conv3.weight_ch938,0.9071427583694458
layer3.1.conv3.weight,517,layer3.1.conv3.weight_ch517,0.9071426391601562
layer3.0.conv3.weight,997,layer3.0.conv3.weight_ch997,0.9070467352867126
layer3.2.conv3.weight,600,layer3.2.conv3.weight_ch600,0.9067937135696411
layer3.0.conv3.weight,609,layer3.0.conv3.weight_ch609,0.9067789912223816
layer3.5.conv3.weight,880,layer3.5.conv3.weight_ch880,0.9067690968513489
layer3.1.conv3.weight,52,layer3.1.conv3.weight_ch52,0.9066348075866699
layer4.0.conv3.weight,84,layer4.0.conv3.weight_ch84,0.9059683084487915
layer2.0.conv1.weight,40,layer2.0.conv1.weight_ch40,0.905832827091217
layer3.5.conv3.weight,163,layer3.5.conv3.weight_ch163,0.9057794213294983
layer3.3.conv3.weight,267,layer3.3.conv3.weight_ch267,0.9049495458602905
layer3.3.conv3.weight,887,layer3.3.conv3.weight_ch887,0.9047505855560303
layer3.1.conv3.weight,340,layer3.1.conv3.weight_ch340,0.9045828580856323
layer3.2.conv3.weight,912,layer3.2.conv3.weight_ch912,0.9043430089950562
layer3.3.conv3.weight,212,layer3.3.conv3.weight_ch212,0.9041271209716797
layer4.0.conv3.weight,760,layer4.0.conv3.weight_ch760,0.9040645360946655
layer3.2.conv3.weight,163,layer3.2.conv3.weight_ch163,0.9039711952209473
layer4.0.conv3.weight,393,layer4.0.conv3.weight_ch393,0.9039492607116699
layer3.1.conv3.weight,348,layer3.1.conv3.weight_ch348,0.9038181304931641
layer2.1.conv3.weight,106,layer2.1.conv3.weight_ch106,0.9028756618499756
layer3.2.conv2.weight,62,layer3.2.conv2.weight_ch62,0.90240478515625
layer2.0.conv1.weight,118,layer2.0.conv1.weight_ch118,0.9022833704948425
layer3.3.conv3.weight,305,layer3.3.conv3.weight_ch305,0.9020938277244568
layer3.3.conv3.weight,390,layer3.3.conv3.weight_ch390,0.9020164608955383
layer3.5.conv3.weight,584,layer3.5.conv3.weight_ch584,0.9019299149513245
layer4.0.conv3.weight,2013,layer4.0.conv3.weight_ch2013,0.9016382098197937
layer3.2.conv3.weight,783,layer3.2.conv3.weight_ch783,0.9013305306434631
layer3.2.conv3.weight,560,layer3.2.conv3.weight_ch560,0.9010792970657349
layer3.2.conv3.weight,343,layer3.2.conv3.weight_ch343,0.900955080986023
layer3.1.conv3.weight,332,layer3.1.conv3.weight_ch332,0.9007628560066223
layer3.0.conv3.weight,607,layer3.0.conv3.weight_ch607,0.9005348682403564
layer3.1.conv3.weight,731,layer3.1.conv3.weight_ch731,0.9005081653594971
layer2.0.conv1.weight,98,layer2.0.conv1.weight_ch98,0.9001989364624023
layer3.5.conv3.weight,793,layer3.5.conv3.weight_ch793,0.9001175165176392
layer3.1.conv3.weight,687,layer3.1.conv3.weight_ch687,0.9000924825668335
layer3.5.conv3.weight,508,layer3.5.conv3.weight_ch508,0.8993803262710571
layer2.0.conv1.weight,20,layer2.0.conv1.weight_ch20,0.8992526531219482
layer3.3.conv3.weight,653,layer3.3.conv3.weight_ch653,0.8986538648605347
layer3.0.conv3.weight,427,layer3.0.conv3.weight_ch427,0.8984239101409912
layer1.2.conv3.weight,71,layer1.2.conv3.weight_ch71,0.8983294367790222
layer3.1.conv3.weight,978,layer3.1.conv3.weight_ch978,0.8980036973953247
layer3.0.conv3.weight,254,layer3.0.conv3.weight_ch254,0.8979242444038391
layer3.2.conv3.weight,929,layer3.2.conv3.weight_ch929,0.8979009389877319
layer3.1.conv3.weight,948,layer3.1.conv3.weight_ch948,0.8976404070854187
layer3.5.conv3.weight,965,layer3.5.conv3.weight_ch965,0.8976091742515564
layer2.1.conv3.weight,396,layer2.1.conv3.weight_ch396,0.8973787426948547
layer3.5.conv3.weight,109,layer3.5.conv3.weight_ch109,0.8973674774169922
layer1.2.conv3.weight,236,layer1.2.conv3.weight_ch236,0.8973451852798462
layer3.3.conv3.weight,996,layer3.3.conv3.weight_ch996,0.8973363637924194
layer3.2.conv3.weight,1010,layer3.2.conv3.weight_ch1010,0.8972264528274536
layer3.0.conv3.weight,269,layer3.0.conv3.weight_ch269,0.8969143033027649
layer3.3.conv3.weight,490,layer3.3.conv3.weight_ch490,0.8969017267227173
layer4.0.conv3.weight,353,layer4.0.conv3.weight_ch353,0.8964683413505554
layer2.1.conv3.weight,501,layer2.1.conv3.weight_ch501,0.8963350057601929
layer4.0.conv3.weight,607,layer4.0.conv3.weight_ch607,0.895816445350647
layer3.3.conv3.weight,342,layer3.3.conv3.weight_ch342,0.8957706093788147
layer2.0.conv1.weight,39,layer2.0.conv1.weight_ch39,0.8954136371612549
layer3.3.conv3.weight,546,layer3.3.conv3.weight_ch546,0.8952866792678833
layer3.3.conv3.weight,459,layer3.3.conv3.weight_ch459,0.8950059413909912
layer3.2.conv3.weight,524,layer3.2.conv3.weight_ch524,0.8948099613189697
layer3.0.conv3.weight,544,layer3.0.conv3.weight_ch544,0.894771933555603
layer3.1.conv3.weight,171,layer3.1.conv3.weight_ch171,0.8947104215621948
layer3.1.conv3.weight,92,layer3.1.conv3.weight_ch92,0.8946990370750427
layer4.1.conv1.weight,444,layer4.1.conv1.weight_ch444,0.8943135738372803
layer3.5.conv3.weight,271,layer3.5.conv3.weight_ch271,0.8942364454269409
layer2.1.conv3.weight,372,layer2.1.conv3.weight_ch372,0.8941502571105957
layer3.5.conv3.weight,151,layer3.5.conv3.weight_ch151,0.8941205739974976
layer3.1.conv3.weight,424,layer3.1.conv3.weight_ch424,0.8940556645393372
layer3.2.conv3.weight,854,layer3.2.conv3.weight_ch854,0.8937114477157593
layer3.3.conv3.weight,620,layer3.3.conv3.weight_ch620,0.8936929702758789
layer4.0.conv3.weight,1663,layer4.0.conv3.weight_ch1663,0.8933939933776855
layer3.1.conv3.weight,134,layer3.1.conv3.weight_ch134,0.8932380676269531
layer3.0.conv3.weight,49,layer3.0.conv3.weight_ch49,0.8931000232696533
layer3.2.conv1.weight,85,layer3.2.conv1.weight_ch85,0.8930844068527222
layer2.0.conv1.weight,35,layer2.0.conv1.weight_ch35,0.8928878903388977
layer3.5.conv3.weight,587,layer3.5.conv3.weight_ch587,0.892731785774231
layer3.2.conv3.weight,470,layer3.2.conv3.weight_ch470,0.8927184343338013
layer3.3.conv3.weight,755,layer3.3.conv3.weight_ch755,0.892661452293396
layer3.5.conv3.weight,540,layer3.5.conv3.weight_ch540,0.8924809694290161
layer2.0.conv1.weight,76,layer2.0.conv1.weight_ch76,0.8924766182899475
layer3.2.conv3.weight,799,layer3.2.conv3.weight_ch799,0.8923472166061401
layer3.5.conv3.weight,1023,layer3.5.conv3.weight_ch1023,0.8922261595726013
layer3.1.conv3.weight,160,layer3.1.conv3.weight_ch160,0.8913217782974243
layer3.2.conv3.weight,211,layer3.2.conv3.weight_ch211,0.8910512924194336
layer2.3.conv2.weight,81,layer2.3.conv2.weight_ch81,0.8908464908599854
layer3.0.conv3.weight,848,layer3.0.conv3.weight_ch848,0.8900126218795776
layer2.1.conv3.weight,349,layer2.1.conv3.weight_ch349,0.8898641467094421
layer3.5.conv3.weight,689,layer3.5.conv3.weight_ch689,0.8889520764350891
layer2.1.conv3.weight,206,layer2.1.conv3.weight_ch206,0.8885917067527771
layer3.0.conv3.weight,446,layer3.0.conv3.weight_ch446,0.8878216743469238
layer4.0.conv3.weight,1471,layer4.0.conv3.weight_ch1471,0.887776255607605
layer4.0.conv3.weight,356,layer4.0.conv3.weight_ch356,0.8877474069595337
layer3.5.conv3.weight,466,layer3.5.conv3.weight_ch466,0.8873211145401001
layer4.0.conv3.weight,909,layer4.0.conv3.weight_ch909,0.8869616389274597
layer4.0.conv3.weight,1933,layer4.0.conv3.weight_ch1933,0.8866263031959534
layer4.0.conv3.weight,1693,layer4.0.conv3.weight_ch1693,0.8865150213241577
layer2.1.conv3.weight,457,layer2.1.conv3.weight_ch457,0.8862116932868958
layer3.1.conv3.weight,512,layer3.1.conv3.weight_ch512,0.8860589265823364
layer3.1.conv3.weight,473,layer3.1.conv3.weight_ch473,0.8859663009643555
layer3.0.conv2.weight,135,layer3.0.conv2.weight_ch135,0.8857964277267456
layer3.3.conv3.weight,425,layer3.3.conv3.weight_ch425,0.8856698870658875
layer3.0.conv3.weight,111,layer3.0.conv3.weight_ch111,0.8856285214424133
layer3.2.conv2.weight,254,layer3.2.conv2.weight_ch254,0.8854557275772095
layer3.5.conv3.weight,539,layer3.5.conv3.weight_ch539,0.8853579759597778
layer3.1.conv3.weight,267,layer3.1.conv3.weight_ch267,0.8849173784255981
layer2.1.conv3.weight,356,layer2.1.conv3.weight_ch356,0.8843092918395996
layer3.2.conv3.weight,334,layer3.2.conv3.weight_ch334,0.884106457233429
layer4.0.conv3.weight,761,layer4.0.conv3.weight_ch761,0.8840165734291077
layer3.2.conv3.weight,444,layer3.2.conv3.weight_ch444,0.883843183517456
layer3.3.conv3.weight,652,layer3.3.conv3.weight_ch652,0.8838291764259338
layer4.0.conv3.weight,728,layer4.0.conv3.weight_ch728,0.8837159276008606
layer2.0.conv1.weight,90,layer2.0.conv1.weight_ch90,0.8836162090301514
layer1.2.conv3.weight,210,layer1.2.conv3.weight_ch210,0.8834965229034424
layer3.2.conv3.weight,527,layer3.2.conv3.weight_ch527,0.8822474479675293
layer3.2.conv3.weight,775,layer3.2.conv3.weight_ch775,0.8820286393165588
layer3.5.conv3.weight,549,layer3.5.conv3.weight_ch549,0.8818667531013489
layer3.0.conv3.weight,568,layer3.0.conv3.weight_ch568,0.8818563222885132
layer3.2.conv3.weight,252,layer3.2.conv3.weight_ch252,0.8815940022468567
layer4.0.conv3.weight,635,layer4.0.conv3.weight_ch635,0.8814857006072998
layer2.1.conv3.weight,239,layer2.1.conv3.weight_ch239,0.8814406394958496
layer4.0.conv3.weight,2045,layer4.0.conv3.weight_ch2045,0.8811037540435791
layer3.5.conv3.weight,744,layer3.5.conv3.weight_ch744,0.8810816407203674
layer4.0.conv3.weight,881,layer4.0.conv3.weight_ch881,0.8810300827026367
layer3.3.conv3.weight,51,layer3.3.conv3.weight_ch51,0.8810248970985413
layer3.2.conv3.weight,970,layer3.2.conv3.weight_ch970,0.8809372186660767
layer3.3.conv3.weight,663,layer3.3.conv3.weight_ch663,0.8808709979057312
layer2.1.conv3.weight,193,layer2.1.conv3.weight_ch193,0.8808599710464478
layer4.0.conv3.weight,655,layer4.0.conv3.weight_ch655,0.8803876042366028
layer3.2.conv3.weight,100,layer3.2.conv3.weight_ch100,0.8801608681678772
layer1.2.conv3.weight,158,layer1.2.conv3.weight_ch158,0.8799959421157837
layer3.5.conv3.weight,249,layer3.5.conv3.weight_ch249,0.8796144127845764
layer3.2.conv3.weight,392,layer3.2.conv3.weight_ch392,0.8795279264450073
layer3.0.conv3.weight,498,layer3.0.conv3.weight_ch498,0.8794187307357788
layer3.5.conv3.weight,989,layer3.5.conv3.weight_ch989,0.878736674785614
layer3.1.conv3.weight,322,layer3.1.conv3.weight_ch322,0.8784958720207214
layer3.1.conv3.weight,1014,layer3.1.conv3.weight_ch1014,0.8784272074699402
layer4.0.conv3.weight,1263,layer4.0.conv3.weight_ch1263,0.8782770037651062
layer4.0.conv3.weight,9,layer4.0.conv3.weight_ch9,0.8781149983406067
layer3.5.conv3.weight,762,layer3.5.conv3.weight_ch762,0.8779831528663635
layer3.3.conv3.weight,660,layer3.3.conv3.weight_ch660,0.8772515654563904
layer3.5.conv3.weight,99,layer3.5.conv3.weight_ch99,0.8772226572036743
layer3.3.conv3.weight,780,layer3.3.conv3.weight_ch780,0.8771224617958069
layer4.0.conv3.weight,101,layer4.0.conv3.weight_ch101,0.8769906759262085
layer3.5.conv3.weight,985,layer3.5.conv3.weight_ch985,0.8768301010131836
layer3.3.conv3.weight,239,layer3.3.conv3.weight_ch239,0.8765972256660461
layer3.0.conv3.weight,630,layer3.0.conv3.weight_ch630,0.8758756518363953
layer4.1.conv1.weight,298,layer4.1.conv1.weight_ch298,0.8757439255714417
layer3.5.conv3.weight,501,layer3.5.conv3.weight_ch501,0.875706672668457
layer1.2.conv3.weight,204,layer1.2.conv3.weight_ch204,0.8755818009376526
layer3.3.conv3.weight,530,layer3.3.conv3.weight_ch530,0.8743661642074585
layer3.0.conv3.weight,445,layer3.0.conv3.weight_ch445,0.8741679191589355
layer4.0.conv3.weight,617,layer4.0.conv3.weight_ch617,0.8741104602813721
layer4.0.conv3.weight,195,layer4.0.conv3.weight_ch195,0.8740179538726807
layer2.1.conv3.weight,317,layer2.1.conv3.weight_ch317,0.8737715482711792
layer3.3.conv3.weight,332,layer3.3.conv3.weight_ch332,0.8737561106681824
layer3.0.conv3.weight,297,layer3.0.conv3.weight_ch297,0.8732401728630066
layer3.2.conv3.weight,393,layer3.2.conv3.weight_ch393,0.8729686737060547
layer3.3.conv3.weight,263,layer3.3.conv3.weight_ch263,0.8729166984558105
layer3.1.conv3.weight,783,layer3.1.conv3.weight_ch783,0.8728440999984741
layer3.1.conv3.weight,635,layer3.1.conv3.weight_ch635,0.8727555274963379
layer4.0.conv3.weight,6,layer4.0.conv3.weight_ch6,0.8722015023231506
layer3.1.conv3.weight,613,layer3.1.conv3.weight_ch613,0.8715156316757202
layer4.0.conv3.weight,2034,layer4.0.conv3.weight_ch2034,0.8711992502212524
layer4.0.conv3.weight,1958,layer4.0.conv3.weight_ch1958,0.8709604740142822
layer3.3.conv3.weight,455,layer3.3.conv3.weight_ch455,0.870898425579071
layer3.5.conv3.weight,828,layer3.5.conv3.weight_ch828,0.8704996109008789
layer3.2.conv3.weight,508,layer3.2.conv3.weight_ch508,0.870341956615448
layer3.5.conv3.weight,417,layer3.5.conv3.weight_ch417,0.8700570464134216
layer3.3.conv3.weight,65,layer3.3.conv3.weight_ch65,0.869986891746521
layer4.0.conv3.weight,1100,layer4.0.conv3.weight_ch1100,0.8699625730514526
layer3.0.conv3.weight,669,layer3.0.conv3.weight_ch669,0.8695133924484253
layer3.2.conv3.weight,993,layer3.2.conv3.weight_ch993,0.8694197535514832
layer4.0.conv3.weight,937,layer4.0.conv3.weight_ch937,0.8690985441207886
layer4.0.conv3.weight,799,layer4.0.conv3.weight_ch799,0.8685311675071716
layer4.0.conv3.weight,1843,layer4.0.conv3.weight_ch1843,0.8683382868766785
layer4.0.conv3.weight,1500,layer4.0.conv3.weight_ch1500,0.8682647347450256
layer3.1.conv3.weight,817,layer3.1.conv3.weight_ch817,0.8680945634841919
layer2.1.conv3.weight,16,layer2.1.conv3.weight_ch16,0.8680352568626404
layer2.1.conv3.weight,493,layer2.1.conv3.weight_ch493,0.8675221800804138
layer4.0.conv3.weight,654,layer4.0.conv3.weight_ch654,0.8672817349433899
layer4.1.conv1.weight,287,layer4.1.conv1.weight_ch287,0.8668485283851624
layer3.0.conv3.weight,407,layer3.0.conv3.weight_ch407,0.8665856122970581
layer3.0.conv3.weight,372,layer3.0.conv3.weight_ch372,0.8665461540222168
layer3.0.conv3.weight,956,layer3.0.conv3.weight_ch956,0.8663206100463867
layer3.5.conv3.weight,165,layer3.5.conv3.weight_ch165,0.8661455512046814
layer4.0.conv3.weight,376,layer4.0.conv3.weight_ch376,0.8661280870437622
layer4.0.conv3.weight,890,layer4.0.conv3.weight_ch890,0.8644958138465881
layer2.0.conv1.weight,31,layer2.0.conv1.weight_ch31,0.8643061518669128
layer4.0.conv3.weight,37,layer4.0.conv3.weight_ch37,0.8640870451927185
layer2.0.conv1.weight,107,layer2.0.conv1.weight_ch107,0.8640494346618652
layer2.1.conv3.weight,408,layer2.1.conv3.weight_ch408,0.8640363216400146
layer4.0.conv3.weight,1641,layer4.0.conv3.weight_ch1641,0.8639042377471924
layer3.1.conv3.weight,880,layer3.1.conv3.weight_ch880,0.8638690710067749
layer3.5.conv3.weight,767,layer3.5.conv3.weight_ch767,0.863231897354126
layer3.0.conv3.weight,320,layer3.0.conv3.weight_ch320,0.8630517721176147
layer2.1.conv3.weight,110,layer2.1.conv3.weight_ch110,0.8628366589546204
layer3.3.conv3.weight,336,layer3.3.conv3.weight_ch336,0.8627029061317444
layer2.1.conv3.weight,430,layer2.1.conv3.weight_ch430,0.8626415133476257
layer3.5.conv3.weight,646,layer3.5.conv3.weight_ch646,0.8619363307952881
layer2.1.conv3.weight,426,layer2.1.conv3.weight_ch426,0.8617395758628845
layer3.2.conv3.weight,701,layer3.2.conv3.weight_ch701,0.8616939783096313
layer3.1.conv3.weight,63,layer3.1.conv3.weight_ch63,0.8610820770263672
layer3.5.conv3.weight,1014,layer3.5.conv3.weight_ch1014,0.8605977296829224
layer2.1.conv3.weight,198,layer2.1.conv3.weight_ch198,0.8605664968490601
layer4.0.conv3.weight,14,layer4.0.conv3.weight_ch14,0.8604503870010376
layer2.1.conv3.weight,399,layer2.1.conv3.weight_ch399,0.8597555160522461
layer3.2.conv3.weight,855,layer3.2.conv3.weight_ch855,0.8597441911697388
layer3.1.conv3.weight,205,layer3.1.conv3.weight_ch205,0.8595132231712341
layer3.3.conv3.weight,854,layer3.3.conv3.weight_ch854,0.8588899374008179
layer4.0.conv3.weight,1367,layer4.0.conv3.weight_ch1367,0.858887255191803
layer3.0.conv3.weight,983,layer3.0.conv3.weight_ch983,0.8588733673095703
layer3.0.conv3.weight,22,layer3.0.conv3.weight_ch22,0.8585943579673767
layer1.2.conv3.weight,240,layer1.2.conv3.weight_ch240,0.8579431772232056
layer1.2.conv3.weight,25,layer1.2.conv3.weight_ch25,0.8577659130096436
layer4.0.conv3.weight,711,layer4.0.conv3.weight_ch711,0.8573914766311646
layer3.3.conv3.weight,654,layer3.3.conv3.weight_ch654,0.8573624491691589
layer3.5.conv3.weight,922,layer3.5.conv3.weight_ch922,0.8572354316711426
layer3.1.conv3.weight,438,layer3.1.conv3.weight_ch438,0.8567209243774414
layer3.1.conv3.weight,527,layer3.1.conv3.weight_ch527,0.8566521406173706
layer3.2.conv3.weight,890,layer3.2.conv3.weight_ch890,0.8560583591461182
layer3.3.conv3.weight,372,layer3.3.conv3.weight_ch372,0.8560582399368286
layer1.2.conv3.weight,216,layer1.2.conv3.weight_ch216,0.8558803796768188
layer3.5.conv3.weight,213,layer3.5.conv3.weight_ch213,0.8558201193809509
layer3.1.conv3.weight,221,layer3.1.conv3.weight_ch221,0.8557742238044739
layer3.2.conv3.weight,244,layer3.2.conv3.weight_ch244,0.8557487726211548
layer4.0.conv3.weight,1703,layer4.0.conv3.weight_ch1703,0.8554922938346863
layer3.3.conv3.weight,560,layer3.3.conv3.weight_ch560,0.8554664254188538
layer3.2.conv3.weight,704,layer3.2.conv3.weight_ch704,0.8554658889770508
layer3.1.conv3.weight,562,layer3.1.conv3.weight_ch562,0.8552179336547852
layer3.3.conv3.weight,951,layer3.3.conv3.weight_ch951,0.8545365333557129
layer4.0.conv3.weight,1092,layer4.0.conv3.weight_ch1092,0.8544546961784363
layer3.1.conv3.weight,958,layer3.1.conv3.weight_ch958,0.8539198637008667
layer2.0.conv1.weight,52,layer2.0.conv1.weight_ch52,0.8538823127746582
layer3.5.conv3.weight,876,layer3.5.conv3.weight_ch876,0.8534679412841797
layer3.5.conv3.weight,61,layer3.5.conv3.weight_ch61,0.853290855884552
layer3.3.conv3.weight,467,layer3.3.conv3.weight_ch467,0.8530585765838623
layer3.2.conv3.weight,504,layer3.2.conv3.weight_ch504,0.85286545753479
layer4.1.conv1.weight,87,layer4.1.conv1.weight_ch87,0.8527601957321167
layer3.5.conv3.weight,136,layer3.5.conv3.weight_ch136,0.8521634340286255
layer4.0.conv3.weight,1421,layer4.0.conv3.weight_ch1421,0.8517033457756042
layer3.5.conv3.weight,171,layer3.5.conv3.weight_ch171,0.8516090512275696
layer3.3.conv3.weight,407,layer3.3.conv3.weight_ch407,0.8508886694908142
layer3.5.conv3.weight,364,layer3.5.conv3.weight_ch364,0.8507881760597229
layer4.0.conv3.weight,80,layer4.0.conv3.weight_ch80,0.8504485487937927
layer3.5.conv3.weight,1008,layer3.5.conv3.weight_ch1008,0.8484667539596558
layer3.3.conv3.weight,287,layer3.3.conv3.weight_ch287,0.8482751846313477
layer1.2.conv3.weight,147,layer1.2.conv3.weight_ch147,0.8480387330055237
layer3.2.conv1.weight,246,layer3.2.conv1.weight_ch246,0.847976803779602
layer3.1.conv3.weight,391,layer3.1.conv3.weight_ch391,0.8479093313217163
layer4.0.conv3.weight,156,layer4.0.conv3.weight_ch156,0.8475437760353088
layer3.5.conv3.weight,387,layer3.5.conv3.weight_ch387,0.8471178412437439
layer3.0.conv3.weight,460,layer3.0.conv3.weight_ch460,0.8468160629272461
layer3.2.conv3.weight,898,layer3.2.conv3.weight_ch898,0.846743106842041
layer3.2.conv1.weight,39,layer3.2.conv1.weight_ch39,0.846389889717102
layer3.1.conv3.weight,713,layer3.1.conv3.weight_ch713,0.8461697101593018
layer3.3.conv3.weight,360,layer3.3.conv3.weight_ch360,0.8455854654312134
layer2.1.conv3.weight,336,layer2.1.conv3.weight_ch336,0.8452317714691162
layer3.3.conv3.weight,227,layer3.3.conv3.weight_ch227,0.8450804352760315
layer3.2.conv2.weight,158,layer3.2.conv2.weight_ch158,0.8450029492378235
layer3.2.conv3.weight,641,layer3.2.conv3.weight_ch641,0.8449799418449402
layer3.2.conv3.weight,120,layer3.2.conv3.weight_ch120,0.8440344333648682
layer3.1.conv3.weight,863,layer3.1.conv3.weight_ch863,0.8439662456512451
layer2.0.conv1.weight,78,layer2.0.conv1.weight_ch78,0.8439619541168213
layer3.3.conv3.weight,731,layer3.3.conv3.weight_ch731,0.8438940048217773
layer3.5.conv3.weight,461,layer3.5.conv3.weight_ch461,0.843682050704956
layer3.5.conv3.weight,15,layer3.5.conv3.weight_ch15,0.8435134887695312
layer3.5.conv3.weight,164,layer3.5.conv3.weight_ch164,0.842139720916748
layer2.1.conv3.weight,261,layer2.1.conv3.weight_ch261,0.842003583908081
layer3.0.conv3.weight,251,layer3.0.conv3.weight_ch251,0.8413914442062378
layer3.0.conv3.weight,735,layer3.0.conv3.weight_ch735,0.8409894704818726
layer3.2.conv3.weight,514,layer3.2.conv3.weight_ch514,0.8405946493148804
layer2.1.conv3.weight,311,layer2.1.conv3.weight_ch311,0.8404151797294617
layer3.0.conv3.weight,217,layer3.0.conv3.weight_ch217,0.8401489853858948
layer3.5.conv3.weight,489,layer3.5.conv3.weight_ch489,0.8400749564170837
layer3.0.conv3.weight,847,layer3.0.conv3.weight_ch847,0.8395845293998718
layer3.2.conv3.weight,891,layer3.2.conv3.weight_ch891,0.8392300605773926
layer3.2.conv1.weight,88,layer3.2.conv1.weight_ch88,0.8390718102455139
layer3.5.conv3.weight,462,layer3.5.conv3.weight_ch462,0.8387464284896851
layer2.0.conv1.weight,49,layer2.0.conv1.weight_ch49,0.838599681854248
layer3.1.conv3.weight,127,layer3.1.conv3.weight_ch127,0.8377518057823181
layer3.2.conv3.weight,786,layer3.2.conv3.weight_ch786,0.837568461894989
layer1.2.conv3.weight,94,layer1.2.conv3.weight_ch94,0.8375371694564819
layer4.1.conv1.weight,312,layer4.1.conv1.weight_ch312,0.8371758460998535
layer3.1.conv3.weight,603,layer3.1.conv3.weight_ch603,0.8369646072387695
layer2.1.conv3.weight,312,layer2.1.conv3.weight_ch312,0.8368565440177917
layer3.2.conv3.weight,355,layer3.2.conv3.weight_ch355,0.8367317318916321
layer4.0.conv3.weight,1337,layer4.0.conv3.weight_ch1337,0.8367215394973755
layer3.1.conv3.weight,595,layer3.1.conv3.weight_ch595,0.8366556763648987
layer3.3.conv3.weight,98,layer3.3.conv3.weight_ch98,0.8363988399505615
layer2.1.conv3.weight,340,layer2.1.conv3.weight_ch340,0.8363275527954102
layer3.1.conv3.weight,453,layer3.1.conv3.weight_ch453,0.8361757397651672
layer1.2.conv3.weight,119,layer1.2.conv3.weight_ch119,0.8360899090766907
layer4.1.conv1.weight,207,layer4.1.conv1.weight_ch207,0.8355137705802917
layer3.3.conv3.weight,706,layer3.3.conv3.weight_ch706,0.8354212641716003
layer3.1.conv3.weight,440,layer3.1.conv3.weight_ch440,0.835094690322876
layer3.5.conv3.weight,948,layer3.5.conv3.weight_ch948,0.8349062204360962
layer4.0.conv3.weight,884,layer4.0.conv3.weight_ch884,0.8343615531921387
layer3.1.conv3.weight,18,layer3.1.conv3.weight_ch18,0.8332509398460388
layer2.0.conv1.weight,99,layer2.0.conv1.weight_ch99,0.8331828713417053
layer4.1.conv1.weight,200,layer4.1.conv1.weight_ch200,0.8327483534812927
layer2.0.conv1.weight,103,layer2.0.conv1.weight_ch103,0.8327370285987854
layer3.5.conv3.weight,851,layer3.5.conv3.weight_ch851,0.8326873183250427
layer3.1.conv3.weight,447,layer3.1.conv3.weight_ch447,0.8326762318611145
layer3.3.conv3.weight,541,layer3.3.conv3.weight_ch541,0.8326314091682434
layer3.1.conv3.weight,601,layer3.1.conv3.weight_ch601,0.8324635028839111
layer3.3.conv3.weight,858,layer3.3.conv3.weight_ch858,0.8322322964668274
layer3.5.conv3.weight,969,layer3.5.conv3.weight_ch969,0.831726610660553
layer3.3.conv3.weight,946,layer3.3.conv3.weight_ch946,0.8316556215286255
layer3.5.conv3.weight,400,layer3.5.conv3.weight_ch400,0.8313390612602234
layer3.5.conv3.weight,839,layer3.5.conv3.weight_ch839,0.8308699727058411
layer2.1.conv3.weight,119,layer2.1.conv3.weight_ch119,0.8308165073394775
layer3.5.conv3.weight,1001,layer3.5.conv3.weight_ch1001,0.8305935263633728
layer3.2.conv3.weight,248,layer3.2.conv3.weight_ch248,0.8304687142372131
layer3.5.conv3.weight,117,layer3.5.conv3.weight_ch117,0.8304683566093445
layer1.2.conv3.weight,248,layer1.2.conv3.weight_ch248,0.8298031091690063
layer3.5.conv3.weight,888,layer3.5.conv3.weight_ch888,0.8296984434127808
layer3.5.conv3.weight,890,layer3.5.conv3.weight_ch890,0.8295989632606506
layer3.3.conv3.weight,326,layer3.3.conv3.weight_ch326,0.8295356035232544
layer2.1.conv3.weight,375,layer2.1.conv3.weight_ch375,0.8294456005096436
layer3.0.conv3.weight,604,layer3.0.conv3.weight_ch604,0.8290483951568604
layer2.1.conv3.weight,98,layer2.1.conv3.weight_ch98,0.8289440870285034
layer3.0.conv3.weight,732,layer3.0.conv3.weight_ch732,0.82855623960495
layer3.1.conv3.weight,38,layer3.1.conv3.weight_ch38,0.8285126090049744
layer2.0.conv1.weight,105,layer2.0.conv1.weight_ch105,0.8280401229858398
layer3.5.conv3.weight,215,layer3.5.conv3.weight_ch215,0.8269103765487671
layer2.1.conv3.weight,176,layer2.1.conv3.weight_ch176,0.8268448710441589
layer3.0.conv3.weight,418,layer3.0.conv3.weight_ch418,0.8258147239685059
layer3.0.conv3.weight,957,layer3.0.conv3.weight_ch957,0.8253868818283081
layer3.5.conv3.weight,485,layer3.5.conv3.weight_ch485,0.8252429962158203
layer3.0.conv3.weight,685,layer3.0.conv3.weight_ch685,0.8246756196022034
layer3.0.conv3.weight,809,layer3.0.conv3.weight_ch809,0.8244206309318542
layer3.0.conv3.weight,377,layer3.0.conv3.weight_ch377,0.8238064050674438
layer3.2.conv3.weight,337,layer3.2.conv3.weight_ch337,0.8235701322555542
layer1.2.conv3.weight,112,layer1.2.conv3.weight_ch112,0.8234095573425293
layer2.1.conv3.weight,267,layer2.1.conv3.weight_ch267,0.8233004212379456
layer3.1.conv3.weight,891,layer3.1.conv3.weight_ch891,0.8232842683792114
layer2.0.conv1.weight,65,layer2.0.conv1.weight_ch65,0.8231752514839172
layer2.1.conv3.weight,453,layer2.1.conv3.weight_ch453,0.8230879306793213
layer2.1.conv3.weight,94,layer2.1.conv3.weight_ch94,0.8224546909332275
layer3.2.conv1.weight,207,layer3.2.conv1.weight_ch207,0.8220860958099365
layer3.0.conv3.weight,574,layer3.0.conv3.weight_ch574,0.8218108415603638
layer4.0.conv3.weight,444,layer4.0.conv3.weight_ch444,0.8211115002632141
layer3.1.conv3.weight,523,layer3.1.conv3.weight_ch523,0.8209701776504517
layer3.5.conv3.weight,718,layer3.5.conv3.weight_ch718,0.8208006620407104
layer4.1.conv1.weight,480,layer4.1.conv1.weight_ch480,0.8203948736190796
layer4.0.conv3.weight,747,layer4.0.conv3.weight_ch747,0.8203314542770386
layer3.3.conv3.weight,288,layer3.3.conv3.weight_ch288,0.82015460729599
layer3.1.conv3.weight,10,layer3.1.conv3.weight_ch10,0.8199436664581299
layer3.3.conv3.weight,284,layer3.3.conv3.weight_ch284,0.8198828101158142
layer3.0.conv3.weight,391,layer3.0.conv3.weight_ch391,0.8198521137237549
layer3.1.conv3.weight,350,layer3.1.conv3.weight_ch350,0.8197883367538452
layer3.0.conv3.weight,74,layer3.0.conv3.weight_ch74,0.8197100162506104
layer3.0.conv3.weight,156,layer3.0.conv3.weight_ch156,0.8196433782577515
layer3.2.conv3.weight,16,layer3.2.conv3.weight_ch16,0.8194268941879272
layer3.3.conv3.weight,581,layer3.3.conv3.weight_ch581,0.819360613822937
layer3.0.conv3.weight,530,layer3.0.conv3.weight_ch530,0.8191139101982117
layer3.5.conv3.weight,859,layer3.5.conv3.weight_ch859,0.818925142288208
layer3.2.conv1.weight,211,layer3.2.conv1.weight_ch211,0.8186327815055847
layer3.2.conv3.weight,187,layer3.2.conv3.weight_ch187,0.8184605836868286
layer2.1.conv3.weight,360,layer2.1.conv3.weight_ch360,0.8183501958847046
layer4.1.conv1.weight,246,layer4.1.conv1.weight_ch246,0.8179326057434082
layer3.5.conv3.weight,339,layer3.5.conv3.weight_ch339,0.8172030448913574
layer4.0.conv3.weight,293,layer4.0.conv3.weight_ch293,0.8171882629394531
layer3.5.conv3.weight,516,layer3.5.conv3.weight_ch516,0.8170894980430603
layer3.2.conv3.weight,117,layer3.2.conv3.weight_ch117,0.8170413970947266
layer2.1.conv3.weight,440,layer2.1.conv3.weight_ch440,0.8170130848884583
layer3.5.conv3.weight,906,layer3.5.conv3.weight_ch906,0.8169196844100952
layer4.1.conv1.weight,80,layer4.1.conv1.weight_ch80,0.8166302442550659
layer3.0.conv3.weight,558,layer3.0.conv3.weight_ch558,0.8162861466407776
layer3.1.conv3.weight,22,layer3.1.conv3.weight_ch22,0.8162000775337219
layer3.3.conv3.weight,1020,layer3.3.conv3.weight_ch1020,0.8161740303039551
layer2.1.conv3.weight,407,layer2.1.conv3.weight_ch407,0.8151769638061523
layer3.1.conv3.weight,694,layer3.1.conv3.weight_ch694,0.8147971630096436
layer4.1.conv1.weight,252,layer4.1.conv1.weight_ch252,0.8147240281105042
layer1.2.conv3.weight,23,layer1.2.conv3.weight_ch23,0.8147037625312805
layer3.5.conv3.weight,861,layer3.5.conv3.weight_ch861,0.8144574165344238
layer3.1.conv3.weight,777,layer3.1.conv3.weight_ch777,0.8144009709358215
layer4.0.conv3.weight,294,layer4.0.conv3.weight_ch294,0.8143294453620911
layer3.5.conv3.weight,529,layer3.5.conv3.weight_ch529,0.813995361328125
layer3.1.conv3.weight,257,layer3.1.conv3.weight_ch257,0.8138522505760193
layer3.5.conv3.weight,361,layer3.5.conv3.weight_ch361,0.8136864304542542
layer2.0.conv1.weight,94,layer2.0.conv1.weight_ch94,0.8136841654777527
layer4.0.conv3.weight,164,layer4.0.conv3.weight_ch164,0.8132463693618774
layer3.0.conv3.weight,648,layer3.0.conv3.weight_ch648,0.813241720199585
layer3.5.conv3.weight,962,layer3.5.conv3.weight_ch962,0.8130994439125061
layer4.0.conv3.weight,118,layer4.0.conv3.weight_ch118,0.8130872249603271
layer3.5.conv3.weight,329,layer3.5.conv3.weight_ch329,0.8127428889274597
layer3.5.conv3.weight,960,layer3.5.conv3.weight_ch960,0.8126831650733948
layer4.0.conv3.weight,1970,layer4.0.conv3.weight_ch1970,0.8122465014457703
layer1.2.conv3.weight,74,layer1.2.conv3.weight_ch74,0.8121135830879211
layer3.5.conv3.weight,296,layer3.5.conv3.weight_ch296,0.8116195797920227
layer4.0.conv3.weight,702,layer4.0.conv3.weight_ch702,0.8116028904914856
layer3.0.conv3.weight,413,layer3.0.conv3.weight_ch413,0.8115830421447754
layer3.1.conv3.weight,105,layer3.1.conv3.weight_ch105,0.8111875653266907
layer3.3.conv3.weight,904,layer3.3.conv3.weight_ch904,0.8109659552574158
layer3.3.conv3.weight,311,layer3.3.conv3.weight_ch311,0.8109285235404968
layer3.0.conv3.weight,105,layer3.0.conv3.weight_ch105,0.810779333114624
layer3.5.conv3.weight,1007,layer3.5.conv3.weight_ch1007,0.809683084487915
layer4.0.conv3.weight,1657,layer4.0.conv3.weight_ch1657,0.8094691634178162
layer2.1.conv3.weight,169,layer2.1.conv3.weight_ch169,0.8094088435173035
layer4.0.conv3.weight,1468,layer4.0.conv3.weight_ch1468,0.8092041611671448
layer4.0.conv3.weight,734,layer4.0.conv3.weight_ch734,0.8090900778770447
layer3.2.conv3.weight,193,layer3.2.conv3.weight_ch193,0.8084926605224609
layer3.3.conv3.weight,48,layer3.3.conv3.weight_ch48,0.8081037998199463
layer3.0.conv3.weight,109,layer3.0.conv3.weight_ch109,0.8076434135437012
layer2.1.conv3.weight,469,layer2.1.conv3.weight_ch469,0.8076104521751404
layer3.2.conv3.weight,329,layer3.2.conv3.weight_ch329,0.807519257068634
layer3.5.conv3.weight,701,layer3.5.conv3.weight_ch701,0.8068187236785889
layer2.1.conv3.weight,323,layer2.1.conv3.weight_ch323,0.8064890503883362
layer3.2.conv3.weight,900,layer3.2.conv3.weight_ch900,0.8063651323318481
layer4.0.conv3.weight,486,layer4.0.conv3.weight_ch486,0.8057236671447754
layer3.2.conv1.weight,235,layer3.2.conv1.weight_ch235,0.8056097030639648
layer1.2.conv3.weight,33,layer1.2.conv3.weight_ch33,0.8045411109924316
layer4.0.conv3.weight,1112,layer4.0.conv3.weight_ch1112,0.8038555383682251
layer2.1.conv3.weight,509,layer2.1.conv3.weight_ch509,0.8036408424377441
layer3.2.conv3.weight,760,layer3.2.conv3.weight_ch760,0.8031134605407715
layer4.0.conv3.weight,1802,layer4.0.conv3.weight_ch1802,0.8029327392578125
layer4.1.conv1.weight,280,layer4.1.conv1.weight_ch280,0.8029143214225769
layer3.3.conv3.weight,539,layer3.3.conv3.weight_ch539,0.8028832674026489
layer3.1.conv3.weight,976,layer3.1.conv3.weight_ch976,0.802632212638855
layer3.5.conv3.weight,700,layer3.5.conv3.weight_ch700,0.8024669885635376
layer3.2.conv3.weight,467,layer3.2.conv3.weight_ch467,0.8022192120552063
layer3.0.conv3.weight,736,layer3.0.conv3.weight_ch736,0.8019884824752808
layer3.2.conv3.weight,42,layer3.2.conv3.weight_ch42,0.801932692527771
layer3.2.conv3.weight,471,layer3.2.conv3.weight_ch471,0.8017832636833191
layer3.5.conv3.weight,896,layer3.5.conv3.weight_ch896,0.8017743825912476
layer3.5.conv3.weight,609,layer3.5.conv3.weight_ch609,0.8011975288391113
layer3.3.conv3.weight,176,layer3.3.conv3.weight_ch176,0.8011188507080078
layer3.1.conv3.weight,968,layer3.1.conv3.weight_ch968,0.8009902834892273
layer3.3.conv3.weight,47,layer3.3.conv3.weight_ch47,0.8005751371383667
layer3.1.conv3.weight,163,layer3.1.conv3.weight_ch163,0.800273060798645
layer3.0.conv3.weight,1017,layer3.0.conv3.weight_ch1017,0.7996370196342468
layer1.2.conv3.weight,66,layer1.2.conv3.weight_ch66,0.7995947003364563
layer3.2.conv3.weight,719,layer3.2.conv3.weight_ch719,0.7994183301925659
layer4.0.conv3.weight,800,layer4.0.conv3.weight_ch800,0.7987863421440125
layer3.5.conv3.weight,335,layer3.5.conv3.weight_ch335,0.7986202836036682
layer2.1.conv3.weight,2,layer2.1.conv3.weight_ch2,0.7977960109710693
layer3.5.conv3.weight,384,layer3.5.conv3.weight_ch384,0.797515869140625
layer1.2.conv3.weight,95,layer1.2.conv3.weight_ch95,0.7972726821899414
layer3.5.conv3.weight,787,layer3.5.conv3.weight_ch787,0.7972286343574524
layer3.5.conv3.weight,56,layer3.5.conv3.weight_ch56,0.7970425486564636
layer2.1.conv3.weight,28,layer2.1.conv3.weight_ch28,0.7969387173652649
layer3.5.conv3.weight,667,layer3.5.conv3.weight_ch667,0.7966973781585693
layer3.3.conv3.weight,179,layer3.3.conv3.weight_ch179,0.796424388885498
layer2.0.conv2.weight,51,layer2.0.conv2.weight_ch51,0.7963365912437439
layer3.5.conv3.weight,63,layer3.5.conv3.weight_ch63,0.7961430549621582
layer4.0.conv3.weight,238,layer4.0.conv3.weight_ch238,0.7950695753097534
layer3.5.conv3.weight,854,layer3.5.conv3.weight_ch854,0.7946725487709045
layer3.5.conv3.weight,399,layer3.5.conv3.weight_ch399,0.7939693331718445
layer3.3.conv3.weight,633,layer3.3.conv3.weight_ch633,0.7934746742248535
layer3.5.conv3.weight,923,layer3.5.conv3.weight_ch923,0.793455183506012
layer1.2.conv3.weight,254,layer1.2.conv3.weight_ch254,0.793297290802002
layer2.1.conv3.weight,132,layer2.1.conv3.weight_ch132,0.7922914028167725
layer3.2.conv3.weight,270,layer3.2.conv3.weight_ch270,0.7922655344009399
layer4.0.conv3.weight,115,layer4.0.conv3.weight_ch115,0.7921676635742188
layer3.5.conv3.weight,1009,layer3.5.conv3.weight_ch1009,0.7918531894683838
layer3.5.conv3.weight,545,layer3.5.conv3.weight_ch545,0.7917747497558594
layer3.3.conv3.weight,617,layer3.3.conv3.weight_ch617,0.7915697693824768
layer3.3.conv3.weight,848,layer3.3.conv3.weight_ch848,0.7910645008087158
layer4.0.conv3.weight,2037,layer4.0.conv3.weight_ch2037,0.7909221649169922
layer4.0.conv3.weight,94,layer4.0.conv3.weight_ch94,0.7909104824066162
layer3.2.conv3.weight,814,layer3.2.conv3.weight_ch814,0.7907201647758484
layer3.5.conv3.weight,869,layer3.5.conv3.weight_ch869,0.7903934717178345
layer3.2.conv3.weight,198,layer3.2.conv3.weight_ch198,0.7902177572250366
layer3.2.conv3.weight,733,layer3.2.conv3.weight_ch733,0.7900847792625427
layer3.3.conv3.weight,35,layer3.3.conv3.weight_ch35,0.7899351119995117
layer2.0.conv1.weight,85,layer2.0.conv1.weight_ch85,0.7898725271224976
layer4.0.conv3.weight,1946,layer4.0.conv3.weight_ch1946,0.7896193861961365
layer2.1.conv3.weight,297,layer2.1.conv3.weight_ch297,0.7888767123222351
layer3.3.conv3.weight,226,layer3.3.conv3.weight_ch226,0.7884302735328674
layer3.0.conv3.weight,198,layer3.0.conv3.weight_ch198,0.7882648706436157
layer3.3.conv3.weight,69,layer3.3.conv3.weight_ch69,0.7882121205329895
layer2.1.conv3.weight,345,layer2.1.conv3.weight_ch345,0.7878509759902954
layer3.5.conv3.weight,140,layer3.5.conv3.weight_ch140,0.787663459777832
layer3.2.conv1.weight,181,layer3.2.conv1.weight_ch181,0.7875288724899292
layer3.5.conv3.weight,129,layer3.5.conv3.weight_ch129,0.7873101234436035
layer3.2.conv2.weight,20,layer3.2.conv2.weight_ch20,0.7869377136230469
layer3.2.conv3.weight,105,layer3.2.conv3.weight_ch105,0.7869285345077515
layer4.0.conv3.weight,723,layer4.0.conv3.weight_ch723,0.7866965532302856
layer3.3.conv3.weight,723,layer3.3.conv3.weight_ch723,0.786461591720581
layer3.5.conv3.weight,250,layer3.5.conv3.weight_ch250,0.7861874103546143
layer3.5.conv3.weight,407,layer3.5.conv3.weight_ch407,0.7855662703514099
layer1.2.conv3.weight,34,layer1.2.conv3.weight_ch34,0.7850302457809448
layer3.3.conv3.weight,947,layer3.3.conv3.weight_ch947,0.7848365306854248
layer2.1.conv3.weight,33,layer2.1.conv3.weight_ch33,0.7848090529441833
layer2.0.conv1.weight,81,layer2.0.conv1.weight_ch81,0.7846721410751343
layer4.0.conv3.weight,128,layer4.0.conv3.weight_ch128,0.7846576571464539
layer1.2.conv3.weight,24,layer1.2.conv3.weight_ch24,0.7845097780227661
layer3.0.conv3.weight,898,layer3.0.conv3.weight_ch898,0.7834165096282959
layer3.3.conv3.weight,491,layer3.3.conv3.weight_ch491,0.7832450866699219
layer3.1.conv3.weight,146,layer3.1.conv3.weight_ch146,0.7830970883369446
layer2.3.conv2.weight,50,layer2.3.conv2.weight_ch50,0.7826578617095947
layer3.3.conv3.weight,985,layer3.3.conv3.weight_ch985,0.7824162840843201
layer2.1.conv3.weight,125,layer2.1.conv3.weight_ch125,0.7822921872138977
layer3.5.conv3.weight,831,layer3.5.conv3.weight_ch831,0.7820637822151184
layer2.1.conv3.weight,503,layer2.1.conv3.weight_ch503,0.7813379168510437
layer3.2.conv3.weight,790,layer3.2.conv3.weight_ch790,0.7810264229774475
layer3.5.conv3.weight,468,layer3.5.conv3.weight_ch468,0.7801335453987122
layer4.0.conv3.weight,379,layer4.0.conv3.weight_ch379,0.7800924181938171
layer3.2.conv3.weight,265,layer3.2.conv3.weight_ch265,0.7791340351104736
layer3.1.conv3.weight,77,layer3.1.conv3.weight_ch77,0.7789855599403381
layer3.5.conv3.weight,365,layer3.5.conv3.weight_ch365,0.778770923614502
layer3.1.conv3.weight,230,layer3.1.conv3.weight_ch230,0.7785831689834595
layer2.1.conv3.weight,316,layer2.1.conv3.weight_ch316,0.7784193754196167
layer3.5.conv3.weight,122,layer3.5.conv3.weight_ch122,0.7778303027153015
layer3.3.conv3.weight,890,layer3.3.conv3.weight_ch890,0.7775871157646179
layer3.5.conv3.weight,976,layer3.5.conv3.weight_ch976,0.7763296961784363
layer3.2.conv3.weight,74,layer3.2.conv3.weight_ch74,0.7753029465675354
layer1.2.conv3.weight,207,layer1.2.conv3.weight_ch207,0.7747470736503601
layer3.5.conv3.weight,786,layer3.5.conv3.weight_ch786,0.7744830250740051
layer3.0.conv3.weight,857,layer3.0.conv3.weight_ch857,0.7743884325027466
layer1.2.conv3.weight,15,layer1.2.conv3.weight_ch15,0.774052083492279
layer3.2.conv3.weight,378,layer3.2.conv3.weight_ch378,0.7735742926597595
layer4.0.conv3.weight,1629,layer4.0.conv3.weight_ch1629,0.7729896306991577
layer3.5.conv3.weight,611,layer3.5.conv3.weight_ch611,0.7724770903587341
layer3.1.conv3.weight,647,layer3.1.conv3.weight_ch647,0.7721532583236694
layer3.5.conv3.weight,763,layer3.5.conv3.weight_ch763,0.7720420360565186
layer1.2.conv3.weight,213,layer1.2.conv3.weight_ch213,0.7714847922325134
layer3.2.conv3.weight,722,layer3.2.conv3.weight_ch722,0.7714118361473083
layer3.3.conv3.weight,426,layer3.3.conv3.weight_ch426,0.7712246179580688
layer3.5.conv3.weight,750,layer3.5.conv3.weight_ch750,0.7704933881759644
layer3.5.conv3.weight,276,layer3.5.conv3.weight_ch276,0.7703873515129089
layer3.5.conv3.weight,1012,layer3.5.conv3.weight_ch1012,0.7700857520103455
layer4.0.conv3.weight,1437,layer4.0.conv3.weight_ch1437,0.7698747515678406
layer3.2.conv3.weight,628,layer3.2.conv3.weight_ch628,0.7695894837379456
layer3.2.conv3.weight,694,layer3.2.conv3.weight_ch694,0.7692367434501648
layer1.2.conv3.weight,193,layer1.2.conv3.weight_ch193,0.7691399455070496
layer2.1.conv3.weight,108,layer2.1.conv3.weight_ch108,0.7689141631126404
layer3.5.conv3.weight,800,layer3.5.conv3.weight_ch800,0.7685136795043945
layer2.1.conv3.weight,248,layer2.1.conv3.weight_ch248,0.7684507369995117
layer3.3.conv3.weight,341,layer3.3.conv3.weight_ch341,0.7682247757911682
layer3.2.conv1.weight,76,layer3.2.conv1.weight_ch76,0.768073558807373
layer4.0.conv3.weight,1698,layer4.0.conv3.weight_ch1698,0.7674786448478699
layer3.2.conv1.weight,232,layer3.2.conv1.weight_ch232,0.7670389413833618
layer3.5.conv3.weight,671,layer3.5.conv3.weight_ch671,0.7659997344017029
layer2.0.conv1.weight,61,layer2.0.conv1.weight_ch61,0.765028715133667
layer1.2.conv3.weight,42,layer1.2.conv3.weight_ch42,0.7649560570716858
layer3.1.conv3.weight,643,layer3.1.conv3.weight_ch643,0.7649074792861938
layer4.0.conv3.weight,1847,layer4.0.conv3.weight_ch1847,0.7644191980361938
layer4.0.conv3.weight,1234,layer4.0.conv3.weight_ch1234,0.7643824219703674
layer3.1.conv3.weight,123,layer3.1.conv3.weight_ch123,0.7642859220504761
layer2.1.conv3.weight,27,layer2.1.conv3.weight_ch27,0.7641522288322449
layer2.0.conv1.weight,23,layer2.0.conv1.weight_ch23,0.7638895511627197
layer3.2.conv3.weight,605,layer3.2.conv3.weight_ch605,0.7636678218841553
layer3.5.conv3.weight,495,layer3.5.conv3.weight_ch495,0.7636317014694214
layer3.5.conv3.weight,531,layer3.5.conv3.weight_ch531,0.7633522152900696
layer3.1.conv3.weight,762,layer3.1.conv3.weight_ch762,0.7627779841423035
layer3.1.conv3.weight,467,layer3.1.conv3.weight_ch467,0.7627484798431396
layer3.0.conv3.weight,21,layer3.0.conv3.weight_ch21,0.7616184949874878
layer3.2.conv3.weight,1022,layer3.2.conv3.weight_ch1022,0.7615377306938171
layer3.2.conv2.weight,188,layer3.2.conv2.weight_ch188,0.7610361576080322
layer3.5.conv3.weight,342,layer3.5.conv3.weight_ch342,0.7610154151916504
layer2.1.conv3.weight,126,layer2.1.conv3.weight_ch126,0.7606570720672607
layer2.0.conv1.weight,21,layer2.0.conv1.weight_ch21,0.7604703307151794
layer3.5.conv3.weight,196,layer3.5.conv3.weight_ch196,0.7602218389511108
layer3.3.conv3.weight,906,layer3.3.conv3.weight_ch906,0.7599500417709351
layer3.2.conv3.weight,119,layer3.2.conv3.weight_ch119,0.7598676681518555
layer3.1.conv3.weight,297,layer3.1.conv3.weight_ch297,0.7582889795303345
layer3.5.conv3.weight,608,layer3.5.conv3.weight_ch608,0.7582208514213562
layer2.1.conv3.weight,92,layer2.1.conv3.weight_ch92,0.7581968307495117
layer3.0.conv3.weight,815,layer3.0.conv3.weight_ch815,0.7578449249267578
layer3.3.conv3.weight,481,layer3.3.conv3.weight_ch481,0.7576215863227844
layer3.0.conv3.weight,417,layer3.0.conv3.weight_ch417,0.7572125196456909
layer3.5.conv3.weight,674,layer3.5.conv3.weight_ch674,0.7568008899688721
layer3.1.conv3.weight,867,layer3.1.conv3.weight_ch867,0.7566171884536743
layer2.0.conv1.weight,62,layer2.0.conv1.weight_ch62,0.7565082907676697
layer3.0.conv3.weight,444,layer3.0.conv3.weight_ch444,0.7564085125923157
layer4.1.conv1.weight,431,layer4.1.conv1.weight_ch431,0.7558109760284424
layer4.0.conv3.weight,981,layer4.0.conv3.weight_ch981,0.7555123567581177
layer2.1.conv3.weight,73,layer2.1.conv3.weight_ch73,0.7551495432853699
layer3.3.conv3.weight,211,layer3.3.conv3.weight_ch211,0.75510573387146
layer3.5.conv3.weight,855,layer3.5.conv3.weight_ch855,0.7550866007804871
layer3.0.conv3.weight,682,layer3.0.conv3.weight_ch682,0.7548401951789856
layer3.0.conv3.weight,546,layer3.0.conv3.weight_ch546,0.7542093992233276
layer3.2.conv3.weight,362,layer3.2.conv3.weight_ch362,0.7537941932678223
layer3.5.conv3.weight,848,layer3.5.conv3.weight_ch848,0.7537534236907959
layer1.2.conv3.weight,129,layer1.2.conv3.weight_ch129,0.7522674798965454
layer4.1.conv1.weight,482,layer4.1.conv1.weight_ch482,0.7522487640380859
layer3.1.conv3.weight,825,layer3.1.conv3.weight_ch825,0.7516506910324097
layer1.2.conv3.weight,182,layer1.2.conv3.weight_ch182,0.7515435814857483
layer3.5.conv3.weight,95,layer3.5.conv3.weight_ch95,0.7514224648475647
layer3.1.conv3.weight,108,layer3.1.conv3.weight_ch108,0.7513506412506104
layer3.1.conv3.weight,423,layer3.1.conv3.weight_ch423,0.7502407431602478
layer3.0.conv3.weight,149,layer3.0.conv3.weight_ch149,0.7501842379570007
layer3.3.conv3.weight,750,layer3.3.conv3.weight_ch750,0.749366044998169
layer3.2.conv3.weight,807,layer3.2.conv3.weight_ch807,0.7489438652992249
layer4.1.conv1.weight,35,layer4.1.conv1.weight_ch35,0.7489168643951416
layer4.0.conv3.weight,1086,layer4.0.conv3.weight_ch1086,0.748719334602356
layer3.1.conv3.weight,30,layer3.1.conv3.weight_ch30,0.7486921548843384
layer4.0.conv3.weight,69,layer4.0.conv3.weight_ch69,0.7485425472259521
layer3.5.conv3.weight,829,layer3.5.conv3.weight_ch829,0.7481846809387207
layer2.1.conv3.weight,86,layer2.1.conv3.weight_ch86,0.7474231719970703
layer3.5.conv3.weight,868,layer3.5.conv3.weight_ch868,0.7473108768463135
layer3.3.conv3.weight,538,layer3.3.conv3.weight_ch538,0.747261106967926
layer3.1.conv3.weight,351,layer3.1.conv3.weight_ch351,0.7471532225608826
layer4.1.conv1.weight,272,layer4.1.conv1.weight_ch272,0.7467414140701294
layer3.5.conv3.weight,814,layer3.5.conv3.weight_ch814,0.746167778968811
layer4.0.conv3.weight,1045,layer4.0.conv3.weight_ch1045,0.7459784746170044
layer3.1.conv3.weight,494,layer3.1.conv3.weight_ch494,0.7450743913650513
layer4.0.conv3.weight,350,layer4.0.conv3.weight_ch350,0.7450522184371948
layer4.0.conv3.weight,858,layer4.0.conv3.weight_ch858,0.7445916533470154
layer3.0.conv3.weight,914,layer3.0.conv3.weight_ch914,0.7444203495979309
layer3.3.conv3.weight,880,layer3.3.conv3.weight_ch880,0.7443023920059204
layer2.1.conv3.weight,314,layer2.1.conv3.weight_ch314,0.7442519664764404
layer3.0.conv3.weight,357,layer3.0.conv3.weight_ch357,0.7426938414573669
layer3.5.conv3.weight,631,layer3.5.conv3.weight_ch631,0.7421420216560364
layer3.5.conv3.weight,120,layer3.5.conv3.weight_ch120,0.741974413394928
layer3.5.conv3.weight,983,layer3.5.conv3.weight_ch983,0.7411868572235107
layer4.0.conv3.weight,433,layer4.0.conv3.weight_ch433,0.7411113381385803
layer3.5.conv3.weight,102,layer3.5.conv3.weight_ch102,0.7409787774085999
layer2.1.conv3.weight,386,layer2.1.conv3.weight_ch386,0.7405382990837097
layer3.3.conv3.weight,229,layer3.3.conv3.weight_ch229,0.7405165433883667
layer2.1.conv3.weight,183,layer2.1.conv3.weight_ch183,0.7404453158378601
layer4.0.conv3.weight,1929,layer4.0.conv3.weight_ch1929,0.7403175234794617
layer3.2.conv3.weight,487,layer3.2.conv3.weight_ch487,0.740033745765686
layer3.0.conv3.weight,961,layer3.0.conv3.weight_ch961,0.7397458553314209
layer2.1.conv3.weight,153,layer2.1.conv3.weight_ch153,0.7395960092544556
layer4.0.conv3.weight,1217,layer4.0.conv3.weight_ch1217,0.7393181324005127
layer3.5.conv3.weight,436,layer3.5.conv3.weight_ch436,0.7386751174926758
layer3.5.conv3.weight,323,layer3.5.conv3.weight_ch323,0.7379063963890076
layer3.5.conv3.weight,334,layer3.5.conv3.weight_ch334,0.7375863790512085
layer4.1.conv1.weight,349,layer4.1.conv1.weight_ch349,0.7375588417053223
layer3.3.conv3.weight,747,layer3.3.conv3.weight_ch747,0.7367451190948486
layer4.0.conv3.weight,1941,layer4.0.conv3.weight_ch1941,0.7366424798965454
layer2.1.conv3.weight,395,layer2.1.conv3.weight_ch395,0.7365440130233765
layer4.0.conv3.weight,770,layer4.0.conv3.weight_ch770,0.7363755106925964
layer3.0.conv3.weight,95,layer3.0.conv3.weight_ch95,0.7361608147621155
layer3.5.conv3.weight,337,layer3.5.conv3.weight_ch337,0.7355942130088806
layer2.1.conv3.weight,217,layer2.1.conv3.weight_ch217,0.734604001045227
layer3.5.conv3.weight,463,layer3.5.conv3.weight_ch463,0.7345957159996033
layer3.5.conv3.weight,116,layer3.5.conv3.weight_ch116,0.734399676322937
layer3.2.conv3.weight,774,layer3.2.conv3.weight_ch774,0.7342102527618408
layer3.0.conv2.weight,211,layer3.0.conv2.weight_ch211,0.7340294718742371
layer3.1.conv3.weight,737,layer3.1.conv3.weight_ch737,0.7338734269142151
layer4.1.conv1.weight,159,layer4.1.conv1.weight_ch159,0.7338316440582275
layer3.5.conv3.weight,555,layer3.5.conv3.weight_ch555,0.7331462502479553
layer3.5.conv3.weight,231,layer3.5.conv3.weight_ch231,0.7330366969108582
layer3.2.conv1.weight,42,layer3.2.conv1.weight_ch42,0.7328740954399109
layer3.3.conv3.weight,395,layer3.3.conv3.weight_ch395,0.7325040698051453
layer4.0.conv3.weight,1679,layer4.0.conv3.weight_ch1679,0.7321567535400391
layer3.2.conv3.weight,203,layer3.2.conv3.weight_ch203,0.7316793203353882
layer3.2.conv3.weight,813,layer3.2.conv3.weight_ch813,0.7315279841423035
layer3.1.conv3.weight,320,layer3.1.conv3.weight_ch320,0.7312954664230347
layer4.0.conv3.weight,285,layer4.0.conv3.weight_ch285,0.731176495552063
layer3.0.conv3.weight,256,layer3.0.conv3.weight_ch256,0.7309780120849609
layer3.3.conv3.weight,599,layer3.3.conv3.weight_ch599,0.7308371663093567
layer3.2.conv3.weight,848,layer3.2.conv3.weight_ch848,0.7302472591400146
layer3.0.conv3.weight,533,layer3.0.conv3.weight_ch533,0.7301245331764221
layer3.2.conv3.weight,447,layer3.2.conv3.weight_ch447,0.7298101782798767
layer3.1.conv3.weight,406,layer3.1.conv3.weight_ch406,0.7290420532226562
layer3.1.conv3.weight,955,layer3.1.conv3.weight_ch955,0.7289727330207825
layer2.1.conv3.weight,310,layer2.1.conv3.weight_ch310,0.7289203405380249
layer3.2.conv1.weight,28,layer3.2.conv1.weight_ch28,0.7285037040710449
layer3.0.conv3.weight,124,layer3.0.conv3.weight_ch124,0.7276501059532166
layer3.1.conv3.weight,848,layer3.1.conv3.weight_ch848,0.727644681930542
layer3.0.conv3.weight,776,layer3.0.conv3.weight_ch776,0.7267135381698608
layer2.1.conv3.weight,104,layer2.1.conv3.weight_ch104,0.7267034649848938
layer3.1.conv3.weight,711,layer3.1.conv3.weight_ch711,0.7245373725891113
layer3.0.conv3.weight,175,layer3.0.conv3.weight_ch175,0.7240899205207825
layer3.0.conv3.weight,344,layer3.0.conv3.weight_ch344,0.7240479588508606
layer1.2.conv3.weight,218,layer1.2.conv3.weight_ch218,0.723472535610199
layer3.2.conv3.weight,955,layer3.2.conv3.weight_ch955,0.7233724594116211
layer4.1.conv1.weight,136,layer4.1.conv1.weight_ch136,0.7232516407966614
layer3.3.conv3.weight,908,layer3.3.conv3.weight_ch908,0.7231360673904419
layer4.0.conv3.weight,1510,layer4.0.conv3.weight_ch1510,0.7231208086013794
layer3.5.conv3.weight,273,layer3.5.conv3.weight_ch273,0.7231153845787048
layer3.1.conv3.weight,262,layer3.1.conv3.weight_ch262,0.7229673266410828
layer2.0.conv1.weight,111,layer2.0.conv1.weight_ch111,0.7225154638290405
layer3.1.conv3.weight,245,layer3.1.conv3.weight_ch245,0.7223005890846252
layer3.5.conv3.weight,788,layer3.5.conv3.weight_ch788,0.7221022844314575
layer3.3.conv3.weight,767,layer3.3.conv3.weight_ch767,0.7220275402069092
layer2.1.conv3.weight,99,layer2.1.conv3.weight_ch99,0.721877932548523
layer3.1.conv3.weight,836,layer3.1.conv3.weight_ch836,0.7218533754348755
layer2.0.conv1.weight,1,layer2.0.conv1.weight_ch1,0.7218290567398071
layer3.3.conv3.weight,272,layer3.3.conv3.weight_ch272,0.7208579778671265
layer2.1.conv3.weight,136,layer2.1.conv3.weight_ch136,0.7192689180374146
layer3.1.conv3.weight,923,layer3.1.conv3.weight_ch923,0.7189369201660156
layer1.2.conv3.weight,70,layer1.2.conv3.weight_ch70,0.7188266515731812
layer2.1.conv3.weight,7,layer2.1.conv3.weight_ch7,0.7186518311500549
layer2.1.conv3.weight,54,layer2.1.conv3.weight_ch54,0.7184965014457703
layer3.5.conv3.weight,929,layer3.5.conv3.weight_ch929,0.7182648777961731
layer3.1.conv3.weight,156,layer3.1.conv3.weight_ch156,0.7181874513626099
layer3.1.conv3.weight,859,layer3.1.conv3.weight_ch859,0.718101978302002
layer3.1.conv3.weight,996,layer3.1.conv3.weight_ch996,0.7179539203643799
layer3.3.conv3.weight,429,layer3.3.conv3.weight_ch429,0.7171404361724854
layer3.5.conv3.weight,1022,layer3.5.conv3.weight_ch1022,0.7165235877037048
layer3.0.conv3.weight,331,layer3.0.conv3.weight_ch331,0.7150971293449402
layer2.1.conv3.weight,257,layer2.1.conv3.weight_ch257,0.7141984701156616
layer3.5.conv3.weight,424,layer3.5.conv3.weight_ch424,0.7132619619369507
layer3.5.conv3.weight,371,layer3.5.conv3.weight_ch371,0.7131631374359131
layer3.5.conv3.weight,709,layer3.5.conv3.weight_ch709,0.7125946283340454
layer4.0.conv3.weight,1965,layer4.0.conv3.weight_ch1965,0.7123456597328186
layer3.0.conv3.weight,361,layer3.0.conv3.weight_ch361,0.7120832204818726
layer2.1.conv3.weight,308,layer2.1.conv3.weight_ch308,0.712018609046936
layer4.0.conv3.weight,71,layer4.0.conv3.weight_ch71,0.7119248509407043
layer4.1.conv1.weight,177,layer4.1.conv1.weight_ch177,0.7118525505065918
layer3.3.conv3.weight,207,layer3.3.conv3.weight_ch207,0.7117347717285156
layer3.3.conv3.weight,245,layer3.3.conv3.weight_ch245,0.7116402387619019
layer3.5.conv3.weight,550,layer3.5.conv3.weight_ch550,0.7110186219215393
layer3.3.conv3.weight,294,layer3.3.conv3.weight_ch294,0.7102100253105164
layer4.0.conv3.weight,1671,layer4.0.conv3.weight_ch1671,0.7097700834274292
layer4.0.conv3.weight,1692,layer4.0.conv3.weight_ch1692,0.7096309065818787
layer3.0.conv3.weight,502,layer3.0.conv3.weight_ch502,0.7095354199409485
layer2.1.conv3.weight,64,layer2.1.conv3.weight_ch64,0.7086101174354553
layer4.0.conv3.weight,1841,layer4.0.conv3.weight_ch1841,0.7077884674072266
layer3.0.conv3.weight,770,layer3.0.conv3.weight_ch770,0.7072826623916626
layer3.0.conv3.weight,222,layer3.0.conv3.weight_ch222,0.7065894603729248
layer3.2.conv3.weight,394,layer3.2.conv3.weight_ch394,0.7049204111099243
layer3.5.conv3.weight,704,layer3.5.conv3.weight_ch704,0.7044951915740967
layer1.2.conv3.weight,78,layer1.2.conv3.weight_ch78,0.7041148543357849
layer3.5.conv3.weight,913,layer3.5.conv3.weight_ch913,0.703727126121521
layer3.3.conv3.weight,351,layer3.3.conv3.weight_ch351,0.7035670876502991
layer3.3.conv3.weight,116,layer3.3.conv3.weight_ch116,0.7034984827041626
layer4.0.conv3.weight,251,layer4.0.conv3.weight_ch251,0.7033711075782776
layer4.0.conv3.weight,1861,layer4.0.conv3.weight_ch1861,0.7033390998840332
layer4.0.conv3.weight,922,layer4.0.conv3.weight_ch922,0.7026988863945007
layer3.0.conv3.weight,202,layer3.0.conv3.weight_ch202,0.702549397945404
layer3.0.conv3.weight,928,layer3.0.conv3.weight_ch928,0.7017951607704163
layer3.3.conv3.weight,306,layer3.3.conv3.weight_ch306,0.7017666101455688
layer4.0.conv3.weight,117,layer4.0.conv3.weight_ch117,0.7016512155532837
layer3.5.conv3.weight,730,layer3.5.conv3.weight_ch730,0.7013683319091797
layer3.5.conv3.weight,603,layer3.5.conv3.weight_ch603,0.700669527053833
layer1.2.conv3.weight,57,layer1.2.conv3.weight_ch57,0.7002811431884766
layer1.2.conv3.weight,113,layer1.2.conv3.weight_ch113,0.7000114917755127
layer3.5.conv3.weight,751,layer3.5.conv3.weight_ch751,0.6997978687286377
layer3.3.conv3.weight,461,layer3.3.conv3.weight_ch461,0.6995671987533569
layer2.0.conv1.weight,26,layer2.0.conv1.weight_ch26,0.6991735696792603
layer3.2.conv1.weight,202,layer3.2.conv1.weight_ch202,0.6990340948104858
layer3.5.conv3.weight,941,layer3.5.conv3.weight_ch941,0.698287844657898
layer2.1.conv3.weight,361,layer2.1.conv3.weight_ch361,0.6982653141021729
layer3.2.conv3.weight,222,layer3.2.conv3.weight_ch222,0.6982367038726807
layer4.0.conv3.weight,533,layer4.0.conv3.weight_ch533,0.6980270743370056
layer3.2.conv3.weight,1012,layer3.2.conv3.weight_ch1012,0.6970875263214111
layer4.0.conv3.weight,751,layer4.0.conv3.weight_ch751,0.6966629028320312
layer3.3.conv3.weight,796,layer3.3.conv3.weight_ch796,0.6963944435119629
layer3.2.conv3.weight,354,layer3.2.conv3.weight_ch354,0.6959654092788696
layer3.0.conv3.weight,601,layer3.0.conv3.weight_ch601,0.695635974407196
layer3.3.conv3.weight,595,layer3.3.conv3.weight_ch595,0.695164680480957
layer3.1.conv3.weight,805,layer3.1.conv3.weight_ch805,0.6950581073760986
layer3.2.conv1.weight,122,layer3.2.conv1.weight_ch122,0.6947084665298462
layer3.5.conv3.weight,423,layer3.5.conv3.weight_ch423,0.6940008401870728
layer3.1.conv3.weight,442,layer3.1.conv3.weight_ch442,0.6935749650001526
layer3.3.conv3.weight,439,layer3.3.conv3.weight_ch439,0.6931473016738892
layer1.2.conv3.weight,121,layer1.2.conv3.weight_ch121,0.692499041557312
layer3.0.conv3.weight,491,layer3.0.conv3.weight_ch491,0.691878080368042
layer3.0.conv3.weight,82,layer3.0.conv3.weight_ch82,0.6916638016700745
layer3.1.conv3.weight,302,layer3.1.conv3.weight_ch302,0.6913785934448242
layer3.1.conv3.weight,384,layer3.1.conv3.weight_ch384,0.6913384795188904
layer3.5.conv3.weight,205,layer3.5.conv3.weight_ch205,0.6912879943847656
layer3.5.conv3.weight,527,layer3.5.conv3.weight_ch527,0.6907005310058594
layer3.5.conv3.weight,194,layer3.5.conv3.weight_ch194,0.689315140247345
layer3.3.conv3.weight,1019,layer3.3.conv3.weight_ch1019,0.6892784833908081
layer3.5.conv3.weight,275,layer3.5.conv3.weight_ch275,0.6892731189727783
layer3.1.conv3.weight,788,layer3.1.conv3.weight_ch788,0.6891362071037292
layer4.0.conv3.weight,1837,layer4.0.conv3.weight_ch1837,0.6888275146484375
layer3.2.conv3.weight,931,layer3.2.conv3.weight_ch931,0.6874673962593079
layer3.5.conv3.weight,373,layer3.5.conv3.weight_ch373,0.6870541572570801
layer2.1.conv3.weight,319,layer2.1.conv3.weight_ch319,0.6869525909423828
layer3.5.conv3.weight,520,layer3.5.conv3.weight_ch520,0.686280369758606
layer3.1.conv3.weight,706,layer3.1.conv3.weight_ch706,0.6855587363243103
layer3.0.conv3.weight,54,layer3.0.conv3.weight_ch54,0.6848791241645813
layer3.2.conv3.weight,48,layer3.2.conv3.weight_ch48,0.6847318410873413
layer3.2.conv3.weight,249,layer3.2.conv3.weight_ch249,0.6840987205505371
layer3.2.conv3.weight,286,layer3.2.conv3.weight_ch286,0.6834580898284912
layer2.1.conv3.weight,489,layer2.1.conv3.weight_ch489,0.6833310723304749
layer3.1.conv3.weight,993,layer3.1.conv3.weight_ch993,0.6827295422554016
layer3.5.conv3.weight,418,layer3.5.conv3.weight_ch418,0.6823669672012329
layer1.2.conv3.weight,140,layer1.2.conv3.weight_ch140,0.6821550726890564
layer4.0.conv3.weight,556,layer4.0.conv3.weight_ch556,0.6820712089538574
layer3.1.conv3.weight,884,layer3.1.conv3.weight_ch884,0.6809111833572388
layer1.2.conv3.weight,20,layer1.2.conv3.weight_ch20,0.6802469491958618
layer3.3.conv3.weight,169,layer3.3.conv3.weight_ch169,0.6802382469177246
layer4.0.conv3.weight,920,layer4.0.conv3.weight_ch920,0.6794167757034302
layer3.3.conv3.weight,748,layer3.3.conv3.weight_ch748,0.678886890411377
layer3.5.conv3.weight,903,layer3.5.conv3.weight_ch903,0.6785630583763123
layer3.2.conv3.weight,958,layer3.2.conv3.weight_ch958,0.6785110831260681
layer3.2.conv3.weight,456,layer3.2.conv3.weight_ch456,0.6782023906707764
layer4.0.conv3.weight,935,layer4.0.conv3.weight_ch935,0.6775371432304382
layer1.2.conv3.weight,233,layer1.2.conv3.weight_ch233,0.6752555966377258
layer1.2.conv3.weight,157,layer1.2.conv3.weight_ch157,0.6744734048843384
layer3.2.conv1.weight,157,layer3.2.conv1.weight_ch157,0.6738646626472473
layer2.1.conv3.weight,392,layer2.1.conv3.weight_ch392,0.6735596656799316
layer2.1.conv3.weight,295,layer2.1.conv3.weight_ch295,0.6721459031105042
layer4.0.conv3.weight,756,layer4.0.conv3.weight_ch756,0.6719175577163696
layer1.2.conv3.weight,84,layer1.2.conv3.weight_ch84,0.6712929606437683
layer4.1.conv1.weight,215,layer4.1.conv1.weight_ch215,0.6710126399993896
layer3.5.conv3.weight,577,layer3.5.conv3.weight_ch577,0.670559287071228
layer4.0.conv3.weight,470,layer4.0.conv3.weight_ch470,0.670519232749939
layer4.0.conv3.weight,1032,layer4.0.conv3.weight_ch1032,0.670295774936676
layer3.1.conv3.weight,504,layer3.1.conv3.weight_ch504,0.6702499389648438
layer3.3.conv3.weight,874,layer3.3.conv3.weight_ch874,0.6692028045654297
layer4.0.conv3.weight,1162,layer4.0.conv3.weight_ch1162,0.6689983606338501
layer1.2.conv3.weight,64,layer1.2.conv3.weight_ch64,0.6688691973686218
layer3.3.conv3.weight,1016,layer3.3.conv3.weight_ch1016,0.6684713363647461
layer3.2.conv3.weight,867,layer3.2.conv3.weight_ch867,0.6684440970420837
layer2.1.conv3.weight,97,layer2.1.conv3.weight_ch97,0.6681192517280579
layer2.1.conv3.weight,393,layer2.1.conv3.weight_ch393,0.6671299934387207
layer3.5.conv3.weight,600,layer3.5.conv3.weight_ch600,0.6670852303504944
layer2.1.conv3.weight,437,layer2.1.conv3.weight_ch437,0.6662093997001648
layer3.3.conv3.weight,973,layer3.3.conv3.weight_ch973,0.6660119295120239
layer3.1.conv3.weight,295,layer3.1.conv3.weight_ch295,0.6659815311431885
layer3.2.conv3.weight,263,layer3.2.conv3.weight_ch263,0.6658016443252563
layer3.2.conv3.weight,219,layer3.2.conv3.weight_ch219,0.6645811200141907
layer3.2.conv2.weight,248,layer3.2.conv2.weight_ch248,0.664277970790863
layer4.1.conv1.weight,385,layer4.1.conv1.weight_ch385,0.6642203330993652
layer3.2.conv3.weight,328,layer3.2.conv3.weight_ch328,0.6640997529029846
layer1.2.conv3.weight,190,layer1.2.conv3.weight_ch190,0.6632073521614075
layer3.1.conv3.weight,543,layer3.1.conv3.weight_ch543,0.6629892587661743
layer3.5.conv3.weight,353,layer3.5.conv3.weight_ch353,0.6621054410934448
layer2.1.conv3.weight,467,layer2.1.conv3.weight_ch467,0.6620570421218872
layer2.1.conv3.weight,26,layer2.1.conv3.weight_ch26,0.6608507633209229
layer1.2.conv3.weight,238,layer1.2.conv3.weight_ch238,0.6601385474205017
layer1.2.conv3.weight,202,layer1.2.conv3.weight_ch202,0.6600678563117981
layer3.5.conv3.weight,421,layer3.5.conv3.weight_ch421,0.6597651839256287
layer3.3.conv3.weight,427,layer3.3.conv3.weight_ch427,0.6596765518188477
layer3.2.conv3.weight,677,layer3.2.conv3.weight_ch677,0.659271776676178
layer3.0.conv3.weight,486,layer3.0.conv3.weight_ch486,0.658812403678894
layer3.3.conv3.weight,236,layer3.3.conv3.weight_ch236,0.6577504873275757
layer3.2.conv3.weight,523,layer3.2.conv3.weight_ch523,0.6576247215270996
layer3.1.conv3.weight,1023,layer3.1.conv3.weight_ch1023,0.6573758125305176
layer2.1.conv3.weight,342,layer2.1.conv3.weight_ch342,0.6553934216499329
layer3.2.conv3.weight,805,layer3.2.conv3.weight_ch805,0.6548237204551697
layer4.0.conv3.weight,1016,layer4.0.conv3.weight_ch1016,0.6548169851303101
layer3.0.conv3.weight,163,layer3.0.conv3.weight_ch163,0.654394268989563
layer3.3.conv3.weight,301,layer3.3.conv3.weight_ch301,0.6540574431419373
layer4.1.conv1.weight,155,layer4.1.conv1.weight_ch155,0.6539016962051392
layer2.1.conv3.weight,165,layer2.1.conv3.weight_ch165,0.6538729667663574
layer3.2.conv3.weight,425,layer3.2.conv3.weight_ch425,0.653335690498352
layer3.2.conv3.weight,288,layer3.2.conv3.weight_ch288,0.6532881855964661
layer3.5.conv3.weight,971,layer3.5.conv3.weight_ch971,0.6531341671943665
layer3.0.conv3.weight,637,layer3.0.conv3.weight_ch637,0.6526564955711365
layer3.2.conv3.weight,770,layer3.2.conv3.weight_ch770,0.6525000929832458
layer4.0.conv3.weight,951,layer4.0.conv3.weight_ch951,0.6524627208709717
layer4.0.conv3.weight,1747,layer4.0.conv3.weight_ch1747,0.6523504257202148
layer2.0.conv1.weight,63,layer2.0.conv1.weight_ch63,0.6523088812828064
layer3.2.conv3.weight,771,layer3.2.conv3.weight_ch771,0.6519639492034912
layer4.0.conv3.weight,1993,layer4.0.conv3.weight_ch1993,0.650679886341095
layer3.1.conv3.weight,637,layer3.1.conv3.weight_ch637,0.6502009630203247
layer4.1.conv1.weight,17,layer4.1.conv1.weight_ch17,0.6491895914077759
layer3.2.conv2.weight,250,layer3.2.conv2.weight_ch250,0.6490877866744995
layer1.2.conv3.weight,138,layer1.2.conv3.weight_ch138,0.6473617553710938
layer2.0.conv1.weight,66,layer2.0.conv1.weight_ch66,0.6443313360214233
layer2.1.conv3.weight,508,layer2.1.conv3.weight_ch508,0.6439772844314575
layer3.2.conv3.weight,727,layer3.2.conv3.weight_ch727,0.6429218649864197
layer3.5.conv3.weight,974,layer3.5.conv3.weight_ch974,0.6412063837051392
layer2.1.conv3.weight,251,layer2.1.conv3.weight_ch251,0.6405620574951172
layer3.1.conv3.weight,896,layer3.1.conv3.weight_ch896,0.6404080390930176
layer3.1.conv3.weight,936,layer3.1.conv3.weight_ch936,0.6396281719207764
layer3.0.conv3.weight,602,layer3.0.conv3.weight_ch602,0.6389358043670654
layer2.1.conv3.weight,270,layer2.1.conv3.weight_ch270,0.6387237310409546
layer3.1.conv3.weight,696,layer3.1.conv3.weight_ch696,0.6381558775901794
layer1.2.conv3.weight,230,layer1.2.conv3.weight_ch230,0.6377651691436768
layer2.1.conv3.weight,456,layer2.1.conv3.weight_ch456,0.6376349329948425
layer3.0.conv3.weight,125,layer3.0.conv3.weight_ch125,0.6375732421875
layer3.1.conv3.weight,679,layer3.1.conv3.weight_ch679,0.6371840834617615
layer1.2.conv3.weight,48,layer1.2.conv3.weight_ch48,0.6369333267211914
layer4.0.conv3.weight,178,layer4.0.conv3.weight_ch178,0.6368999481201172
layer3.5.conv3.weight,259,layer3.5.conv3.weight_ch259,0.6366732120513916
layer2.1.conv3.weight,305,layer2.1.conv3.weight_ch305,0.6365731954574585
layer3.3.conv3.weight,602,layer3.3.conv3.weight_ch602,0.6364829540252686
layer3.1.conv3.weight,378,layer3.1.conv3.weight_ch378,0.6363319158554077
layer3.5.conv3.weight,930,layer3.5.conv3.weight_ch930,0.6361086368560791
layer4.0.conv3.weight,1221,layer4.0.conv3.weight_ch1221,0.6357950568199158
layer3.1.conv3.weight,554,layer3.1.conv3.weight_ch554,0.635779619216919
layer3.0.conv3.weight,638,layer3.0.conv3.weight_ch638,0.6356737613677979
layer3.2.conv3.weight,672,layer3.2.conv3.weight_ch672,0.6355504989624023
layer3.1.conv3.weight,760,layer3.1.conv3.weight_ch760,0.6350712776184082
layer4.0.conv3.weight,1258,layer4.0.conv3.weight_ch1258,0.634429931640625
layer3.2.conv3.weight,245,layer3.2.conv3.weight_ch245,0.63407963514328
layer2.1.conv3.weight,288,layer2.1.conv3.weight_ch288,0.6340712308883667
layer4.0.conv3.weight,871,layer4.0.conv3.weight_ch871,0.633914053440094
layer3.1.conv3.weight,481,layer3.1.conv3.weight_ch481,0.6337339282035828
layer2.1.conv3.weight,290,layer2.1.conv3.weight_ch290,0.6334211230278015
layer2.1.conv3.weight,154,layer2.1.conv3.weight_ch154,0.6326742172241211
layer2.1.conv3.weight,478,layer2.1.conv3.weight_ch478,0.632617712020874
layer3.5.conv3.weight,348,layer3.5.conv3.weight_ch348,0.6324722170829773
layer3.2.conv3.weight,183,layer3.2.conv3.weight_ch183,0.6324526071548462
layer2.1.conv3.weight,435,layer2.1.conv3.weight_ch435,0.6324441432952881
layer3.0.conv2.weight,57,layer3.0.conv2.weight_ch57,0.6323500871658325
layer3.5.conv3.weight,440,layer3.5.conv3.weight_ch440,0.6311119794845581
layer3.5.conv3.weight,857,layer3.5.conv3.weight_ch857,0.6308144927024841
layer3.2.conv3.weight,61,layer3.2.conv3.weight_ch61,0.6303713917732239
layer3.5.conv3.weight,956,layer3.5.conv3.weight_ch956,0.6285631060600281
layer3.5.conv3.weight,26,layer3.5.conv3.weight_ch26,0.6285305023193359
layer1.2.conv3.weight,93,layer1.2.conv3.weight_ch93,0.6284406185150146
layer2.1.conv3.weight,122,layer2.1.conv3.weight_ch122,0.628066897392273
layer3.0.conv3.weight,194,layer3.0.conv3.weight_ch194,0.6275823712348938
layer3.1.conv3.weight,434,layer3.1.conv3.weight_ch434,0.6267988681793213
layer3.0.conv3.weight,333,layer3.0.conv3.weight_ch333,0.6263141632080078
layer3.5.conv3.weight,62,layer3.5.conv3.weight_ch62,0.6259971857070923
layer1.2.conv3.weight,153,layer1.2.conv3.weight_ch153,0.6243419647216797
layer2.1.conv3.weight,39,layer2.1.conv3.weight_ch39,0.6242532134056091
layer3.2.conv3.weight,502,layer3.2.conv3.weight_ch502,0.6235160827636719
layer3.2.conv3.weight,360,layer3.2.conv3.weight_ch360,0.622715950012207
layer3.5.conv3.weight,429,layer3.5.conv3.weight_ch429,0.6225934624671936
layer3.5.conv3.weight,255,layer3.5.conv3.weight_ch255,0.6225278973579407
layer4.0.conv3.weight,713,layer4.0.conv3.weight_ch713,0.6224967241287231
layer3.3.conv3.weight,424,layer3.3.conv3.weight_ch424,0.621624767780304
layer3.5.conv3.weight,295,layer3.5.conv3.weight_ch295,0.6210550665855408
layer2.1.conv3.weight,34,layer2.1.conv3.weight_ch34,0.6200329065322876
layer4.0.conv3.weight,148,layer4.0.conv3.weight_ch148,0.6193547248840332
layer4.0.conv3.weight,1434,layer4.0.conv3.weight_ch1434,0.6186453104019165
layer3.5.conv3.weight,16,layer3.5.conv3.weight_ch16,0.6182074546813965
layer3.0.conv3.weight,670,layer3.0.conv3.weight_ch670,0.6178812980651855
layer4.1.conv1.weight,79,layer4.1.conv1.weight_ch79,0.6174718737602234
layer2.1.conv3.weight,1,layer2.1.conv3.weight_ch1,0.6172703504562378
layer3.2.conv3.weight,852,layer3.2.conv3.weight_ch852,0.6158937811851501
layer3.2.conv3.weight,724,layer3.2.conv3.weight_ch724,0.6156731843948364
layer3.2.conv3.weight,489,layer3.2.conv3.weight_ch489,0.6143988966941833
layer3.0.conv3.weight,595,layer3.0.conv3.weight_ch595,0.6142285466194153
layer3.1.conv3.weight,597,layer3.1.conv3.weight_ch597,0.6139939427375793
layer2.1.conv3.weight,247,layer2.1.conv3.weight_ch247,0.6137809753417969
layer4.1.conv1.weight,234,layer4.1.conv1.weight_ch234,0.6132968664169312
layer3.3.conv3.weight,722,layer3.3.conv3.weight_ch722,0.6131336688995361
layer3.2.conv3.weight,439,layer3.2.conv3.weight_ch439,0.6130940914154053
layer3.2.conv3.weight,231,layer3.2.conv3.weight_ch231,0.6121359467506409
layer3.1.conv3.weight,1004,layer3.1.conv3.weight_ch1004,0.610741376876831
layer3.1.conv3.weight,228,layer3.1.conv3.weight_ch228,0.6103178858757019
layer4.0.conv3.weight,471,layer4.0.conv3.weight_ch471,0.6095268726348877
layer4.0.conv3.weight,656,layer4.0.conv3.weight_ch656,0.6078555583953857
layer3.1.conv3.weight,268,layer3.1.conv3.weight_ch268,0.6064413189888
layer2.0.conv1.weight,22,layer2.0.conv1.weight_ch22,0.6058105230331421
layer3.5.conv3.weight,775,layer3.5.conv3.weight_ch775,0.604965090751648
layer3.1.conv3.weight,966,layer3.1.conv3.weight_ch966,0.6043926477432251
layer3.2.conv3.weight,580,layer3.2.conv3.weight_ch580,0.6037338376045227
layer4.0.conv3.weight,1160,layer4.0.conv3.weight_ch1160,0.603198230266571
layer4.0.conv3.weight,1433,layer4.0.conv3.weight_ch1433,0.6006471514701843
layer4.0.conv3.weight,487,layer4.0.conv3.weight_ch487,0.6004254817962646
layer3.2.conv3.weight,692,layer3.2.conv3.weight_ch692,0.6002411842346191
layer3.5.conv3.weight,69,layer3.5.conv3.weight_ch69,0.5999996662139893
layer3.1.conv3.weight,593,layer3.1.conv3.weight_ch593,0.5999290347099304
layer3.2.conv3.weight,5,layer3.2.conv3.weight_ch5,0.5981537103652954
layer3.5.conv3.weight,543,layer3.5.conv3.weight_ch543,0.5972698926925659
layer4.0.conv3.weight,899,layer4.0.conv3.weight_ch899,0.5969510078430176
layer3.5.conv3.weight,236,layer3.5.conv3.weight_ch236,0.5969086289405823
layer2.1.conv3.weight,216,layer2.1.conv3.weight_ch216,0.5966668725013733
layer3.5.conv3.weight,604,layer3.5.conv3.weight_ch604,0.5965297222137451
layer4.0.conv3.weight,288,layer4.0.conv3.weight_ch288,0.5957768559455872
layer3.5.conv3.weight,350,layer3.5.conv3.weight_ch350,0.5956438779830933
layer3.1.conv3.weight,364,layer3.1.conv3.weight_ch364,0.5949983596801758
layer3.5.conv3.weight,558,layer3.5.conv3.weight_ch558,0.5948109030723572
layer3.1.conv3.weight,152,layer3.1.conv3.weight_ch152,0.5947736501693726
layer2.1.conv3.weight,283,layer2.1.conv3.weight_ch283,0.5947732925415039
layer3.5.conv3.weight,65,layer3.5.conv3.weight_ch65,0.5936341285705566
layer3.5.conv3.weight,310,layer3.5.conv3.weight_ch310,0.5935662388801575
layer3.5.conv3.weight,44,layer3.5.conv3.weight_ch44,0.5932118892669678
layer3.0.conv3.weight,1022,layer3.0.conv3.weight_ch1022,0.5929323434829712
layer4.0.conv3.weight,209,layer4.0.conv3.weight_ch209,0.5926764607429504
layer3.1.conv3.weight,478,layer3.1.conv3.weight_ch478,0.591230034828186
layer3.3.conv3.weight,760,layer3.3.conv3.weight_ch760,0.5906577706336975
layer3.2.conv1.weight,158,layer3.2.conv1.weight_ch158,0.5901004076004028
layer3.5.conv3.weight,432,layer3.5.conv3.weight_ch432,0.5899652242660522
layer4.1.conv1.weight,170,layer4.1.conv1.weight_ch170,0.5881412625312805
layer3.3.conv3.weight,105,layer3.3.conv3.weight_ch105,0.5880771279335022
layer2.1.conv3.weight,473,layer2.1.conv3.weight_ch473,0.5873124599456787
layer3.2.conv3.weight,889,layer3.2.conv3.weight_ch889,0.587181031703949
layer3.3.conv3.weight,837,layer3.3.conv3.weight_ch837,0.5871275067329407
layer3.1.conv3.weight,119,layer3.1.conv3.weight_ch119,0.5868310928344727
layer3.3.conv3.weight,107,layer3.3.conv3.weight_ch107,0.586410641670227
layer4.0.conv3.weight,1803,layer4.0.conv3.weight_ch1803,0.5862129926681519
layer4.0.conv3.weight,559,layer4.0.conv3.weight_ch559,0.5861485004425049
layer2.1.conv3.weight,144,layer2.1.conv3.weight_ch144,0.5854349732398987
layer4.1.conv1.weight,353,layer4.1.conv1.weight_ch353,0.5845682621002197
layer1.2.conv3.weight,249,layer1.2.conv3.weight_ch249,0.5840994119644165
layer3.1.conv3.weight,511,layer3.1.conv3.weight_ch511,0.5838843584060669
layer3.1.conv3.weight,1013,layer3.1.conv3.weight_ch1013,0.583649754524231
layer3.1.conv3.weight,919,layer3.1.conv3.weight_ch919,0.5835657715797424
layer3.1.conv3.weight,82,layer3.1.conv3.weight_ch82,0.5828430652618408
layer3.5.conv3.weight,747,layer3.5.conv3.weight_ch747,0.5825713276863098
layer4.0.conv3.weight,167,layer4.0.conv3.weight_ch167,0.5824521780014038
layer3.5.conv3.weight,39,layer3.5.conv3.weight_ch39,0.5821781158447266
layer4.0.conv3.weight,1029,layer4.0.conv3.weight_ch1029,0.5815957188606262
layer3.1.conv3.weight,875,layer3.1.conv3.weight_ch875,0.5815787315368652
layer4.0.conv3.weight,1908,layer4.0.conv3.weight_ch1908,0.5811154246330261
layer3.2.conv3.weight,494,layer3.2.conv3.weight_ch494,0.5804454684257507
layer4.0.conv3.weight,1909,layer4.0.conv3.weight_ch1909,0.5791221261024475
layer2.1.conv3.weight,378,layer2.1.conv3.weight_ch378,0.579055666923523
layer3.0.conv3.weight,420,layer3.0.conv3.weight_ch420,0.5786041617393494
layer2.0.conv1.weight,93,layer2.0.conv1.weight_ch93,0.5782889723777771
layer1.2.conv3.weight,35,layer1.2.conv3.weight_ch35,0.5777546763420105
layer2.1.conv3.weight,273,layer2.1.conv3.weight_ch273,0.5768772959709167
layer3.3.conv3.weight,188,layer3.3.conv3.weight_ch188,0.5762009620666504
layer2.1.conv3.weight,43,layer2.1.conv3.weight_ch43,0.5748965740203857
layer3.1.conv3.weight,677,layer3.1.conv3.weight_ch677,0.574685275554657
layer3.3.conv3.weight,697,layer3.3.conv3.weight_ch697,0.5745962262153625
layer1.2.conv3.weight,187,layer1.2.conv3.weight_ch187,0.574356734752655
layer1.2.conv3.weight,123,layer1.2.conv3.weight_ch123,0.5741148591041565
layer1.2.conv3.weight,217,layer1.2.conv3.weight_ch217,0.5739870071411133
layer4.0.conv3.weight,2021,layer4.0.conv3.weight_ch2021,0.5731102824211121
layer3.1.conv3.weight,333,layer3.1.conv3.weight_ch333,0.572934627532959
layer3.5.conv3.weight,805,layer3.5.conv3.weight_ch805,0.5728444457054138
layer3.3.conv3.weight,476,layer3.3.conv3.weight_ch476,0.5709920525550842
layer4.1.conv1.weight,182,layer4.1.conv1.weight_ch182,0.5705965161323547
layer3.2.conv3.weight,325,layer3.2.conv3.weight_ch325,0.568761944770813
layer3.5.conv3.weight,105,layer3.5.conv3.weight_ch105,0.5684282779693604
layer3.1.conv3.weight,87,layer3.1.conv3.weight_ch87,0.5679961442947388
layer2.1.conv3.weight,57,layer2.1.conv3.weight_ch57,0.5678637027740479
layer3.1.conv3.weight,61,layer3.1.conv3.weight_ch61,0.5677643418312073
layer2.1.conv3.weight,343,layer2.1.conv3.weight_ch343,0.5675142407417297
layer1.2.conv3.weight,27,layer1.2.conv3.weight_ch27,0.5670503973960876
layer3.5.conv3.weight,53,layer3.5.conv3.weight_ch53,0.5648211240768433
layer4.0.conv3.weight,1216,layer4.0.conv3.weight_ch1216,0.5641925930976868
layer1.2.conv3.weight,168,layer1.2.conv3.weight_ch168,0.5629572868347168
layer3.1.conv3.weight,928,layer3.1.conv3.weight_ch928,0.5624408721923828
layer3.2.conv1.weight,52,layer3.2.conv1.weight_ch52,0.5619503259658813
layer3.2.conv3.weight,310,layer3.2.conv3.weight_ch310,0.5611488819122314
layer3.3.conv3.weight,739,layer3.3.conv3.weight_ch739,0.5603229999542236
layer3.5.conv3.weight,696,layer3.5.conv3.weight_ch696,0.5595991611480713
layer3.5.conv3.weight,169,layer3.5.conv3.weight_ch169,0.5594385266304016
layer4.0.conv3.weight,886,layer4.0.conv3.weight_ch886,0.5577784776687622
layer3.2.conv3.weight,50,layer3.2.conv3.weight_ch50,0.5570017099380493
layer3.1.conv3.weight,499,layer3.1.conv3.weight_ch499,0.5568896532058716
layer1.2.conv3.weight,198,layer1.2.conv3.weight_ch198,0.5567362308502197
layer3.5.conv3.weight,378,layer3.5.conv3.weight_ch378,0.5562517046928406
layer4.0.conv3.weight,1051,layer4.0.conv3.weight_ch1051,0.5554721355438232
layer3.0.conv3.weight,215,layer3.0.conv3.weight_ch215,0.5553857684135437
layer3.0.conv3.weight,859,layer3.0.conv3.weight_ch859,0.5549397468566895
layer3.2.conv3.weight,558,layer3.2.conv3.weight_ch558,0.554294764995575
layer3.1.conv3.weight,648,layer3.1.conv3.weight_ch648,0.5532273054122925
layer3.2.conv3.weight,440,layer3.2.conv3.weight_ch440,0.5529677867889404
layer3.1.conv3.weight,497,layer3.1.conv3.weight_ch497,0.552007794380188
layer1.2.conv3.weight,131,layer1.2.conv3.weight_ch131,0.5519053936004639
layer4.0.conv3.weight,1674,layer4.0.conv3.weight_ch1674,0.5514997243881226
layer2.1.conv3.weight,344,layer2.1.conv3.weight_ch344,0.5512294769287109
layer3.3.conv3.weight,120,layer3.3.conv3.weight_ch120,0.5490272045135498
layer2.1.conv3.weight,140,layer2.1.conv3.weight_ch140,0.5485946536064148
layer2.1.conv3.weight,269,layer2.1.conv3.weight_ch269,0.5482535362243652
layer1.2.conv3.weight,199,layer1.2.conv3.weight_ch199,0.5473836064338684
layer1.2.conv3.weight,17,layer1.2.conv3.weight_ch17,0.5471374988555908
layer4.0.conv3.weight,158,layer4.0.conv3.weight_ch158,0.5470567345619202
layer4.0.conv3.weight,893,layer4.0.conv3.weight_ch893,0.5469085574150085
layer3.5.conv3.weight,940,layer3.5.conv3.weight_ch940,0.5459415912628174
layer3.2.conv2.weight,246,layer3.2.conv2.weight_ch246,0.5449813008308411
layer2.1.conv3.weight,268,layer2.1.conv3.weight_ch268,0.5441696643829346
layer1.2.conv3.weight,130,layer1.2.conv3.weight_ch130,0.5436680912971497
layer4.0.conv3.weight,77,layer4.0.conv3.weight_ch77,0.5435033440589905
layer4.0.conv3.weight,2014,layer4.0.conv3.weight_ch2014,0.5419946908950806
layer3.5.conv3.weight,438,layer3.5.conv3.weight_ch438,0.541400134563446
layer2.1.conv3.weight,446,layer2.1.conv3.weight_ch446,0.5413203835487366
layer1.2.conv3.weight,221,layer1.2.conv3.weight_ch221,0.5411401987075806
layer4.1.conv1.weight,229,layer4.1.conv1.weight_ch229,0.5404483079910278
layer3.5.conv3.weight,130,layer3.5.conv3.weight_ch130,0.5401548147201538
layer3.5.conv3.weight,1003,layer3.5.conv3.weight_ch1003,0.5399302840232849
layer1.2.conv3.weight,87,layer1.2.conv3.weight_ch87,0.5389663577079773
layer4.0.conv3.weight,1658,layer4.0.conv3.weight_ch1658,0.5384187698364258
layer3.5.conv3.weight,228,layer3.5.conv3.weight_ch228,0.5380420684814453
layer1.2.conv3.weight,206,layer1.2.conv3.weight_ch206,0.5374606847763062
layer3.0.conv3.weight,837,layer3.0.conv3.weight_ch837,0.536841869354248
layer3.5.conv3.weight,687,layer3.5.conv3.weight_ch687,0.5357666611671448
layer3.5.conv3.weight,333,layer3.5.conv3.weight_ch333,0.5357468724250793
layer4.0.conv3.weight,226,layer4.0.conv3.weight_ch226,0.5357210636138916
layer3.0.conv3.weight,169,layer3.0.conv3.weight_ch169,0.5349180698394775
layer4.0.conv3.weight,1136,layer4.0.conv3.weight_ch1136,0.534735918045044
layer4.0.conv3.weight,111,layer4.0.conv3.weight_ch111,0.5342295169830322
layer3.5.conv3.weight,706,layer3.5.conv3.weight_ch706,0.5310848355293274
layer3.5.conv3.weight,648,layer3.5.conv3.weight_ch648,0.5307350158691406
layer4.0.conv3.weight,1255,layer4.0.conv3.weight_ch1255,0.5279386043548584
layer1.2.conv3.weight,18,layer1.2.conv3.weight_ch18,0.5277981162071228
layer3.2.conv3.weight,875,layer3.2.conv3.weight_ch875,0.5273770093917847
layer1.2.conv3.weight,128,layer1.2.conv3.weight_ch128,0.526301920413971
layer2.1.conv3.weight,452,layer2.1.conv3.weight_ch452,0.5258765816688538
layer3.5.conv3.weight,320,layer3.5.conv3.weight_ch320,0.5258362293243408
layer4.0.conv3.weight,1549,layer4.0.conv3.weight_ch1549,0.5252072215080261
layer2.0.conv1.weight,3,layer2.0.conv1.weight_ch3,0.5241600275039673
layer3.5.conv3.weight,776,layer3.5.conv3.weight_ch776,0.5241079926490784
layer3.5.conv3.weight,128,layer3.5.conv3.weight_ch128,0.5238344669342041
layer4.0.conv3.weight,822,layer4.0.conv3.weight_ch822,0.5229358673095703
layer4.1.conv1.weight,383,layer4.1.conv1.weight_ch383,0.5226395726203918
layer4.0.conv3.weight,1191,layer4.0.conv3.weight_ch1191,0.5214701294898987
layer3.2.conv3.weight,11,layer3.2.conv3.weight_ch11,0.520821750164032
layer3.3.conv3.weight,178,layer3.3.conv3.weight_ch178,0.5201776623725891
layer3.3.conv3.weight,770,layer3.3.conv3.weight_ch770,0.5191553831100464
layer3.5.conv3.weight,825,layer3.5.conv3.weight_ch825,0.5188345909118652
layer2.1.conv3.weight,382,layer2.1.conv3.weight_ch382,0.5177902579307556
layer3.3.conv3.weight,38,layer3.3.conv3.weight_ch38,0.5174034237861633
layer3.1.conv3.weight,961,layer3.1.conv3.weight_ch961,0.5166105031967163
layer3.1.conv3.weight,337,layer3.1.conv3.weight_ch337,0.5160660743713379
layer3.2.conv3.weight,838,layer3.2.conv3.weight_ch838,0.5160195231437683
layer3.0.conv3.weight,234,layer3.0.conv3.weight_ch234,0.5140259861946106
layer4.1.conv1.weight,485,layer4.1.conv1.weight_ch485,0.5136395692825317
layer2.1.conv3.weight,152,layer2.1.conv3.weight_ch152,0.5130236148834229
layer1.2.conv3.weight,115,layer1.2.conv3.weight_ch115,0.5113649964332581
layer3.2.conv3.weight,314,layer3.2.conv3.weight_ch314,0.5106735229492188
layer4.0.conv3.weight,1321,layer4.0.conv3.weight_ch1321,0.5104613900184631
layer4.0.conv3.weight,1778,layer4.0.conv3.weight_ch1778,0.5094365477561951
layer3.1.conv3.weight,11,layer3.1.conv3.weight_ch11,0.508441686630249
layer3.1.conv3.weight,398,layer3.1.conv3.weight_ch398,0.5082140564918518
layer4.0.conv3.weight,921,layer4.0.conv3.weight_ch921,0.5079953074455261
layer3.3.conv3.weight,779,layer3.3.conv3.weight_ch779,0.5069403648376465
layer3.2.conv1.weight,209,layer3.2.conv1.weight_ch209,0.5067945122718811
layer3.5.conv3.weight,277,layer3.5.conv3.weight_ch277,0.5057079792022705
layer3.5.conv3.weight,615,layer3.5.conv3.weight_ch615,0.5050543546676636
layer4.0.conv3.weight,51,layer4.0.conv3.weight_ch51,0.5044633150100708
layer3.5.conv3.weight,708,layer3.5.conv3.weight_ch708,0.5043095946311951
layer1.2.conv3.weight,180,layer1.2.conv3.weight_ch180,0.5004037618637085
layer3.0.conv3.weight,481,layer3.0.conv3.weight_ch481,0.4998951852321625
layer3.0.conv3.weight,852,layer3.0.conv3.weight_ch852,0.49970555305480957
layer3.1.conv3.weight,572,layer3.1.conv3.weight_ch572,0.4988531172275543
layer3.2.conv1.weight,215,layer3.2.conv1.weight_ch215,0.4983777403831482
layer3.3.conv3.weight,157,layer3.3.conv3.weight_ch157,0.4977964162826538
layer4.0.conv3.weight,907,layer4.0.conv3.weight_ch907,0.49718719720840454
layer2.1.conv3.weight,397,layer2.1.conv3.weight_ch397,0.4966673254966736
layer1.2.conv3.weight,134,layer1.2.conv3.weight_ch134,0.49664589762687683
layer3.5.conv3.weight,617,layer3.5.conv3.weight_ch617,0.4960095286369324
layer4.1.conv1.weight,333,layer4.1.conv1.weight_ch333,0.4955436587333679
layer3.1.conv3.weight,229,layer3.1.conv3.weight_ch229,0.49545323848724365
layer4.1.conv1.weight,181,layer4.1.conv1.weight_ch181,0.4934057295322418
layer3.5.conv3.weight,482,layer3.5.conv3.weight_ch482,0.49194276332855225
layer4.0.conv3.weight,1209,layer4.0.conv3.weight_ch1209,0.4909241199493408
layer3.1.conv3.weight,973,layer3.1.conv3.weight_ch973,0.48872196674346924
layer3.5.conv3.weight,836,layer3.5.conv3.weight_ch836,0.4881068468093872
layer3.1.conv3.weight,173,layer3.1.conv3.weight_ch173,0.48719754815101624
layer3.1.conv3.weight,606,layer3.1.conv3.weight_ch606,0.4871698319911957
layer2.1.conv3.weight,326,layer2.1.conv3.weight_ch326,0.48682254552841187
layer4.1.conv1.weight,20,layer4.1.conv1.weight_ch20,0.48390018939971924
layer3.2.conv1.weight,29,layer3.2.conv1.weight_ch29,0.4837753474712372
layer3.1.conv3.weight,718,layer3.1.conv3.weight_ch718,0.48341822624206543
layer3.5.conv3.weight,87,layer3.5.conv3.weight_ch87,0.483253538608551
layer2.1.conv3.weight,292,layer2.1.conv3.weight_ch292,0.4819026589393616
layer3.2.conv1.weight,23,layer3.2.conv1.weight_ch23,0.4818759262561798
layer4.0.conv3.weight,666,layer4.0.conv3.weight_ch666,0.48169127106666565
layer3.5.conv3.weight,195,layer3.5.conv3.weight_ch195,0.48153582215309143
layer3.5.conv3.weight,919,layer3.5.conv3.weight_ch919,0.4814401865005493
layer3.2.conv3.weight,311,layer3.2.conv3.weight_ch311,0.48065632581710815
layer4.1.conv1.weight,33,layer4.1.conv1.weight_ch33,0.4800496995449066
layer4.0.conv3.weight,362,layer4.0.conv3.weight_ch362,0.4797239303588867
layer1.2.conv3.weight,164,layer1.2.conv3.weight_ch164,0.478640079498291
layer1.2.conv3.weight,102,layer1.2.conv3.weight_ch102,0.47837790846824646
layer4.0.conv3.weight,1916,layer4.0.conv3.weight_ch1916,0.47778019309043884
layer4.1.conv1.weight,28,layer4.1.conv1.weight_ch28,0.47741156816482544
layer3.3.conv3.weight,196,layer3.3.conv3.weight_ch196,0.47715264558792114
layer4.1.conv1.weight,286,layer4.1.conv1.weight_ch286,0.4751078188419342
layer4.1.conv1.weight,184,layer4.1.conv1.weight_ch184,0.4739810526371002
layer2.1.conv3.weight,379,layer2.1.conv3.weight_ch379,0.47351664304733276
layer3.5.conv3.weight,286,layer3.5.conv3.weight_ch286,0.47292011976242065
layer2.1.conv3.weight,434,layer2.1.conv3.weight_ch434,0.47271302342414856
layer4.0.conv3.weight,1871,layer4.0.conv3.weight_ch1871,0.47247403860092163
layer3.2.conv3.weight,411,layer3.2.conv3.weight_ch411,0.47204238176345825
layer2.1.conv3.weight,40,layer2.1.conv3.weight_ch40,0.4697701036930084
layer1.2.conv3.weight,89,layer1.2.conv3.weight_ch89,0.4696334898471832
layer4.0.conv3.weight,361,layer4.0.conv3.weight_ch361,0.4680975675582886
layer3.3.conv3.weight,44,layer3.3.conv3.weight_ch44,0.46807628870010376
layer3.0.conv3.weight,556,layer3.0.conv3.weight_ch556,0.46783727407455444
layer1.2.conv3.weight,229,layer1.2.conv3.weight_ch229,0.4675680994987488
layer3.2.conv3.weight,364,layer3.2.conv3.weight_ch364,0.4672267436981201
layer1.2.conv3.weight,127,layer1.2.conv3.weight_ch127,0.46707838773727417
layer3.5.conv3.weight,442,layer3.5.conv3.weight_ch442,0.4670579731464386
layer4.0.conv3.weight,854,layer4.0.conv3.weight_ch854,0.4651894271373749
layer4.0.conv3.weight,1608,layer4.0.conv3.weight_ch1608,0.4639953672885895
layer3.2.conv1.weight,161,layer3.2.conv1.weight_ch161,0.46342357993125916
layer4.1.conv1.weight,61,layer4.1.conv1.weight_ch61,0.4626169800758362
layer4.0.conv3.weight,1031,layer4.0.conv3.weight_ch1031,0.46072328090667725
layer4.0.conv3.weight,1934,layer4.0.conv3.weight_ch1934,0.46028003096580505
layer3.5.conv3.weight,986,layer3.5.conv3.weight_ch986,0.46020475029945374
layer4.1.conv1.weight,352,layer4.1.conv1.weight_ch352,0.4591802954673767
layer3.0.conv3.weight,203,layer3.0.conv3.weight_ch203,0.45862212777137756
layer2.1.conv3.weight,133,layer2.1.conv3.weight_ch133,0.457973450422287
layer3.2.conv2.weight,2,layer3.2.conv2.weight_ch2,0.4558602571487427
layer3.1.conv3.weight,485,layer3.1.conv3.weight_ch485,0.45415258407592773
layer4.0.conv3.weight,1669,layer4.0.conv3.weight_ch1669,0.4532477557659149
layer3.3.conv3.weight,462,layer3.3.conv3.weight_ch462,0.4501771628856659
layer3.3.conv3.weight,123,layer3.3.conv3.weight_ch123,0.4500422477722168
layer4.0.conv3.weight,566,layer4.0.conv3.weight_ch566,0.4500303268432617
layer3.0.conv3.weight,60,layer3.0.conv3.weight_ch60,0.4496719241142273
layer3.2.conv3.weight,98,layer3.2.conv3.weight_ch98,0.44863003492355347
layer2.1.conv3.weight,238,layer2.1.conv3.weight_ch238,0.4467727243900299
layer3.1.conv3.weight,969,layer3.1.conv3.weight_ch969,0.44663479924201965
layer3.3.conv3.weight,911,layer3.3.conv3.weight_ch911,0.44475096464157104
layer2.1.conv3.weight,388,layer2.1.conv3.weight_ch388,0.44419991970062256
layer3.0.conv3.weight,996,layer3.0.conv3.weight_ch996,0.44244658946990967
layer3.0.conv3.weight,47,layer3.0.conv3.weight_ch47,0.4420945644378662
layer1.2.conv3.weight,107,layer1.2.conv3.weight_ch107,0.44197016954421997
layer1.2.conv3.weight,172,layer1.2.conv3.weight_ch172,0.4415093660354614
layer3.2.conv3.weight,836,layer3.2.conv3.weight_ch836,0.4412834942340851
layer3.2.conv1.weight,172,layer3.2.conv1.weight_ch172,0.44027864933013916
layer3.1.conv3.weight,226,layer3.1.conv3.weight_ch226,0.4375940263271332
layer4.0.conv3.weight,768,layer4.0.conv3.weight_ch768,0.4361433982849121
layer4.0.conv3.weight,714,layer4.0.conv3.weight_ch714,0.4351440370082855
layer3.0.conv3.weight,906,layer3.0.conv3.weight_ch906,0.4345911145210266
layer3.2.conv3.weight,863,layer3.2.conv3.weight_ch863,0.4345689117908478
layer3.5.conv3.weight,475,layer3.5.conv3.weight_ch475,0.43346279859542847
layer3.1.conv3.weight,498,layer3.1.conv3.weight_ch498,0.43334656953811646
layer3.2.conv3.weight,137,layer3.2.conv3.weight_ch137,0.43280574679374695
layer4.0.conv3.weight,2040,layer4.0.conv3.weight_ch2040,0.4316667318344116
layer3.5.conv3.weight,871,layer3.5.conv3.weight_ch871,0.4305019676685333
layer3.1.conv3.weight,724,layer3.1.conv3.weight_ch724,0.429920494556427
layer3.3.conv3.weight,11,layer3.3.conv3.weight_ch11,0.4275010824203491
layer3.3.conv3.weight,68,layer3.3.conv3.weight_ch68,0.427459716796875
layer3.1.conv3.weight,457,layer3.1.conv3.weight_ch457,0.4270227551460266
layer3.5.conv3.weight,354,layer3.5.conv3.weight_ch354,0.4266616106033325
layer4.0.conv3.weight,1132,layer4.0.conv3.weight_ch1132,0.4252326488494873
layer4.0.conv3.weight,1312,layer4.0.conv3.weight_ch1312,0.42470404505729675
layer3.1.conv3.weight,132,layer3.1.conv3.weight_ch132,0.42406392097473145
layer4.1.conv1.weight,11,layer4.1.conv1.weight_ch11,0.42239639163017273
layer3.1.conv3.weight,321,layer3.1.conv3.weight_ch321,0.42213162779808044
layer4.1.conv1.weight,26,layer4.1.conv1.weight_ch26,0.4219070374965668
layer2.1.conv3.weight,502,layer2.1.conv3.weight_ch502,0.4208199381828308
layer3.2.conv1.weight,238,layer3.2.conv1.weight_ch238,0.4202003479003906
layer4.0.conv3.weight,392,layer4.0.conv3.weight_ch392,0.41923820972442627
layer3.1.conv3.weight,310,layer3.1.conv3.weight_ch310,0.41820070147514343
layer3.5.conv3.weight,499,layer3.5.conv3.weight_ch499,0.4180469214916229
layer3.5.conv3.weight,139,layer3.5.conv3.weight_ch139,0.41720524430274963
layer4.0.conv3.weight,1807,layer4.0.conv3.weight_ch1807,0.4169437289237976
layer2.1.conv3.weight,482,layer2.1.conv3.weight_ch482,0.4162381887435913
layer3.2.conv3.weight,530,layer3.2.conv3.weight_ch530,0.4154599905014038
layer1.2.conv3.weight,99,layer1.2.conv3.weight_ch99,0.41530629992485046
layer2.1.conv3.weight,429,layer2.1.conv3.weight_ch429,0.41421180963516235
layer1.2.conv3.weight,196,layer1.2.conv3.weight_ch196,0.41395121812820435
layer3.5.conv3.weight,692,layer3.5.conv3.weight_ch692,0.4135919511318207
layer4.0.conv3.weight,1257,layer4.0.conv3.weight_ch1257,0.41283297538757324
layer4.0.conv3.weight,90,layer4.0.conv3.weight_ch90,0.41267693042755127
layer3.3.conv3.weight,712,layer3.3.conv3.weight_ch712,0.4126739501953125
layer3.2.conv3.weight,510,layer3.2.conv3.weight_ch510,0.4125077426433563
layer4.0.conv3.weight,557,layer4.0.conv3.weight_ch557,0.4122837781906128
layer3.1.conv3.weight,464,layer3.1.conv3.weight_ch464,0.41168954968452454
layer1.2.conv3.weight,7,layer1.2.conv3.weight_ch7,0.4112454652786255
layer2.1.conv3.weight,116,layer2.1.conv3.weight_ch116,0.4109894037246704
layer3.2.conv1.weight,245,layer3.2.conv1.weight_ch245,0.410933256149292
layer3.5.conv3.weight,330,layer3.5.conv3.weight_ch330,0.4107835292816162
layer1.2.conv3.weight,72,layer1.2.conv3.weight_ch72,0.41018933057785034
layer4.0.conv3.weight,493,layer4.0.conv3.weight_ch493,0.41007861495018005
layer3.5.conv3.weight,303,layer3.5.conv3.weight_ch303,0.410075306892395
layer3.5.conv3.weight,766,layer3.5.conv3.weight_ch766,0.4095759391784668
layer3.5.conv3.weight,669,layer3.5.conv3.weight_ch669,0.4088897109031677
layer3.1.conv3.weight,832,layer3.1.conv3.weight_ch832,0.40884870290756226
layer3.3.conv3.weight,200,layer3.3.conv3.weight_ch200,0.4085801839828491
layer3.1.conv3.weight,858,layer3.1.conv3.weight_ch858,0.40770697593688965
layer3.2.conv3.weight,320,layer3.2.conv3.weight_ch320,0.4073912799358368
layer4.0.conv3.weight,1030,layer4.0.conv3.weight_ch1030,0.4053157866001129
layer3.5.conv3.weight,219,layer3.5.conv3.weight_ch219,0.40317147970199585
layer3.5.conv3.weight,321,layer3.5.conv3.weight_ch321,0.40267544984817505
layer2.1.conv3.weight,256,layer2.1.conv3.weight_ch256,0.40253645181655884
layer3.1.conv3.weight,634,layer3.1.conv3.weight_ch634,0.4016984701156616
layer3.1.conv3.weight,556,layer3.1.conv3.weight_ch556,0.40156328678131104
layer3.5.conv3.weight,253,layer3.5.conv3.weight_ch253,0.4013194739818573
layer4.0.conv3.weight,1914,layer4.0.conv3.weight_ch1914,0.40074026584625244
layer2.1.conv3.weight,423,layer2.1.conv3.weight_ch423,0.400499552488327
layer3.1.conv3.weight,1015,layer3.1.conv3.weight_ch1015,0.39593449234962463
layer4.0.conv3.weight,1267,layer4.0.conv3.weight_ch1267,0.39459624886512756
layer3.1.conv3.weight,120,layer3.1.conv3.weight_ch120,0.39426958560943604
layer3.1.conv3.weight,519,layer3.1.conv3.weight_ch519,0.3924172520637512
layer2.1.conv3.weight,130,layer2.1.conv3.weight_ch130,0.3909287750720978
layer4.0.conv3.weight,522,layer4.0.conv3.weight_ch522,0.39052802324295044
layer3.5.conv3.weight,188,layer3.5.conv3.weight_ch188,0.39002761244773865
layer3.1.conv3.weight,197,layer3.1.conv3.weight_ch197,0.3898155987262726
layer3.1.conv3.weight,296,layer3.1.conv3.weight_ch296,0.3885830044746399
layer4.0.conv3.weight,1497,layer4.0.conv3.weight_ch1497,0.3866691291332245
layer3.2.conv3.weight,497,layer3.2.conv3.weight_ch497,0.38627034425735474
layer1.2.conv3.weight,219,layer1.2.conv3.weight_ch219,0.384707510471344
layer2.1.conv3.weight,184,layer2.1.conv3.weight_ch184,0.3835594058036804
layer4.0.conv3.weight,1815,layer4.0.conv3.weight_ch1815,0.3835234045982361
layer3.1.conv3.weight,871,layer3.1.conv3.weight_ch871,0.3809320628643036
layer4.0.conv3.weight,1729,layer4.0.conv3.weight_ch1729,0.3780251443386078
layer3.0.conv3.weight,541,layer3.0.conv3.weight_ch541,0.37733587622642517
layer3.5.conv3.weight,268,layer3.5.conv3.weight_ch268,0.3757869303226471
layer3.3.conv3.weight,782,layer3.3.conv3.weight_ch782,0.3756142854690552
layer3.3.conv3.weight,316,layer3.3.conv3.weight_ch316,0.37504521012306213
layer3.2.conv1.weight,26,layer3.2.conv1.weight_ch26,0.3744969666004181
layer3.1.conv3.weight,493,layer3.1.conv3.weight_ch493,0.37291640043258667
layer4.0.conv3.weight,1396,layer4.0.conv3.weight_ch1396,0.37268251180648804
layer2.1.conv3.weight,258,layer2.1.conv3.weight_ch258,0.3708426356315613
layer3.2.conv3.weight,149,layer3.2.conv3.weight_ch149,0.36867469549179077
layer4.0.conv3.weight,947,layer4.0.conv3.weight_ch947,0.3685593008995056
layer3.5.conv3.weight,383,layer3.5.conv3.weight_ch383,0.3672349750995636
layer3.5.conv3.weight,269,layer3.5.conv3.weight_ch269,0.3666457235813141
layer2.1.conv3.weight,115,layer2.1.conv3.weight_ch115,0.36629271507263184
layer3.1.conv3.weight,502,layer3.1.conv3.weight_ch502,0.3649810552597046
layer4.1.conv1.weight,499,layer4.1.conv1.weight_ch499,0.36483511328697205
layer3.0.conv3.weight,1021,layer3.0.conv3.weight_ch1021,0.364378422498703
layer4.0.conv3.weight,1740,layer4.0.conv3.weight_ch1740,0.3643462061882019
layer4.0.conv3.weight,1400,layer4.0.conv3.weight_ch1400,0.36295393109321594
layer4.1.conv1.weight,135,layer4.1.conv1.weight_ch135,0.35878050327301025
layer3.2.conv2.weight,145,layer3.2.conv2.weight_ch145,0.35846245288848877
layer3.2.conv3.weight,521,layer3.2.conv3.weight_ch521,0.3522442579269409
layer4.0.conv3.weight,1280,layer4.0.conv3.weight_ch1280,0.3505827784538269
layer4.0.conv3.weight,1347,layer4.0.conv3.weight_ch1347,0.34324637055397034
layer4.0.conv3.weight,1067,layer4.0.conv3.weight_ch1067,0.34209755063056946
layer4.0.conv3.weight,1521,layer4.0.conv3.weight_ch1521,0.34020137786865234
layer4.0.conv3.weight,998,layer4.0.conv3.weight_ch998,0.3386785686016083
layer4.0.conv3.weight,1236,layer4.0.conv3.weight_ch1236,0.3360428512096405
layer3.5.conv3.weight,760,layer3.5.conv3.weight_ch760,0.3349491059780121
layer3.2.conv1.weight,244,layer3.2.conv1.weight_ch244,0.33472365140914917
layer3.1.conv3.weight,408,layer3.1.conv3.weight_ch408,0.3311864137649536
layer1.2.conv3.weight,53,layer1.2.conv3.weight_ch53,0.33085018396377563
layer3.1.conv3.weight,214,layer3.1.conv3.weight_ch214,0.3299295902252197
layer3.5.conv3.weight,966,layer3.5.conv3.weight_ch966,0.3285330533981323
layer4.1.conv1.weight,435,layer4.1.conv1.weight_ch435,0.3280068635940552
layer3.0.conv3.weight,592,layer3.0.conv3.weight_ch592,0.32761335372924805
layer4.0.conv3.weight,749,layer4.0.conv3.weight_ch749,0.3264816403388977
layer3.1.conv3.weight,47,layer3.1.conv3.weight_ch47,0.32597219944000244
layer4.0.conv3.weight,787,layer4.0.conv3.weight_ch787,0.3259439766407013
layer3.2.conv3.weight,567,layer3.2.conv3.weight_ch567,0.32571941614151
layer4.0.conv3.weight,95,layer4.0.conv3.weight_ch95,0.325126588344574
layer4.0.conv3.weight,783,layer4.0.conv3.weight_ch783,0.3244146704673767
layer4.0.conv3.weight,45,layer4.0.conv3.weight_ch45,0.32397109270095825
layer4.0.conv3.weight,953,layer4.0.conv3.weight_ch953,0.3233928680419922
layer1.2.conv3.weight,118,layer1.2.conv3.weight_ch118,0.32219892740249634
layer3.5.conv3.weight,161,layer3.5.conv3.weight_ch161,0.3213682472705841
layer1.2.conv3.weight,142,layer1.2.conv3.weight_ch142,0.3203389644622803
layer4.1.conv1.weight,256,layer4.1.conv1.weight_ch256,0.319875031709671
layer3.2.conv3.weight,800,layer3.2.conv3.weight_ch800,0.31509363651275635
layer1.2.conv3.weight,185,layer1.2.conv3.weight_ch185,0.31445613503456116
layer4.0.conv3.weight,1082,layer4.0.conv3.weight_ch1082,0.3141762912273407
layer3.5.conv3.weight,605,layer3.5.conv3.weight_ch605,0.3110377788543701
layer4.1.conv1.weight,156,layer4.1.conv1.weight_ch156,0.3095541298389435
layer3.1.conv3.weight,246,layer3.1.conv3.weight_ch246,0.30818408727645874
layer4.0.conv3.weight,65,layer4.0.conv3.weight_ch65,0.3067985773086548
layer3.5.conv3.weight,55,layer3.5.conv3.weight_ch55,0.3067697584629059
layer4.0.conv3.weight,13,layer4.0.conv3.weight_ch13,0.3055790662765503
layer4.0.conv3.weight,102,layer4.0.conv3.weight_ch102,0.3054935038089752
layer3.0.conv3.weight,707,layer3.0.conv3.weight_ch707,0.30349165201187134
layer4.0.conv3.weight,189,layer4.0.conv3.weight_ch189,0.3021140694618225
layer3.1.conv3.weight,751,layer3.1.conv3.weight_ch751,0.30185383558273315
layer4.0.conv3.weight,565,layer4.0.conv3.weight_ch565,0.3007483184337616
layer4.0.conv3.weight,570,layer4.0.conv3.weight_ch570,0.30051323771476746
layer4.0.conv3.weight,495,layer4.0.conv3.weight_ch495,0.3004554212093353
layer4.1.conv1.weight,81,layer4.1.conv1.weight_ch81,0.2996489405632019
layer4.0.conv3.weight,793,layer4.0.conv3.weight_ch793,0.299059122800827
layer4.0.conv3.weight,872,layer4.0.conv3.weight_ch872,0.298409104347229
layer3.3.conv3.weight,992,layer3.3.conv3.weight_ch992,0.29717791080474854
layer4.0.conv3.weight,1440,layer4.0.conv3.weight_ch1440,0.2971571087837219
layer4.0.conv3.weight,1923,layer4.0.conv3.weight_ch1923,0.2928764820098877
layer4.0.conv3.weight,1566,layer4.0.conv3.weight_ch1566,0.29279279708862305
layer4.1.conv1.weight,264,layer4.1.conv1.weight_ch264,0.2922652065753937
layer4.0.conv3.weight,92,layer4.0.conv3.weight_ch92,0.2911720871925354
layer4.0.conv3.weight,432,layer4.0.conv3.weight_ch432,0.289675235748291
layer4.0.conv3.weight,135,layer4.0.conv3.weight_ch135,0.2868717610836029
layer3.5.conv3.weight,832,layer3.5.conv3.weight_ch832,0.2845715880393982
layer3.5.conv3.weight,444,layer3.5.conv3.weight_ch444,0.2841600477695465
layer4.1.conv1.weight,327,layer4.1.conv1.weight_ch327,0.28363797068595886
layer3.1.conv3.weight,400,layer3.1.conv3.weight_ch400,0.2819352447986603
layer2.1.conv3.weight,148,layer2.1.conv3.weight_ch148,0.2807043492794037
layer4.1.conv1.weight,394,layer4.1.conv1.weight_ch394,0.28011149168014526
layer3.1.conv3.weight,578,layer3.1.conv3.weight_ch578,0.2769988775253296
layer3.3.conv3.weight,682,layer3.3.conv3.weight_ch682,0.27679523825645447
layer3.1.conv3.weight,203,layer3.1.conv3.weight_ch203,0.2758016586303711
layer4.0.conv3.weight,1064,layer4.0.conv3.weight_ch1064,0.2749761641025543
layer3.2.conv3.weight,499,layer3.2.conv3.weight_ch499,0.27354633808135986
layer4.0.conv3.weight,866,layer4.0.conv3.weight_ch866,0.2731432318687439
layer4.0.conv3.weight,806,layer4.0.conv3.weight_ch806,0.27117639780044556
layer3.1.conv3.weight,541,layer3.1.conv3.weight_ch541,0.27115923166275024
layer4.1.conv1.weight,139,layer4.1.conv1.weight_ch139,0.26866739988327026
layer4.0.conv3.weight,335,layer4.0.conv3.weight_ch335,0.267119824886322
layer3.0.conv3.weight,883,layer3.0.conv3.weight_ch883,0.2658544182777405
layer3.2.conv3.weight,696,layer3.2.conv3.weight_ch696,0.2643511891365051
layer3.1.conv3.weight,608,layer3.1.conv3.weight_ch608,0.26033487915992737
layer3.3.conv3.weight,875,layer3.3.conv3.weight_ch875,0.25918734073638916
layer3.2.conv1.weight,24,layer3.2.conv1.weight_ch24,0.25795888900756836
layer3.5.conv3.weight,464,layer3.5.conv3.weight_ch464,0.2554200291633606
layer3.1.conv3.weight,329,layer3.1.conv3.weight_ch329,0.2544746398925781
layer4.0.conv3.weight,912,layer4.0.conv3.weight_ch912,0.252472847700119
layer4.0.conv3.weight,1894,layer4.0.conv3.weight_ch1894,0.2520168721675873
layer4.0.conv3.weight,1599,layer4.0.conv3.weight_ch1599,0.251301109790802
layer2.1.conv3.weight,377,layer2.1.conv3.weight_ch377,0.24880777299404144
layer3.2.conv3.weight,1004,layer3.2.conv3.weight_ch1004,0.24825939536094666
layer3.5.conv3.weight,311,layer3.5.conv3.weight_ch311,0.24819016456604004
layer4.0.conv3.weight,1980,layer4.0.conv3.weight_ch1980,0.24752815067768097
layer3.2.conv3.weight,478,layer3.2.conv3.weight_ch478,0.24738073348999023
layer4.1.conv1.weight,204,layer4.1.conv1.weight_ch204,0.24502083659172058
layer3.2.conv3.weight,391,layer3.2.conv3.weight_ch391,0.24460923671722412
layer3.5.conv3.weight,521,layer3.5.conv3.weight_ch521,0.24079760909080505
layer3.2.conv3.weight,644,layer3.2.conv3.weight_ch644,0.2398635447025299
layer3.5.conv3.weight,416,layer3.5.conv3.weight_ch416,0.2391555905342102
layer3.2.conv3.weight,657,layer3.2.conv3.weight_ch657,0.23830866813659668
layer3.2.conv3.weight,923,layer3.2.conv3.weight_ch923,0.23734335601329803
layer4.1.conv1.weight,239,layer4.1.conv1.weight_ch239,0.2372877448797226
layer3.1.conv3.weight,990,layer3.1.conv3.weight_ch990,0.23292911052703857
layer3.1.conv3.weight,712,layer3.1.conv3.weight_ch712,0.23192274570465088
layer4.0.conv3.weight,1245,layer4.0.conv3.weight_ch1245,0.23136624693870544
layer4.0.conv3.weight,972,layer4.0.conv3.weight_ch972,0.22985059022903442
layer3.5.conv3.weight,626,layer3.5.conv3.weight_ch626,0.22885394096374512
layer4.0.conv3.weight,1156,layer4.0.conv3.weight_ch1156,0.22815458476543427
layer3.1.conv3.weight,425,layer3.1.conv3.weight_ch425,0.22755038738250732
layer4.0.conv3.weight,1930,layer4.0.conv3.weight_ch1930,0.22682656347751617
layer4.1.conv1.weight,337,layer4.1.conv1.weight_ch337,0.22667765617370605
layer3.0.conv3.weight,724,layer3.0.conv3.weight_ch724,0.2253102958202362
layer4.0.conv3.weight,1342,layer4.0.conv3.weight_ch1342,0.22331786155700684
layer2.1.conv3.weight,490,layer2.1.conv3.weight_ch490,0.22067053616046906
layer4.0.conv3.weight,1899,layer4.0.conv3.weight_ch1899,0.2206130176782608
layer2.1.conv3.weight,404,layer2.1.conv3.weight_ch404,0.21978560090065002
layer3.3.conv3.weight,199,layer3.3.conv3.weight_ch199,0.21515342593193054
layer3.1.conv3.weight,938,layer3.1.conv3.weight_ch938,0.21450310945510864
layer4.1.conv1.weight,308,layer4.1.conv1.weight_ch308,0.21422642469406128
layer3.5.conv3.weight,199,layer3.5.conv3.weight_ch199,0.212579146027565
layer3.3.conv3.weight,447,layer3.3.conv3.weight_ch447,0.21160832047462463
layer3.1.conv3.weight,784,layer3.1.conv3.weight_ch784,0.2096995860338211
layer3.0.conv3.weight,626,layer3.0.conv3.weight_ch626,0.20689332485198975
layer4.0.conv3.weight,1783,layer4.0.conv3.weight_ch1783,0.20531517267227173
layer4.1.conv1.weight,158,layer4.1.conv1.weight_ch158,0.205214262008667
layer3.3.conv3.weight,855,layer3.3.conv3.weight_ch855,0.20403733849525452
layer2.1.conv3.weight,415,layer2.1.conv3.weight_ch415,0.20134635269641876
layer3.3.conv3.weight,592,layer3.3.conv3.weight_ch592,0.20107300579547882
layer4.1.conv1.weight,409,layer4.1.conv1.weight_ch409,0.20092155039310455
layer4.1.conv1.weight,281,layer4.1.conv1.weight_ch281,0.200117826461792
layer3.1.conv3.weight,569,layer3.1.conv3.weight_ch569,0.19998019933700562
layer3.1.conv3.weight,980,layer3.1.conv3.weight_ch980,0.19761629402637482
layer2.1.conv3.weight,146,layer2.1.conv3.weight_ch146,0.19664356112480164
layer3.2.conv1.weight,83,layer3.2.conv1.weight_ch83,0.1936432272195816
layer4.1.conv1.weight,118,layer4.1.conv1.weight_ch118,0.19344109296798706
layer3.1.conv3.weight,903,layer3.1.conv3.weight_ch903,0.19334134459495544
layer4.1.conv1.weight,143,layer4.1.conv1.weight_ch143,0.19308117032051086
layer4.1.conv1.weight,74,layer4.1.conv1.weight_ch74,0.19202060997486115
layer4.1.conv1.weight,75,layer4.1.conv1.weight_ch75,0.19111232459545135
layer4.1.conv1.weight,490,layer4.1.conv1.weight_ch490,0.1900865137577057
layer4.0.conv3.weight,19,layer4.0.conv3.weight_ch19,0.18985557556152344
layer4.0.conv3.weight,1966,layer4.0.conv3.weight_ch1966,0.18919944763183594
layer3.1.conv3.weight,617,layer3.1.conv3.weight_ch617,0.1891622096300125
layer3.2.conv3.weight,818,layer3.2.conv3.weight_ch818,0.18776308000087738
layer4.1.conv1.weight,358,layer4.1.conv1.weight_ch358,0.18752174079418182
layer3.1.conv3.weight,670,layer3.1.conv3.weight_ch670,0.18664667010307312
layer4.0.conv3.weight,991,layer4.0.conv3.weight_ch991,0.1860872507095337
layer3.2.conv3.weight,97,layer3.2.conv3.weight_ch97,0.18600836396217346
layer3.1.conv3.weight,865,layer3.1.conv3.weight_ch865,0.18545597791671753
layer3.1.conv3.weight,1000,layer3.1.conv3.weight_ch1000,0.18458494544029236
layer4.0.conv3.weight,39,layer4.0.conv3.weight_ch39,0.18431901931762695
layer3.5.conv3.weight,134,layer3.5.conv3.weight_ch134,0.18138551712036133
layer3.2.conv1.weight,208,layer3.2.conv1.weight_ch208,0.18082579970359802
layer4.1.conv1.weight,299,layer4.1.conv1.weight_ch299,0.18040139973163605
layer2.1.conv3.weight,254,layer2.1.conv3.weight_ch254,0.17993463575839996
layer3.5.conv3.weight,478,layer3.5.conv3.weight_ch478,0.17895498871803284
layer4.0.conv3.weight,1760,layer4.0.conv3.weight_ch1760,0.17810344696044922
layer4.1.conv1.weight,218,layer4.1.conv1.weight_ch218,0.17762261629104614
layer3.1.conv3.weight,16,layer3.1.conv3.weight_ch16,0.17732051014900208
layer3.2.conv3.weight,477,layer3.2.conv3.weight_ch477,0.17582832276821136
layer2.1.conv3.weight,195,layer2.1.conv3.weight_ch195,0.1750737726688385
layer3.5.conv3.weight,578,layer3.5.conv3.weight_ch578,0.1749776303768158
layer3.5.conv3.weight,875,layer3.5.conv3.weight_ch875,0.17381851375102997
layer3.3.conv3.weight,374,layer3.3.conv3.weight_ch374,0.1731656938791275
layer3.5.conv3.weight,657,layer3.5.conv3.weight_ch657,0.1728437840938568
layer4.0.conv3.weight,428,layer4.0.conv3.weight_ch428,0.1719595044851303
layer4.0.conv3.weight,680,layer4.0.conv3.weight_ch680,0.17135752737522125
layer4.0.conv3.weight,1012,layer4.0.conv3.weight_ch1012,0.1713515818119049
layer3.1.conv3.weight,314,layer3.1.conv3.weight_ch314,0.17102797329425812
layer3.5.conv3.weight,374,layer3.5.conv3.weight_ch374,0.16990460455417633
layer3.1.conv3.weight,588,layer3.1.conv3.weight_ch588,0.1698911488056183
layer4.0.conv3.weight,1765,layer4.0.conv3.weight_ch1765,0.16793009638786316
layer4.0.conv3.weight,1272,layer4.0.conv3.weight_ch1272,0.16745513677597046
layer3.3.conv3.weight,314,layer3.3.conv3.weight_ch314,0.16694465279579163
layer3.2.conv3.weight,572,layer3.2.conv3.weight_ch572,0.1666685789823532
layer3.2.conv3.weight,1000,layer3.2.conv3.weight_ch1000,0.1656314879655838
layer4.1.conv1.weight,356,layer4.1.conv1.weight_ch356,0.1649959683418274
layer2.1.conv3.weight,53,layer2.1.conv3.weight_ch53,0.16163375973701477
layer4.0.conv3.weight,53,layer4.0.conv3.weight_ch53,0.16124725341796875
layer4.1.conv1.weight,262,layer4.1.conv1.weight_ch262,0.1608479917049408
layer4.0.conv3.weight,1259,layer4.0.conv3.weight_ch1259,0.16061918437480927
layer4.1.conv1.weight,314,layer4.1.conv1.weight_ch314,0.15969513356685638
layer3.1.conv3.weight,782,layer3.1.conv3.weight_ch782,0.1581185907125473
layer3.5.conv3.weight,818,layer3.5.conv3.weight_ch818,0.1580948531627655
layer4.0.conv3.weight,1505,layer4.0.conv3.weight_ch1505,0.1580796092748642
layer3.2.conv3.weight,128,layer3.2.conv3.weight_ch128,0.1572195142507553
layer3.2.conv3.weight,686,layer3.2.conv3.weight_ch686,0.15694569051265717
layer4.1.conv1.weight,13,layer4.1.conv1.weight_ch13,0.15692222118377686
layer4.0.conv3.weight,1432,layer4.0.conv3.weight_ch1432,0.15637655556201935
layer4.0.conv3.weight,1073,layer4.0.conv3.weight_ch1073,0.1562987118959427
layer3.1.conv3.weight,385,layer3.1.conv3.weight_ch385,0.15579991042613983
layer4.0.conv3.weight,631,layer4.0.conv3.weight_ch631,0.15552915632724762
layer4.0.conv3.weight,1667,layer4.0.conv3.weight_ch1667,0.15550075471401215
layer3.2.conv3.weight,206,layer3.2.conv3.weight_ch206,0.15500345826148987
layer4.0.conv3.weight,2029,layer4.0.conv3.weight_ch2029,0.1549924612045288
layer4.1.conv1.weight,399,layer4.1.conv1.weight_ch399,0.15481866896152496
layer3.1.conv3.weight,759,layer3.1.conv3.weight_ch759,0.15364354848861694
layer4.1.conv1.weight,488,layer4.1.conv1.weight_ch488,0.15357734262943268
layer3.1.conv3.weight,962,layer3.1.conv3.weight_ch962,0.15350541472434998
layer4.0.conv3.weight,1427,layer4.0.conv3.weight_ch1427,0.15278573334217072
layer4.0.conv3.weight,970,layer4.0.conv3.weight_ch970,0.15254217386245728
layer3.2.conv1.weight,218,layer3.2.conv1.weight_ch218,0.15225404500961304
layer4.0.conv3.weight,1719,layer4.0.conv3.weight_ch1719,0.1518840193748474
layer4.0.conv3.weight,427,layer4.0.conv3.weight_ch427,0.1513664424419403
layer3.1.conv3.weight,288,layer3.1.conv3.weight_ch288,0.15110023319721222
layer4.0.conv3.weight,185,layer4.0.conv3.weight_ch185,0.1508067399263382
layer3.1.conv3.weight,707,layer3.1.conv3.weight_ch707,0.15064695477485657
layer4.0.conv3.weight,580,layer4.0.conv3.weight_ch580,0.15037119388580322
layer3.5.conv3.weight,724,layer3.5.conv3.weight_ch724,0.1502184420824051
layer4.0.conv3.weight,1702,layer4.0.conv3.weight_ch1702,0.15018048882484436
layer4.1.conv1.weight,422,layer4.1.conv1.weight_ch422,0.15011249482631683
layer3.0.conv3.weight,577,layer3.0.conv3.weight_ch577,0.15006878972053528
layer3.2.conv3.weight,990,layer3.2.conv3.weight_ch990,0.14943888783454895
layer4.1.conv1.weight,448,layer4.1.conv1.weight_ch448,0.14897534251213074
layer3.5.conv3.weight,123,layer3.5.conv3.weight_ch123,0.14790377020835876
layer3.1.conv3.weight,128,layer3.1.conv3.weight_ch128,0.1478186696767807
layer4.0.conv3.weight,268,layer4.0.conv3.weight_ch268,0.1469617336988449
layer3.0.conv3.weight,578,layer3.0.conv3.weight_ch578,0.14666876196861267
layer3.0.conv3.weight,990,layer3.0.conv3.weight_ch990,0.1460171937942505
layer4.0.conv3.weight,1187,layer4.0.conv3.weight_ch1187,0.14527183771133423
layer3.0.conv3.weight,44,layer3.0.conv3.weight_ch44,0.1450907588005066
layer3.5.conv3.weight,447,layer3.5.conv3.weight_ch447,0.14409318566322327
layer4.1.conv1.weight,400,layer4.1.conv1.weight_ch400,0.14336630702018738
layer4.0.conv3.weight,1199,layer4.0.conv3.weight_ch1199,0.14326752722263336
layer3.5.conv3.weight,980,layer3.5.conv3.weight_ch980,0.14307092130184174
layer4.0.conv3.weight,305,layer4.0.conv3.weight_ch305,0.14302437007427216
layer3.1.conv3.weight,102,layer3.1.conv3.weight_ch102,0.14259864389896393
layer4.0.conv3.weight,669,layer4.0.conv3.weight_ch669,0.14240339398384094
layer4.0.conv3.weight,1129,layer4.0.conv3.weight_ch1129,0.14180263876914978
layer4.0.conv3.weight,1422,layer4.0.conv3.weight_ch1422,0.14126114547252655
layer4.0.conv3.weight,841,layer4.0.conv3.weight_ch841,0.14080308377742767
layer3.2.conv3.weight,511,layer3.2.conv3.weight_ch511,0.1407296061515808
layer4.0.conv3.weight,271,layer4.0.conv3.weight_ch271,0.14054296910762787
layer3.2.conv1.weight,176,layer3.2.conv1.weight_ch176,0.14003485441207886
layer3.2.conv1.weight,21,layer3.2.conv1.weight_ch21,0.139794260263443
layer3.5.conv3.weight,548,layer3.5.conv3.weight_ch548,0.139300137758255
layer3.5.conv3.weight,1000,layer3.5.conv3.weight_ch1000,0.13926710188388824
layer3.2.conv1.weight,195,layer3.2.conv1.weight_ch195,0.13899920880794525
layer4.1.conv1.weight,186,layer4.1.conv1.weight_ch186,0.13882330060005188
layer4.0.conv3.weight,630,layer4.0.conv3.weight_ch630,0.13846489787101746
layer2.1.conv3.weight,209,layer2.1.conv3.weight_ch209,0.13830852508544922
layer3.1.conv3.weight,462,layer3.1.conv3.weight_ch462,0.13820229470729828
layer4.0.conv3.weight,1319,layer4.0.conv3.weight_ch1319,0.1381787210702896
layer4.0.conv3.weight,1615,layer4.0.conv3.weight_ch1615,0.13816998898983002
layer4.0.conv3.weight,364,layer4.0.conv3.weight_ch364,0.1378537118434906
layer3.2.conv3.weight,195,layer3.2.conv3.weight_ch195,0.13741044700145721
layer4.0.conv3.weight,1262,layer4.0.conv3.weight_ch1262,0.13734254240989685
layer3.3.conv3.weight,521,layer3.3.conv3.weight_ch521,0.13726982474327087
layer4.1.conv1.weight,32,layer4.1.conv1.weight_ch32,0.13652768731117249
layer4.0.conv3.weight,1869,layer4.0.conv3.weight_ch1869,0.13652196526527405
layer4.0.conv3.weight,1035,layer4.0.conv3.weight_ch1035,0.13651399314403534
layer3.5.conv3.weight,759,layer3.5.conv3.weight_ch759,0.13645564019680023
layer3.2.conv3.weight,26,layer3.2.conv3.weight_ch26,0.1364402174949646
layer4.0.conv3.weight,564,layer4.0.conv3.weight_ch564,0.13635925948619843
layer3.3.conv3.weight,707,layer3.3.conv3.weight_ch707,0.1363465040922165
layer4.0.conv3.weight,496,layer4.0.conv3.weight_ch496,0.13634105026721954
layer4.1.conv1.weight,46,layer4.1.conv1.weight_ch46,0.1362830400466919
layer4.1.conv1.weight,402,layer4.1.conv1.weight_ch402,0.13622581958770752
layer4.0.conv3.weight,1322,layer4.0.conv3.weight_ch1322,0.1362220197916031
layer3.0.conv3.weight,797,layer3.0.conv3.weight_ch797,0.13621777296066284
layer2.1.conv3.weight,38,layer2.1.conv3.weight_ch38,0.13621775805950165
layer2.1.conv3.weight,68,layer2.1.conv3.weight_ch68,0.13621774315834045
layer2.1.conv3.weight,381,layer2.1.conv3.weight_ch381,0.13621774315834045
layer2.1.conv3.weight,244,layer2.1.conv3.weight_ch244,0.13621772825717926
layer3.0.conv3.weight,882,layer3.0.conv3.weight_ch882,0.13621772825717926
layer3.2.conv3.weight,608,layer3.2.conv3.weight_ch608,0.13621772825717926
layer3.0.conv3.weight,437,layer3.0.conv3.weight_ch437,0.13621771335601807
layer3.0.conv3.weight,605,layer3.0.conv3.weight_ch605,0.13621771335601807
layer2.1.conv3.weight,103,layer2.1.conv3.weight_ch103,0.13621769845485687
layer2.1.conv3.weight,51,layer2.1.conv3.weight_ch51,0.13621768355369568
layer4.0.conv3.weight,1727,layer4.0.conv3.weight_ch1727,0.13621768355369568
layer3.0.conv3.weight,839,layer3.0.conv3.weight_ch839,0.13621768355369568
layer3.0.conv3.weight,866,layer3.0.conv3.weight_ch866,0.13621768355369568
layer3.2.conv3.weight,707,layer3.2.conv3.weight_ch707,0.13621768355369568
layer4.0.conv3.weight,205,layer4.0.conv3.weight_ch205,0.13621766865253448
layer4.0.conv3.weight,1143,layer4.0.conv3.weight_ch1143,0.13621766865253448
layer4.0.conv3.weight,1265,layer4.0.conv3.weight_ch1265,0.13621766865253448
layer4.0.conv3.weight,1762,layer4.0.conv3.weight_ch1762,0.13621766865253448
layer3.0.conv3.weight,157,layer3.0.conv3.weight_ch157,0.13621766865253448
layer3.0.conv3.weight,941,layer3.0.conv3.weight_ch941,0.13621766865253448
layer3.0.conv3.weight,1002,layer3.0.conv3.weight_ch1002,0.13621766865253448
layer3.1.conv3.weight,837,layer3.1.conv3.weight_ch837,0.13621766865253448
layer3.2.conv3.weight,442,layer3.2.conv3.weight_ch442,0.13621766865253448
layer2.1.conv3.weight,359,layer2.1.conv3.weight_ch359,0.1362176537513733
layer4.1.conv1.weight,510,layer4.1.conv1.weight_ch510,0.1362176537513733
layer4.0.conv3.weight,168,layer4.0.conv3.weight_ch168,0.1362176537513733
layer4.0.conv3.weight,967,layer4.0.conv3.weight_ch967,0.1362176537513733
layer4.0.conv3.weight,1651,layer4.0.conv3.weight_ch1651,0.1362176537513733
layer3.3.conv3.weight,928,layer3.3.conv3.weight_ch928,0.1362176537513733
layer3.0.conv3.weight,916,layer3.0.conv3.weight_ch916,0.1362176537513733
layer3.2.conv3.weight,123,layer3.2.conv3.weight_ch123,0.1362176537513733
layer4.1.conv1.weight,30,layer4.1.conv1.weight_ch30,0.1362176388502121
layer4.1.conv1.weight,192,layer4.1.conv1.weight_ch192,0.1362176388502121
layer4.1.conv1.weight,211,layer4.1.conv1.weight_ch211,0.1362176388502121
layer4.1.conv1.weight,468,layer4.1.conv1.weight_ch468,0.1362176388502121
layer3.2.conv1.weight,134,layer3.2.conv1.weight_ch134,0.1362176388502121
layer4.0.conv3.weight,766,layer4.0.conv3.weight_ch766,0.1362176388502121
layer4.0.conv3.weight,1341,layer4.0.conv3.weight_ch1341,0.1362176388502121
layer3.0.conv3.weight,623,layer3.0.conv3.weight_ch623,0.1362176388502121
layer3.1.conv3.weight,855,layer3.1.conv3.weight_ch855,0.1362176388502121
layer3.2.conv3.weight,590,layer3.2.conv3.weight_ch590,0.1362176388502121
layer3.2.conv1.weight,105,layer3.2.conv1.weight_ch105,0.1362176239490509
layer3.3.conv3.weight,606,layer3.3.conv3.weight_ch606,0.1362176239490509
layer3.0.conv3.weight,7,layer3.0.conv3.weight_ch7,0.1362176239490509
layer3.0.conv3.weight,76,layer3.0.conv3.weight_ch76,0.1362176239490509
layer3.0.conv3.weight,85,layer3.0.conv3.weight_ch85,0.1362176239490509
layer3.0.conv3.weight,147,layer3.0.conv3.weight_ch147,0.1362176239490509
layer3.0.conv3.weight,201,layer3.0.conv3.weight_ch201,0.1362176239490509
layer3.0.conv3.weight,322,layer3.0.conv3.weight_ch322,0.1362176239490509
layer3.0.conv3.weight,458,layer3.0.conv3.weight_ch458,0.1362176239490509
layer3.0.conv3.weight,750,layer3.0.conv3.weight_ch750,0.1362176239490509
layer3.0.conv3.weight,924,layer3.0.conv3.weight_ch924,0.1362176239490509
layer3.1.conv3.weight,342,layer3.1.conv3.weight_ch342,0.1362176239490509
layer2.1.conv3.weight,299,layer2.1.conv3.weight_ch299,0.1362176090478897
layer4.1.conv1.weight,25,layer4.1.conv1.weight_ch25,0.1362176090478897
layer3.2.conv1.weight,162,layer3.2.conv1.weight_ch162,0.1362176090478897
layer4.0.conv3.weight,560,layer4.0.conv3.weight_ch560,0.1362176090478897
layer3.3.conv3.weight,825,layer3.3.conv3.weight_ch825,0.1362176090478897
layer3.1.conv3.weight,46,layer3.1.conv3.weight_ch46,0.1362176090478897
layer3.2.conv3.weight,782,layer3.2.conv3.weight_ch782,0.1362176090478897
layer3.5.conv3.weight,149,layer3.5.conv3.weight_ch149,0.13621759414672852
layer3.5.conv3.weight,686,layer3.5.conv3.weight_ch686,0.13621759414672852
layer4.0.conv3.weight,384,layer4.0.conv3.weight_ch384,0.13621759414672852
layer3.0.conv3.weight,740,layer3.0.conv3.weight_ch740,0.13621759414672852
layer3.1.conv3.weight,316,layer3.1.conv3.weight_ch316,0.13621759414672852
layer3.1.conv3.weight,626,layer3.1.conv3.weight_ch626,0.13621759414672852
layer3.1.conv3.weight,750,layer3.1.conv3.weight_ch750,0.13621759414672852
layer3.2.conv3.weight,268,layer3.2.conv3.weight_ch268,0.13621759414672852
layer3.5.conv3.weight,46,layer3.5.conv3.weight_ch46,0.13621757924556732
layer4.0.conv3.weight,1915,layer4.0.conv3.weight_ch1915,0.13621757924556732
layer3.0.conv3.weight,590,layer3.0.conv3.weight_ch590,0.13621757924556732
layer4.0.conv3.weight,358,layer4.0.conv3.weight_ch358,0.13621756434440613
layer3.3.conv3.weight,889,layer3.3.conv3.weight_ch889,0.13621756434440613
layer3.1.conv3.weight,139,layer3.1.conv3.weight_ch139,0.13621756434440613
layer3.1.conv3.weight,149,layer3.1.conv3.weight_ch149,0.13621756434440613
layer3.2.conv3.weight,980,layer3.2.conv3.weight_ch980,0.13621756434440613
layer3.0.conv3.weight,342,layer3.0.conv3.weight_ch342,0.13621754944324493
layer3.2.conv3.weight,556,layer3.2.conv3.weight_ch556,0.13621754944324493
layer4.0.conv3.weight,976,layer4.0.conv3.weight_ch976,0.13621753454208374
layer3.0.conv3.weight,308,layer3.0.conv3.weight_ch308,0.13621753454208374
layer3.1.conv3.weight,492,layer3.1.conv3.weight_ch492,0.13621753454208374
layer3.2.conv3.weight,147,layer3.2.conv3.weight_ch147,0.13621751964092255
layer3.0.conv3.weight,470,layer3.0.conv3.weight_ch470,0.13621750473976135
layer3.2.conv3.weight,617,layer3.2.conv3.weight_ch617,0.13621747493743896
layer4.1.conv1.weight,6,layer4.1.conv1.weight_ch6,0.13617736101150513
layer4.0.conv3.weight,58,layer4.0.conv3.weight_ch58,0.13596759736537933
layer3.1.conv3.weight,590,layer3.1.conv3.weight_ch590,0.13578826189041138
layer3.0.conv3.weight,873,layer3.0.conv3.weight_ch873,0.13568559288978577
layer3.0.conv3.weight,397,layer3.0.conv3.weight_ch397,0.13568556308746338
layer3.0.conv3.weight,854,layer3.0.conv3.weight_ch854,0.13568554818630219
layer3.0.conv3.weight,936,layer3.0.conv3.weight_ch936,0.1356855034828186
layer3.1.conv3.weight,147,layer3.1.conv3.weight_ch147,0.1356855034828186
layer3.0.conv3.weight,367,layer3.0.conv3.weight_ch367,0.13568547368049622
layer3.1.conv3.weight,405,layer3.1.conv3.weight_ch405,0.13515350222587585
layer2.1.conv3.weight,451,layer2.1.conv3.weight_ch451,0.13515348732471466
layer3.0.conv3.weight,343,layer3.0.conv3.weight_ch343,0.1351533979177475
layer3.0.conv3.weight,915,layer3.0.conv3.weight_ch915,0.13462139666080475
layer3.3.conv3.weight,147,layer3.3.conv3.weight_ch147,0.13462138175964355
layer3.0.conv3.weight,405,layer3.0.conv3.weight_ch405,0.13462132215499878
layer3.0.conv3.weight,316,layer3.0.conv3.weight_ch316,0.13462130725383759
layer3.0.conv3.weight,287,layer3.0.conv3.weight_ch287,0.1346212923526764
layer3.0.conv3.weight,291,layer3.0.conv3.weight_ch291,0.13408926129341125
layer3.0.conv3.weight,209,layer3.0.conv3.weight_ch209,0.13355717062950134
layer3.0.conv3.weight,969,layer3.0.conv3.weight_ch969,0.13249295949935913
layer2.1.conv3.weight,200,layer2.1.conv3.weight_ch200,0.130896657705307
layer3.0.conv3.weight,227,layer3.0.conv3.weight_ch227,0.12663987278938293
layer3.0.conv3.weight,827,layer3.0.conv3.weight_ch827,0.11812617629766464
layer3.0.conv3.weight,985,layer3.0.conv3.weight_ch985,0.11014468222856522
